{"type": "FeatureCollection", "properties": {"category": "robbery", "period": "all", "crs": "WGS84"}, "features": [{"type": "Feature", "geometry": {"type": "Point", "coordinates": [-0.13537, 51.5086]}, "properties": {"cell": "E529_N180", "weight": 76.917}}, {"type": "Feature", "geometry": {"type": "Point", "coordinates": [-0.135, 51.51759]}, "properties": {"cell": "E529_N181", "weight": 65.583}}, {"type": "Feature", "geometry": {"type": "Point", "coordinates": [-0.14941, 51.51781]}, "properties": {"cell": "E528_N181", "weight": 25.639}}, {"type": "Feature", "geometry": {"type": "Point", "coordinates": [-0.12097, 51.50837]}, "properties": {"cell": "E530_N180", "weight": 23.75}}, {"type": "Feature", "geometry": {"type": "Point", "coordinates": [-0.10433, 51.56206]}, "properties": {"cell": "E531_N186", "weight": 20.333}}, {"type": "Feature", "geometry": {"type": "Point", "coordinates": [-0.09254, 51.49892]}, "properties": {"cell": "E532_N179", "weight": 20.056}}, {"type": "Feature", "geometry": {"type": "Point", "coordinates": [-0.07701, 51.52564]}, "properties": {"cell": "E533_N182", "weight": 19.583}}, {"type": "Feature", "geometry": {"type": "Point", "coordinates": [-0.16381, 51.51804]}, "properties": {"cell": "E527_N181", "weight": 19.028}}, {"type": "Feature", "geometry": {"type": "Point", "coordinates": [-0.0042, 51.54241]}, "properties": {"cell": "E538_N184", "weight": 18.917}}, {"type": "Feature", "geometry": {"type": "Point", "coordinates": [-0.09142, 51.52588]}, "properties": {"cell": "E532_N182", "weight": 17.444}}, {"type": "Feature", "geometry": {"type": "Point", "coordinates": [-0.10694, 51.49915]}, "properties": {"cell": "E531_N179", "weight": 16.667}}, {"type": "Feature", "geometry": {"type": "Point", "coordinates": [-0.09778, 51.37311]}, "properties": {"cell": "E532_N165", "weight": 16.639}}, {"type": "Feature", "geometry": {"type": "Point", "coordinates": [-0.1372, 51.46367]}, "properties": {"cell": "E529_N175", "weight": 16.389}}, {"type": "Feature", "geometry": {"type": "Point", "coordinates": [-0.10843, 51.4632]}, "properties": {"cell": "E531_N175", "weight": 15.806}}, {"type": "Feature", "geometry": {"type": "Point", "coordinates": [-0.14977, 51.50883]}, "properties": {"cell": "E528_N180", "weight": 14.444}}, {"type": "Feature", "geometry": {"type": "Point", "coordinates": [-0.09292, 51.48993]}, "properties": {"cell": "E532_N178", "weight": 14.0}}, {"type": "Feature", "geometry": {"type": "Point", "coordinates": [-0.12023, 51.52634]}, "properties": {"cell": "E530_N182", "weight": 13.694}}, {"type": "Feature", "geometry": {"type": "Point", "coordinates": [-0.1206, 51.51736]}, "properties": {"cell": "E530_N181", "weight": 13.5}}, {"type": "Feature", "geometry": {"type": "Point", "coordinates": [-0.12208, 51.48141]}, "properties": {"cell": "E530_N177", "weight": 13.056}}, {"type": "Feature", "geometry": {"type": "Point", "coordinates": [-0.13464, 51.52657]}, "properties": {"cell": "E529_N182", "weight": 12.056}}, {"type": "Feature", "geometry": {"type": "Point", "coordinates": [0.06867, 51.55913]}, "properties": {"cell": "E543_N186", "weight": 11.833}}, {"type": "Feature", "geometry": {"type": "Point", "coordinates": [-0.07739, 51.51666]}, "properties": {"cell": "E533_N181", "weight": 11.583}}, {"type": "Feature", "geometry": {"type": "Point", "coordinates": [0.08226, 51.54091]}, "properties": {"cell": "E544_N184", "weight": 11.417}}, {"type": "Feature", "geometry": {"type": "Point", "coordinates": [-0.12171, 51.4904]}, "properties": {"cell": "E530_N178", "weight": 11.361}}, {"type": "Feature", "geometry": {"type": "Point", "coordinates": [-0.06299, 51.51642]}, "properties": {"cell": "E534_N181", "weight": 11.25}}, {"type": "Feature", "geometry": {"type": "Point", "coordinates": [0.05304, 51.53243]}, "properties": {"cell": "E542_N183", "weight": 11.25}}, {"type": "Feature", "geometry": {"type": "Point", "coordinates": [-0.07436, 51.58855]}, "properties": {"cell": "E533_N189", "weight": 10.917}}, {"type": "Feature", "geometry": {"type": "Point", "coordinates": [-0.10545, 51.5351]}, "properties": {"cell": "E531_N183", "weight": 10.833}}, {"type": "Feature", "geometry": {"type": "Point", "coordinates": [-0.10283, 51.598]}, "properties": {"cell": "E531_N190", "weight": 10.722}}, {"type": "Feature", "geometry": {"type": "Point", "coordinates": [-0.09217, 51.5079]}, "properties": {"cell": "E532_N180", "weight": 10.694}}, {"type": "Feature", "geometry": {"type": "Point", "coordinates": [-0.13427, 51.53556]}, "properties": {"cell": "E529_N183", "weight": 10.667}}, {"type": "Feature", "geometry": {"type": "Point", "coordinates": [-0.07625, 51.54361]}, "properties": {"cell": "E533_N184", "weight": 10.528}}, {"type": "Feature", "geometry": {"type": "Point", "coordinates": [-0.1062, 51.51712]}, "properties": {"cell": "E531_N181", "weight": 10.5}}, {"type": "Feature", "geometry": {"type": "Point", "coordinates": [-0.20703, 51.51871]}, "properties": {"cell": "E524_N181", "weight": 10.361}}, {"type": "Feature", "geometry": {"type": "Point", "coordinates": [-0.10657, 51.50814]}, "properties": {"cell": "E531_N180", "weight": 10.111}}, {"type": "Feature", "geometry": {"type": "Point", "coordinates": [-0.06489, 51.47149]}, "properties": {"cell": "E534_N176", "weight": 10.028}}, {"type": "Feature", "geometry": {"type": "Point", "coordinates": [0.18485, 51.57501]}, "properties": {"cell": "E551_N188", "weight": 10.0}}, {"type": "Feature", "geometry": {"type": "Point", "coordinates": [-0.07815, 51.49868]}, "properties": {"cell": "E533_N179", "weight": 9.75}}, {"type": "Feature", "geometry": {"type": "Point", "coordinates": [-0.22213, 51.50095]}, "properties": {"cell": "E523_N179", "weight": 9.611}}, {"type": "Feature", "geometry": {"type": "Point", "coordinates": [-0.12282, 51.46344]}, "properties": {"cell": "E530_N175", "weight": 9.361}}, {"type": "Feature", "geometry": {"type": "Point", "coordinates": [-0.14868, 51.53579]}, "properties": {"cell": "E528_N183", "weight": 9.278}}, {"type": "Feature", "geometry": {"type": "Point", "coordinates": [-0.07663, 51.53463]}, "properties": {"cell": "E533_N183", "weight": 9.222}}, {"type": "Feature", "geometry": {"type": "Point", "coordinates": [-0.07473, 51.57956]}, "properties": {"cell": "E533_N188", "weight": 9.139}}, {"type": "Feature", "geometry": {"type": "Point", "coordinates": [0.05345, 51.54142]}, "properties": {"cell": "E542_N184", "weight": 9.028}}, {"type": "Feature", "geometry": {"type": "Point", "coordinates": [-0.08954, 51.57081]}, "properties": {"cell": "E532_N187", "weight": 9.0}}, {"type": "Feature", "geometry": {"type": "Point", "coordinates": [0.00903, 51.51521]}, "properties": {"cell": "E539_N181", "weight": 8.972}}, {"type": "Feature", "geometry": {"type": "Point", "coordinates": [-0.06184, 51.54338]}, "properties": {"cell": "E534_N184", "weight": 8.861}}, {"type": "Feature", "geometry": {"type": "Point", "coordinates": [-0.24955, 51.53734]}, "properties": {"cell": "E521_N183", "weight": 8.833}}, {"type": "Feature", "geometry": {"type": "Point", "coordinates": [-0.11986, 51.53533]}, "properties": {"cell": "E530_N183", "weight": 8.833}}, {"type": "Feature", "geometry": {"type": "Point", "coordinates": [-0.14831, 51.54477]}, "properties": {"cell": "E528_N184", "weight": 8.667}}, {"type": "Feature", "geometry": {"type": "Point", "coordinates": [-0.19191, 51.53646]}, "properties": {"cell": "E525_N183", "weight": 8.667}}, {"type": "Feature", "geometry": {"type": "Point", "coordinates": [-0.22178, 51.50994]}, "properties": {"cell": "E523_N180", "weight": 8.528}}, {"type": "Feature", "geometry": {"type": "Point", "coordinates": [-0.07852, 51.4897]}, "properties": {"cell": "E533_N178", "weight": 8.5}}, {"type": "Feature", "geometry": {"type": "Point", "coordinates": [-0.20667, 51.5277]}, "properties": {"cell": "E524_N182", "weight": 8.444}}, {"type": "Feature", "geometry": {"type": "Point", "coordinates": [-0.17822, 51.51826]}, "properties": {"cell": "E526_N181", "weight": 8.444}}, {"type": "Feature", "geometry": {"type": "Point", "coordinates": [0.03863, 51.53268]}, "properties": {"cell": "E541_N183", "weight": 8.444}}, {"type": "Feature", "geometry": {"type": "Point", "coordinates": [-0.05993, 51.58831]}, "properties": {"cell": "E534_N189", "weight": 8.417}}, {"type": "Feature", "geometry": {"type": "Point", "coordinates": [-0.17714, 51.54523]}, "properties": {"cell": "E526_N184", "weight": 8.111}}, {"type": "Feature", "geometry": {"type": "Point", "coordinates": [-0.29211, 51.55595]}, "properties": {"cell": "E518_N185", "weight": 8.0}}, {"type": "Feature", "geometry": {"type": "Point", "coordinates": [-0.07587, 51.5526]}, "properties": {"cell": "E533_N185", "weight": 7.972}}, {"type": "Feature", "geometry": {"type": "Point", "coordinates": [-0.12245, 51.47242]}, "properties": {"cell": "E530_N176", "weight": 7.944}}, {"type": "Feature", "geometry": {"type": "Point", "coordinates": [-0.16742, 51.42817]}, "properties": {"cell": "E527_N171", "weight": 7.917}}, {"type": "Feature", "geometry": {"type": "Point", "coordinates": [-0.0626, 51.5254]}, "properties": {"cell": "E534_N182", "weight": 7.889}}, {"type": "Feature", "geometry": {"type": "Point", "coordinates": [-0.12134, 51.49938]}, "properties": {"cell": "E530_N179", "weight": 7.861}}, {"type": "Feature", "geometry": {"type": "Point", "coordinates": [-0.03573, 51.47999]}, "properties": {"cell": "E536_N177", "weight": 7.667}}, {"type": "Feature", "geometry": {"type": "Point", "coordinates": [-0.0974, 51.38209]}, "properties": {"cell": "E532_N166", "weight": 7.667}}, {"type": "Feature", "geometry": {"type": "Point", "coordinates": [-0.06222, 51.53439]}, "properties": {"cell": "E534_N183", "weight": 7.639}}, {"type": "Feature", "geometry": {"type": "Point", "coordinates": [-0.33438, 51.58353]}, "properties": {"cell": "E515_N188", "weight": 7.611}}, {"type": "Feature", "geometry": {"type": "Point", "coordinates": [-0.10321, 51.58902]}, "properties": {"cell": "E531_N189", "weight": 7.5}}, {"type": "Feature", "geometry": {"type": "Point", "coordinates": [-0.1361, 51.49063]}, "properties": {"cell": "E529_N178", "weight": 7.5}}, {"type": "Feature", "geometry": {"type": "Point", "coordinates": [-0.06146, 51.55236]}, "properties": {"cell": "E534_N185", "weight": 7.5}}, {"type": "Feature", "geometry": {"type": "Point", "coordinates": [-0.10731, 51.49016]}, "properties": {"cell": "E531_N178", "weight": 7.444}}, {"type": "Feature", "geometry": {"type": "Point", "coordinates": [-0.16598, 51.46412]}, "properties": {"cell": "E527_N175", "weight": 7.389}}, {"type": "Feature", "geometry": {"type": "Point", "coordinates": [-0.36742, 51.4671]}, "properties": {"cell": "E513_N175", "weight": 7.389}}, {"type": "Feature", "geometry": {"type": "Point", "coordinates": [-0.02133, 51.47975]}, "properties": {"cell": "E537_N177", "weight": 7.333}}, {"type": "Feature", "geometry": {"type": "Point", "coordinates": [-0.0584, 51.62425]}, "properties": {"cell": "E534_N193", "weight": 7.333}}, {"type": "Feature", "geometry": {"type": "Point", "coordinates": [-0.02289, 51.44381]}, "properties": {"cell": "E537_N173", "weight": 7.306}}, {"type": "Feature", "geometry": {"type": "Point", "coordinates": [-0.10508, 51.54408]}, "properties": {"cell": "E531_N184", "weight": 7.306}}, {"type": "Feature", "geometry": {"type": "Point", "coordinates": [-0.01665, 51.58758]}, "properties": {"cell": "E537_N189", "weight": 7.222}}, {"type": "Feature", "geometry": {"type": "Point", "coordinates": [-0.09367, 51.47196]}, "properties": {"cell": "E532_N176", "weight": 7.194}}, {"type": "Feature", "geometry": {"type": "Point", "coordinates": [0.06541, 51.48725]}, "properties": {"cell": "E543_N178", "weight": 7.167}}, {"type": "Feature", "geometry": {"type": "Point", "coordinates": [-0.1088, 51.45422]}, "properties": {"cell": "E531_N174", "weight": 7.167}}, {"type": "Feature", "geometry": {"type": "Point", "coordinates": [-0.16417, 51.50905]}, "properties": {"cell": "E527_N180", "weight": 7.083}}, {"type": "Feature", "geometry": {"type": "Point", "coordinates": [-0.13317, 51.56252]}, "properties": {"cell": "E529_N186", "weight": 7.056}}, {"type": "Feature", "geometry": {"type": "Point", "coordinates": [-0.03418, 51.51594]}, "properties": {"cell": "E536_N181", "weight": 6.972}}, {"type": "Feature", "geometry": {"type": "Point", "coordinates": [-0.16453, 51.50007]}, "properties": {"cell": "E527_N179", "weight": 6.861}}, {"type": "Feature", "geometry": {"type": "Point", "coordinates": [-0.0482, 51.52517]}, "properties": {"cell": "E535_N182", "weight": 6.833}}, {"type": "Feature", "geometry": {"type": "Point", "coordinates": [-0.38054, 51.50325]}, "properties": {"cell": "E512_N179", "weight": 6.722}}, {"type": "Feature", "geometry": {"type": "Point", "coordinates": [-0.05878, 51.61527]}, "properties": {"cell": "E534_N192", "weight": 6.722}}, {"type": "Feature", "geometry": {"type": "Point", "coordinates": [-0.13574, 51.49961]}, "properties": {"cell": "E529_N179", "weight": 6.722}}, {"type": "Feature", "geometry": {"type": "Point", "coordinates": [-0.07777, 51.50767]}, "properties": {"cell": "E533_N180", "weight": 6.694}}, {"type": "Feature", "geometry": {"type": "Point", "coordinates": [-0.04743, 51.54314]}, "properties": {"cell": "E535_N184", "weight": 6.667}}, {"type": "Feature", "geometry": {"type": "Point", "coordinates": [-0.01939, 51.52468]}, "properties": {"cell": "E537_N182", "weight": 6.667}}, {"type": "Feature", "geometry": {"type": "Point", "coordinates": [0.01021, 51.54216]}, "properties": {"cell": "E539_N184", "weight": 6.583}}, {"type": "Feature", "geometry": {"type": "Point", "coordinates": [-0.19262, 51.51849]}, "properties": {"cell": "E525_N181", "weight": 6.556}}, {"type": "Feature", "geometry": {"type": "Point", "coordinates": [-0.22248, 51.49197]}, "properties": {"cell": "E523_N178", "weight": 6.556}}, {"type": "Feature", "geometry": {"type": "Point", "coordinates": [-0.03379, 51.52493]}, "properties": {"cell": "E536_N182", "weight": 6.444}}, {"type": "Feature", "geometry": {"type": "Point", "coordinates": [-0.1649, 51.49108]}, "properties": {"cell": "E527_N178", "weight": 6.333}}, {"type": "Feature", "geometry": {"type": "Point", "coordinates": [-0.04704, 51.55212]}, "properties": {"cell": "E535_N185", "weight": 6.306}}, {"type": "Feature", "geometry": {"type": "Point", "coordinates": [-0.00773, 51.46154]}, "properties": {"cell": "E538_N175", "weight": 6.306}}, {"type": "Feature", "geometry": {"type": "Point", "coordinates": [-0.04935, 51.49821]}, "properties": {"cell": "E535_N179", "weight": 6.194}}, {"type": "Feature", "geometry": {"type": "Point", "coordinates": [-0.3082, 51.51122]}, "properties": {"cell": "E517_N180", "weight": 6.167}}, {"type": "Feature", "geometry": {"type": "Point", "coordinates": [-0.42374, 51.50384]}, "properties": {"cell": "E509_N179", "weight": 6.167}}, {"type": "Feature", "geometry": {"type": "Point", "coordinates": [-0.09179, 51.51689]}, "properties": {"cell": "E532_N181", "weight": 6.139}}, {"type": "Feature", "geometry": {"type": "Point", "coordinates": [-0.19298, 51.5095]}, "properties": {"cell": "E525_N180", "weight": 6.083}}, {"type": "Feature", "geometry": {"type": "Point", "coordinates": [-0.11912, 51.5533]}, "properties": {"cell": "E530_N185", "weight": 6.056}}, {"type": "Feature", "geometry": {"type": "Point", "coordinates": [-0.10769, 51.48118]}, "properties": {"cell": "E531_N177", "weight": 6.028}}, {"type": "Feature", "geometry": {"type": "Point", "coordinates": [-0.1505, 51.49085]}, "properties": {"cell": "E528_N178", "weight": 6.028}}, {"type": "Feature", "geometry": {"type": "Point", "coordinates": [-0.10582, 51.52611]}, "properties": {"cell": "E531_N182", "weight": 6.0}}, {"type": "Feature", "geometry": {"type": "Point", "coordinates": [-0.07397, 51.59753]}, "properties": {"cell": "E533_N190", "weight": 5.889}}, {"type": "Feature", "geometry": {"type": "Point", "coordinates": [-0.0789, 51.48071]}, "properties": {"cell": "E533_N177", "weight": 5.833}}, {"type": "Feature", "geometry": {"type": "Point", "coordinates": [-0.15232, 51.44592]}, "properties": {"cell": "E528_N173", "weight": 5.833}}, {"type": "Feature", "geometry": {"type": "Point", "coordinates": [-0.09104, 51.53486]}, "properties": {"cell": "E532_N183", "weight": 5.806}}, {"type": "Feature", "geometry": {"type": "Point", "coordinates": [-0.38022, 51.51224]}, "properties": {"cell": "E512_N180", "weight": 5.806}}, {"type": "Feature", "geometry": {"type": "Point", "coordinates": [0.0114, 51.56912]}, "properties": {"cell": "E539_N187", "weight": 5.806}}, {"type": "Feature", "geometry": {"type": "Point", "coordinates": [-0.09329, 51.48094]}, "properties": {"cell": "E532_N177", "weight": 5.75}}, {"type": "Feature", "geometry": {"type": "Point", "coordinates": [-0.04666, 51.56111]}, "properties": {"cell": "E535_N186", "weight": 5.722}}, {"type": "Feature", "geometry": {"type": "Point", "coordinates": [-0.06108, 51.56135]}, "properties": {"cell": "E534_N186", "weight": 5.722}}, {"type": "Feature", "geometry": {"type": "Point", "coordinates": [-0.06413, 51.48946]}, "properties": {"cell": "E534_N178", "weight": 5.667}}, {"type": "Feature", "geometry": {"type": "Point", "coordinates": [-0.11875, 51.56229]}, "properties": {"cell": "E530_N186", "weight": 5.667}}, {"type": "Feature", "geometry": {"type": "Point", "coordinates": [-0.07359, 51.60652]}, "properties": {"cell": "E533_N191", "weight": 5.556}}, {"type": "Feature", "geometry": {"type": "Point", "coordinates": [-0.11177, 51.38232]}, "properties": {"cell": "E531_N166", "weight": 5.528}}, {"type": "Feature", "geometry": {"type": "Point", "coordinates": [-0.06375, 51.49845]}, "properties": {"cell": "E534_N179", "weight": 5.528}}, {"type": "Feature", "geometry": {"type": "Point", "coordinates": [-0.01978, 51.5157]}, "properties": {"cell": "E537_N181", "weight": 5.5}}, {"type": "Feature", "geometry": {"type": "Point", "coordinates": [-0.01704, 51.5786]}, "properties": {"cell": "E537_N188", "weight": 5.5}}, {"type": "Feature", "geometry": {"type": "Point", "coordinates": [-0.04858, 51.51618]}, "properties": {"cell": "E535_N181", "weight": 5.5}}, {"type": "Feature", "geometry": {"type": "Point", "coordinates": [-0.02056, 51.49772]}, "properties": {"cell": "E537_N179", "weight": 5.472}}, {"type": "Feature", "geometry": {"type": "Point", "coordinates": [0.02502, 51.5509]}, "properties": {"cell": "E540_N185", "weight": 5.472}}, {"type": "Feature", "geometry": {"type": "Point", "coordinates": [-0.01861, 51.54265]}, "properties": {"cell": "E537_N184", "weight": 5.444}}, {"type": "Feature", "geometry": {"type": "Point", "coordinates": [-0.15014, 51.49984]}, "properties": {"cell": "E528_N179", "weight": 5.417}}, {"type": "Feature", "geometry": {"type": "Point", "coordinates": [-0.1339, 51.54455]}, "properties": {"cell": "E529_N184", "weight": 5.361}}, {"type": "Feature", "geometry": {"type": "Point", "coordinates": [-0.29748, 51.41215]}, "properties": {"cell": "E518_N169", "weight": 5.361}}, {"type": "Feature", "geometry": {"type": "Point", "coordinates": [-0.02017, 51.50671]}, "properties": {"cell": "E537_N180", "weight": 5.333}}, {"type": "Feature", "geometry": {"type": "Point", "coordinates": [-0.1047, 51.55307]}, "properties": {"cell": "E531_N185", "weight": 5.306}}, {"type": "Feature", "geometry": {"type": "Point", "coordinates": [-0.12392, 51.43648]}, "properties": {"cell": "E530_N172", "weight": 5.278}}, {"type": "Feature", "geometry": {"type": "Point", "coordinates": [-0.3226, 51.51143]}, "properties": {"cell": "E516_N180", "weight": 5.25}}, {"type": "Feature", "geometry": {"type": "Point", "coordinates": [-0.08614, 51.65169]}, "properties": {"cell": "E532_N196", "weight": 5.25}}, {"type": "Feature", "geometry": {"type": "Point", "coordinates": [-0.19864, 51.36571]}, "properties": {"cell": "E525_N164", "weight": 5.222}}, {"type": "Feature", "geometry": {"type": "Point", "coordinates": [-0.27736, 51.56472]}, "properties": {"cell": "E519_N186", "weight": 5.167}}, {"type": "Feature", "geometry": {"type": "Point", "coordinates": [-0.10396, 51.57104]}, "properties": {"cell": "E531_N187", "weight": 5.083}}, {"type": "Feature", "geometry": {"type": "Point", "coordinates": [-0.20597, 51.54567]}, "properties": {"cell": "E524_N184", "weight": 5.056}}, {"type": "Feature", "geometry": {"type": "Point", "coordinates": [0.15431, 51.53961]}, "properties": {"cell": "E549_N184", "weight": 5.028}}, {"type": "Feature", "geometry": {"type": "Point", "coordinates": [-0.19369, 51.49153]}, "properties": {"cell": "E525_N178", "weight": 5.028}}, {"type": "Feature", "geometry": {"type": "Point", "coordinates": [0.01867, 51.40713]}, "properties": {"cell": "E540_N169", "weight": 4.972}}, {"type": "Feature", "geometry": {"type": "Point", "coordinates": [-0.10806, 51.47219]}, "properties": {"cell": "E531_N176", "weight": 4.806}}, {"type": "Feature", "geometry": {"type": "Point", "coordinates": [-0.07549, 51.56159]}, "properties": {"cell": "E533_N186", "weight": 4.778}}, {"type": "Feature", "geometry": {"type": "Point", "coordinates": [0.02423, 51.53293]}, "properties": {"cell": "E540_N183", "weight": 4.778}}, {"type": "Feature", "geometry": {"type": "Point", "coordinates": [0.05385, 51.5504]}, "properties": {"cell": "E542_N185", "weight": 4.722}}, {"type": "Feature", "geometry": {"type": "Point", "coordinates": [-0.17929, 51.4913]}, "properties": {"cell": "E526_N178", "weight": 4.639}}, {"type": "Feature", "geometry": {"type": "Point", "coordinates": [-0.07966, 51.46274]}, "properties": {"cell": "E533_N175", "weight": 4.639}}, {"type": "Feature", "geometry": {"type": "Point", "coordinates": [-0.06337, 51.50743]}, "properties": {"cell": "E534_N180", "weight": 4.639}}, {"type": "Feature", "geometry": {"type": "Point", "coordinates": [-0.07321, 51.6155]}, "properties": {"cell": "E533_N192", "weight": 4.583}}, {"type": "Feature", "geometry": {"type": "Point", "coordinates": [-0.07511, 51.57057]}, "properties": {"cell": "E533_N187", "weight": 4.583}}, {"type": "Feature", "geometry": {"type": "Point", "coordinates": [-0.05955, 51.59729]}, "properties": {"cell": "E534_N190", "weight": 4.556}}, {"type": "Feature", "geometry": {"type": "Point", "coordinates": [-0.03147, 51.57884]}, "properties": {"cell": "E536_N188", "weight": 4.556}}, {"type": "Feature", "geometry": {"type": "Point", "coordinates": [0.08185, 51.53192]}, "properties": {"cell": "E544_N183", "weight": 4.528}}, {"type": "Feature", "geometry": {"type": "Point", "coordinates": [-0.09666, 51.40007]}, "properties": {"cell": "E532_N168", "weight": 4.5}}, {"type": "Feature", "geometry": {"type": "Point", "coordinates": [-0.13647, 51.48164]}, "properties": {"cell": "E529_N177", "weight": 4.472}}, {"type": "Feature", "geometry": {"type": "Point", "coordinates": [-0.47985, 51.54954]}, "properties": {"cell": "E505_N184", "weight": 4.389}}, {"type": "Feature", "geometry": {"type": "Point", "coordinates": [-0.10954, 51.43624]}, "properties": {"cell": "E531_N172", "weight": 4.361}}, {"type": "Feature", "geometry": {"type": "Point", "coordinates": [-0.12429, 51.42749]}, "properties": {"cell": "E530_N171", "weight": 4.361}}, {"type": "Feature", "geometry": {"type": "Point", "coordinates": [-0.09815, 51.36412]}, "properties": {"cell": "E532_N164", "weight": 4.306}}, {"type": "Feature", "geometry": {"type": "Point", "coordinates": [0.02383, 51.52395]}, "properties": {"cell": "E540_N182", "weight": 4.306}}, {"type": "Feature", "geometry": {"type": "Point", "coordinates": [0.03904, 51.54167]}, "properties": {"cell": "E541_N184", "weight": 4.25}}, {"type": "Feature", "geometry": {"type": "Point", "coordinates": [-0.16236, 51.55399]}, "properties": {"cell": "E527_N185", "weight": 4.25}}, {"type": "Feature", "geometry": {"type": "Point", "coordinates": [-0.04973, 51.48922]}, "properties": {"cell": "E535_N178", "weight": 4.222}}, {"type": "Feature", "geometry": {"type": "Point", "coordinates": [-0.19227, 51.52747]}, "properties": {"cell": "E525_N182", "weight": 4.222}}, {"type": "Feature", "geometry": {"type": "Point", "coordinates": [-0.01744, 51.56961]}, "properties": {"cell": "E537_N187", "weight": 4.167}}, {"type": "Feature", "geometry": {"type": "Point", "coordinates": [-0.09029, 51.55284]}, "properties": {"cell": "E532_N185", "weight": 4.167}}, {"type": "Feature", "geometry": {"type": "Point", "coordinates": [-0.19155, 51.54545]}, "properties": {"cell": "E525_N184", "weight": 4.139}}, {"type": "Feature", "geometry": {"type": "Point", "coordinates": [-0.11214, 51.37334]}, "properties": {"cell": "E531_N165", "weight": 4.139}}, {"type": "Feature", "geometry": {"type": "Point", "coordinates": [-0.11949, 51.54432]}, "properties": {"cell": "E530_N184", "weight": 4.139}}, {"type": "Feature", "geometry": {"type": "Point", "coordinates": [-0.02172, 51.47077]}, "properties": {"cell": "E537_N176", "weight": 4.111}}, {"type": "Feature", "geometry": {"type": "Point", "coordinates": [-0.22038, 51.54589]}, "properties": {"cell": "E523_N184", "weight": 4.111}}, {"type": "Feature", "geometry": {"type": "Point", "coordinates": [-0.20632, 51.53668]}, "properties": {"cell": "E524_N183", "weight": 4.083}}, {"type": "Feature", "geometry": {"type": "Point", "coordinates": [-0.13353, 51.55353]}, "properties": {"cell": "E529_N185", "weight": 3.944}}, {"type": "Feature", "geometry": {"type": "Point", "coordinates": [-0.12502, 51.40952]}, "properties": {"cell": "E530_N169", "weight": 3.944}}, {"type": "Feature", "geometry": {"type": "Point", "coordinates": [-0.0038, 51.5514]}, "properties": {"cell": "E538_N185", "weight": 3.917}}, {"type": "Feature", "geometry": {"type": "Point", "coordinates": [-0.12355, 51.44546]}, "properties": {"cell": "E530_N173", "weight": 3.917}}, {"type": "Feature", "geometry": {"type": "Point", "coordinates": [-0.19333, 51.50051]}, "properties": {"cell": "E525_N179", "weight": 3.861}}, {"type": "Feature", "geometry": {"type": "Point", "coordinates": [-0.16345, 51.52703]}, "properties": {"cell": "E527_N182", "weight": 3.806}}, {"type": "Feature", "geometry": {"type": "Point", "coordinates": [-0.09404, 51.46297]}, "properties": {"cell": "E532_N175", "weight": 3.75}}, {"type": "Feature", "geometry": {"type": "Point", "coordinates": [-0.19511, 51.45558]}, "properties": {"cell": "E525_N174", "weight": 3.75}}, {"type": "Feature", "geometry": {"type": "Point", "coordinates": [-0.11801, 51.58026]}, "properties": {"cell": "E530_N188", "weight": 3.722}}, {"type": "Feature", "geometry": {"type": "Point", "coordinates": [-0.2777, 51.55574]}, "properties": {"cell": "E519_N185", "weight": 3.722}}, {"type": "Feature", "geometry": {"type": "Point", "coordinates": [-0.27566, 51.60966]}, "properties": {"cell": "E519_N191", "weight": 3.667}}, {"type": "Feature", "geometry": {"type": "Point", "coordinates": [-0.08878, 51.58878]}, "properties": {"cell": "E532_N189", "weight": 3.667}}, {"type": "Feature", "geometry": {"type": "Point", "coordinates": [-0.05012, 51.48023]}, "properties": {"cell": "E535_N177", "weight": 3.667}}, {"type": "Feature", "geometry": {"type": "Point", "coordinates": [-0.03534, 51.48898]}, "properties": {"cell": "E536_N178", "weight": 3.639}}, {"type": "Feature", "geometry": {"type": "Point", "coordinates": [-0.19404, 51.48254]}, "properties": {"cell": "E525_N177", "weight": 3.639}}, {"type": "Feature", "geometry": {"type": "Point", "coordinates": [-0.16273, 51.545]}, "properties": {"cell": "E527_N184", "weight": 3.611}}, {"type": "Feature", "geometry": {"type": "Point", "coordinates": [-0.14904, 51.5268]}, "properties": {"cell": "E528_N182", "weight": 3.611}}, {"type": "Feature", "geometry": {"type": "Point", "coordinates": [0.15389, 51.53062]}, "properties": {"cell": "E549_N183", "weight": 3.556}}, {"type": "Feature", "geometry": {"type": "Point", "coordinates": [-0.23479, 51.54611]}, "properties": {"cell": "E522_N184", "weight": 3.528}}, {"type": "Feature", "geometry": {"type": "Point", "coordinates": [-0.00694, 51.47951]}, "properties": {"cell": "E538_N177", "weight": 3.528}}, {"type": "Feature", "geometry": {"type": "Point", "coordinates": [-0.03108, 51.58783]}, "properties": {"cell": "E536_N189", "weight": 3.528}}, {"type": "Feature", "geometry": {"type": "Point", "coordinates": [-0.03302, 51.5429]}, "properties": {"cell": "E536_N184", "weight": 3.528}}, {"type": "Feature", "geometry": {"type": "Point", "coordinates": [-0.17678, 51.55421]}, "properties": {"cell": "E526_N185", "weight": 3.528}}, {"type": "Feature", "geometry": {"type": "Point", "coordinates": [0.05223, 51.51446]}, "properties": {"cell": "E542_N181", "weight": 3.5}}, {"type": "Feature", "geometry": {"type": "Point", "coordinates": [0.06582, 51.49623]}, "properties": {"cell": "E543_N179", "weight": 3.5}}, {"type": "Feature", "geometry": {"type": "Point", "coordinates": [-0.17786, 51.52725]}, "properties": {"cell": "E526_N182", "weight": 3.472}}, {"type": "Feature", "geometry": {"type": "Point", "coordinates": [0.02702, 51.59583]}, "properties": {"cell": "E540_N190", "weight": 3.444}}, {"type": "Feature", "geometry": {"type": "Point", "coordinates": [-0.13684, 51.47265]}, "properties": {"cell": "E529_N176", "weight": 3.444}}, {"type": "Feature", "geometry": {"type": "Point", "coordinates": [0.00982, 51.53318]}, "properties": {"cell": "E539_N183", "weight": 3.444}}, {"type": "Feature", "geometry": {"type": "Point", "coordinates": [-0.1114, 51.39131]}, "properties": {"cell": "E531_N167", "weight": 3.417}}, {"type": "Feature", "geometry": {"type": "Point", "coordinates": [0.08309, 51.55888]}, "properties": {"cell": "E544_N186", "weight": 3.389}}, {"type": "Feature", "geometry": {"type": "Point", "coordinates": [-0.22003, 51.55488]}, "properties": {"cell": "E523_N185", "weight": 3.389}}, {"type": "Feature", "geometry": {"type": "Point", "coordinates": [0.13948, 51.53089]}, "properties": {"cell": "E548_N183", "weight": 3.361}}, {"type": "Feature", "geometry": {"type": "Point", "coordinates": [-0.04202, 51.66894]}, "properties": {"cell": "E535_N198", "weight": 3.361}}, {"type": "Feature", "geometry": {"type": "Point", "coordinates": [0.12675, 51.56709]}, "properties": {"cell": "E547_N187", "weight": 3.333}}, {"type": "Feature", "geometry": {"type": "Point", "coordinates": [-0.41121, 51.44971]}, "properties": {"cell": "E510_N173", "weight": 3.333}}, {"type": "Feature", "geometry": {"type": "Point", "coordinates": [-0.17965, 51.48232]}, "properties": {"cell": "E526_N177", "weight": 3.333}}, {"type": "Feature", "geometry": {"type": "Point", "coordinates": [-0.13903, 51.41873]}, "properties": {"cell": "E529_N170", "weight": 3.306}}, {"type": "Feature", "geometry": {"type": "Point", "coordinates": [-0.33405, 51.59252]}, "properties": {"cell": "E515_N189", "weight": 3.278}}, {"type": "Feature", "geometry": {"type": "Point", "coordinates": [-0.20844, 51.48276]}, "properties": {"cell": "E524_N177", "weight": 3.278}}, {"type": "Feature", "geometry": {"type": "Point", "coordinates": [-0.06717, 51.41757]}, "properties": {"cell": "E534_N170", "weight": 3.278}}, {"type": "Feature", "geometry": {"type": "Point", "coordinates": [0.00942, 51.52419]}, "properties": {"cell": "E539_N182", "weight": 3.25}}, {"type": "Feature", "geometry": {"type": "Point", "coordinates": [-0.24886, 51.55531]}, "properties": {"cell": "E521_N185", "weight": 3.25}}, {"type": "Feature", "geometry": {"type": "Point", "coordinates": [-0.08991, 51.56182]}, "properties": {"cell": "E532_N186", "weight": 3.222}}, {"type": "Feature", "geometry": {"type": "Point", "coordinates": [-0.35076, 51.52981]}, "properties": {"cell": "E514_N182", "weight": 3.222}}, {"type": "Feature", "geometry": {"type": "Point", "coordinates": [-0.25127, 51.4924]}, "properties": {"cell": "E521_N178", "weight": 3.194}}, {"type": "Feature", "geometry": {"type": "Point", "coordinates": [-0.11103, 51.4003]}, "properties": {"cell": "E531_N168", "weight": 3.194}}, {"type": "Feature", "geometry": {"type": "Point", "coordinates": [-0.26157, 51.60046]}, "properties": {"cell": "E520_N190", "weight": 3.194}}, {"type": "Feature", "geometry": {"type": "Point", "coordinates": [-0.05916, 51.60628]}, "properties": {"cell": "E534_N191", "weight": 3.194}}, {"type": "Feature", "geometry": {"type": "Point", "coordinates": [-0.03611, 51.47101]}, "properties": {"cell": "E536_N176", "weight": 3.194}}, {"type": "Feature", "geometry": {"type": "Point", "coordinates": [0.05264, 51.52344]}, "properties": {"cell": "E542_N182", "weight": 3.167}}, {"type": "Feature", "geometry": {"type": "Point", "coordinates": [-0.04319, 51.64199]}, "properties": {"cell": "E535_N195", "weight": 3.167}}, {"type": "Feature", "geometry": {"type": "Point", "coordinates": [-0.0225, 51.45279]}, "properties": {"cell": "E537_N174", "weight": 3.167}}, {"type": "Feature", "geometry": {"type": "Point", "coordinates": [-0.00537, 51.51545]}, "properties": {"cell": "E538_N181", "weight": 3.167}}, {"type": "Feature", "geometry": {"type": "Point", "coordinates": [-0.10358, 51.58003]}, "properties": {"cell": "E531_N188", "weight": 3.139}}, {"type": "Feature", "geometry": {"type": "Point", "coordinates": [-0.06451, 51.48047]}, "properties": {"cell": "E534_N177", "weight": 3.139}}, {"type": "Feature", "geometry": {"type": "Point", "coordinates": [0.12549, 51.54013]}, "properties": {"cell": "E547_N184", "weight": 3.111}}, {"type": "Feature", "geometry": {"type": "Point", "coordinates": [0.00824, 51.49723]}, "properties": {"cell": "E539_N179", "weight": 3.111}}, {"type": "Feature", "geometry": {"type": "Point", "coordinates": [0.02463, 51.54192]}, "properties": {"cell": "E540_N184", "weight": 3.056}}, {"type": "Feature", "geometry": {"type": "Point", "coordinates": [0.0942, 51.48674]}, "properties": {"cell": "E545_N178", "weight": 3.056}}, {"type": "Feature", "geometry": {"type": "Point", "coordinates": [-0.09066, 51.54385]}, "properties": {"cell": "E532_N184", "weight": 3.028}}, {"type": "Feature", "geometry": {"type": "Point", "coordinates": [-0.40903, 51.51263]}, "properties": {"cell": "E510_N180", "weight": 3.028}}, {"type": "Feature", "geometry": {"type": "Point", "coordinates": [-0.00498, 51.52444]}, "properties": {"cell": "E538_N182", "weight": 3.028}}, {"type": "Feature", "geometry": {"type": "Point", "coordinates": [0.04941, 51.45156]}, "properties": {"cell": "E542_N174", "weight": 3.028}}, {"type": "Feature", "geometry": {"type": "Point", "coordinates": [0.06949, 51.5771]}, "properties": {"cell": "E543_N188", "weight": 3.0}}, {"type": "Feature", "geometry": {"type": "Point", "coordinates": [-0.02444, 51.40786]}, "properties": {"cell": "E537_N169", "weight": 3.0}}, {"type": "Feature", "geometry": {"type": "Point", "coordinates": [-0.2109, 51.41985]}, "properties": {"cell": "E524_N170", "weight": 3.0}}, {"type": "Feature", "geometry": {"type": "Point", "coordinates": [0.1115, 51.54938]}, "properties": {"cell": "E546_N185", "weight": 3.0}}, {"type": "Feature", "geometry": {"type": "Point", "coordinates": [-0.22108, 51.52791]}, "properties": {"cell": "E523_N182", "weight": 2.972}}, {"type": "Feature", "geometry": {"type": "Point", "coordinates": [-0.00341, 51.56038]}, "properties": {"cell": "E538_N186", "weight": 2.972}}, {"type": "Feature", "geometry": {"type": "Point", "coordinates": [-0.06527, 51.4625]}, "properties": {"cell": "E534_N175", "weight": 2.972}}, {"type": "Feature", "geometry": {"type": "Point", "coordinates": [-0.0528, 51.41733]}, "properties": {"cell": "E535_N170", "weight": 2.972}}, {"type": "Feature", "geometry": {"type": "Point", "coordinates": [-0.00459, 51.53342]}, "properties": {"cell": "E538_N183", "weight": 2.972}}, {"type": "Feature", "geometry": {"type": "Point", "coordinates": [0.06826, 51.55015]}, "properties": {"cell": "E543_N185", "weight": 2.944}}, {"type": "Feature", "geometry": {"type": "Point", "coordinates": [-0.14795, 51.55376]}, "properties": {"cell": "E528_N185", "weight": 2.944}}, {"type": "Feature", "geometry": {"type": "Point", "coordinates": [-0.16562, 51.47311]}, "properties": {"cell": "E527_N176", "weight": 2.917}}, {"type": "Feature", "geometry": {"type": "Point", "coordinates": [-0.21933, 51.57285]}, "properties": {"cell": "E523_N187", "weight": 2.917}}, {"type": "Feature", "geometry": {"type": "Point", "coordinates": [-0.06793, 51.3996]}, "properties": {"cell": "E534_N168", "weight": 2.889}}, {"type": "Feature", "geometry": {"type": "Point", "coordinates": [-0.00577, 51.50647]}, "properties": {"cell": "E538_N180", "weight": 2.889}}, {"type": "Feature", "geometry": {"type": "Point", "coordinates": [-0.18215, 51.41941]}, "properties": {"cell": "E526_N170", "weight": 2.889}}, {"type": "Feature", "geometry": {"type": "Point", "coordinates": [-0.08916, 51.5798]}, "properties": {"cell": "E532_N188", "weight": 2.861}}, {"type": "Feature", "geometry": {"type": "Point", "coordinates": [-0.26567, 51.49261]}, "properties": {"cell": "E520_N178", "weight": 2.861}}, {"type": "Feature", "geometry": {"type": "Point", "coordinates": [-0.08229, 51.39983]}, "properties": {"cell": "E533_N168", "weight": 2.833}}, {"type": "Feature", "geometry": {"type": "Point", "coordinates": [-0.13022, 51.63441]}, "properties": {"cell": "E529_N194", "weight": 2.833}}, {"type": "Feature", "geometry": {"type": "Point", "coordinates": [-0.05724, 51.65121]}, "properties": {"cell": "E534_N196", "weight": 2.833}}, {"type": "Feature", "geometry": {"type": "Point", "coordinates": [0.1505, 51.45874]}, "properties": {"cell": "E549_N175", "weight": 2.833}}, {"type": "Feature", "geometry": {"type": "Point", "coordinates": [-0.12318, 51.45445]}, "properties": {"cell": "E530_N174", "weight": 2.806}}, {"type": "Feature", "geometry": {"type": "Point", "coordinates": [-0.34946, 51.56576]}, "properties": {"cell": "E514_N186", "weight": 2.806}}, {"type": "Feature", "geometry": {"type": "Point", "coordinates": [0.00784, 51.48825]}, "properties": {"cell": "E539_N178", "weight": 2.806}}, {"type": "Feature", "geometry": {"type": "Point", "coordinates": [-0.14649, 51.58971]}, "properties": {"cell": "E528_N189", "weight": 2.778}}, {"type": "Feature", "geometry": {"type": "Point", "coordinates": [-0.24921, 51.54632]}, "properties": {"cell": "E521_N184", "weight": 2.778}}, {"type": "Feature", "geometry": {"type": "Point", "coordinates": [-0.11838, 51.57127]}, "properties": {"cell": "E530_N187", "weight": 2.75}}, {"type": "Feature", "geometry": {"type": "Point", "coordinates": [-0.1775, 51.53624]}, "properties": {"cell": "E526_N183", "weight": 2.75}}, {"type": "Feature", "geometry": {"type": "Point", "coordinates": [-0.11361, 51.33739]}, "properties": {"cell": "E531_N161", "weight": 2.75}}, {"type": "Feature", "geometry": {"type": "Point", "coordinates": [-0.12466, 51.4185]}, "properties": {"cell": "E530_N170", "weight": 2.722}}, {"type": "Feature", "geometry": {"type": "Point", "coordinates": [0.10363, 51.37865]}, "properties": {"cell": "E546_N166", "weight": 2.722}}, {"type": "Feature", "geometry": {"type": "Point", "coordinates": [0.07981, 51.48699]}, "properties": {"cell": "E544_N178", "weight": 2.722}}, {"type": "Feature", "geometry": {"type": "Point", "coordinates": [0.02343, 51.51496]}, "properties": {"cell": "E540_N181", "weight": 2.722}}, {"type": "Feature", "geometry": {"type": "Point", "coordinates": [0.02622, 51.57786]}, "properties": {"cell": "E540_N188", "weight": 2.694}}, {"type": "Feature", "geometry": {"type": "Point", "coordinates": [0.11233, 51.56735]}, "properties": {"cell": "E546_N187", "weight": 2.694}}, {"type": "Feature", "geometry": {"type": "Point", "coordinates": [0.12591, 51.54912]}, "properties": {"cell": "E547_N185", "weight": 2.694}}, {"type": "Feature", "geometry": {"type": "Point", "coordinates": [-0.0428, 51.65097]}, "properties": {"cell": "E535_N196", "weight": 2.667}}, {"type": "Feature", "geometry": {"type": "Point", "coordinates": [0.01101, 51.56014]}, "properties": {"cell": "E539_N186", "weight": 2.667}}, {"type": "Feature", "geometry": {"type": "Point", "coordinates": [-0.04781, 51.53415]}, "properties": {"cell": "E535_N183", "weight": 2.667}}, {"type": "Feature", "geometry": {"type": "Point", "coordinates": [-0.20738, 51.50972]}, "properties": {"cell": "E524_N180", "weight": 2.667}}, {"type": "Feature", "geometry": {"type": "Point", "coordinates": [-0.03263, 51.55188]}, "properties": {"cell": "E536_N185", "weight": 2.639}}, {"type": "Feature", "geometry": {"type": "Point", "coordinates": [-0.0505, 51.47125]}, "properties": {"cell": "E535_N176", "weight": 2.639}}, {"type": "Feature", "geometry": {"type": "Point", "coordinates": [-0.02211, 51.46178]}, "properties": {"cell": "E537_N175", "weight": 2.639}}, {"type": "Feature", "geometry": {"type": "Point", "coordinates": [-0.03341, 51.53391]}, "properties": {"cell": "E536_N183", "weight": 2.639}}, {"type": "Feature", "geometry": {"type": "Point", "coordinates": [0.1234, 51.49521]}, "properties": {"cell": "E547_N179", "weight": 2.639}}, {"type": "Feature", "geometry": {"type": "Point", "coordinates": [0.08391, 51.57685]}, "properties": {"cell": "E544_N188", "weight": 2.611}}, {"type": "Feature", "geometry": {"type": "Point", "coordinates": [-0.15195, 51.45491]}, "properties": {"cell": "E528_N174", "weight": 2.611}}, {"type": "Feature", "geometry": {"type": "Point", "coordinates": [0.08268, 51.54989]}, "properties": {"cell": "E544_N185", "weight": 2.583}}, {"type": "Feature", "geometry": {"type": "Point", "coordinates": [0.02303, 51.50597]}, "properties": {"cell": "E540_N180", "weight": 2.583}}, {"type": "Feature", "geometry": {"type": "Point", "coordinates": [0.06786, 51.54116]}, "properties": {"cell": "E543_N184", "weight": 2.583}}, {"type": "Feature", "geometry": {"type": "Point", "coordinates": [-0.00302, 51.56937]}, "properties": {"cell": "E538_N187", "weight": 2.583}}, {"type": "Feature", "geometry": {"type": "Point", "coordinates": [-0.019, 51.53367]}, "properties": {"cell": "E537_N183", "weight": 2.556}}, {"type": "Feature", "geometry": {"type": "Point", "coordinates": [-0.12613, 51.38255]}, "properties": {"cell": "E530_N166", "weight": 2.556}}, {"type": "Feature", "geometry": {"type": "Point", "coordinates": [-0.19723, 51.40166]}, "properties": {"cell": "E525_N168", "weight": 2.528}}, {"type": "Feature", "geometry": {"type": "Point", "coordinates": [0.15516, 51.55758]}, "properties": {"cell": "E549_N186", "weight": 2.5}}, {"type": "Feature", "geometry": {"type": "Point", "coordinates": [-0.20914, 51.46479]}, "properties": {"cell": "E524_N175", "weight": 2.5}}, {"type": "Feature", "geometry": {"type": "Point", "coordinates": [-0.05203, 51.4353]}, "properties": {"cell": "E535_N172", "weight": 2.5}}, {"type": "Feature", "geometry": {"type": "Point", "coordinates": [0.19667, 51.52084]}, "properties": {"cell": "E552_N182", "weight": 2.5}}, {"type": "Feature", "geometry": {"type": "Point", "coordinates": [-0.17426, 51.61712]}, "properties": {"cell": "E526_N192", "weight": 2.5}}, {"type": "Feature", "geometry": {"type": "Point", "coordinates": [-0.03185, 51.56986]}, "properties": {"cell": "E536_N187", "weight": 2.472}}, {"type": "Feature", "geometry": {"type": "Point", "coordinates": [-0.15123, 51.47288]}, "properties": {"cell": "E528_N176", "weight": 2.472}}, {"type": "Feature", "geometry": {"type": "Point", "coordinates": [-0.08304, 51.38186]}, "properties": {"cell": "E533_N166", "weight": 2.444}}, {"type": "Feature", "geometry": {"type": "Point", "coordinates": [-0.06868, 51.38162]}, "properties": {"cell": "E534_N166", "weight": 2.444}}, {"type": "Feature", "geometry": {"type": "Point", "coordinates": [-0.23618, 51.51016]}, "properties": {"cell": "E522_N180", "weight": 2.417}}, {"type": "Feature", "geometry": {"type": "Point", "coordinates": [-0.19048, 51.57241]}, "properties": {"cell": "E525_N187", "weight": 2.417}}, {"type": "Feature", "geometry": {"type": "Point", "coordinates": [-0.23653, 51.50117]}, "properties": {"cell": "E522_N179", "weight": 2.417}}, {"type": "Feature", "geometry": {"type": "Point", "coordinates": [-0.17462, 51.60813]}, "properties": {"cell": "E526_N191", "weight": 2.389}}, {"type": "Feature", "geometry": {"type": "Point", "coordinates": [-0.16814, 51.4102]}, "properties": {"cell": "E527_N169", "weight": 2.389}}, {"type": "Feature", "geometry": {"type": "Point", "coordinates": [0.01061, 51.55115]}, "properties": {"cell": "E539_N185", "weight": 2.389}}, {"type": "Feature", "geometry": {"type": "Point", "coordinates": [-0.22143, 51.51893]}, "properties": {"cell": "E523_N181", "weight": 2.389}}, {"type": "Feature", "geometry": {"type": "Point", "coordinates": [-0.29279, 51.53797]}, "properties": {"cell": "E518_N183", "weight": 2.389}}, {"type": "Feature", "geometry": {"type": "Point", "coordinates": [-0.26499, 51.51059]}, "properties": {"cell": "E520_N180", "weight": 2.389}}, {"type": "Feature", "geometry": {"type": "Point", "coordinates": [-0.35303, 51.4669]}, "properties": {"cell": "E514_N175", "weight": 2.361}}, {"type": "Feature", "geometry": {"type": "Point", "coordinates": [-0.07928, 51.47172]}, "properties": {"cell": "E533_N176", "weight": 2.361}}, {"type": "Feature", "geometry": {"type": "Point", "coordinates": [-0.06755, 51.40858]}, "properties": {"cell": "E534_N169", "weight": 2.361}}, {"type": "Feature", "geometry": {"type": "Point", "coordinates": [-0.20808, 51.49175]}, "properties": {"cell": "E524_N178", "weight": 2.361}}, {"type": "Feature", "geometry": {"type": "Point", "coordinates": [-0.15159, 51.46389]}, "properties": {"cell": "E528_N175", "weight": 2.333}}, {"type": "Feature", "geometry": {"type": "Point", "coordinates": [-0.31019, 51.45729]}, "properties": {"cell": "E517_N174", "weight": 2.333}}, {"type": "Feature", "geometry": {"type": "Point", "coordinates": [-0.16091, 51.58993]}, "properties": {"cell": "E527_N189", "weight": 2.333}}, {"type": "Feature", "geometry": {"type": "Point", "coordinates": [-0.21862, 51.59082]}, "properties": {"cell": "E523_N189", "weight": 2.306}}, {"type": "Feature", "geometry": {"type": "Point", "coordinates": [-0.18036, 51.46434]}, "properties": {"cell": "E526_N175", "weight": 2.306}}, {"type": "Feature", "geometry": {"type": "Point", "coordinates": [0.03944, 51.55065]}, "properties": {"cell": "E541_N185", "weight": 2.306}}, {"type": "Feature", "geometry": {"type": "Point", "coordinates": [-0.00812, 51.45255]}, "properties": {"cell": "E538_N174", "weight": 2.306}}, {"type": "Feature", "geometry": {"type": "Point", "coordinates": [0.00626, 51.45231]}, "properties": {"cell": "E539_N174", "weight": 2.306}}, {"type": "Feature", "geometry": {"type": "Point", "coordinates": [-0.08154, 51.4178]}, "properties": {"cell": "E533_N170", "weight": 2.306}}, {"type": "Feature", "geometry": {"type": "Point", "coordinates": [-0.04241, 51.65996]}, "properties": {"cell": "E535_N197", "weight": 2.306}}, {"type": "Feature", "geometry": {"type": "Point", "coordinates": [-0.23688, 51.49218]}, "properties": {"cell": "E522_N178", "weight": 2.278}}, {"type": "Feature", "geometry": {"type": "Point", "coordinates": [0.02224, 51.488]}, "properties": {"cell": "E540_N178", "weight": 2.278}}, {"type": "Feature", "geometry": {"type": "Point", "coordinates": [-0.08803, 51.60675]}, "properties": {"cell": "E532_N191", "weight": 2.278}}, {"type": "Feature", "geometry": {"type": "Point", "coordinates": [-0.05241, 51.42632]}, "properties": {"cell": "E535_N171", "weight": 2.25}}, {"type": "Feature", "geometry": {"type": "Point", "coordinates": [-0.27668, 51.5827]}, "properties": {"cell": "E519_N188", "weight": 2.25}}, {"type": "Feature", "geometry": {"type": "Point", "coordinates": [-0.12539, 51.40053]}, "properties": {"cell": "E530_N168", "weight": 2.25}}, {"type": "Feature", "geometry": {"type": "Point", "coordinates": [-0.24748, 51.59126]}, "properties": {"cell": "E521_N189", "weight": 2.25}}, {"type": "Feature", "geometry": {"type": "Point", "coordinates": [-0.13757, 51.45468]}, "properties": {"cell": "E529_N174", "weight": 2.222}}, {"type": "Feature", "geometry": {"type": "Point", "coordinates": [0.1399, 51.53987]}, "properties": {"cell": "E548_N184", "weight": 2.222}}, {"type": "Feature", "geometry": {"type": "Point", "coordinates": [-0.1534, 51.41896]}, "properties": {"cell": "E528_N170", "weight": 2.222}}, {"type": "Feature", "geometry": {"type": "Point", "coordinates": [0.01827, 51.39814]}, "properties": {"cell": "E540_N168", "weight": 2.222}}, {"type": "Feature", "geometry": {"type": "Point", "coordinates": [-0.05686, 51.6602]}, "properties": {"cell": "E534_N197", "weight": 2.222}}, {"type": "Feature", "geometry": {"type": "Point", "coordinates": [-0.00929, 51.42559]}, "properties": {"cell": "E538_N171", "weight": 2.194}}, {"type": "Feature", "geometry": {"type": "Point", "coordinates": [-0.26191, 51.59147]}, "properties": {"cell": "E520_N189", "weight": 2.167}}, {"type": "Feature", "geometry": {"type": "Point", "coordinates": [-0.3799, 51.52122]}, "properties": {"cell": "E512_N181", "weight": 2.167}}, {"type": "Feature", "geometry": {"type": "Point", "coordinates": [-0.0884, 51.59777]}, "properties": {"cell": "E532_N190", "weight": 2.167}}, {"type": "Feature", "geometry": {"type": "Point", "coordinates": [-0.0455, 51.58807]}, "properties": {"cell": "E535_N189", "weight": 2.139}}, {"type": "Feature", "geometry": {"type": "Point", "coordinates": [-0.40871, 51.52162]}, "properties": {"cell": "E510_N181", "weight": 2.139}}, {"type": "Feature", "geometry": {"type": "Point", "coordinates": [0.12633, 51.5581]}, "properties": {"cell": "E547_N186", "weight": 2.111}}, {"type": "Feature", "geometry": {"type": "Point", "coordinates": [-0.20561, 51.55466]}, "properties": {"cell": "E524_N185", "weight": 2.111}}, {"type": "Feature", "geometry": {"type": "Point", "coordinates": [-0.16526, 51.48209]}, "properties": {"cell": "E527_N177", "weight": 2.111}}, {"type": "Feature", "geometry": {"type": "Point", "coordinates": [-0.29245, 51.54696]}, "properties": {"cell": "E518_N184", "weight": 2.111}}, {"type": "Feature", "geometry": {"type": "Point", "coordinates": [-0.00223, 51.58734]}, "properties": {"cell": "E538_N189", "weight": 2.111}}, {"type": "Feature", "geometry": {"type": "Point", "coordinates": [-0.09703, 51.39108]}, "properties": {"cell": "E532_N167", "weight": 2.083}}, {"type": "Feature", "geometry": {"type": "Point", "coordinates": [-0.02328, 51.43482]}, "properties": {"cell": "E537_N172", "weight": 2.083}}, {"type": "Feature", "geometry": {"type": "Point", "coordinates": [-0.15268, 51.43693]}, "properties": {"cell": "E528_N172", "weight": 2.083}}, {"type": "Feature", "geometry": {"type": "Point", "coordinates": [-0.08003, 51.45375]}, "properties": {"cell": "E533_N174", "weight": 2.083}}, {"type": "Feature", "geometry": {"type": "Point", "coordinates": [-0.22073, 51.5369]}, "properties": {"cell": "E523_N183", "weight": 2.083}}, {"type": "Feature", "geometry": {"type": "Point", "coordinates": [0.06745, 51.53218]}, "properties": {"cell": "E543_N183", "weight": 2.083}}, {"type": "Feature", "geometry": {"type": "Point", "coordinates": [-0.31185, 51.41236]}, "properties": {"cell": "E517_N169", "weight": 2.083}}, {"type": "Feature", "geometry": {"type": "Point", "coordinates": [-0.23445, 51.55509]}, "properties": {"cell": "E522_N185", "weight": 2.056}}, {"type": "Feature", "geometry": {"type": "Point", "coordinates": [-0.26294, 51.56451]}, "properties": {"cell": "E520_N186", "weight": 2.056}}, {"type": "Feature", "geometry": {"type": "Point", "coordinates": [-0.09442, 51.45398]}, "properties": {"cell": "E532_N174", "weight": 2.056}}, {"type": "Feature", "geometry": {"type": "Point", "coordinates": [-0.13866, 51.42772]}, "properties": {"cell": "E529_N171", "weight": 2.028}}, {"type": "Feature", "geometry": {"type": "Point", "coordinates": [-0.06069, 51.57034]}, "properties": {"cell": "E534_N187", "weight": 2.028}}, {"type": "Feature", "geometry": {"type": "Point", "coordinates": [-0.11763, 51.58925]}, "properties": {"cell": "E530_N189", "weight": 2.028}}, {"type": "Feature", "geometry": {"type": "Point", "coordinates": [-0.17857, 51.50928]}, "properties": {"cell": "E526_N180", "weight": 2.028}}, {"type": "Feature", "geometry": {"type": "Point", "coordinates": [-0.0365, 51.46202]}, "properties": {"cell": "E536_N175", "weight": 2.028}}, {"type": "Feature", "geometry": {"type": "Point", "coordinates": [0.19797, 51.54779]}, "properties": {"cell": "E552_N185", "weight": 2.0}}, {"type": "Feature", "geometry": {"type": "Point", "coordinates": [-0.20879, 51.47377]}, "properties": {"cell": "E524_N176", "weight": 2.0}}, {"type": "Feature", "geometry": {"type": "Point", "coordinates": [-0.32491, 51.44851]}, "properties": {"cell": "E516_N173", "weight": 2.0}}, {"type": "Feature", "geometry": {"type": "Point", "coordinates": [0.01985, 51.43409]}, "properties": {"cell": "E540_N172", "weight": 2.0}}, {"type": "Feature", "geometry": {"type": "Point", "coordinates": [-0.22353, 51.46501]}, "properties": {"cell": "E523_N175", "weight": 1.972}}, {"type": "Feature", "geometry": {"type": "Point", "coordinates": [-0.19652, 51.41963]}, "properties": {"cell": "E525_N170", "weight": 1.972}}, {"type": "Feature", "geometry": {"type": "Point", "coordinates": [-0.01587, 51.60556]}, "properties": {"cell": "E537_N191", "weight": 1.972}}, {"type": "Feature", "geometry": {"type": "Point", "coordinates": [-0.10991, 51.42726]}, "properties": {"cell": "E531_N171", "weight": 1.972}}, {"type": "Feature", "geometry": {"type": "Point", "coordinates": [-0.24713, 51.60025]}, "properties": {"cell": "E521_N190", "weight": 1.944}}, {"type": "Feature", "geometry": {"type": "Point", "coordinates": [0.09791, 51.56761]}, "properties": {"cell": "E545_N187", "weight": 1.944}}, {"type": "Feature", "geometry": {"type": "Point", "coordinates": [0.21543, 51.61041]}, "properties": {"cell": "E553_N192", "weight": 1.944}}, {"type": "Feature", "geometry": {"type": "Point", "coordinates": [-0.23514, 51.53712]}, "properties": {"cell": "E522_N183", "weight": 1.944}}, {"type": "Feature", "geometry": {"type": "Point", "coordinates": [-0.48105, 51.51358]}, "properties": {"cell": "E505_N180", "weight": 1.944}}, {"type": "Feature", "geometry": {"type": "Point", "coordinates": [0.03783, 51.51471]}, "properties": {"cell": "E541_N181", "weight": 1.917}}, {"type": "Feature", "geometry": {"type": "Point", "coordinates": [-0.26465, 51.51958]}, "properties": {"cell": "E520_N181", "weight": 1.917}}, {"type": "Feature", "geometry": {"type": "Point", "coordinates": [-0.10208, 51.61597]}, "properties": {"cell": "E531_N192", "weight": 1.917}}, {"type": "Feature", "geometry": {"type": "Point", "coordinates": [-0.07169, 51.65145]}, "properties": {"cell": "E533_N196", "weight": 1.917}}, {"type": "Feature", "geometry": {"type": "Point", "coordinates": [-0.32095, 51.55636]}, "properties": {"cell": "E516_N185", "weight": 1.917}}, {"type": "Feature", "geometry": {"type": "Point", "coordinates": [0.03823, 51.5237]}, "properties": {"cell": "E541_N182", "weight": 1.889}}, {"type": "Feature", "geometry": {"type": "Point", "coordinates": [-0.10917, 51.44523]}, "properties": {"cell": "E531_N173", "weight": 1.861}}, {"type": "Feature", "geometry": {"type": "Point", "coordinates": [-0.38149, 51.47628]}, "properties": {"cell": "E512_N176", "weight": 1.861}}, {"type": "Feature", "geometry": {"type": "Point", "coordinates": [0.14117, 51.56683]}, "properties": {"cell": "E548_N187", "weight": 1.861}}, {"type": "Feature", "geometry": {"type": "Point", "coordinates": [-0.11726, 51.59823]}, "properties": {"cell": "E530_N190", "weight": 1.861}}, {"type": "Feature", "geometry": {"type": "Point", "coordinates": [-0.1912, 51.55444]}, "properties": {"cell": "E525_N185", "weight": 1.861}}, {"type": "Feature", "geometry": {"type": "Point", "coordinates": [-0.01548, 51.61454]}, "properties": {"cell": "E537_N192", "weight": 1.861}}, {"type": "Feature", "geometry": {"type": "Point", "coordinates": [0.14159, 51.57581]}, "properties": {"cell": "E548_N188", "weight": 1.861}}, {"type": "Feature", "geometry": {"type": "Point", "coordinates": [0.06501, 51.47826]}, "properties": {"cell": "E543_N177", "weight": 1.861}}, {"type": "Feature", "geometry": {"type": "Point", "coordinates": [-0.20171, 51.65351]}, "properties": {"cell": "E524_N196", "weight": 1.833}}, {"type": "Feature", "geometry": {"type": "Point", "coordinates": [-0.41153, 51.44073]}, "properties": {"cell": "E510_N172", "weight": 1.833}}, {"type": "Feature", "geometry": {"type": "Point", "coordinates": [0.13612, 51.459]}, "properties": {"cell": "E548_N175", "weight": 1.833}}, {"type": "Feature", "geometry": {"type": "Point", "coordinates": [0.06623, 51.50522]}, "properties": {"cell": "E543_N180", "weight": 1.833}}, {"type": "Feature", "geometry": {"type": "Point", "coordinates": [0.18012, 51.47618]}, "properties": {"cell": "E551_N177", "weight": 1.806}}, {"type": "Feature", "geometry": {"type": "Point", "coordinates": [-0.19475, 51.46457]}, "properties": {"cell": "E525_N175", "weight": 1.806}}, {"type": "Feature", "geometry": {"type": "Point", "coordinates": [0.09667, 51.54065]}, "properties": {"cell": "E545_N184", "weight": 1.806}}, {"type": "Feature", "geometry": {"type": "Point", "coordinates": [-0.1328, 51.57151]}, "properties": {"cell": "E529_N187", "weight": 1.806}}, {"type": "Feature", "geometry": {"type": "Point", "coordinates": [-0.40965, 51.49465]}, "properties": {"cell": "E510_N178", "weight": 1.806}}, {"type": "Feature", "geometry": {"type": "Point", "coordinates": [-0.00262, 51.57835]}, "properties": {"cell": "E538_N188", "weight": 1.806}}, {"type": "Feature", "geometry": {"type": "Point", "coordinates": [-0.38181, 51.4673]}, "properties": {"cell": "E512_N175", "weight": 1.778}}, {"type": "Feature", "geometry": {"type": "Point", "coordinates": [-0.14539, 51.61667]}, "properties": {"cell": "E528_N192", "weight": 1.778}}, {"type": "Feature", "geometry": {"type": "Point", "coordinates": [-0.36581, 51.51204]}, "properties": {"cell": "E513_N180", "weight": 1.778}}, {"type": "Feature", "geometry": {"type": "Point", "coordinates": [-0.13169, 51.59846]}, "properties": {"cell": "E529_N190", "weight": 1.778}}, {"type": "Feature", "geometry": {"type": "Point", "coordinates": [-0.21898, 51.58184]}, "properties": {"cell": "E523_N188", "weight": 1.75}}, {"type": "Feature", "geometry": {"type": "Point", "coordinates": [-0.01626, 51.59657]}, "properties": {"cell": "E537_N190", "weight": 1.75}}, {"type": "Feature", "geometry": {"type": "Point", "coordinates": [-0.15557, 51.36504]}, "properties": {"cell": "E528_N164", "weight": 1.75}}, {"type": "Feature", "geometry": {"type": "Point", "coordinates": [0.10942, 51.50445]}, "properties": {"cell": "E546_N180", "weight": 1.75}}, {"type": "Feature", "geometry": {"type": "Point", "coordinates": [-0.0128, 51.34472]}, "properties": {"cell": "E538_N162", "weight": 1.722}}, {"type": "Feature", "geometry": {"type": "Point", "coordinates": [-0.14722, 51.57173]}, "properties": {"cell": "E528_N187", "weight": 1.722}}, {"type": "Feature", "geometry": {"type": "Point", "coordinates": [-0.34881, 51.58374]}, "properties": {"cell": "E514_N188", "weight": 1.722}}, {"type": "Feature", "geometry": {"type": "Point", "coordinates": [-0.24852, 51.5643]}, "properties": {"cell": "E521_N186", "weight": 1.722}}, {"type": "Feature", "geometry": {"type": "Point", "coordinates": [-0.13939, 51.40974]}, "properties": {"cell": "E529_N169", "weight": 1.722}}, {"type": "Feature", "geometry": {"type": "Point", "coordinates": [-0.03804, 51.42608]}, "properties": {"cell": "E536_N171", "weight": 1.722}}, {"type": "Feature", "geometry": {"type": "Point", "coordinates": [0.14074, 51.55784]}, "properties": {"cell": "E548_N186", "weight": 1.722}}, {"type": "Feature", "geometry": {"type": "Point", "coordinates": [-0.03069, 51.59681]}, "properties": {"cell": "E536_N190", "weight": 1.694}}, {"type": "Feature", "geometry": {"type": "Point", "coordinates": [-0.16849, 51.40121]}, "properties": {"cell": "E527_N168", "weight": 1.694}}, {"type": "Feature", "geometry": {"type": "Point", "coordinates": [-0.05801, 51.63324]}, "properties": {"cell": "E534_N194", "weight": 1.694}}, {"type": "Feature", "geometry": {"type": "Point", "coordinates": [-0.12649, 51.37357]}, "properties": {"cell": "E530_N165", "weight": 1.694}}, {"type": "Feature", "geometry": {"type": "Point", "coordinates": [-0.33701, 51.51163]}, "properties": {"cell": "E515_N180", "weight": 1.694}}, {"type": "Feature", "geometry": {"type": "Point", "coordinates": [-0.11689, 51.60722]}, "properties": {"cell": "E530_N191", "weight": 1.694}}, {"type": "Feature", "geometry": {"type": "Point", "coordinates": [0.08432, 51.58583]}, "properties": {"cell": "E544_N189", "weight": 1.667}}, {"type": "Feature", "geometry": {"type": "Point", "coordinates": [-0.42126, 51.57574]}, "properties": {"cell": "E509_N187", "weight": 1.667}}, {"type": "Feature", "geometry": {"type": "Point", "coordinates": [0.11882, 51.39637]}, "properties": {"cell": "E547_N168", "weight": 1.667}}, {"type": "Feature", "geometry": {"type": "Point", "coordinates": [-0.1944, 51.47355]}, "properties": {"cell": "E525_N176", "weight": 1.667}}, {"type": "Feature", "geometry": {"type": "Point", "coordinates": [-0.08116, 51.42679]}, "properties": {"cell": "E533_N171", "weight": 1.667}}, {"type": "Feature", "geometry": {"type": "Point", "coordinates": [0.11192, 51.55836]}, "properties": {"cell": "E546_N186", "weight": 1.667}}, {"type": "Feature", "geometry": {"type": "Point", "coordinates": [0.10859, 51.48648]}, "properties": {"cell": "E546_N178", "weight": 1.667}}, {"type": "Feature", "geometry": {"type": "Point", "coordinates": [-0.18941, 51.59937]}, "properties": {"cell": "E525_N190", "weight": 1.667}}, {"type": "Feature", "geometry": {"type": "Point", "coordinates": [-0.37894, 51.54819]}, "properties": {"cell": "E512_N184", "weight": 1.639}}, {"type": "Feature", "geometry": {"type": "Point", "coordinates": [-0.37926, 51.5392]}, "properties": {"cell": "E512_N183", "weight": 1.639}}, {"type": "Feature", "geometry": {"type": "Point", "coordinates": [-0.39399, 51.53041]}, "properties": {"cell": "E511_N182", "weight": 1.639}}, {"type": "Feature", "geometry": {"type": "Point", "coordinates": [0.12717, 51.57607]}, "properties": {"cell": "E547_N188", "weight": 1.639}}, {"type": "Feature", "geometry": {"type": "Point", "coordinates": [0.03663, 51.48775]}, "properties": {"cell": "E541_N178", "weight": 1.611}}, {"type": "Feature", "geometry": {"type": "Point", "coordinates": [-0.09516, 51.43601]}, "properties": {"cell": "E532_N172", "weight": 1.611}}, {"type": "Feature", "geometry": {"type": "Point", "coordinates": [0.00863, 51.50622]}, "properties": {"cell": "E539_N180", "weight": 1.611}}, {"type": "Feature", "geometry": {"type": "Point", "coordinates": [-0.14758, 51.56275]}, "properties": {"cell": "E528_N186", "weight": 1.611}}, {"type": "Feature", "geometry": {"type": "Point", "coordinates": [0.21325, 51.56549]}, "properties": {"cell": "E553_N187", "weight": 1.611}}, {"type": "Feature", "geometry": {"type": "Point", "coordinates": [-0.11652, 51.61621]}, "properties": {"cell": "E530_N192", "weight": 1.611}}, {"type": "Feature", "geometry": {"type": "Point", "coordinates": [-0.0683, 51.39061]}, "properties": {"cell": "E534_N167", "weight": 1.583}}, {"type": "Feature", "geometry": {"type": "Point", "coordinates": [-0.16309, 51.53601]}, "properties": {"cell": "E527_N183", "weight": 1.583}}, {"type": "Feature", "geometry": {"type": "Point", "coordinates": [-0.29077, 51.5919]}, "properties": {"cell": "E518_N189", "weight": 1.583}}, {"type": "Feature", "geometry": {"type": "Point", "coordinates": [-0.39367, 51.5394]}, "properties": {"cell": "E511_N183", "weight": 1.583}}, {"type": "Feature", "geometry": {"type": "Point", "coordinates": [-0.00851, 51.44356]}, "properties": {"cell": "E538_N173", "weight": 1.583}}, {"type": "Feature", "geometry": {"type": "Point", "coordinates": [-0.46665, 51.5134]}, "properties": {"cell": "E506_N180", "weight": 1.583}}, {"type": "Feature", "geometry": {"type": "Point", "coordinates": [-0.13132, 51.60745]}, "properties": {"cell": "E529_N191", "weight": 1.583}}, {"type": "Feature", "geometry": {"type": "Point", "coordinates": [-0.3671, 51.47608]}, "properties": {"cell": "E513_N176", "weight": 1.583}}, {"type": "Feature", "geometry": {"type": "Point", "coordinates": [-0.276, 51.60067]}, "properties": {"cell": "E519_N190", "weight": 1.556}}, {"type": "Feature", "geometry": {"type": "Point", "coordinates": [-0.1667, 51.44615]}, "properties": {"cell": "E527_N173", "weight": 1.556}}, {"type": "Feature", "geometry": {"type": "Point", "coordinates": [0.0975, 51.55862]}, "properties": {"cell": "E545_N186", "weight": 1.556}}, {"type": "Feature", "geometry": {"type": "Point", "coordinates": [-0.08576, 51.66067]}, "properties": {"cell": "E532_N197", "weight": 1.556}}, {"type": "Feature", "geometry": {"type": "Point", "coordinates": [0.06704, 51.52319]}, "properties": {"cell": "E543_N182", "weight": 1.556}}, {"type": "Feature", "geometry": {"type": "Point", "coordinates": [-0.37958, 51.53021]}, "properties": {"cell": "E512_N182", "weight": 1.528}}, {"type": "Feature", "geometry": {"type": "Point", "coordinates": [0.03743, 51.50572]}, "properties": {"cell": "E541_N180", "weight": 1.528}}, {"type": "Feature", "geometry": {"type": "Point", "coordinates": [-0.31996, 51.58333]}, "properties": {"cell": "E516_N188", "weight": 1.528}}, {"type": "Feature", "geometry": {"type": "Point", "coordinates": [-0.19546, 51.44659]}, "properties": {"cell": "E525_N173", "weight": 1.528}}, {"type": "Feature", "geometry": {"type": "Point", "coordinates": [-0.33372, 51.60151]}, "properties": {"cell": "E515_N190", "weight": 1.528}}, {"type": "Feature", "geometry": {"type": "Point", "coordinates": [0.17884, 51.44922]}, "properties": {"cell": "E551_N174", "weight": 1.5}}, {"type": "Feature", "geometry": {"type": "Point", "coordinates": [-0.01822, 51.55164]}, "properties": {"cell": "E537_N185", "weight": 1.5}}, {"type": "Feature", "geometry": {"type": "Point", "coordinates": [-0.30653, 51.55616]}, "properties": {"cell": "E517_N185", "weight": 1.5}}, {"type": "Feature", "geometry": {"type": "Point", "coordinates": [-0.1125, 51.36435]}, "properties": {"cell": "E531_N164", "weight": 1.5}}, {"type": "Feature", "geometry": {"type": "Point", "coordinates": [-0.3072, 51.53818]}, "properties": {"cell": "E517_N183", "weight": 1.5}}, {"type": "Feature", "geometry": {"type": "Point", "coordinates": [0.03623, 51.47877]}, "properties": {"cell": "E541_N177", "weight": 1.5}}, {"type": "Feature", "geometry": {"type": "Point", "coordinates": [-0.16778, 51.41918]}, "properties": {"cell": "E527_N170", "weight": 1.472}}, {"type": "Feature", "geometry": {"type": "Point", "coordinates": [-0.27939, 51.5108]}, "properties": {"cell": "E519_N180", "weight": 1.472}}, {"type": "Feature", "geometry": {"type": "Point", "coordinates": [-0.2334, 51.58206]}, "properties": {"cell": "E522_N188", "weight": 1.472}}, {"type": "Feature", "geometry": {"type": "Point", "coordinates": [-0.09554, 51.42703]}, "properties": {"cell": "E532_N171", "weight": 1.472}}, {"type": "Feature", "geometry": {"type": "Point", "coordinates": [0.00508, 51.42535]}, "properties": {"cell": "E539_N171", "weight": 1.472}}, {"type": "Feature", "geometry": {"type": "Point", "coordinates": [-0.11065, 51.40928]}, "properties": {"cell": "E531_N169", "weight": 1.472}}, {"type": "Feature", "geometry": {"type": "Point", "coordinates": [-0.07207, 51.64246]}, "properties": {"cell": "E533_N195", "weight": 1.472}}, {"type": "Feature", "geometry": {"type": "Point", "coordinates": [-0.22283, 51.48298]}, "properties": {"cell": "E523_N177", "weight": 1.472}}, {"type": "Feature", "geometry": {"type": "Point", "coordinates": [0.21456, 51.59244]}, "properties": {"cell": "E553_N190", "weight": 1.444}}, {"type": "Feature", "geometry": {"type": "Point", "coordinates": [-0.27871, 51.52877]}, "properties": {"cell": "E519_N182", "weight": 1.444}}, {"type": "Feature", "geometry": {"type": "Point", "coordinates": [0.0043, 51.40737]}, "properties": {"cell": "E539_N169", "weight": 1.444}}, {"type": "Feature", "geometry": {"type": "Point", "coordinates": [-0.08267, 51.39084]}, "properties": {"cell": "E533_N167", "weight": 1.444}}, {"type": "Feature", "geometry": {"type": "Point", "coordinates": [-0.2341, 51.56408]}, "properties": {"cell": "E522_N186", "weight": 1.444}}, {"type": "Feature", "geometry": {"type": "Point", "coordinates": [-0.37798, 51.57515]}, "properties": {"cell": "E512_N187", "weight": 1.444}}, {"type": "Feature", "geometry": {"type": "Point", "coordinates": [-0.3642, 51.55697]}, "properties": {"cell": "E513_N185", "weight": 1.444}}, {"type": "Feature", "geometry": {"type": "Point", "coordinates": [0.16915, 51.54833]}, "properties": {"cell": "E550_N185", "weight": 1.444}}, {"type": "Feature", "geometry": {"type": "Point", "coordinates": [-0.19617, 51.42862]}, "properties": {"cell": "E525_N171", "weight": 1.444}}, {"type": "Feature", "geometry": {"type": "Point", "coordinates": [-0.30886, 51.49324]}, "properties": {"cell": "E517_N178", "weight": 1.444}}, {"type": "Feature", "geometry": {"type": "Point", "coordinates": [-0.13793, 51.44569]}, "properties": {"cell": "E529_N173", "weight": 1.444}}, {"type": "Feature", "geometry": {"type": "Point", "coordinates": [-0.36453, 51.54799]}, "properties": {"cell": "E513_N184", "weight": 1.417}}, {"type": "Feature", "geometry": {"type": "Point", "coordinates": [0.15473, 51.54859]}, "properties": {"cell": "E549_N185", "weight": 1.417}}, {"type": "Feature", "geometry": {"type": "Point", "coordinates": [-0.15377, 51.40997]}, "properties": {"cell": "E528_N169", "weight": 1.417}}, {"type": "Feature", "geometry": {"type": "Point", "coordinates": [-0.25059, 51.51037]}, "properties": {"cell": "E521_N180", "weight": 1.417}}, {"type": "Feature", "geometry": {"type": "Point", "coordinates": [-0.26396, 51.53755]}, "properties": {"cell": "E520_N183", "weight": 1.417}}, {"type": "Feature", "geometry": {"type": "Point", "coordinates": [0.02742, 51.60482]}, "properties": {"cell": "E540_N191", "weight": 1.417}}, {"type": "Feature", "geometry": {"type": "Point", "coordinates": [-0.07283, 51.62449]}, "properties": {"cell": "E533_N193", "weight": 1.417}}, {"type": "Feature", "geometry": {"type": "Point", "coordinates": [-0.2547, 51.40253]}, "properties": {"cell": "E521_N168", "weight": 1.417}}, {"type": "Feature", "geometry": {"type": "Point", "coordinates": [-0.14158, 51.35582]}, "properties": {"cell": "E529_N163", "weight": 1.417}}, {"type": "Feature", "geometry": {"type": "Point", "coordinates": [-0.26362, 51.54654]}, "properties": {"cell": "E520_N184", "weight": 1.417}}, {"type": "Feature", "geometry": {"type": "Point", "coordinates": [-0.15304, 51.42795]}, "properties": {"cell": "E528_N171", "weight": 1.389}}, {"type": "Feature", "geometry": {"type": "Point", "coordinates": [-0.23549, 51.52813]}, "properties": {"cell": "E522_N182", "weight": 1.389}}, {"type": "Feature", "geometry": {"type": "Point", "coordinates": [-0.15593, 51.35605]}, "properties": {"cell": "E528_N163", "weight": 1.389}}, {"type": "Feature", "geometry": {"type": "Point", "coordinates": [-0.20773, 51.50073]}, "properties": {"cell": "E524_N179", "weight": 1.389}}, {"type": "Feature", "geometry": {"type": "Point", "coordinates": [0.06908, 51.56812]}, "properties": {"cell": "E543_N187", "weight": 1.389}}, {"type": "Feature", "geometry": {"type": "Point", "coordinates": [-0.36388, 51.56596]}, "properties": {"cell": "E513_N186", "weight": 1.389}}, {"type": "Feature", "geometry": {"type": "Point", "coordinates": [-0.04164, 51.67793]}, "properties": {"cell": "E535_N199", "weight": 1.361}}, {"type": "Feature", "geometry": {"type": "Point", "coordinates": [-0.08765, 51.61574]}, "properties": {"cell": "E532_N192", "weight": 1.361}}, {"type": "Feature", "geometry": {"type": "Point", "coordinates": [-0.03688, 51.45304]}, "properties": {"cell": "E536_N174", "weight": 1.361}}, {"type": "Feature", "geometry": {"type": "Point", "coordinates": [-0.16019, 51.60791]}, "properties": {"cell": "E527_N191", "weight": 1.361}}, {"type": "Feature", "geometry": {"type": "Point", "coordinates": [0.18528, 51.584]}, "properties": {"cell": "E551_N189", "weight": 1.361}}, {"type": "Feature", "geometry": {"type": "Point", "coordinates": [-0.46695, 51.50441]}, "properties": {"cell": "E506_N179", "weight": 1.361}}, {"type": "Feature", "geometry": {"type": "Point", "coordinates": [-0.03457, 51.50695]}, "properties": {"cell": "E536_N180", "weight": 1.361}}, {"type": "Feature", "geometry": {"type": "Point", "coordinates": [0.04981, 51.46054]}, "properties": {"cell": "E542_N175", "weight": 1.361}}, {"type": "Feature", "geometry": {"type": "Point", "coordinates": [-0.48015, 51.54055]}, "properties": {"cell": "E505_N183", "weight": 1.361}}, {"type": "Feature", "geometry": {"type": "Point", "coordinates": [0.25605, 51.55568]}, "properties": {"cell": "E556_N186", "weight": 1.333}}, {"type": "Feature", "geometry": {"type": "Point", "coordinates": [-0.18357, 51.38346]}, "properties": {"cell": "E526_N166", "weight": 1.333}}, {"type": "Feature", "geometry": {"type": "Point", "coordinates": [-0.00144, 51.60531]}, "properties": {"cell": "E538_N191", "weight": 1.333}}, {"type": "Feature", "geometry": {"type": "Point", "coordinates": [-0.14576, 51.60768]}, "properties": {"cell": "E528_N191", "weight": 1.333}}, {"type": "Feature", "geometry": {"type": "Point", "coordinates": [0.02065, 51.45206]}, "properties": {"cell": "E540_N174", "weight": 1.333}}, {"type": "Feature", "geometry": {"type": "Point", "coordinates": [0.09709, 51.54964]}, "properties": {"cell": "E545_N185", "weight": 1.333}}, {"type": "Feature", "geometry": {"type": "Point", "coordinates": [-0.27804, 51.54675]}, "properties": {"cell": "E519_N184", "weight": 1.333}}, {"type": "Feature", "geometry": {"type": "Point", "coordinates": [-0.13095, 51.61644]}, "properties": {"cell": "E529_N192", "weight": 1.333}}, {"type": "Feature", "geometry": {"type": "Point", "coordinates": [-0.30853, 51.50223]}, "properties": {"cell": "E517_N179", "weight": 1.306}}, {"type": "Feature", "geometry": {"type": "Point", "coordinates": [-0.26533, 51.5016]}, "properties": {"cell": "E520_N179", "weight": 1.306}}, {"type": "Feature", "geometry": {"type": "Point", "coordinates": [-0.29144, 51.57392]}, "properties": {"cell": "E518_N187", "weight": 1.306}}, {"type": "Feature", "geometry": {"type": "Point", "coordinates": [-0.42001, 51.61169]}, "properties": {"cell": "E509_N191", "weight": 1.306}}, {"type": "Feature", "geometry": {"type": "Point", "coordinates": [-0.00655, 51.48849]}, "properties": {"cell": "E538_N178", "weight": 1.306}}, {"type": "Feature", "geometry": {"type": "Point", "coordinates": [0.19753, 51.5388]}, "properties": {"cell": "E552_N184", "weight": 1.278}}, {"type": "Feature", "geometry": {"type": "Point", "coordinates": [-0.13206, 51.58948]}, "properties": {"cell": "E529_N189", "weight": 1.278}}, {"type": "Feature", "geometry": {"type": "Point", "coordinates": [-0.01783, 51.56063]}, "properties": {"cell": "E537_N186", "weight": 1.278}}, {"type": "Feature", "geometry": {"type": "Point", "coordinates": [-0.04897, 51.50719]}, "properties": {"cell": "E535_N180", "weight": 1.278}}, {"type": "Feature", "geometry": {"type": "Point", "coordinates": [-0.17282, 51.65307]}, "properties": {"cell": "E526_N196", "weight": 1.278}}, {"type": "Feature", "geometry": {"type": "Point", "coordinates": [-0.36774, 51.45811]}, "properties": {"cell": "E513_N174", "weight": 1.278}}, {"type": "Feature", "geometry": {"type": "Point", "coordinates": [0.14032, 51.54886]}, "properties": {"cell": "E548_N185", "weight": 1.278}}, {"type": "Feature", "geometry": {"type": "Point", "coordinates": [-0.36517, 51.53001]}, "properties": {"cell": "E513_N182", "weight": 1.278}}, {"type": "Feature", "geometry": {"type": "Point", "coordinates": [-0.26431, 51.52856]}, "properties": {"cell": "E520_N182", "weight": 1.25}}, {"type": "Feature", "geometry": {"type": "Point", "coordinates": [-0.02757, 51.6687]}, "properties": {"cell": "E536_N198", "weight": 1.25}}, {"type": "Feature", "geometry": {"type": "Point", "coordinates": [0.10735, 51.45952]}, "properties": {"cell": "E546_N175", "weight": 1.25}}, {"type": "Feature", "geometry": {"type": "Point", "coordinates": [0.03543, 51.4608]}, "properties": {"cell": "E541_N175", "weight": 1.25}}, {"type": "Feature", "geometry": {"type": "Point", "coordinates": [0.11067, 51.53141]}, "properties": {"cell": "E546_N183", "weight": 1.25}}, {"type": "Feature", "geometry": {"type": "Point", "coordinates": [-0.09479, 51.445]}, "properties": {"cell": "E532_N173", "weight": 1.25}}, {"type": "Feature", "geometry": {"type": "Point", "coordinates": [0.06663, 51.51421]}, "properties": {"cell": "E543_N181", "weight": 1.25}}, {"type": "Feature", "geometry": {"type": "Point", "coordinates": [-0.30419, 51.61907]}, "properties": {"cell": "E517_N192", "weight": 1.25}}, {"type": "Feature", "geometry": {"type": "Point", "coordinates": [0.10901, 51.49547]}, "properties": {"cell": "E546_N179", "weight": 1.222}}, {"type": "Feature", "geometry": {"type": "Point", "coordinates": [0.00666, 51.46129]}, "properties": {"cell": "E539_N175", "weight": 1.222}}, {"type": "Feature", "geometry": {"type": "Point", "coordinates": [0.08473, 51.59482]}, "properties": {"cell": "E544_N190", "weight": 1.222}}, {"type": "Feature", "geometry": {"type": "Point", "coordinates": [-0.12576, 51.39154]}, "properties": {"cell": "E530_N167", "weight": 1.222}}, {"type": "Feature", "geometry": {"type": "Point", "coordinates": [-0.36613, 51.50305]}, "properties": {"cell": "E513_N179", "weight": 1.194}}, {"type": "Feature", "geometry": {"type": "Point", "coordinates": [-0.42343, 51.51282]}, "properties": {"cell": "E509_N180", "weight": 1.194}}, {"type": "Feature", "geometry": {"type": "Point", "coordinates": [-0.04435, 51.61503]}, "properties": {"cell": "E535_N192", "weight": 1.194}}, {"type": "Feature", "geometry": {"type": "Point", "coordinates": [0.02104, 51.46104]}, "properties": {"cell": "E540_N175", "weight": 1.194}}, {"type": "Feature", "geometry": {"type": "Point", "coordinates": [-0.42312, 51.52181]}, "properties": {"cell": "E509_N181", "weight": 1.194}}, {"type": "Feature", "geometry": {"type": "Point", "coordinates": [-0.29547, 51.46607]}, "properties": {"cell": "E518_N175", "weight": 1.194}}, {"type": "Feature", "geometry": {"type": "Point", "coordinates": [0.18442, 51.56603]}, "properties": {"cell": "E551_N187", "weight": 1.194}}, {"type": "Feature", "geometry": {"type": "Point", "coordinates": [-0.26669, 51.46565]}, "properties": {"cell": "E520_N175", "weight": 1.194}}, {"type": "Feature", "geometry": {"type": "Point", "coordinates": [-0.05088, 51.46226]}, "properties": {"cell": "E535_N175", "weight": 1.194}}, {"type": "Feature", "geometry": {"type": "Point", "coordinates": [-0.18001, 51.47333]}, "properties": {"cell": "E526_N176", "weight": 1.194}}, {"type": "Feature", "geometry": {"type": "Point", "coordinates": [-0.10246, 51.60699]}, "properties": {"cell": "E531_N191", "weight": 1.167}}, {"type": "Feature", "geometry": {"type": "Point", "coordinates": [0.09833, 51.57659]}, "properties": {"cell": "E545_N188", "weight": 1.167}}, {"type": "Feature", "geometry": {"type": "Point", "coordinates": [-0.40589, 51.60251]}, "properties": {"cell": "E510_N190", "weight": 1.167}}, {"type": "Feature", "geometry": {"type": "Point", "coordinates": [0.12298, 51.48622]}, "properties": {"cell": "E547_N178", "weight": 1.167}}, {"type": "Feature", "geometry": {"type": "Point", "coordinates": [-0.27838, 51.53776]}, "properties": {"cell": "E519_N183", "weight": 1.167}}, {"type": "Feature", "geometry": {"type": "Point", "coordinates": [-0.38085, 51.49426]}, "properties": {"cell": "E512_N178", "weight": 1.167}}, {"type": "Feature", "geometry": {"type": "Point", "coordinates": [-0.14612, 51.59869]}, "properties": {"cell": "E528_N190", "weight": 1.167}}, {"type": "Feature", "geometry": {"type": "Point", "coordinates": [-0.14685, 51.58072]}, "properties": {"cell": "E528_N188", "weight": 1.167}}, {"type": "Feature", "geometry": {"type": "Point", "coordinates": [0.17086, 51.58427]}, "properties": {"cell": "E550_N189", "weight": 1.139}}, {"type": "Feature", "geometry": {"type": "Point", "coordinates": [0.11108, 51.54039]}, "properties": {"cell": "E546_N184", "weight": 1.139}}, {"type": "Feature", "geometry": {"type": "Point", "coordinates": [-0.17893, 51.50029]}, "properties": {"cell": "E526_N179", "weight": 1.139}}, {"type": "Feature", "geometry": {"type": "Point", "coordinates": [-0.4256, 51.44991]}, "properties": {"cell": "E509_N173", "weight": 1.139}}, {"type": "Feature", "geometry": {"type": "Point", "coordinates": [0.17043, 51.57528]}, "properties": {"cell": "E550_N188", "weight": 1.139}}, {"type": "Feature", "geometry": {"type": "Point", "coordinates": [-0.27973, 51.50181]}, "properties": {"cell": "E519_N179", "weight": 1.139}}, {"type": "Feature", "geometry": {"type": "Point", "coordinates": [-0.17354, 51.63509]}, "properties": {"cell": "E526_N194", "weight": 1.111}}, {"type": "Feature", "geometry": {"type": "Point", "coordinates": [-0.16634, 51.45513]}, "properties": {"cell": "E527_N174", "weight": 1.111}}, {"type": "Feature", "geometry": {"type": "Point", "coordinates": [-0.26122, 51.60945]}, "properties": {"cell": "E520_N191", "weight": 1.111}}, {"type": "Feature", "geometry": {"type": "Point", "coordinates": [-0.18251, 51.41042]}, "properties": {"cell": "E526_N169", "weight": 1.111}}, {"type": "Feature", "geometry": {"type": "Point", "coordinates": [-0.24644, 51.61822]}, "properties": {"cell": "E521_N192", "weight": 1.111}}, {"type": "Feature", "geometry": {"type": "Point", "coordinates": [-0.35271, 51.47588]}, "properties": {"cell": "E514_N176", "weight": 1.111}}, {"type": "Feature", "geometry": {"type": "Point", "coordinates": [-0.03495, 51.49797]}, "properties": {"cell": "E536_N179", "weight": 1.111}}, {"type": "Feature", "geometry": {"type": "Point", "coordinates": [-0.03881, 51.4081]}, "properties": {"cell": "E536_N169", "weight": 1.111}}, {"type": "Feature", "geometry": {"type": "Point", "coordinates": [0.06379, 51.45131]}, "properties": {"cell": "E543_N174", "weight": 1.111}}, {"type": "Feature", "geometry": {"type": "Point", "coordinates": [-0.18072, 51.45536]}, "properties": {"cell": "E526_N174", "weight": 1.111}}, {"type": "Feature", "geometry": {"type": "Point", "coordinates": [0.04185, 51.60457]}, "properties": {"cell": "E541_N191", "weight": 1.111}}, {"type": "Feature", "geometry": {"type": "Point", "coordinates": [-0.05584, 51.34544]}, "properties": {"cell": "E535_N162", "weight": 1.111}}, {"type": "Feature", "geometry": {"type": "Point", "coordinates": [-0.35368, 51.44892]}, "properties": {"cell": "E514_N173", "weight": 1.083}}, {"type": "Feature", "geometry": {"type": "Point", "coordinates": [-0.16706, 51.43716]}, "properties": {"cell": "E527_N172", "weight": 1.083}}, {"type": "Feature", "geometry": {"type": "Point", "coordinates": [-0.33831, 51.47568]}, "properties": {"cell": "E515_N176", "weight": 1.083}}, {"type": "Feature", "geometry": {"type": "Point", "coordinates": [-0.14303, 51.31987]}, "properties": {"cell": "E529_N159", "weight": 1.083}}, {"type": "Feature", "geometry": {"type": "Point", "coordinates": [-0.08041, 51.44476]}, "properties": {"cell": "E533_N173", "weight": 1.083}}, {"type": "Feature", "geometry": {"type": "Point", "coordinates": [-0.38117, 51.48527]}, "properties": {"cell": "E512_N177", "weight": 1.083}}, {"type": "Feature", "geometry": {"type": "Point", "coordinates": [0.09626, 51.53167]}, "properties": {"cell": "E545_N183", "weight": 1.083}}, {"type": "Feature", "geometry": {"type": "Point", "coordinates": [-0.26601, 51.48363]}, "properties": {"cell": "E520_N177", "weight": 1.083}}, {"type": "Feature", "geometry": {"type": "Point", "coordinates": [-0.21968, 51.56386]}, "properties": {"cell": "E523_N186", "weight": 1.083}}, {"type": "Feature", "geometry": {"type": "Point", "coordinates": [0.03503, 51.45181]}, "properties": {"cell": "E541_N174", "weight": 1.083}}, {"type": "Feature", "geometry": {"type": "Point", "coordinates": [-0.00734, 51.47052]}, "properties": {"cell": "E538_N176", "weight": 1.083}}, {"type": "Feature", "geometry": {"type": "Point", "coordinates": [0.08514, 51.60381]}, "properties": {"cell": "E544_N191", "weight": 1.083}}, {"type": "Feature", "geometry": {"type": "Point", "coordinates": [-0.24783, 51.58227]}, "properties": {"cell": "E521_N188", "weight": 1.083}}, {"type": "Feature", "geometry": {"type": "Point", "coordinates": [0.05102, 51.4875]}, "properties": {"cell": "E542_N178", "weight": 1.083}}, {"type": "Feature", "geometry": {"type": "Point", "coordinates": [-0.19758, 51.39267]}, "properties": {"cell": "E525_N167", "weight": 1.083}}, {"type": "Feature", "geometry": {"type": "Point", "coordinates": [-0.37862, 51.55717]}, "properties": {"cell": "E512_N185", "weight": 1.056}}, {"type": "Feature", "geometry": {"type": "Point", "coordinates": [0.21412, 51.58346]}, "properties": {"cell": "E553_N189", "weight": 1.056}}, {"type": "Feature", "geometry": {"type": "Point", "coordinates": [-0.03765, 51.43506]}, "properties": {"cell": "E536_N172", "weight": 1.056}}, {"type": "Feature", "geometry": {"type": "Point", "coordinates": [-0.05318, 51.40834]}, "properties": {"cell": "E535_N169", "weight": 1.056}}, {"type": "Feature", "geometry": {"type": "Point", "coordinates": [-0.04357, 51.633]}, "properties": {"cell": "E535_N194", "weight": 1.056}}, {"type": "Feature", "geometry": {"type": "Point", "coordinates": [0.02184, 51.47902]}, "properties": {"cell": "E540_N177", "weight": 1.056}}, {"type": "Feature", "geometry": {"type": "Point", "coordinates": [-0.02095, 51.48874]}, "properties": {"cell": "E537_N178", "weight": 1.056}}, {"type": "Feature", "geometry": {"type": "Point", "coordinates": [-0.15086, 51.48187]}, "properties": {"cell": "E528_N177", "weight": 1.056}}, {"type": "Feature", "geometry": {"type": "Point", "coordinates": [-0.20984, 51.44681]}, "properties": {"cell": "E524_N173", "weight": 1.056}}, {"type": "Feature", "geometry": {"type": "Point", "coordinates": [0.16872, 51.53934]}, "properties": {"cell": "E550_N184", "weight": 1.028}}, {"type": "Feature", "geometry": {"type": "Point", "coordinates": [-0.23861, 51.44725]}, "properties": {"cell": "E522_N173", "weight": 1.028}}, {"type": "Feature", "geometry": {"type": "Point", "coordinates": [0.04145, 51.59558]}, "properties": {"cell": "E541_N190", "weight": 1.028}}, {"type": "Feature", "geometry": {"type": "Point", "coordinates": [0.05022, 51.46953]}, "properties": {"cell": "E542_N176", "weight": 1.028}}, {"type": "Feature", "geometry": {"type": "Point", "coordinates": [0.08104, 51.51395]}, "properties": {"cell": "E544_N181", "weight": 1.028}}, {"type": "Feature", "geometry": {"type": "Point", "coordinates": [-0.39177, 51.59332]}, "properties": {"cell": "E511_N189", "weight": 1.028}}, {"type": "Feature", "geometry": {"type": "Point", "coordinates": [-0.17498, 51.59915]}, "properties": {"cell": "E526_N190", "weight": 1.028}}, {"type": "Feature", "geometry": {"type": "Point", "coordinates": [-0.15982, 51.61689]}, "properties": {"cell": "E527_N192", "weight": 1.028}}, {"type": "Feature", "geometry": {"type": "Point", "coordinates": [-0.37734, 51.59313]}, "properties": {"cell": "E512_N189", "weight": 1.028}}, {"type": "Feature", "geometry": {"type": "Point", "coordinates": [0.0835, 51.56786]}, "properties": {"cell": "E544_N187", "weight": 1.028}}, {"type": "Feature", "geometry": {"type": "Point", "coordinates": [-0.18762, 51.6443]}, "properties": {"cell": "E525_N195", "weight": 1.028}}, {"type": "Feature", "geometry": {"type": "Point", "coordinates": [0.04064, 51.57761]}, "properties": {"cell": "E541_N188", "weight": 1.0}}, {"type": "Feature", "geometry": {"type": "Point", "coordinates": [-0.39588, 51.47648]}, "properties": {"cell": "E511_N176", "weight": 1.0}}, {"type": "Feature", "geometry": {"type": "Point", "coordinates": [-0.2938, 51.51101]}, "properties": {"cell": "E518_N180", "weight": 1.0}}, {"type": "Feature", "geometry": {"type": "Point", "coordinates": [-0.03727, 51.44405]}, "properties": {"cell": "E536_N173", "weight": 1.0}}, {"type": "Feature", "geometry": {"type": "Point", "coordinates": [-0.05127, 51.45328]}, "properties": {"cell": "E535_N174", "weight": 1.0}}, {"type": "Feature", "geometry": {"type": "Point", "coordinates": [-0.08342, 51.37287]}, "properties": {"cell": "E533_N165", "weight": 1.0}}, {"type": "Feature", "geometry": {"type": "Point", "coordinates": [0.08022, 51.49598]}, "properties": {"cell": "E544_N179", "weight": 0.972}}, {"type": "Feature", "geometry": {"type": "Point", "coordinates": [-0.29581, 51.45709]}, "properties": {"cell": "E518_N174", "weight": 0.972}}, {"type": "Feature", "geometry": {"type": "Point", "coordinates": [-0.33929, 51.44872]}, "properties": {"cell": "E515_N173", "weight": 0.972}}, {"type": "Feature", "geometry": {"type": "Point", "coordinates": [-0.00183, 51.59633]}, "properties": {"cell": "E538_N190", "weight": 0.972}}, {"type": "Feature", "geometry": {"type": "Point", "coordinates": [-0.08192, 51.40882]}, "properties": {"cell": "E533_N169", "weight": 0.972}}, {"type": "Feature", "geometry": {"type": "Point", "coordinates": [0.12382, 51.50419]}, "properties": {"cell": "E547_N180", "weight": 0.972}}, {"type": "Feature", "geometry": {"type": "Point", "coordinates": [-0.33602, 51.53859]}, "properties": {"cell": "E515_N183", "weight": 0.972}}, {"type": "Feature", "geometry": {"type": "Point", "coordinates": [-0.16921, 51.38324]}, "properties": {"cell": "E527_N166", "weight": 0.944}}, {"type": "Feature", "geometry": {"type": "Point", "coordinates": [0.17171, 51.60224]}, "properties": {"cell": "E550_N191", "weight": 0.944}}, {"type": "Feature", "geometry": {"type": "Point", "coordinates": [0.0794, 51.47801]}, "properties": {"cell": "E544_N177", "weight": 0.944}}, {"type": "Feature", "geometry": {"type": "Point", "coordinates": [0.02144, 51.47003]}, "properties": {"cell": "E540_N176", "weight": 0.944}}, {"type": "Feature", "geometry": {"type": "Point", "coordinates": [-0.3092, 51.48426]}, "properties": {"cell": "E517_N177", "weight": 0.944}}, {"type": "Feature", "geometry": {"type": "Point", "coordinates": [-0.12985, 51.6434]}, "properties": {"cell": "E529_N195", "weight": 0.944}}, {"type": "Feature", "geometry": {"type": "Point", "coordinates": [0.24164, 51.55596]}, "properties": {"cell": "E555_N186", "weight": 0.944}}, {"type": "Feature", "geometry": {"type": "Point", "coordinates": [-0.13243, 51.58049]}, "properties": {"cell": "E529_N188", "weight": 0.944}}, {"type": "Feature", "geometry": {"type": "Point", "coordinates": [-0.10171, 51.62496]}, "properties": {"cell": "E531_N193", "weight": 0.944}}, {"type": "Feature", "geometry": {"type": "Point", "coordinates": [-0.09889, 51.34615]}, "properties": {"cell": "E532_N162", "weight": 0.944}}, {"type": "Feature", "geometry": {"type": "Point", "coordinates": [0.1057, 51.42358]}, "properties": {"cell": "E546_N171", "weight": 0.944}}, {"type": "Feature", "geometry": {"type": "Point", "coordinates": [-0.09852, 51.35513]}, "properties": {"cell": "E532_N163", "weight": 0.944}}, {"type": "Feature", "geometry": {"type": "Point", "coordinates": [-0.2948, 51.48405]}, "properties": {"cell": "E518_N177", "weight": 0.944}}, {"type": "Feature", "geometry": {"type": "Point", "coordinates": [-0.28412, 51.38498]}, "properties": {"cell": "E519_N166", "weight": 0.944}}, {"type": "Feature", "geometry": {"type": "Point", "coordinates": [-0.2123, 51.3839]}, "properties": {"cell": "E524_N166", "weight": 0.917}}, {"type": "Feature", "geometry": {"type": "Point", "coordinates": [0.215, 51.60143]}, "properties": {"cell": "E553_N191", "weight": 0.917}}, {"type": "Feature", "geometry": {"type": "Point", "coordinates": [-0.18286, 51.40143]}, "properties": {"cell": "E526_N168", "weight": 0.917}}, {"type": "Feature", "geometry": {"type": "Point", "coordinates": [0.15219, 51.49468]}, "properties": {"cell": "E549_N179", "weight": 0.917}}, {"type": "Feature", "geometry": {"type": "Point", "coordinates": [0.10487, 51.40561]}, "properties": {"cell": "E546_N169", "weight": 0.917}}, {"type": "Feature", "geometry": {"type": "Point", "coordinates": [-0.18429, 51.36549]}, "properties": {"cell": "E526_N164", "weight": 0.917}}, {"type": "Feature", "geometry": {"type": "Point", "coordinates": [-0.05394, 51.39037]}, "properties": {"cell": "E535_N167", "weight": 0.917}}, {"type": "Feature", "geometry": {"type": "Point", "coordinates": [0.11025, 51.52242]}, "properties": {"cell": "E546_N182", "weight": 0.917}}, {"type": "Feature", "geometry": {"type": "Point", "coordinates": [-0.25093, 51.50139]}, "properties": {"cell": "E521_N179", "weight": 0.917}}, {"type": "Feature", "geometry": {"type": "Point", "coordinates": [-0.43753, 51.52201]}, "properties": {"cell": "E508_N181", "weight": 0.917}}, {"type": "Feature", "geometry": {"type": "Point", "coordinates": [-0.17534, 51.59016]}, "properties": {"cell": "E526_N189", "weight": 0.917}}, {"type": "Feature", "geometry": {"type": "Point", "coordinates": [-0.32194, 51.5294]}, "properties": {"cell": "E516_N182", "weight": 0.917}}, {"type": "Feature", "geometry": {"type": "Point", "coordinates": [-0.39241, 51.57535]}, "properties": {"cell": "E511_N187", "weight": 0.917}}, {"type": "Feature", "geometry": {"type": "Point", "coordinates": [-0.00616, 51.49748]}, "properties": {"cell": "E538_N179", "weight": 0.889}}, {"type": "Feature", "geometry": {"type": "Point", "coordinates": [-0.04111, 51.35419]}, "properties": {"cell": "E536_N163", "weight": 0.889}}, {"type": "Feature", "geometry": {"type": "Point", "coordinates": [-0.43814, 51.50403]}, "properties": {"cell": "E508_N179", "weight": 0.889}}, {"type": "Feature", "geometry": {"type": "Point", "coordinates": [0.06989, 51.58609]}, "properties": {"cell": "E543_N189", "weight": 0.889}}, {"type": "Feature", "geometry": {"type": "Point", "coordinates": [0.15729, 51.6025]}, "properties": {"cell": "E549_N191", "weight": 0.889}}, {"type": "Feature", "geometry": {"type": "Point", "coordinates": [0.10776, 51.46851]}, "properties": {"cell": "E546_N176", "weight": 0.889}}, {"type": "Feature", "geometry": {"type": "Point", "coordinates": [0.22767, 51.56522]}, "properties": {"cell": "E554_N187", "weight": 0.889}}, {"type": "Feature", "geometry": {"type": "Point", "coordinates": [-0.09591, 51.41804]}, "properties": {"cell": "E532_N170", "weight": 0.889}}, {"type": "Feature", "geometry": {"type": "Point", "coordinates": [-0.33668, 51.52062]}, "properties": {"cell": "E515_N181", "weight": 0.889}}, {"type": "Feature", "geometry": {"type": "Point", "coordinates": [-0.22701, 51.37513]}, "properties": {"cell": "E523_N165", "weight": 0.889}}, {"type": "Feature", "geometry": {"type": "Point", "coordinates": [0.0118, 51.57811]}, "properties": {"cell": "E539_N188", "weight": 0.889}}, {"type": "Feature", "geometry": {"type": "Point", "coordinates": [-0.39431, 51.52142]}, "properties": {"cell": "E511_N181", "weight": 0.861}}, {"type": "Feature", "geometry": {"type": "Point", "coordinates": [0.07532, 51.38815]}, "properties": {"cell": "E544_N167", "weight": 0.861}}, {"type": "Feature", "geometry": {"type": "Point", "coordinates": [-0.35044, 51.5388]}, "properties": {"cell": "E514_N183", "weight": 0.861}}, {"type": "Feature", "geometry": {"type": "Point", "coordinates": [-0.07245, 51.63348]}, "properties": {"cell": "E533_N194", "weight": 0.861}}, {"type": "Feature", "geometry": {"type": "Point", "coordinates": [0.00705, 51.47028]}, "properties": {"cell": "E539_N176", "weight": 0.861}}, {"type": "Feature", "geometry": {"type": "Point", "coordinates": [-0.33471, 51.57454]}, "properties": {"cell": "E515_N187", "weight": 0.861}}, {"type": "Feature", "geometry": {"type": "Point", "coordinates": [-0.45163, 51.53118]}, "properties": {"cell": "E507_N182", "weight": 0.861}}, {"type": "Feature", "geometry": {"type": "Point", "coordinates": [-0.06031, 51.57932]}, "properties": {"cell": "E534_N188", "weight": 0.861}}, {"type": "Feature", "geometry": {"type": "Point", "coordinates": [-0.16957, 51.37425]}, "properties": {"cell": "E527_N165", "weight": 0.861}}, {"type": "Feature", "geometry": {"type": "Point", "coordinates": [-0.3062, 51.56514]}, "properties": {"cell": "E517_N186", "weight": 0.861}}, {"type": "Feature", "geometry": {"type": "Point", "coordinates": [-0.18464, 51.3565]}, "properties": {"cell": "E526_N163", "weight": 0.833}}, {"type": "Feature", "geometry": {"type": "Point", "coordinates": [0.09379, 51.47775]}, "properties": {"cell": "E545_N177", "weight": 0.833}}, {"type": "Feature", "geometry": {"type": "Point", "coordinates": [-0.36324, 51.58394]}, "properties": {"cell": "E513_N188", "weight": 0.833}}, {"type": "Feature", "geometry": {"type": "Point", "coordinates": [-0.43876, 51.48605]}, "properties": {"cell": "E508_N177", "weight": 0.833}}, {"type": "Feature", "geometry": {"type": "Point", "coordinates": [-0.22562, 51.41108]}, "properties": {"cell": "E523_N169", "weight": 0.806}}, {"type": "Feature", "geometry": {"type": "Point", "coordinates": [-0.28311, 51.41194]}, "properties": {"cell": "E519_N169", "weight": 0.806}}, {"type": "Feature", "geometry": {"type": "Point", "coordinates": [0.00548, 51.43433]}, "properties": {"cell": "E539_N172", "weight": 0.806}}, {"type": "Feature", "geometry": {"type": "Point", "coordinates": [-0.23305, 51.59104]}, "properties": {"cell": "E522_N189", "weight": 0.806}}, {"type": "Feature", "geometry": {"type": "Point", "coordinates": [-0.35141, 51.51183]}, "properties": {"cell": "E514_N180", "weight": 0.806}}, {"type": "Feature", "geometry": {"type": "Point", "coordinates": [-0.12723, 51.35559]}, "properties": {"cell": "E530_N163", "weight": 0.806}}, {"type": "Feature", "geometry": {"type": "Point", "coordinates": [-0.29312, 51.52899]}, "properties": {"cell": "E518_N182", "weight": 0.806}}, {"type": "Feature", "geometry": {"type": "Point", "coordinates": [-0.39462, 51.51243]}, "properties": {"cell": "E511_N180", "weight": 0.806}}, {"type": "Feature", "geometry": {"type": "Point", "coordinates": [0.01906, 51.41611]}, "properties": {"cell": "E540_N170", "weight": 0.778}}, {"type": "Feature", "geometry": {"type": "Point", "coordinates": [-0.20526, 51.56364]}, "properties": {"cell": "E524_N186", "weight": 0.778}}, {"type": "Feature", "geometry": {"type": "Point", "coordinates": [-0.33897, 51.4577]}, "properties": {"cell": "E515_N174", "weight": 0.778}}, {"type": "Feature", "geometry": {"type": "Point", "coordinates": [-0.38276, 51.44033]}, "properties": {"cell": "E512_N172", "weight": 0.778}}, {"type": "Feature", "geometry": {"type": "Point", "coordinates": [-0.25196, 51.47442]}, "properties": {"cell": "E521_N176", "weight": 0.778}}, {"type": "Feature", "geometry": {"type": "Point", "coordinates": [-0.02676, 51.35394]}, "properties": {"cell": "E537_N163", "weight": 0.778}}, {"type": "Feature", "geometry": {"type": "Point", "coordinates": [0.12466, 51.52216]}, "properties": {"cell": "E547_N182", "weight": 0.778}}, {"type": "Feature", "geometry": {"type": "Point", "coordinates": [0.1971, 51.52982]}, "properties": {"cell": "E552_N183", "weight": 0.778}}, {"type": "Feature", "geometry": {"type": "Point", "coordinates": [-0.40934, 51.50364]}, "properties": {"cell": "E510_N179", "weight": 0.778}}, {"type": "Feature", "geometry": {"type": "Point", "coordinates": [-0.13976, 51.40076]}, "properties": {"cell": "E529_N168", "weight": 0.778}}, {"type": "Feature", "geometry": {"type": "Point", "coordinates": [-0.39746, 51.43154]}, "properties": {"cell": "E511_N171", "weight": 0.75}}, {"type": "Feature", "geometry": {"type": "Point", "coordinates": [-0.38244, 51.44932]}, "properties": {"cell": "E512_N173", "weight": 0.75}}, {"type": "Feature", "geometry": {"type": "Point", "coordinates": [-0.05356, 51.39936]}, "properties": {"cell": "E535_N168", "weight": 0.75}}, {"type": "Feature", "geometry": {"type": "Point", "coordinates": [-0.23722, 51.4832]}, "properties": {"cell": "E522_N177", "weight": 0.75}}, {"type": "Feature", "geometry": {"type": "Point", "coordinates": [-0.33799, 51.48467]}, "properties": {"cell": "E515_N177", "weight": 0.75}}, {"type": "Feature", "geometry": {"type": "Point", "coordinates": [-0.32161, 51.53839]}, "properties": {"cell": "E516_N183", "weight": 0.75}}, {"type": "Feature", "geometry": {"type": "Point", "coordinates": [-0.2911, 51.58291]}, "properties": {"cell": "E518_N188", "weight": 0.75}}, {"type": "Feature", "geometry": {"type": "Point", "coordinates": [-0.29009, 51.60987]}, "properties": {"cell": "E518_N191", "weight": 0.75}}, {"type": "Feature", "geometry": {"type": "Point", "coordinates": [-0.34816, 51.60171]}, "properties": {"cell": "E514_N190", "weight": 0.75}}, {"type": "Feature", "geometry": {"type": "Point", "coordinates": [-0.06603, 51.44453]}, "properties": {"cell": "E534_N173", "weight": 0.75}}, {"type": "Feature", "geometry": {"type": "Point", "coordinates": [-0.18905, 51.60836]}, "properties": {"cell": "E525_N191", "weight": 0.75}}, {"type": "Feature", "geometry": {"type": "Point", "coordinates": [0.12507, 51.53115]}, "properties": {"cell": "E547_N183", "weight": 0.75}}, {"type": "Feature", "geometry": {"type": "Point", "coordinates": [-0.2499, 51.52835]}, "properties": {"cell": "E521_N182", "weight": 0.75}}, {"type": "Feature", "geometry": {"type": "Point", "coordinates": [-0.12686, 51.36458]}, "properties": {"cell": "E530_N164", "weight": 0.75}}, {"type": "Feature", "geometry": {"type": "Point", "coordinates": [-0.0303, 51.6058]}, "properties": {"cell": "E536_N191", "weight": 0.722}}, {"type": "Feature", "geometry": {"type": "Point", "coordinates": [-0.27634, 51.59169]}, "properties": {"cell": "E519_N189", "weight": 0.722}}, {"type": "Feature", "geometry": {"type": "Point", "coordinates": [-0.05763, 51.64222]}, "properties": {"cell": "E534_N195", "weight": 0.722}}, {"type": "Feature", "geometry": {"type": "Point", "coordinates": [-0.11028, 51.41827]}, "properties": {"cell": "E531_N170", "weight": 0.722}}, {"type": "Feature", "geometry": {"type": "Point", "coordinates": [-0.18179, 51.4284]}, "properties": {"cell": "E526_N171", "weight": 0.722}}, {"type": "Feature", "geometry": {"type": "Point", "coordinates": [-0.09629, 51.40905]}, "properties": {"cell": "E532_N169", "weight": 0.722}}, {"type": "Feature", "geometry": {"type": "Point", "coordinates": [-0.20949, 51.4558]}, "properties": {"cell": "E524_N174", "weight": 0.722}}, {"type": "Feature", "geometry": {"type": "Point", "coordinates": [0.15177, 51.4857]}, "properties": {"cell": "E549_N178", "weight": 0.722}}, {"type": "Feature", "geometry": {"type": "Point", "coordinates": [0.11275, 51.57633]}, "properties": {"cell": "E546_N188", "weight": 0.722}}, {"type": "Feature", "geometry": {"type": "Point", "coordinates": [-0.32293, 51.50244]}, "properties": {"cell": "E516_N179", "weight": 0.722}}, {"type": "Feature", "geometry": {"type": "Point", "coordinates": [-0.26328, 51.55552]}, "properties": {"cell": "E520_N185", "weight": 0.722}}, {"type": "Feature", "geometry": {"type": "Point", "coordinates": [-0.30553, 51.58312]}, "properties": {"cell": "E517_N188", "weight": 0.722}}, {"type": "Feature", "geometry": {"type": "Point", "coordinates": [0.1827, 51.53009]}, "properties": {"cell": "E551_N183", "weight": 0.722}}, {"type": "Feature", "geometry": {"type": "Point", "coordinates": [0.05547, 51.58634]}, "properties": {"cell": "E542_N189", "weight": 0.722}}, {"type": "Feature", "geometry": {"type": "Point", "coordinates": [-0.3687, 51.43115]}, "properties": {"cell": "E513_N171", "weight": 0.722}}, {"type": "Feature", "geometry": {"type": "Point", "coordinates": [0.04861, 51.43359]}, "properties": {"cell": "E542_N172", "weight": 0.722}}, {"type": "Feature", "geometry": {"type": "Point", "coordinates": [-0.23375, 51.57307]}, "properties": {"cell": "E522_N187", "weight": 0.722}}, {"type": "Feature", "geometry": {"type": "Point", "coordinates": [-0.19829, 51.37469]}, "properties": {"cell": "E525_N165", "weight": 0.694}}, {"type": "Feature", "geometry": {"type": "Point", "coordinates": [-0.32029, 51.57434]}, "properties": {"cell": "E516_N187", "weight": 0.694}}, {"type": "Feature", "geometry": {"type": "Point", "coordinates": [0.18313, 51.53907]}, "properties": {"cell": "E551_N184", "weight": 0.694}}, {"type": "Feature", "geometry": {"type": "Point", "coordinates": [-0.20491, 51.57263]}, "properties": {"cell": "E524_N187", "weight": 0.694}}, {"type": "Feature", "geometry": {"type": "Point", "coordinates": [-0.36549, 51.52102]}, "properties": {"cell": "E513_N181", "weight": 0.694}}, {"type": "Feature", "geometry": {"type": "Point", "coordinates": [-0.0089, 51.43458]}, "properties": {"cell": "E538_N172", "weight": 0.694}}, {"type": "Feature", "geometry": {"type": "Point", "coordinates": [-0.32062, 51.56535]}, "properties": {"cell": "E516_N186", "weight": 0.694}}, {"type": "Feature", "geometry": {"type": "Point", "coordinates": [0.16616, 51.48543]}, "properties": {"cell": "E550_N178", "weight": 0.694}}, {"type": "Feature", "geometry": {"type": "Point", "coordinates": [-0.33537, 51.55657]}, "properties": {"cell": "E515_N185", "weight": 0.694}}, {"type": "Feature", "geometry": {"type": "Point", "coordinates": [-0.39304, 51.55737]}, "properties": {"cell": "E511_N185", "weight": 0.694}}, {"type": "Feature", "geometry": {"type": "Point", "coordinates": [-0.02366, 51.42584]}, "properties": {"cell": "E537_N171", "weight": 0.694}}, {"type": "Feature", "geometry": {"type": "Point", "coordinates": [0.00745, 51.47926]}, "properties": {"cell": "E539_N177", "weight": 0.694}}, {"type": "Feature", "geometry": {"type": "Point", "coordinates": [-0.34979, 51.55677]}, "properties": {"cell": "E514_N185", "weight": 0.694}}, {"type": "Feature", "geometry": {"type": "Point", "coordinates": [0.0482, 51.4246]}, "properties": {"cell": "E542_N171", "weight": 0.694}}, {"type": "Feature", "geometry": {"type": "Point", "coordinates": [0.05143, 51.49649]}, "properties": {"cell": "E542_N179", "weight": 0.694}}, {"type": "Feature", "geometry": {"type": "Point", "coordinates": [-0.11287, 51.35536]}, "properties": {"cell": "E531_N163", "weight": 0.694}}, {"type": "Feature", "geometry": {"type": "Point", "coordinates": [-0.04396, 51.62401]}, "properties": {"cell": "E535_N193", "weight": 0.667}}, {"type": "Feature", "geometry": {"type": "Point", "coordinates": [0.21281, 51.5565]}, "properties": {"cell": "E553_N186", "weight": 0.667}}, {"type": "Feature", "geometry": {"type": "Point", "coordinates": [-0.42281, 51.5308]}, "properties": {"cell": "E509_N182", "weight": 0.667}}, {"type": "Feature", "geometry": {"type": "Point", "coordinates": [0.17, 51.5663]}, "properties": {"cell": "E550_N187", "weight": 0.667}}, {"type": "Feature", "geometry": {"type": "Point", "coordinates": [0.07777, 51.44207]}, "properties": {"cell": "E544_N173", "weight": 0.667}}, {"type": "Feature", "geometry": {"type": "Point", "coordinates": [-0.48045, 51.53156]}, "properties": {"cell": "E505_N182", "weight": 0.667}}, {"type": "Feature", "geometry": {"type": "Point", "coordinates": [0.19408, 51.46693]}, "properties": {"cell": "E552_N176", "weight": 0.667}}, {"type": "Feature", "geometry": {"type": "Point", "coordinates": [-0.05648, 51.66918]}, "properties": {"cell": "E534_N198", "weight": 0.667}}, {"type": "Feature", "geometry": {"type": "Point", "coordinates": [0.21369, 51.57447]}, "properties": {"cell": "E553_N188", "weight": 0.667}}, {"type": "Feature", "geometry": {"type": "Point", "coordinates": [-0.48075, 51.52257]}, "properties": {"cell": "E505_N181", "weight": 0.667}}, {"type": "Feature", "geometry": {"type": "Point", "coordinates": [-0.29815, 51.39417]}, "properties": {"cell": "E518_N167", "weight": 0.667}}, {"type": "Feature", "geometry": {"type": "Point", "coordinates": [-0.42405, 51.49485]}, "properties": {"cell": "E509_N178", "weight": 0.667}}, {"type": "Feature", "geometry": {"type": "Point", "coordinates": [-0.32326, 51.49345]}, "properties": {"cell": "E516_N178", "weight": 0.639}}, {"type": "Feature", "geometry": {"type": "Point", "coordinates": [-0.1383, 51.4367]}, "properties": {"cell": "E529_N172", "weight": 0.639}}, {"type": "Feature", "geometry": {"type": "Point", "coordinates": [-0.32359, 51.48446]}, "properties": {"cell": "E516_N177", "weight": 0.639}}, {"type": "Feature", "geometry": {"type": "Point", "coordinates": [-0.00025, 51.63227]}, "properties": {"cell": "E538_N194", "weight": 0.639}}, {"type": "Feature", "geometry": {"type": "Point", "coordinates": [0.09957, 51.60355]}, "properties": {"cell": "E545_N191", "weight": 0.639}}, {"type": "Feature", "geometry": {"type": "Point", "coordinates": [0.05062, 51.47852]}, "properties": {"cell": "E542_N177", "weight": 0.639}}, {"type": "Feature", "geometry": {"type": "Point", "coordinates": [-0.33635, 51.52961]}, "properties": {"cell": "E515_N182", "weight": 0.639}}, {"type": "Feature", "geometry": {"type": "Point", "coordinates": [-0.28074, 51.47485]}, "properties": {"cell": "E519_N176", "weight": 0.639}}, {"type": "Feature", "geometry": {"type": "Point", "coordinates": [-0.33733, 51.50264]}, "properties": {"cell": "E515_N179", "weight": 0.639}}, {"type": "Feature", "geometry": {"type": "Point", "coordinates": [-0.0547, 51.3724]}, "properties": {"cell": "E535_N165", "weight": 0.639}}, {"type": "Feature", "geometry": {"type": "Point", "coordinates": [-0.00065, 51.62328]}, "properties": {"cell": "E538_N193", "weight": 0.639}}, {"type": "Feature", "geometry": {"type": "Point", "coordinates": [-0.24679, 51.60923]}, "properties": {"cell": "E521_N191", "weight": 0.639}}, {"type": "Feature", "geometry": {"type": "Point", "coordinates": [-0.06565, 51.45351]}, "properties": {"cell": "E534_N174", "weight": 0.639}}, {"type": "Feature", "geometry": {"type": "Point", "coordinates": [-0.1739, 51.62611]}, "properties": {"cell": "E526_N193", "weight": 0.639}}, {"type": "Feature", "geometry": {"type": "Point", "coordinates": [-0.20455, 51.58162]}, "properties": {"cell": "E524_N188", "weight": 0.639}}, {"type": "Feature", "geometry": {"type": "Point", "coordinates": [0.05507, 51.57736]}, "properties": {"cell": "E542_N188", "weight": 0.639}}, {"type": "Feature", "geometry": {"type": "Point", "coordinates": [-0.39557, 51.48547]}, "properties": {"cell": "E511_N177", "weight": 0.639}}, {"type": "Feature", "geometry": {"type": "Point", "coordinates": [0.22898, 51.59217]}, "properties": {"cell": "E554_N190", "weight": 0.639}}, {"type": "Feature", "geometry": {"type": "Point", "coordinates": [-0.14466, 51.63464]}, "properties": {"cell": "E528_N194", "weight": 0.611}}, {"type": "Feature", "geometry": {"type": "Point", "coordinates": [-0.01509, 51.62353]}, "properties": {"cell": "E537_N193", "weight": 0.611}}, {"type": "Feature", "geometry": {"type": "Point", "coordinates": [-0.25231, 51.46544]}, "properties": {"cell": "E521_N175", "weight": 0.611}}, {"type": "Feature", "geometry": {"type": "Point", "coordinates": [-0.39525, 51.49446]}, "properties": {"cell": "E511_N178", "weight": 0.611}}, {"type": "Feature", "geometry": {"type": "Point", "coordinates": [-0.19582, 51.4376]}, "properties": {"cell": "E525_N172", "weight": 0.611}}, {"type": "Feature", "geometry": {"type": "Point", "coordinates": [-0.23235, 51.60902]}, "properties": {"cell": "E522_N191", "weight": 0.611}}, {"type": "Feature", "geometry": {"type": "Point", "coordinates": [-0.26259, 51.5735]}, "properties": {"cell": "E520_N187", "weight": 0.611}}, {"type": "Feature", "geometry": {"type": "Point", "coordinates": [-0.03919, 51.39912]}, "properties": {"cell": "E536_N168", "weight": 0.611}}, {"type": "Feature", "geometry": {"type": "Point", "coordinates": [0.10611, 51.43257]}, "properties": {"cell": "E546_N172", "weight": 0.611}}, {"type": "Feature", "geometry": {"type": "Point", "coordinates": [0.14201, 51.5848]}, "properties": {"cell": "E548_N189", "weight": 0.611}}, {"type": "Feature", "geometry": {"type": "Point", "coordinates": [0.06258, 51.42435]}, "properties": {"cell": "E543_N171", "weight": 0.611}}, {"type": "Feature", "geometry": {"type": "Point", "coordinates": [0.17969, 51.46719]}, "properties": {"cell": "E551_N176", "weight": 0.611}}, {"type": "Feature", "geometry": {"type": "Point", "coordinates": [-0.22318, 51.47399]}, "properties": {"cell": "E523_N176", "weight": 0.611}}, {"type": "Feature", "geometry": {"type": "Point", "coordinates": [0.10446, 51.39663]}, "properties": {"cell": "E546_N168", "weight": 0.611}}, {"type": "Feature", "geometry": {"type": "Point", "coordinates": [-0.06679, 51.42655]}, "properties": {"cell": "E534_N171", "weight": 0.611}}, {"type": "Feature", "geometry": {"type": "Point", "coordinates": [-0.27532, 51.61865]}, "properties": {"cell": "E519_N192", "weight": 0.611}}, {"type": "Feature", "geometry": {"type": "Point", "coordinates": [0.03224, 51.38891]}, "properties": {"cell": "E541_N167", "weight": 0.611}}, {"type": "Feature", "geometry": {"type": "Point", "coordinates": [-0.46634, 51.52239]}, "properties": {"cell": "E506_N181", "weight": 0.611}}, {"type": "Feature", "geometry": {"type": "Point", "coordinates": [0.18055, 51.48516]}, "properties": {"cell": "E551_N178", "weight": 0.583}}, {"type": "Feature", "geometry": {"type": "Point", "coordinates": [-0.34783, 51.6107]}, "properties": {"cell": "E514_N191", "weight": 0.583}}, {"type": "Feature", "geometry": {"type": "Point", "coordinates": [-0.27905, 51.51979]}, "properties": {"cell": "E519_N181", "weight": 0.583}}, {"type": "Feature", "geometry": {"type": "Point", "coordinates": [-0.28007, 51.49283]}, "properties": {"cell": "E519_N178", "weight": 0.583}}, {"type": "Feature", "geometry": {"type": "Point", "coordinates": [-0.15485, 51.38301]}, "properties": {"cell": "E528_N166", "weight": 0.583}}, {"type": "Feature", "geometry": {"type": "Point", "coordinates": [-0.26225, 51.58249]}, "properties": {"cell": "E520_N188", "weight": 0.583}}, {"type": "Feature", "geometry": {"type": "Point", "coordinates": [-0.23999, 51.4113]}, "properties": {"cell": "E522_N169", "weight": 0.583}}, {"type": "Feature", "geometry": {"type": "Point", "coordinates": [-0.07131, 51.66044]}, "properties": {"cell": "E533_N197", "weight": 0.583}}, {"type": "Feature", "geometry": {"type": "Point", "coordinates": [-0.32227, 51.52041]}, "properties": {"cell": "E516_N181", "weight": 0.583}}, {"type": "Feature", "geometry": {"type": "Point", "coordinates": [-0.28975, 51.61886]}, "properties": {"cell": "E518_N192", "weight": 0.583}}, {"type": "Feature", "geometry": {"type": "Point", "coordinates": [-0.29043, 51.60088]}, "properties": {"cell": "E518_N190", "weight": 0.583}}, {"type": "Feature", "geometry": {"type": "Point", "coordinates": [0.1984, 51.55677]}, "properties": {"cell": "E552_N186", "weight": 0.583}}, {"type": "Feature", "geometry": {"type": "Point", "coordinates": [0.00587, 51.44332]}, "properties": {"cell": "E539_N173", "weight": 0.583}}, {"type": "Feature", "geometry": {"type": "Point", "coordinates": [0.03263, 51.39789]}, "properties": {"cell": "E541_N168", "weight": 0.583}}, {"type": "Feature", "geometry": {"type": "Point", "coordinates": [-0.18393, 51.37447]}, "properties": {"cell": "E526_N165", "weight": 0.583}}, {"type": "Feature", "geometry": {"type": "Point", "coordinates": [-0.26907, 51.40274]}, "properties": {"cell": "E520_N168", "weight": 0.583}}, {"type": "Feature", "geometry": {"type": "Point", "coordinates": [-0.04034, 51.37216]}, "properties": {"cell": "E536_N165", "weight": 0.583}}, {"type": "Feature", "geometry": {"type": "Point", "coordinates": [-0.34913, 51.57475]}, "properties": {"cell": "E514_N187", "weight": 0.583}}, {"type": "Feature", "geometry": {"type": "Point", "coordinates": [-0.36485, 51.539]}, "properties": {"cell": "E513_N183", "weight": 0.583}}, {"type": "Feature", "geometry": {"type": "Point", "coordinates": [-0.42436, 51.48586]}, "properties": {"cell": "E509_N177", "weight": 0.583}}, {"type": "Feature", "geometry": {"type": "Point", "coordinates": [-0.39494, 51.50345]}, "properties": {"cell": "E511_N179", "weight": 0.583}}, {"type": "Feature", "geometry": {"type": "Point", "coordinates": [-0.29447, 51.49304]}, "properties": {"cell": "E518_N178", "weight": 0.556}}, {"type": "Feature", "geometry": {"type": "Point", "coordinates": [-0.26088, 51.61843]}, "properties": {"cell": "E520_N192", "weight": 0.556}}, {"type": "Feature", "geometry": {"type": "Point", "coordinates": [-0.18144, 51.43738]}, "properties": {"cell": "E526_N172", "weight": 0.556}}, {"type": "Feature", "geometry": {"type": "Point", "coordinates": [-0.05165, 51.44429]}, "properties": {"cell": "E535_N173", "weight": 0.556}}, {"type": "Feature", "geometry": {"type": "Point", "coordinates": [0.09585, 51.52268]}, "properties": {"cell": "E545_N182", "weight": 0.556}}, {"type": "Feature", "geometry": {"type": "Point", "coordinates": [-0.40683, 51.57555]}, "properties": {"cell": "E510_N187", "weight": 0.556}}, {"type": "Feature", "geometry": {"type": "Point", "coordinates": [-0.23584, 51.51915]}, "properties": {"cell": "E522_N181", "weight": 0.556}}, {"type": "Feature", "geometry": {"type": "Point", "coordinates": [0.1997, 51.58373]}, "properties": {"cell": "E552_N189", "weight": 0.556}}, {"type": "Feature", "geometry": {"type": "Point", "coordinates": [0.22942, 51.60115]}, "properties": {"cell": "E554_N191", "weight": 0.556}}, {"type": "Feature", "geometry": {"type": "Point", "coordinates": [-0.36678, 51.48507]}, "properties": {"cell": "E513_N177", "weight": 0.556}}, {"type": "Feature", "geometry": {"type": "Point", "coordinates": [0.13654, 51.46799]}, "properties": {"cell": "E548_N176", "weight": 0.556}}, {"type": "Feature", "geometry": {"type": "Point", "coordinates": [-0.40746, 51.55757]}, "properties": {"cell": "E510_N185", "weight": 0.556}}, {"type": "Feature", "geometry": {"type": "Point", "coordinates": [-0.01124, 51.38066]}, "properties": {"cell": "E538_N166", "weight": 0.556}}, {"type": "Feature", "geometry": {"type": "Point", "coordinates": [-0.08689, 51.63371]}, "properties": {"cell": "E532_N194", "weight": 0.556}}, {"type": "Feature", "geometry": {"type": "Point", "coordinates": [0.10694, 51.45054]}, "properties": {"cell": "E546_N174", "weight": 0.556}}, {"type": "Feature", "geometry": {"type": "Point", "coordinates": [-0.38308, 51.43134]}, "properties": {"cell": "E512_N171", "weight": 0.556}}, {"type": "Feature", "geometry": {"type": "Point", "coordinates": [-0.02483, 51.39888]}, "properties": {"cell": "E537_N168", "weight": 0.556}}, {"type": "Feature", "geometry": {"type": "Point", "coordinates": [-0.06641, 51.43554]}, "properties": {"cell": "E534_N172", "weight": 0.556}}, {"type": "Feature", "geometry": {"type": "Point", "coordinates": [-0.35108, 51.52082]}, "properties": {"cell": "E514_N181", "weight": 0.528}}, {"type": "Feature", "geometry": {"type": "Point", "coordinates": [-0.08651, 51.6427]}, "properties": {"cell": "E532_N195", "weight": 0.528}}, {"type": "Feature", "geometry": {"type": "Point", "coordinates": [-0.36356, 51.57495]}, "properties": {"cell": "E513_N187", "weight": 0.528}}, {"type": "Feature", "geometry": {"type": "Point", "coordinates": [0.01748, 51.38017]}, "properties": {"cell": "E540_N166", "weight": 0.528}}, {"type": "Feature", "geometry": {"type": "Point", "coordinates": [-0.21125, 51.41086]}, "properties": {"cell": "E524_N169", "weight": 0.528}}, {"type": "Feature", "geometry": {"type": "Point", "coordinates": [0.08063, 51.50497]}, "properties": {"cell": "E544_N180", "weight": 0.528}}, {"type": "Feature", "geometry": {"type": "Point", "coordinates": [-0.3334, 51.61049]}, "properties": {"cell": "E515_N191", "weight": 0.528}}, {"type": "Feature", "geometry": {"type": "Point", "coordinates": [-0.34848, 51.59272]}, "properties": {"cell": "E514_N189", "weight": 0.528}}, {"type": "Feature", "geometry": {"type": "Point", "coordinates": [-0.30753, 51.52919]}, "properties": {"cell": "E517_N182", "weight": 0.528}}, {"type": "Feature", "geometry": {"type": "Point", "coordinates": [0.12215, 51.46825]}, "properties": {"cell": "E547_N176", "weight": 0.528}}, {"type": "Feature", "geometry": {"type": "Point", "coordinates": [0.09999, 51.61253]}, "properties": {"cell": "E545_N192", "weight": 0.528}}, {"type": "Feature", "geometry": {"type": "Point", "coordinates": [-0.27498, 51.62763]}, "properties": {"cell": "E519_N193", "weight": 0.528}}, {"type": "Feature", "geometry": {"type": "Point", "coordinates": [-0.04473, 51.60604]}, "properties": {"cell": "E535_N191", "weight": 0.528}}, {"type": "Feature", "geometry": {"type": "Point", "coordinates": [-0.01312, 51.66846]}, "properties": {"cell": "E537_N198", "weight": 0.528}}, {"type": "Feature", "geometry": {"type": "Point", "coordinates": [-0.19688, 51.41064]}, "properties": {"cell": "E525_N169", "weight": 0.5}}, {"type": "Feature", "geometry": {"type": "Point", "coordinates": [-0.31962, 51.59231]}, "properties": {"cell": "E516_N189", "weight": 0.5}}, {"type": "Feature", "geometry": {"type": "Point", "coordinates": [-0.28108, 51.46586]}, "properties": {"cell": "E519_N175", "weight": 0.5}}, {"type": "Feature", "geometry": {"type": "Point", "coordinates": [0.03703, 51.49674]}, "properties": {"cell": "E541_N179", "weight": 0.5}}, {"type": "Feature", "geometry": {"type": "Point", "coordinates": [-0.01241, 51.3537]}, "properties": {"cell": "E538_N163", "weight": 0.5}}, {"type": "Feature", "geometry": {"type": "Point", "coordinates": [-0.02521, 51.38989]}, "properties": {"cell": "E537_N167", "weight": 0.5}}, {"type": "Feature", "geometry": {"type": "Point", "coordinates": [-0.3783, 51.56616]}, "properties": {"cell": "E512_N186", "weight": 0.5}}, {"type": "Feature", "geometry": {"type": "Point", "coordinates": [-0.31119, 51.43033]}, "properties": {"cell": "E517_N171", "weight": 0.5}}, {"type": "Feature", "geometry": {"type": "Point", "coordinates": [-0.32392, 51.47548]}, "properties": {"cell": "E516_N176", "weight": 0.5}}, {"type": "Feature", "geometry": {"type": "Point", "coordinates": [0.02263, 51.49699]}, "properties": {"cell": "E540_N179", "weight": 0.5}}, {"type": "Feature", "geometry": {"type": "Point", "coordinates": [-0.20349, 51.60858]}, "properties": {"cell": "E524_N191", "weight": 0.5}}, {"type": "Feature", "geometry": {"type": "Point", "coordinates": [-0.30687, 51.54717]}, "properties": {"cell": "E517_N184", "weight": 0.5}}, {"type": "Feature", "geometry": {"type": "Point", "coordinates": [-0.17318, 51.64408]}, "properties": {"cell": "E526_N195", "weight": 0.5}}, {"type": "Feature", "geometry": {"type": "Point", "coordinates": [0.22986, 51.61014]}, "properties": {"cell": "E554_N192", "weight": 0.5}}, {"type": "Feature", "geometry": {"type": "Point", "coordinates": [-0.43784, 51.51302]}, "properties": {"cell": "E508_N180", "weight": 0.5}}, {"type": "Feature", "geometry": {"type": "Point", "coordinates": [0.16573, 51.47645]}, "properties": {"cell": "E550_N177", "weight": 0.5}}, {"type": "Feature", "geometry": {"type": "Point", "coordinates": [-0.40714, 51.56656]}, "properties": {"cell": "E510_N186", "weight": 0.5}}, {"type": "Feature", "geometry": {"type": "Point", "coordinates": [-0.29178, 51.56493]}, "properties": {"cell": "E518_N186", "weight": 0.5}}, {"type": "Feature", "geometry": {"type": "Point", "coordinates": [0.10818, 51.4775]}, "properties": {"cell": "E546_N177", "weight": 0.472}}, {"type": "Feature", "geometry": {"type": "Point", "coordinates": [0.16531, 51.46746]}, "properties": {"cell": "E550_N176", "weight": 0.472}}, {"type": "Feature", "geometry": {"type": "Point", "coordinates": [-0.21792, 51.6088]}, "properties": {"cell": "E523_N191", "weight": 0.472}}, {"type": "Feature", "geometry": {"type": "Point", "coordinates": [-0.17642, 51.5632]}, "properties": {"cell": "E526_N186", "weight": 0.472}}, {"type": "Feature", "geometry": {"type": "Point", "coordinates": [0.13318, 51.39611]}, "properties": {"cell": "E548_N168", "weight": 0.472}}, {"type": "Feature", "geometry": {"type": "Point", "coordinates": [-0.31929, 51.6013]}, "properties": {"cell": "E516_N190", "weight": 0.472}}, {"type": "Feature", "geometry": {"type": "Point", "coordinates": [-0.32557, 51.43054]}, "properties": {"cell": "E516_N171", "weight": 0.472}}, {"type": "Feature", "geometry": {"type": "Point", "coordinates": [-0.12948, 51.65238]}, "properties": {"cell": "E529_N196", "weight": 0.472}}, {"type": "Feature", "geometry": {"type": "Point", "coordinates": [0.05466, 51.56837]}, "properties": {"cell": "E542_N187", "weight": 0.472}}, {"type": "Feature", "geometry": {"type": "Point", "coordinates": [-0.31251, 51.39438]}, "properties": {"cell": "E517_N167", "weight": 0.472}}, {"type": "Feature", "geometry": {"type": "Point", "coordinates": [-0.22388, 51.45602]}, "properties": {"cell": "E523_N174", "weight": 0.472}}, {"type": "Feature", "geometry": {"type": "Point", "coordinates": [-0.4084, 51.53061]}, "properties": {"cell": "E510_N182", "weight": 0.472}}, {"type": "Feature", "geometry": {"type": "Point", "coordinates": [-0.41028, 51.47668]}, "properties": {"cell": "E510_N176", "weight": 0.472}}, {"type": "Feature", "geometry": {"type": "Point", "coordinates": [-0.4109, 51.4587]}, "properties": {"cell": "E510_N174", "weight": 0.472}}, {"type": "Feature", "geometry": {"type": "Point", "coordinates": [-0.43998, 51.4501]}, "properties": {"cell": "E508_N173", "weight": 0.472}}, {"type": "Feature", "geometry": {"type": "Point", "coordinates": [-0.02835, 51.65073]}, "properties": {"cell": "E536_N196", "weight": 0.472}}, {"type": "Feature", "geometry": {"type": "Point", "coordinates": [-0.10133, 51.63395]}, "properties": {"cell": "E531_N194", "weight": 0.472}}, {"type": "Feature", "geometry": {"type": "Point", "coordinates": [0.08846, 51.36094]}, "properties": {"cell": "E545_N164", "weight": 0.472}}, {"type": "Feature", "geometry": {"type": "Point", "coordinates": [-0.15946, 51.62588]}, "properties": {"cell": "E527_N193", "weight": 0.472}}, {"type": "Feature", "geometry": {"type": "Point", "coordinates": [0.05588, 51.59533]}, "properties": {"cell": "E542_N190", "weight": 0.444}}, {"type": "Feature", "geometry": {"type": "Point", "coordinates": [-0.02991, 51.61479]}, "properties": {"cell": "E536_N192", "weight": 0.444}}, {"type": "Feature", "geometry": {"type": "Point", "coordinates": [0.24385, 51.60088]}, "properties": {"cell": "E555_N191", "weight": 0.444}}, {"type": "Feature", "geometry": {"type": "Point", "coordinates": [-0.2042, 51.5906]}, "properties": {"cell": "E524_N189", "weight": 0.444}}, {"type": "Feature", "geometry": {"type": "Point", "coordinates": [0.02662, 51.58685]}, "properties": {"cell": "E540_N189", "weight": 0.444}}, {"type": "Feature", "geometry": {"type": "Point", "coordinates": [-0.25333, 51.43848]}, "properties": {"cell": "E521_N172", "weight": 0.444}}, {"type": "Feature", "geometry": {"type": "Point", "coordinates": [-0.29915, 51.36721]}, "properties": {"cell": "E518_N164", "weight": 0.444}}, {"type": "Feature", "geometry": {"type": "Point", "coordinates": [-0.18977, 51.59038]}, "properties": {"cell": "E525_N189", "weight": 0.444}}, {"type": "Feature", "geometry": {"type": "Point", "coordinates": [-0.38213, 51.45831]}, "properties": {"cell": "E512_N174", "weight": 0.444}}, {"type": "Feature", "geometry": {"type": "Point", "coordinates": [-0.30787, 51.52021]}, "properties": {"cell": "E517_N181", "weight": 0.444}}, {"type": "Feature", "geometry": {"type": "Point", "coordinates": [-0.16885, 51.39222]}, "properties": {"cell": "E527_N167", "weight": 0.444}}, {"type": "Feature", "geometry": {"type": "Point", "coordinates": [-0.23792, 51.46522]}, "properties": {"cell": "E522_N175", "weight": 0.444}}, {"type": "Feature", "geometry": {"type": "Point", "coordinates": [-0.42591, 51.44092]}, "properties": {"cell": "E509_N172", "weight": 0.444}}, {"type": "Feature", "geometry": {"type": "Point", "coordinates": [-0.20207, 51.64453]}, "properties": {"cell": "E524_N195", "weight": 0.444}}, {"type": "Feature", "geometry": {"type": "Point", "coordinates": [-0.01469, 51.63251]}, "properties": {"cell": "E537_N194", "weight": 0.444}}, {"type": "Feature", "geometry": {"type": "Point", "coordinates": [0.04105, 51.5866]}, "properties": {"cell": "E541_N189", "weight": 0.444}}, {"type": "Feature", "geometry": {"type": "Point", "coordinates": [0.22723, 51.55623]}, "properties": {"cell": "E554_N186", "weight": 0.444}}, {"type": "Feature", "geometry": {"type": "Point", "coordinates": [-0.2327, 51.60003]}, "properties": {"cell": "E522_N190", "weight": 0.444}}, {"type": "Feature", "geometry": {"type": "Point", "coordinates": [-0.46725, 51.49542]}, "properties": {"cell": "E506_N178", "weight": 0.444}}, {"type": "Feature", "geometry": {"type": "Point", "coordinates": [0.12759, 51.58506]}, "properties": {"cell": "E547_N189", "weight": 0.444}}, {"type": "Feature", "geometry": {"type": "Point", "coordinates": [-0.199, 51.35672]}, "properties": {"cell": "E525_N163", "weight": 0.444}}, {"type": "Feature", "geometry": {"type": "Point", "coordinates": [0.03423, 51.43384]}, "properties": {"cell": "E541_N172", "weight": 0.444}}, {"type": "Feature", "geometry": {"type": "Point", "coordinates": [-0.11577, 51.63418]}, "properties": {"cell": "E530_N194", "weight": 0.444}}, {"type": "Feature", "geometry": {"type": "Point", "coordinates": [0.09214, 51.44181]}, "properties": {"cell": "E545_N173", "weight": 0.444}}, {"type": "Feature", "geometry": {"type": "Point", "coordinates": [-0.02405, 51.41685]}, "properties": {"cell": "E537_N170", "weight": 0.417}}, {"type": "Feature", "geometry": {"type": "Point", "coordinates": [-0.21335, 51.35694]}, "properties": {"cell": "E524_N163", "weight": 0.417}}, {"type": "Feature", "geometry": {"type": "Point", "coordinates": [-0.04589, 51.57908]}, "properties": {"cell": "E535_N188", "weight": 0.417}}, {"type": "Feature", "geometry": {"type": "Point", "coordinates": [-0.15413, 51.40098]}, "properties": {"cell": "E528_N168", "weight": 0.417}}, {"type": "Feature", "geometry": {"type": "Point", "coordinates": [-0.08727, 51.62473]}, "properties": {"cell": "E532_N193", "weight": 0.417}}, {"type": "Feature", "geometry": {"type": "Point", "coordinates": [-0.03842, 51.41709]}, "properties": {"cell": "E536_N170", "weight": 0.417}}, {"type": "Feature", "geometry": {"type": "Point", "coordinates": [-0.29346, 51.52]}, "properties": {"cell": "E518_N181", "weight": 0.417}}, {"type": "Feature", "geometry": {"type": "Point", "coordinates": [0.16957, 51.55731]}, "properties": {"cell": "E550_N186", "weight": 0.417}}, {"type": "Feature", "geometry": {"type": "Point", "coordinates": [0.01339, 51.61405]}, "properties": {"cell": "E539_N192", "weight": 0.417}}, {"type": "Feature", "geometry": {"type": "Point", "coordinates": [-0.18108, 51.44637]}, "properties": {"cell": "E526_N173", "weight": 0.417}}, {"type": "Feature", "geometry": {"type": "Point", "coordinates": [0.05628, 51.60431]}, "properties": {"cell": "E542_N191", "weight": 0.417}}, {"type": "Feature", "geometry": {"type": "Point", "coordinates": [-0.35011, 51.54779]}, "properties": {"cell": "E514_N184", "weight": 0.417}}, {"type": "Feature", "geometry": {"type": "Point", "coordinates": [0.05183, 51.50547]}, "properties": {"cell": "E542_N180", "weight": 0.417}}, {"type": "Feature", "geometry": {"type": "Point", "coordinates": [0.09502, 51.50471]}, "properties": {"cell": "E545_N180", "weight": 0.417}}, {"type": "Feature", "geometry": {"type": "Point", "coordinates": [-0.21195, 51.39289]}, "properties": {"cell": "E524_N167", "weight": 0.417}}, {"type": "Feature", "geometry": {"type": "Point", "coordinates": [-0.25265, 51.45645]}, "properties": {"cell": "E521_N174", "weight": 0.417}}, {"type": "Feature", "geometry": {"type": "Point", "coordinates": [-0.00104, 51.6143]}, "properties": {"cell": "E538_N192", "weight": 0.417}}, {"type": "Feature", "geometry": {"type": "Point", "coordinates": [-0.3357, 51.54758]}, "properties": {"cell": "E515_N184", "weight": 0.417}}, {"type": "Feature", "geometry": {"type": "Point", "coordinates": [-0.24137, 51.37535]}, "properties": {"cell": "E522_N165", "weight": 0.417}}, {"type": "Feature", "geometry": {"type": "Point", "coordinates": [0.15558, 51.56656]}, "properties": {"cell": "E549_N187", "weight": 0.417}}, {"type": "Feature", "geometry": {"type": "Point", "coordinates": [-0.30586, 51.57413]}, "properties": {"cell": "E517_N187", "weight": 0.417}}, {"type": "Feature", "geometry": {"type": "Point", "coordinates": [-0.29781, 51.40316]}, "properties": {"cell": "E518_N168", "weight": 0.417}}, {"type": "Feature", "geometry": {"type": "Point", "coordinates": [-0.19084, 51.56342]}, "properties": {"cell": "E525_N186", "weight": 0.417}}, {"type": "Feature", "geometry": {"type": "Point", "coordinates": [0.11841, 51.38738]}, "properties": {"cell": "E547_N167", "weight": 0.417}}, {"type": "Feature", "geometry": {"type": "Point", "coordinates": [-0.18322, 51.39245]}, "properties": {"cell": "E526_N167", "weight": 0.389}}, {"type": "Feature", "geometry": {"type": "Point", "coordinates": [-0.15521, 51.37402]}, "properties": {"cell": "E528_N165", "weight": 0.389}}, {"type": "Feature", "geometry": {"type": "Point", "coordinates": [-0.33962, 51.43973]}, "properties": {"cell": "E515_N172", "weight": 0.389}}, {"type": "Feature", "geometry": {"type": "Point", "coordinates": [0.0703, 51.59508]}, "properties": {"cell": "E543_N190", "weight": 0.389}}, {"type": "Feature", "geometry": {"type": "Point", "coordinates": [-0.22423, 51.44703]}, "properties": {"cell": "E523_N173", "weight": 0.389}}, {"type": "Feature", "geometry": {"type": "Point", "coordinates": [-0.08379, 51.36388]}, "properties": {"cell": "E533_N164", "weight": 0.389}}, {"type": "Feature", "geometry": {"type": "Point", "coordinates": [0.02866, 51.30803]}, "properties": {"cell": "E541_N158", "weight": 0.389}}, {"type": "Feature", "geometry": {"type": "Point", "coordinates": [0.19927, 51.57474]}, "properties": {"cell": "E552_N188", "weight": 0.389}}, {"type": "Feature", "geometry": {"type": "Point", "coordinates": [0.0462, 51.37967]}, "properties": {"cell": "E542_N166", "weight": 0.389}}, {"type": "Feature", "geometry": {"type": "Point", "coordinates": [-0.3052, 51.59211]}, "properties": {"cell": "E517_N189", "weight": 0.389}}, {"type": "Feature", "geometry": {"type": "Point", "coordinates": [0.01946, 51.4251]}, "properties": {"cell": "E540_N171", "weight": 0.389}}, {"type": "Feature", "geometry": {"type": "Point", "coordinates": [0.02582, 51.56887]}, "properties": {"cell": "E540_N187", "weight": 0.389}}, {"type": "Feature", "geometry": {"type": "Point", "coordinates": [-0.23826, 51.45623]}, "properties": {"cell": "E522_N174", "weight": 0.389}}, {"type": "Feature", "geometry": {"type": "Point", "coordinates": [-0.1154, 51.64317]}, "properties": {"cell": "E530_N195", "weight": 0.389}}, {"type": "Feature", "geometry": {"type": "Point", "coordinates": [-0.02796, 51.65972]}, "properties": {"cell": "E536_N197", "weight": 0.389}}, {"type": "Feature", "geometry": {"type": "Point", "coordinates": [-0.36291, 51.59293]}, "properties": {"cell": "E513_N189", "weight": 0.389}}, {"type": "Feature", "geometry": {"type": "Point", "coordinates": [-0.24034, 51.40231]}, "properties": {"cell": "E522_N168", "weight": 0.389}}, {"type": "Feature", "geometry": {"type": "Point", "coordinates": [0.11799, 51.3784]}, "properties": {"cell": "E547_N166", "weight": 0.389}}, {"type": "Feature", "geometry": {"type": "Point", "coordinates": [-0.25024, 51.51936]}, "properties": {"cell": "E521_N181", "weight": 0.389}}, {"type": "Feature", "geometry": {"type": "Point", "coordinates": [-0.18726, 51.65329]}, "properties": {"cell": "E525_N196", "weight": 0.389}}, {"type": "Feature", "geometry": {"type": "Point", "coordinates": [-0.26054, 51.62742]}, "properties": {"cell": "E520_N193", "weight": 0.389}}, {"type": "Feature", "geometry": {"type": "Point", "coordinates": [-0.37766, 51.58414]}, "properties": {"cell": "E512_N188", "weight": 0.389}}, {"type": "Feature", "geometry": {"type": "Point", "coordinates": [-0.32425, 51.46649]}, "properties": {"cell": "E516_N175", "weight": 0.389}}, {"type": "Feature", "geometry": {"type": "Point", "coordinates": [-0.36838, 51.44013]}, "properties": {"cell": "E513_N172", "weight": 0.361}}, {"type": "Feature", "geometry": {"type": "Point", "coordinates": [-0.45285, 51.49523]}, "properties": {"cell": "E507_N178", "weight": 0.361}}, {"type": "Feature", "geometry": {"type": "Point", "coordinates": [-0.28445, 51.37599]}, "properties": {"cell": "E519_N165", "weight": 0.361}}, {"type": "Feature", "geometry": {"type": "Point", "coordinates": [0.12173, 51.45926]}, "properties": {"cell": "E547_N175", "weight": 0.361}}, {"type": "Feature", "geometry": {"type": "Point", "coordinates": [0.06298, 51.43333]}, "properties": {"cell": "E543_N172", "weight": 0.361}}, {"type": "Feature", "geometry": {"type": "Point", "coordinates": [0.03583, 51.46978]}, "properties": {"cell": "E541_N176", "weight": 0.361}}, {"type": "Feature", "geometry": {"type": "Point", "coordinates": [0.16786, 51.52137]}, "properties": {"cell": "E550_N182", "weight": 0.361}}, {"type": "Feature", "geometry": {"type": "Point", "coordinates": [-0.04627, 51.5701]}, "properties": {"cell": "E535_N187", "weight": 0.361}}, {"type": "Feature", "geometry": {"type": "Point", "coordinates": [-0.29413, 51.50202]}, "properties": {"cell": "E518_N179", "weight": 0.361}}, {"type": "Feature", "geometry": {"type": "Point", "coordinates": [-0.1887, 51.61734]}, "properties": {"cell": "E525_N192", "weight": 0.361}}, {"type": "Feature", "geometry": {"type": "Point", "coordinates": [0.02542, 51.55989]}, "properties": {"cell": "E540_N186", "weight": 0.361}}, {"type": "Feature", "geometry": {"type": "Point", "coordinates": [-0.31086, 51.43932]}, "properties": {"cell": "E517_N172", "weight": 0.361}}, {"type": "Feature", "geometry": {"type": "Point", "coordinates": [0.1378, 51.49494]}, "properties": {"cell": "E548_N179", "weight": 0.361}}, {"type": "Feature", "geometry": {"type": "Point", "coordinates": [0.19883, 51.56576]}, "properties": {"cell": "E552_N187", "weight": 0.361}}, {"type": "Feature", "geometry": {"type": "Point", "coordinates": [-0.35432, 51.43094]}, "properties": {"cell": "E514_N171", "weight": 0.361}}, {"type": "Feature", "geometry": {"type": "Point", "coordinates": [-0.32128, 51.54738]}, "properties": {"cell": "E516_N184", "weight": 0.361}}, {"type": "Feature", "geometry": {"type": "Point", "coordinates": [-0.14392, 51.65261]}, "properties": {"cell": "E528_N196", "weight": 0.361}}, {"type": "Feature", "geometry": {"type": "Point", "coordinates": [-0.21265, 51.37491]}, "properties": {"cell": "E524_N165", "weight": 0.361}}, {"type": "Feature", "geometry": {"type": "Point", "coordinates": [-0.29714, 51.42114]}, "properties": {"cell": "E518_N170", "weight": 0.361}}, {"type": "Feature", "geometry": {"type": "Point", "coordinates": [-0.43722, 51.53099]}, "properties": {"cell": "E508_N182", "weight": 0.361}}, {"type": "Feature", "geometry": {"type": "Point", "coordinates": [-0.35335, 51.45791]}, "properties": {"cell": "E514_N174", "weight": 0.361}}, {"type": "Feature", "geometry": {"type": "Point", "coordinates": [-0.10021, 51.66091]}, "properties": {"cell": "E531_N197", "weight": 0.361}}, {"type": "Feature", "geometry": {"type": "Point", "coordinates": [-0.0256, 51.3809]}, "properties": {"cell": "E537_N166", "weight": 0.361}}, {"type": "Feature", "geometry": {"type": "Point", "coordinates": [0.18571, 51.59298]}, "properties": {"cell": "E551_N190", "weight": 0.361}}, {"type": "Feature", "geometry": {"type": "Point", "coordinates": [0.0466, 51.38866]}, "properties": {"cell": "E542_N167", "weight": 0.361}}, {"type": "Feature", "geometry": {"type": "Point", "coordinates": [-0.09964, 51.32817]}, "properties": {"cell": "E532_N160", "weight": 0.361}}, {"type": "Feature", "geometry": {"type": "Point", "coordinates": [0.03383, 51.42485]}, "properties": {"cell": "E541_N171", "weight": 0.333}}, {"type": "Feature", "geometry": {"type": "Point", "coordinates": [-0.354, 51.43993]}, "properties": {"cell": "E514_N172", "weight": 0.333}}, {"type": "Feature", "geometry": {"type": "Point", "coordinates": [-0.36227, 51.6109]}, "properties": {"cell": "E513_N191", "weight": 0.333}}, {"type": "Feature", "geometry": {"type": "Point", "coordinates": [-0.35173, 51.50285]}, "properties": {"cell": "E514_N179", "weight": 0.333}}, {"type": "Feature", "geometry": {"type": "Point", "coordinates": [0.00273, 51.37143]}, "properties": {"cell": "E539_N165", "weight": 0.333}}, {"type": "Feature", "geometry": {"type": "Point", "coordinates": [-0.25505, 51.39354]}, "properties": {"cell": "E521_N167", "weight": 0.333}}, {"type": "Feature", "geometry": {"type": "Point", "coordinates": [0.16829, 51.53036]}, "properties": {"cell": "E550_N183", "weight": 0.333}}, {"type": "Feature", "geometry": {"type": "Point", "coordinates": [-0.03958, 51.39013]}, "properties": {"cell": "E536_N167", "weight": 0.333}}, {"type": "Feature", "geometry": {"type": "Point", "coordinates": [-0.11615, 51.62519]}, "properties": {"cell": "E530_N193", "weight": 0.333}}, {"type": "Feature", "geometry": {"type": "Point", "coordinates": [0.01787, 51.38916]}, "properties": {"cell": "E540_N167", "weight": 0.333}}, {"type": "Feature", "geometry": {"type": "Point", "coordinates": [-0.46604, 51.53137]}, "properties": {"cell": "E506_N182", "weight": 0.333}}, {"type": "Feature", "geometry": {"type": "Point", "coordinates": [-0.23757, 51.47421]}, "properties": {"cell": "E522_N176", "weight": 0.333}}, {"type": "Feature", "geometry": {"type": "Point", "coordinates": [-0.2116, 51.40188]}, "properties": {"cell": "E524_N168", "weight": 0.333}}, {"type": "Feature", "geometry": {"type": "Point", "coordinates": [0.09461, 51.49572]}, "properties": {"cell": "E545_N179", "weight": 0.333}}, {"type": "Feature", "geometry": {"type": "Point", "coordinates": [0.18227, 51.5211]}, "properties": {"cell": "E551_N182", "weight": 0.333}}, {"type": "Feature", "geometry": {"type": "Point", "coordinates": [-0.39145, 51.60231]}, "properties": {"cell": "E511_N190", "weight": 0.333}}, {"type": "Feature", "geometry": {"type": "Point", "coordinates": [-0.32458, 51.4575]}, "properties": {"cell": "E516_N174", "weight": 0.333}}, {"type": "Feature", "geometry": {"type": "Point", "coordinates": [-0.1591, 51.63487]}, "properties": {"cell": "E527_N194", "weight": 0.333}}, {"type": "Feature", "geometry": {"type": "Point", "coordinates": [-0.30453, 51.61008]}, "properties": {"cell": "E517_N191", "weight": 0.333}}, {"type": "Feature", "geometry": {"type": "Point", "coordinates": [-0.14429, 51.64363]}, "properties": {"cell": "E528_N195", "weight": 0.333}}, {"type": "Feature", "geometry": {"type": "Point", "coordinates": [-0.15873, 51.64385]}, "properties": {"cell": "E527_N195", "weight": 0.333}}, {"type": "Feature", "geometry": {"type": "Point", "coordinates": [-0.47805, 51.60347]}, "properties": {"cell": "E505_N190", "weight": 0.333}}, {"type": "Feature", "geometry": {"type": "Point", "coordinates": [0.02782, 51.6138]}, "properties": {"cell": "E540_N192", "weight": 0.333}}, {"type": "Feature", "geometry": {"type": "Point", "coordinates": [-0.16993, 51.36526]}, "properties": {"cell": "E527_N164", "weight": 0.333}}, {"type": "Feature", "geometry": {"type": "Point", "coordinates": [-0.29881, 51.3762]}, "properties": {"cell": "E518_N165", "weight": 0.306}}, {"type": "Feature", "geometry": {"type": "Point", "coordinates": [0.02906, 51.31702]}, "properties": {"cell": "E541_N159", "weight": 0.306}}, {"type": "Feature", "geometry": {"type": "Point", "coordinates": [0.10652, 51.44155]}, "properties": {"cell": "E546_N173", "weight": 0.306}}, {"type": "Feature", "geometry": {"type": "Point", "coordinates": [-0.45102, 51.54916]}, "properties": {"cell": "E507_N184", "weight": 0.306}}, {"type": "Feature", "geometry": {"type": "Point", "coordinates": [-0.25162, 51.48341]}, "properties": {"cell": "E521_N177", "weight": 0.306}}, {"type": "Feature", "geometry": {"type": "Point", "coordinates": [-0.28041, 51.48384]}, "properties": {"cell": "E519_N177", "weight": 0.306}}, {"type": "Feature", "geometry": {"type": "Point", "coordinates": [-0.24817, 51.57328]}, "properties": {"cell": "E521_N187", "weight": 0.306}}, {"type": "Feature", "geometry": {"type": "Point", "coordinates": [-0.24103, 51.38434]}, "properties": {"cell": "E522_N166", "weight": 0.306}}, {"type": "Feature", "geometry": {"type": "Point", "coordinates": [-0.08538, 51.66966]}, "properties": {"cell": "E532_N198", "weight": 0.306}}, {"type": "Feature", "geometry": {"type": "Point", "coordinates": [0.00469, 51.41636]}, "properties": {"cell": "E539_N170", "weight": 0.306}}, {"type": "Feature", "geometry": {"type": "Point", "coordinates": [0.12424, 51.51318]}, "properties": {"cell": "E547_N181", "weight": 0.306}}, {"type": "Feature", "geometry": {"type": "Point", "coordinates": [-0.16128, 51.58095]}, "properties": {"cell": "E527_N188", "weight": 0.306}}, {"type": "Feature", "geometry": {"type": "Point", "coordinates": [-0.02718, 51.67769]}, "properties": {"cell": "E536_N199", "weight": 0.306}}, {"type": "Feature", "geometry": {"type": "Point", "coordinates": [-0.29848, 51.38518]}, "properties": {"cell": "E518_N166", "weight": 0.306}}, {"type": "Feature", "geometry": {"type": "Point", "coordinates": [-0.46544, 51.54935]}, "properties": {"cell": "E506_N184", "weight": 0.306}}, {"type": "Feature", "geometry": {"type": "Point", "coordinates": [0.07817, 51.45105]}, "properties": {"cell": "E544_N174", "weight": 0.306}}, {"type": "Feature", "geometry": {"type": "Point", "coordinates": [-0.45194, 51.5222]}, "properties": {"cell": "E507_N181", "weight": 0.306}}, {"type": "Feature", "geometry": {"type": "Point", "coordinates": [-0.17606, 51.57219]}, "properties": {"cell": "E526_N187", "weight": 0.306}}, {"type": "Feature", "geometry": {"type": "Point", "coordinates": [-0.19794, 51.38368]}, "properties": {"cell": "E525_N166", "weight": 0.306}}, {"type": "Feature", "geometry": {"type": "Point", "coordinates": [-0.16055, 51.59892]}, "properties": {"cell": "E527_N190", "weight": 0.306}}, {"type": "Feature", "geometry": {"type": "Point", "coordinates": [-0.00968, 51.41661]}, "properties": {"cell": "E538_N170", "weight": 0.306}}, {"type": "Feature", "geometry": {"type": "Point", "coordinates": [0.10322, 51.36967]}, "properties": {"cell": "E546_N165", "weight": 0.306}}, {"type": "Feature", "geometry": {"type": "Point", "coordinates": [-0.14122, 51.36481]}, "properties": {"cell": "E529_N164", "weight": 0.306}}, {"type": "Feature", "geometry": {"type": "Point", "coordinates": [-0.22457, 51.43804]}, "properties": {"cell": "E523_N172", "weight": 0.306}}, {"type": "Feature", "geometry": {"type": "Point", "coordinates": [0.02025, 51.44307]}, "properties": {"cell": "E540_N173", "weight": 0.306}}, {"type": "Feature", "geometry": {"type": "Point", "coordinates": [0.06015, 51.37043]}, "properties": {"cell": "E543_N165", "weight": 0.306}}, {"type": "Feature", "geometry": {"type": "Point", "coordinates": [-0.14012, 51.39177]}, "properties": {"cell": "E529_N167", "weight": 0.306}}, {"type": "Feature", "geometry": {"type": "Point", "coordinates": [0.17129, 51.59325]}, "properties": {"cell": "E550_N190", "weight": 0.306}}, {"type": "Feature", "geometry": {"type": "Point", "coordinates": [0.11965, 51.41434]}, "properties": {"cell": "E547_N170", "weight": 0.278}}, {"type": "Feature", "geometry": {"type": "Point", "coordinates": [0.12132, 51.45028]}, "properties": {"cell": "E547_N174", "weight": 0.278}}, {"type": "Feature", "geometry": {"type": "Point", "coordinates": [-0.42032, 51.6027]}, "properties": {"cell": "E509_N190", "weight": 0.278}}, {"type": "Feature", "geometry": {"type": "Point", "coordinates": [-0.08079, 51.43578]}, "properties": {"cell": "E533_N172", "weight": 0.278}}, {"type": "Feature", "geometry": {"type": "Point", "coordinates": [0.00116, 51.33549]}, "properties": {"cell": "E539_N161", "weight": 0.278}}, {"type": "Feature", "geometry": {"type": "Point", "coordinates": [0.03984, 51.55964]}, "properties": {"cell": "E541_N186", "weight": 0.278}}, {"type": "Feature", "geometry": {"type": "Point", "coordinates": [-0.02874, 51.64174]}, "properties": {"cell": "E536_N195", "weight": 0.278}}, {"type": "Feature", "geometry": {"type": "Point", "coordinates": [-0.22527, 51.42007]}, "properties": {"cell": "E523_N170", "weight": 0.278}}, {"type": "Feature", "geometry": {"type": "Point", "coordinates": [0.04226, 51.61355]}, "properties": {"cell": "E541_N192", "weight": 0.278}}, {"type": "Feature", "geometry": {"type": "Point", "coordinates": [-0.13058, 51.62542]}, "properties": {"cell": "E529_N193", "weight": 0.278}}, {"type": "Feature", "geometry": {"type": "Point", "coordinates": [-0.32589, 51.42155]}, "properties": {"cell": "E516_N170", "weight": 0.278}}, {"type": "Feature", "geometry": {"type": "Point", "coordinates": [0.07736, 51.43308]}, "properties": {"cell": "E544_N172", "weight": 0.278}}, {"type": "Feature", "geometry": {"type": "Point", "coordinates": [-0.39272, 51.56636]}, "properties": {"cell": "E511_N186", "weight": 0.278}}, {"type": "Feature", "geometry": {"type": "Point", "coordinates": [-0.40997, 51.48567]}, "properties": {"cell": "E510_N177", "weight": 0.278}}, {"type": "Feature", "geometry": {"type": "Point", "coordinates": [-0.17029, 51.35627]}, "properties": {"cell": "E527_N163", "weight": 0.278}}, {"type": "Feature", "geometry": {"type": "Point", "coordinates": [-0.33994, 51.43074]}, "properties": {"cell": "E515_N171", "weight": 0.278}}, {"type": "Feature", "geometry": {"type": "Point", "coordinates": [-0.36934, 51.41317]}, "properties": {"cell": "E513_N169", "weight": 0.278}}, {"type": "Feature", "geometry": {"type": "Point", "coordinates": [0.03463, 51.44282]}, "properties": {"cell": "E541_N173", "weight": 0.278}}, {"type": "Feature", "geometry": {"type": "Point", "coordinates": [0.00312, 51.38042]}, "properties": {"cell": "E539_N166", "weight": 0.278}}, {"type": "Feature", "geometry": {"type": "Point", "coordinates": [-0.20384, 51.59959]}, "properties": {"cell": "E524_N190", "weight": 0.278}}, {"type": "Feature", "geometry": {"type": "Point", "coordinates": [-0.4062, 51.59352]}, "properties": {"cell": "E510_N189", "weight": 0.278}}, {"type": "Feature", "geometry": {"type": "Point", "coordinates": [-0.10058, 51.65192]}, "properties": {"cell": "E531_N196", "weight": 0.278}}, {"type": "Feature", "geometry": {"type": "Point", "coordinates": [0.08887, 51.36993]}, "properties": {"cell": "E545_N165", "weight": 0.278}}, {"type": "Feature", "geometry": {"type": "Point", "coordinates": [-0.05609, 51.67817]}, "properties": {"cell": "E534_N199", "weight": 0.278}}, {"type": "Feature", "geometry": {"type": "Point", "coordinates": [-0.45041, 51.56714]}, "properties": {"cell": "E507_N186", "weight": 0.278}}, {"type": "Feature", "geometry": {"type": "Point", "coordinates": [0.15686, 51.59352]}, "properties": {"cell": "E549_N190", "weight": 0.278}}, {"type": "Feature", "geometry": {"type": "Point", "coordinates": [-0.01007, 51.40762]}, "properties": {"cell": "E538_N169", "weight": 0.25}}, {"type": "Feature", "geometry": {"type": "Point", "coordinates": [-0.11472, 51.31043]}, "properties": {"cell": "E531_N158", "weight": 0.25}}, {"type": "Feature", "geometry": {"type": "Point", "coordinates": [-0.2102, 51.43782]}, "properties": {"cell": "E524_N172", "weight": 0.25}}, {"type": "Feature", "geometry": {"type": "Point", "coordinates": [0.01419, 51.63202]}, "properties": {"cell": "E539_N194", "weight": 0.25}}, {"type": "Feature", "geometry": {"type": "Point", "coordinates": [-0.01319, 51.33573]}, "properties": {"cell": "E538_N161", "weight": 0.25}}, {"type": "Feature", "geometry": {"type": "Point", "coordinates": [0.21107, 51.52056]}, "properties": {"cell": "E553_N182", "weight": 0.25}}, {"type": "Feature", "geometry": {"type": "Point", "coordinates": [0.09297, 51.45978]}, "properties": {"cell": "E545_N175", "weight": 0.25}}, {"type": "Feature", "geometry": {"type": "Point", "coordinates": [-0.14085, 51.3738]}, "properties": {"cell": "E529_N165", "weight": 0.25}}, {"type": "Feature", "geometry": {"type": "Point", "coordinates": [0.01259, 51.59608]}, "properties": {"cell": "E539_N190", "weight": 0.25}}, {"type": "Feature", "geometry": {"type": "Point", "coordinates": [0.0122, 51.58709]}, "properties": {"cell": "E539_N189", "weight": 0.25}}, {"type": "Feature", "geometry": {"type": "Point", "coordinates": [0.043, 51.30778]}, "properties": {"cell": "E542_N158", "weight": 0.25}}, {"type": "Feature", "geometry": {"type": "Point", "coordinates": [0.15134, 51.47671]}, "properties": {"cell": "E549_N177", "weight": 0.25}}, {"type": "Feature", "geometry": {"type": "Point", "coordinates": [-0.31052, 51.44831]}, "properties": {"cell": "E517_N173", "weight": 0.25}}, {"type": "Feature", "geometry": {"type": "Point", "coordinates": [-0.3962, 51.46749]}, "properties": {"cell": "E511_N175", "weight": 0.25}}, {"type": "Feature", "geometry": {"type": "Point", "coordinates": [-0.06906, 51.37264]}, "properties": {"cell": "E534_N165", "weight": 0.25}}, {"type": "Feature", "geometry": {"type": "Point", "coordinates": [-0.28344, 51.40295]}, "properties": {"cell": "E519_N168", "weight": 0.25}}, {"type": "Feature", "geometry": {"type": "Point", "coordinates": [-0.30486, 51.60109]}, "properties": {"cell": "E517_N190", "weight": 0.25}}, {"type": "Feature", "geometry": {"type": "Point", "coordinates": [-0.39651, 51.45851]}, "properties": {"cell": "E511_N174", "weight": 0.25}}, {"type": "Feature", "geometry": {"type": "Point", "coordinates": [0.15092, 51.46773]}, "properties": {"cell": "E549_N176", "weight": 0.25}}, {"type": "Feature", "geometry": {"type": "Point", "coordinates": [0.01299, 51.60507]}, "properties": {"cell": "E539_N191", "weight": 0.25}}, {"type": "Feature", "geometry": {"type": "Point", "coordinates": [0.05975, 51.36145]}, "properties": {"cell": "E543_N164", "weight": 0.25}}, {"type": "Feature", "geometry": {"type": "Point", "coordinates": [0.13696, 51.47697]}, "properties": {"cell": "E548_N177", "weight": 0.25}}, {"type": "Feature", "geometry": {"type": "Point", "coordinates": [0.11442, 51.61227]}, "properties": {"cell": "E546_N192", "weight": 0.25}}, {"type": "Feature", "geometry": {"type": "Point", "coordinates": [-0.45315, 51.48624]}, "properties": {"cell": "E507_N177", "weight": 0.25}}, {"type": "Feature", "geometry": {"type": "Point", "coordinates": [-0.39714, 51.44053]}, "properties": {"cell": "E511_N172", "weight": 0.25}}, {"type": "Feature", "geometry": {"type": "Point", "coordinates": [-0.31152, 51.42134]}, "properties": {"cell": "E517_N170", "weight": 0.222}}, {"type": "Feature", "geometry": {"type": "Point", "coordinates": [0.08144, 51.52294]}, "properties": {"cell": "E544_N182", "weight": 0.222}}, {"type": "Feature", "geometry": {"type": "Point", "coordinates": [-0.33864, 51.46669]}, "properties": {"cell": "E515_N175", "weight": 0.222}}, {"type": "Feature", "geometry": {"type": "Point", "coordinates": [-0.11503, 51.65215]}, "properties": {"cell": "E530_N196", "weight": 0.222}}, {"type": "Feature", "geometry": {"type": "Point", "coordinates": [0.10404, 51.38764]}, "properties": {"cell": "E546_N167", "weight": 0.222}}, {"type": "Feature", "geometry": {"type": "Point", "coordinates": [0.14966, 51.44077]}, "properties": {"cell": "E549_N173", "weight": 0.222}}, {"type": "Feature", "geometry": {"type": "Point", "coordinates": [-0.40652, 51.58453]}, "properties": {"cell": "E510_N188", "weight": 0.222}}, {"type": "Feature", "geometry": {"type": "Point", "coordinates": [-0.3767, 51.6111]}, "properties": {"cell": "E512_N191", "weight": 0.222}}, {"type": "Feature", "geometry": {"type": "Point", "coordinates": [-0.45376, 51.46827]}, "properties": {"cell": "E507_N175", "weight": 0.222}}, {"type": "Feature", "geometry": {"type": "Point", "coordinates": [0.0458, 51.37069]}, "properties": {"cell": "E542_N165", "weight": 0.222}}, {"type": "Feature", "geometry": {"type": "Point", "coordinates": [-0.36646, 51.49406]}, "properties": {"cell": "E513_N178", "weight": 0.222}}, {"type": "Feature", "geometry": {"type": "Point", "coordinates": [0.0646, 51.46928]}, "properties": {"cell": "E543_N176", "weight": 0.222}}, {"type": "Feature", "geometry": {"type": "Point", "coordinates": [0.0039, 51.39839]}, "properties": {"cell": "E539_N168", "weight": 0.222}}, {"type": "Feature", "geometry": {"type": "Point", "coordinates": [0.06339, 51.44232]}, "properties": {"cell": "E543_N173", "weight": 0.222}}, {"type": "Feature", "geometry": {"type": "Point", "coordinates": [-0.12759, 51.34661]}, "properties": {"cell": "E530_N162", "weight": 0.222}}, {"type": "Feature", "geometry": {"type": "Point", "coordinates": [-0.11509, 51.30144]}, "properties": {"cell": "E531_N157", "weight": 0.222}}, {"type": "Feature", "geometry": {"type": "Point", "coordinates": [0.01379, 51.62304]}, "properties": {"cell": "E539_N193", "weight": 0.222}}, {"type": "Feature", "geometry": {"type": "Point", "coordinates": [-0.15449, 51.392]}, "properties": {"cell": "E528_N167", "weight": 0.222}}, {"type": "Feature", "geometry": {"type": "Point", "coordinates": [0.12048, 51.43231]}, "properties": {"cell": "E547_N172", "weight": 0.222}}, {"type": "Feature", "geometry": {"type": "Point", "coordinates": [-0.02599, 51.37192]}, "properties": {"cell": "E537_N165", "weight": 0.222}}, {"type": "Feature", "geometry": {"type": "Point", "coordinates": [-0.43599, 51.56695]}, "properties": {"cell": "E508_N186", "weight": 0.222}}, {"type": "Feature", "geometry": {"type": "Point", "coordinates": [-0.30986, 51.46628]}, "properties": {"cell": "E517_N175", "weight": 0.222}}, {"type": "Feature", "geometry": {"type": "Point", "coordinates": [-0.35238, 51.48487]}, "properties": {"cell": "E514_N177", "weight": 0.222}}, {"type": "Feature", "geometry": {"type": "Point", "coordinates": [-0.07093, 51.66942]}, "properties": {"cell": "E533_N198", "weight": 0.222}}, {"type": "Feature", "geometry": {"type": "Point", "coordinates": [0.05425, 51.55939]}, "properties": {"cell": "E542_N186", "weight": 0.222}}, {"type": "Feature", "geometry": {"type": "Point", "coordinates": [-0.31218, 51.40337]}, "properties": {"cell": "E517_N168", "weight": 0.222}}, {"type": "Feature", "geometry": {"type": "Point", "coordinates": [-0.0415, 51.3452]}, "properties": {"cell": "E536_N162", "weight": 0.222}}, {"type": "Feature", "geometry": {"type": "Point", "coordinates": [0.2565, 51.56466]}, "properties": {"cell": "E556_N187", "weight": 0.222}}, {"type": "Feature", "geometry": {"type": "Point", "coordinates": [-0.26635, 51.47464]}, "properties": {"cell": "E520_N176", "weight": 0.222}}, {"type": "Feature", "geometry": {"type": "Point", "coordinates": [-0.19935, 51.34773]}, "properties": {"cell": "E525_N162", "weight": 0.222}}, {"type": "Feature", "geometry": {"type": "Point", "coordinates": [-0.36806, 51.44912]}, "properties": {"cell": "E513_N173", "weight": 0.194}}, {"type": "Feature", "geometry": {"type": "Point", "coordinates": [0.24032, 51.529]}, "properties": {"cell": "E555_N183", "weight": 0.194}}, {"type": "Feature", "geometry": {"type": "Point", "coordinates": [-0.43845, 51.49504]}, "properties": {"cell": "E508_N178", "weight": 0.194}}, {"type": "Feature", "geometry": {"type": "Point", "coordinates": [0.04024, 51.56862]}, "properties": {"cell": "E541_N187", "weight": 0.194}}, {"type": "Feature", "geometry": {"type": "Point", "coordinates": [-0.05432, 51.38138]}, "properties": {"cell": "E535_N166", "weight": 0.194}}, {"type": "Feature", "geometry": {"type": "Point", "coordinates": [-0.03996, 51.38115]}, "properties": {"cell": "E536_N166", "weight": 0.194}}, {"type": "Feature", "geometry": {"type": "Point", "coordinates": [0.11924, 51.40535]}, "properties": {"cell": "E547_N169", "weight": 0.194}}, {"type": "Feature", "geometry": {"type": "Point", "coordinates": [-0.04512, 51.59705]}, "properties": {"cell": "E535_N190", "weight": 0.194}}, {"type": "Feature", "geometry": {"type": "Point", "coordinates": [-0.22631, 51.39311]}, "properties": {"cell": "E523_N167", "weight": 0.194}}, {"type": "Feature", "geometry": {"type": "Point", "coordinates": [-0.39683, 51.44952]}, "properties": {"cell": "E511_N173", "weight": 0.194}}, {"type": "Feature", "geometry": {"type": "Point", "coordinates": [-0.46574, 51.54036]}, "properties": {"cell": "E506_N183", "weight": 0.194}}, {"type": "Feature", "geometry": {"type": "Point", "coordinates": [0.07654, 51.41511]}, "properties": {"cell": "E544_N170", "weight": 0.194}}, {"type": "Feature", "geometry": {"type": "Point", "coordinates": [0.16488, 51.45848]}, "properties": {"cell": "E550_N175", "weight": 0.194}}, {"type": "Feature", "geometry": {"type": "Point", "coordinates": [0.21238, 51.54752]}, "properties": {"cell": "E553_N185", "weight": 0.194}}, {"type": "Feature", "geometry": {"type": "Point", "coordinates": [-0.31863, 51.61928]}, "properties": {"cell": "E516_N192", "weight": 0.194}}, {"type": "Feature", "geometry": {"type": "Point", "coordinates": [0.19451, 51.47591]}, "properties": {"cell": "E552_N177", "weight": 0.194}}, {"type": "Feature", "geometry": {"type": "Point", "coordinates": [-0.48135, 51.5046]}, "properties": {"cell": "E505_N179", "weight": 0.194}}, {"type": "Feature", "geometry": {"type": "Point", "coordinates": [-0.31383, 51.35843]}, "properties": {"cell": "E517_N163", "weight": 0.194}}, {"type": "Feature", "geometry": {"type": "Point", "coordinates": [0.12257, 51.47724]}, "properties": {"cell": "E547_N177", "weight": 0.194}}, {"type": "Feature", "geometry": {"type": "Point", "coordinates": [-0.21651, 51.64475]}, "properties": {"cell": "E523_N195", "weight": 0.194}}, {"type": "Feature", "geometry": {"type": "Point", "coordinates": [0.27091, 51.56439]}, "properties": {"cell": "E557_N187", "weight": 0.194}}, {"type": "Feature", "geometry": {"type": "Point", "coordinates": [-0.15837, 51.65284]}, "properties": {"cell": "E527_N196", "weight": 0.194}}, {"type": "Feature", "geometry": {"type": "Point", "coordinates": [-0.28277, 51.42093]}, "properties": {"cell": "E519_N170", "weight": 0.194}}, {"type": "Feature", "geometry": {"type": "Point", "coordinates": [-0.27702, 51.57371]}, "properties": {"cell": "E519_N187", "weight": 0.167}}, {"type": "Feature", "geometry": {"type": "Point", "coordinates": [0.21151, 51.52955]}, "properties": {"cell": "E553_N183", "weight": 0.167}}, {"type": "Feature", "geometry": {"type": "Point", "coordinates": [-0.12869, 51.31965]}, "properties": {"cell": "E530_N159", "weight": 0.167}}, {"type": "Feature", "geometry": {"type": "Point", "coordinates": [0.10984, 51.51344]}, "properties": {"cell": "E546_N181", "weight": 0.167}}, {"type": "Feature", "geometry": {"type": "Point", "coordinates": [-0.43906, 51.47706]}, "properties": {"cell": "E508_N176", "weight": 0.167}}, {"type": "Feature", "geometry": {"type": "Point", "coordinates": [-0.07057, 51.33669]}, "properties": {"cell": "E534_N161", "weight": 0.167}}, {"type": "Feature", "geometry": {"type": "Point", "coordinates": [-0.21616, 51.65373]}, "properties": {"cell": "E523_N196", "weight": 0.167}}, {"type": "Feature", "geometry": {"type": "Point", "coordinates": [0.19624, 51.51185]}, "properties": {"cell": "E552_N181", "weight": 0.167}}, {"type": "Feature", "geometry": {"type": "Point", "coordinates": [-0.45224, 51.51321]}, "properties": {"cell": "E507_N180", "weight": 0.167}}, {"type": "Feature", "geometry": {"type": "Point", "coordinates": [-0.162, 51.56297]}, "properties": {"cell": "E527_N186", "weight": 0.167}}, {"type": "Feature", "geometry": {"type": "Point", "coordinates": [0.13444, 51.42306]}, "properties": {"cell": "E548_N171", "weight": 0.167}}, {"type": "Feature", "geometry": {"type": "Point", "coordinates": [-0.11324, 51.34638]}, "properties": {"cell": "E531_N162", "weight": 0.167}}, {"type": "Feature", "geometry": {"type": "Point", "coordinates": [0.20057, 51.6017]}, "properties": {"cell": "E552_N191", "weight": 0.167}}, {"type": "Feature", "geometry": {"type": "Point", "coordinates": [-0.14502, 51.62565]}, "properties": {"cell": "E528_N193", "weight": 0.167}}, {"type": "Feature", "geometry": {"type": "Point", "coordinates": [0.22811, 51.5742]}, "properties": {"cell": "E554_N188", "weight": 0.167}}, {"type": "Feature", "geometry": {"type": "Point", "coordinates": [0.13738, 51.48596]}, "properties": {"cell": "E548_N178", "weight": 0.167}}, {"type": "Feature", "geometry": {"type": "Point", "coordinates": [0.17214, 51.61122]}, "properties": {"cell": "E550_N192", "weight": 0.167}}, {"type": "Feature", "geometry": {"type": "Point", "coordinates": [0.03303, 51.40688]}, "properties": {"cell": "E541_N169", "weight": 0.167}}, {"type": "Feature", "geometry": {"type": "Point", "coordinates": [-0.34027, 51.42175]}, "properties": {"cell": "E515_N170", "weight": 0.167}}, {"type": "Feature", "geometry": {"type": "Point", "coordinates": [0.28128, 51.48325]}, "properties": {"cell": "E558_N178", "weight": 0.167}}, {"type": "Feature", "geometry": {"type": "Point", "coordinates": [-0.4406, 51.43212]}, "properties": {"cell": "E508_N171", "weight": 0.167}}, {"type": "Feature", "geometry": {"type": "Point", "coordinates": [0.00351, 51.3894]}, "properties": {"cell": "E539_N167", "weight": 0.167}}, {"type": "Feature", "geometry": {"type": "Point", "coordinates": [-0.30953, 51.47527]}, "properties": {"cell": "E517_N176", "weight": 0.167}}, {"type": "Feature", "geometry": {"type": "Point", "coordinates": [0.18399, 51.55704]}, "properties": {"cell": "E551_N186", "weight": 0.167}}, {"type": "Feature", "geometry": {"type": "Point", "coordinates": [0.17927, 51.45821]}, "properties": {"cell": "E551_N175", "weight": 0.167}}, {"type": "Feature", "geometry": {"type": "Point", "coordinates": [-0.36902, 51.42216]}, "properties": {"cell": "E513_N170", "weight": 0.167}}, {"type": "Feature", "geometry": {"type": "Point", "coordinates": [-0.45407, 51.45928]}, "properties": {"cell": "E507_N174", "weight": 0.167}}, {"type": "Feature", "geometry": {"type": "Point", "coordinates": [-0.43691, 51.53998]}, "properties": {"cell": "E508_N183", "weight": 0.167}}, {"type": "Feature", "geometry": {"type": "Point", "coordinates": [-0.43537, 51.58492]}, "properties": {"cell": "E508_N188", "weight": 0.167}}, {"type": "Feature", "geometry": {"type": "Point", "coordinates": [-0.29681, 51.43012]}, "properties": {"cell": "E518_N171", "weight": 0.167}}, {"type": "Feature", "geometry": {"type": "Point", "coordinates": [0.19365, 51.45794]}, "properties": {"cell": "E552_N175", "weight": 0.167}}, {"type": "Feature", "geometry": {"type": "Point", "coordinates": [0.15008, 51.44976]}, "properties": {"cell": "E549_N174", "weight": 0.167}}, {"type": "Feature", "geometry": {"type": "Point", "coordinates": [-0.26873, 51.41173]}, "properties": {"cell": "E520_N169", "weight": 0.167}}, {"type": "Feature", "geometry": {"type": "Point", "coordinates": [-0.42529, 51.4589]}, "properties": {"cell": "E509_N174", "weight": 0.167}}, {"type": "Feature", "geometry": {"type": "Point", "coordinates": [-0.22666, 51.38412]}, "properties": {"cell": "E523_N166", "weight": 0.139}}, {"type": "Feature", "geometry": {"type": "Point", "coordinates": [-0.43444, 51.61189]}, "properties": {"cell": "E508_N191", "weight": 0.139}}, {"type": "Feature", "geometry": {"type": "Point", "coordinates": [0.09091, 51.41485]}, "properties": {"cell": "E545_N170", "weight": 0.139}}, {"type": "Feature", "geometry": {"type": "Point", "coordinates": [-0.15629, 51.34706]}, "properties": {"cell": "E528_N162", "weight": 0.139}}, {"type": "Feature", "geometry": {"type": "Point", "coordinates": [-0.22736, 51.36614]}, "properties": {"cell": "E523_N164", "weight": 0.139}}, {"type": "Feature", "geometry": {"type": "Point", "coordinates": [-0.33504, 51.56556]}, "properties": {"cell": "E515_N186", "weight": 0.139}}, {"type": "Feature", "geometry": {"type": "Point", "coordinates": [-0.35465, 51.42196]}, "properties": {"cell": "E514_N170", "weight": 0.139}}, {"type": "Feature", "geometry": {"type": "Point", "coordinates": [-0.25539, 51.38455]}, "properties": {"cell": "E521_N166", "weight": 0.139}}, {"type": "Feature", "geometry": {"type": "Point", "coordinates": [-0.23201, 51.618]}, "properties": {"cell": "E522_N192", "weight": 0.139}}, {"type": "Feature", "geometry": {"type": "Point", "coordinates": [0.1357, 51.45002]}, "properties": {"cell": "E548_N174", "weight": 0.139}}, {"type": "Feature", "geometry": {"type": "Point", "coordinates": [-0.32524, 51.43952]}, "properties": {"cell": "E516_N172", "weight": 0.139}}, {"type": "Feature", "geometry": {"type": "Point", "coordinates": [0.09009, 51.39688]}, "properties": {"cell": "E545_N168", "weight": 0.139}}, {"type": "Feature", "geometry": {"type": "Point", "coordinates": [-0.31284, 51.38539]}, "properties": {"cell": "E517_N166", "weight": 0.139}}, {"type": "Feature", "geometry": {"type": "Point", "coordinates": [0.18356, 51.54806]}, "properties": {"cell": "E551_N185", "weight": 0.139}}, {"type": "Feature", "geometry": {"type": "Point", "coordinates": [-0.1434, 51.31089]}, "properties": {"cell": "E529_N158", "weight": 0.139}}, {"type": "Feature", "geometry": {"type": "Point", "coordinates": [-0.48165, 51.49561]}, "properties": {"cell": "E505_N178", "weight": 0.139}}, {"type": "Feature", "geometry": {"type": "Point", "coordinates": [-0.08567, 51.31895]}, "properties": {"cell": "E533_N159", "weight": 0.139}}, {"type": "Feature", "geometry": {"type": "Point", "coordinates": [-0.48195, 51.48662]}, "properties": {"cell": "E505_N177", "weight": 0.139}}, {"type": "Feature", "geometry": {"type": "Point", "coordinates": [-0.46755, 51.48643]}, "properties": {"cell": "E506_N177", "weight": 0.139}}, {"type": "Feature", "geometry": {"type": "Point", "coordinates": [0.047, 51.39764]}, "properties": {"cell": "E542_N168", "weight": 0.139}}, {"type": "Feature", "geometry": {"type": "Point", "coordinates": [-0.20136, 51.6625]}, "properties": {"cell": "E524_N197", "weight": 0.139}}, {"type": "Feature", "geometry": {"type": "Point", "coordinates": [0.07492, 51.37917]}, "properties": {"cell": "E544_N166", "weight": 0.139}}, {"type": "Feature", "geometry": {"type": "Point", "coordinates": [-0.43968, 51.45909]}, "properties": {"cell": "E508_N174", "weight": 0.139}}, {"type": "Feature", "geometry": {"type": "Point", "coordinates": [0.08805, 51.35195]}, "properties": {"cell": "E545_N163", "weight": 0.139}}, {"type": "Feature", "geometry": {"type": "Point", "coordinates": [0.18657, 51.61095]}, "properties": {"cell": "E551_N192", "weight": 0.139}}, {"type": "Feature", "geometry": {"type": "Point", "coordinates": [-0.1757, 51.58117]}, "properties": {"cell": "E526_N188", "weight": 0.139}}, {"type": "Feature", "geometry": {"type": "Point", "coordinates": [-0.24068, 51.39332]}, "properties": {"cell": "E522_N167", "weight": 0.139}}, {"type": "Feature", "geometry": {"type": "Point", "coordinates": [0.0741, 51.3612]}, "properties": {"cell": "E544_N164", "weight": 0.111}}, {"type": "Feature", "geometry": {"type": "Point", "coordinates": [0.24252, 51.57393]}, "properties": {"cell": "E555_N188", "weight": 0.111}}, {"type": "Feature", "geometry": {"type": "Point", "coordinates": [-0.14194, 51.34684]}, "properties": {"cell": "E529_N162", "weight": 0.111}}, {"type": "Feature", "geometry": {"type": "Point", "coordinates": [-0.12833, 51.32863]}, "properties": {"cell": "E530_N160", "weight": 0.111}}, {"type": "Feature", "geometry": {"type": "Point", "coordinates": [-0.43568, 51.57593]}, "properties": {"cell": "E508_N187", "weight": 0.111}}, {"type": "Feature", "geometry": {"type": "Point", "coordinates": [-0.18834, 51.62633]}, "properties": {"cell": "E525_N193", "weight": 0.111}}, {"type": "Feature", "geometry": {"type": "Point", "coordinates": [-0.02637, 51.36293]}, "properties": {"cell": "E537_N164", "weight": 0.111}}, {"type": "Feature", "geometry": {"type": "Point", "coordinates": [-0.39209, 51.58434]}, "properties": {"cell": "E511_N188", "weight": 0.111}}, {"type": "Feature", "geometry": {"type": "Point", "coordinates": [0.1209, 51.44129]}, "properties": {"cell": "E547_N173", "weight": 0.111}}, {"type": "Feature", "geometry": {"type": "Point", "coordinates": [-0.25299, 51.44746]}, "properties": {"cell": "E521_N173", "weight": 0.111}}, {"type": "Feature", "geometry": {"type": "Point", "coordinates": [-0.39336, 51.54839]}, "properties": {"cell": "E511_N184", "weight": 0.111}}, {"type": "Feature", "geometry": {"type": "Point", "coordinates": [0.15643, 51.58453]}, "properties": {"cell": "E549_N189", "weight": 0.111}}, {"type": "Feature", "geometry": {"type": "Point", "coordinates": [-0.16164, 51.57196]}, "properties": {"cell": "E527_N187", "weight": 0.111}}, {"type": "Feature", "geometry": {"type": "Point", "coordinates": [0.02945, 51.32601]}, "properties": {"cell": "E541_N160", "weight": 0.111}}, {"type": "Feature", "geometry": {"type": "Point", "coordinates": [-0.14267, 51.32886]}, "properties": {"cell": "E529_N160", "weight": 0.111}}, {"type": "Feature", "geometry": {"type": "Point", "coordinates": [0.00234, 51.36244]}, "properties": {"cell": "E539_N164", "weight": 0.111}}, {"type": "Feature", "geometry": {"type": "Point", "coordinates": [-0.40809, 51.53959]}, "properties": {"cell": "E510_N183", "weight": 0.111}}, {"type": "Feature", "geometry": {"type": "Point", "coordinates": [-0.4366, 51.54897]}, "properties": {"cell": "E508_N184", "weight": 0.111}}, {"type": "Feature", "geometry": {"type": "Point", "coordinates": [0.30247, 51.61773]}, "properties": {"cell": "E559_N193", "weight": 0.111}}, {"type": "Feature", "geometry": {"type": "Point", "coordinates": [0.09173, 51.43283]}, "properties": {"cell": "E545_N172", "weight": 0.111}}, {"type": "Feature", "geometry": {"type": "Point", "coordinates": [-0.19013, 51.5814]}, "properties": {"cell": "E525_N188", "weight": 0.111}}, {"type": "Feature", "geometry": {"type": "Point", "coordinates": [-0.01046, 51.39863]}, "properties": {"cell": "E538_N168", "weight": 0.111}}, {"type": "Feature", "geometry": {"type": "Point", "coordinates": [-0.45133, 51.54017]}, "properties": {"cell": "E507_N183", "weight": 0.111}}, {"type": "Feature", "geometry": {"type": "Point", "coordinates": [0.25561, 51.5467]}, "properties": {"cell": "E556_N185", "weight": 0.111}}, {"type": "Feature", "geometry": {"type": "Point", "coordinates": [-0.45255, 51.50422]}, "properties": {"cell": "E507_N179", "weight": 0.111}}, {"type": "Feature", "geometry": {"type": "Point", "coordinates": [0.0434, 51.31677]}, "properties": {"cell": "E542_N159", "weight": 0.111}}, {"type": "Feature", "geometry": {"type": "Point", "coordinates": [-0.42622, 51.43193]}, "properties": {"cell": "E509_N171", "weight": 0.111}}, {"type": "Feature", "geometry": {"type": "Point", "coordinates": [-0.45072, 51.55815]}, "properties": {"cell": "E507_N185", "weight": 0.111}}, {"type": "Feature", "geometry": {"type": "Point", "coordinates": [-0.01163, 51.37167]}, "properties": {"cell": "E538_N165", "weight": 0.111}}, {"type": "Feature", "geometry": {"type": "Point", "coordinates": [-0.23895, 51.43826]}, "properties": {"cell": "E522_N172", "weight": 0.111}}, {"type": "Feature", "geometry": {"type": "Point", "coordinates": [-0.158, 51.66183]}, "properties": {"cell": "E527_N197", "weight": 0.111}}, {"type": "Feature", "geometry": {"type": "Point", "coordinates": [0.0905, 51.40587]}, "properties": {"cell": "E545_N169", "weight": 0.111}}, {"type": "Feature", "geometry": {"type": "Point", "coordinates": [0.24297, 51.58291]}, "properties": {"cell": "E555_N189", "weight": 0.111}}, {"type": "Feature", "geometry": {"type": "Point", "coordinates": [0.24429, 51.60986]}, "properties": {"cell": "E555_N192", "weight": 0.111}}, {"type": "Feature", "geometry": {"type": "Point", "coordinates": [-0.26703, 51.45666]}, "properties": {"cell": "E520_N174", "weight": 0.111}}, {"type": "Feature", "geometry": {"type": "Point", "coordinates": [0.18614, 51.60197]}, "properties": {"cell": "E551_N191", "weight": 0.111}}, {"type": "Feature", "geometry": {"type": "Point", "coordinates": [0.2246, 51.50232]}, "properties": {"cell": "E554_N180", "weight": 0.111}}, {"type": "Feature", "geometry": {"type": "Point", "coordinates": [-0.2461, 51.62721]}, "properties": {"cell": "E521_N193", "weight": 0.111}}, {"type": "Feature", "geometry": {"type": "Point", "coordinates": [0.10528, 51.4146]}, "properties": {"cell": "E546_N170", "weight": 0.111}}, {"type": "Feature", "geometry": {"type": "Point", "coordinates": [-0.29614, 51.4481]}, "properties": {"cell": "E518_N173", "weight": 0.083}}, {"type": "Feature", "geometry": {"type": "Point", "coordinates": [-0.21827, 51.59981]}, "properties": {"cell": "E523_N190", "weight": 0.083}}, {"type": "Feature", "geometry": {"type": "Point", "coordinates": [-0.29948, 51.35822]}, "properties": {"cell": "E518_N163", "weight": 0.083}}, {"type": "Feature", "geometry": {"type": "Point", "coordinates": [0.16659, 51.49442]}, "properties": {"cell": "E550_N179", "weight": 0.083}}, {"type": "Feature", "geometry": {"type": "Point", "coordinates": [-0.3834, 51.42236]}, "properties": {"cell": "E512_N170", "weight": 0.083}}, {"type": "Feature", "geometry": {"type": "Point", "coordinates": [-0.34125, 51.39479]}, "properties": {"cell": "E515_N167", "weight": 0.083}}, {"type": "Feature", "geometry": {"type": "Point", "coordinates": [-0.11428, 51.67013]}, "properties": {"cell": "E530_N198", "weight": 0.083}}, {"type": "Feature", "geometry": {"type": "Point", "coordinates": [-0.08492, 51.33692]}, "properties": {"cell": "E533_N161", "weight": 0.083}}, {"type": "Feature", "geometry": {"type": "Point", "coordinates": [0.06096, 51.38841]}, "properties": {"cell": "E543_N167", "weight": 0.083}}, {"type": "Feature", "geometry": {"type": "Point", "coordinates": [-0.02715, 51.34496]}, "properties": {"cell": "E537_N162", "weight": 0.083}}, {"type": "Feature", "geometry": {"type": "Point", "coordinates": [-0.12906, 51.31066]}, "properties": {"cell": "E530_N158", "weight": 0.083}}, {"type": "Feature", "geometry": {"type": "Point", "coordinates": [-0.42498, 51.46788]}, "properties": {"cell": "E509_N175", "weight": 0.083}}, {"type": "Feature", "geometry": {"type": "Point", "coordinates": [-0.08529, 51.32794]}, "properties": {"cell": "E533_N160", "weight": 0.083}}, {"type": "Feature", "geometry": {"type": "Point", "coordinates": [-0.0143, 51.6415]}, "properties": {"cell": "E537_N195", "weight": 0.083}}, {"type": "Feature", "geometry": {"type": "Point", "coordinates": [0.2412, 51.54697]}, "properties": {"cell": "E555_N185", "weight": 0.083}}, {"type": "Feature", "geometry": {"type": "Point", "coordinates": [-0.03224, 51.56087]}, "properties": {"cell": "E536_N186", "weight": 0.083}}, {"type": "Feature", "geometry": {"type": "Point", "coordinates": [-0.07095, 51.3277]}, "properties": {"cell": "E534_N160", "weight": 0.083}}, {"type": "Feature", "geometry": {"type": "Point", "coordinates": [0.16446, 51.44949]}, "properties": {"cell": "E550_N174", "weight": 0.083}}, {"type": "Feature", "geometry": {"type": "Point", "coordinates": [0.09338, 51.46877]}, "properties": {"cell": "E545_N176", "weight": 0.083}}, {"type": "Feature", "geometry": {"type": "Point", "coordinates": [0.11317, 51.58532]}, "properties": {"cell": "E546_N189", "weight": 0.083}}, {"type": "Feature", "geometry": {"type": "Point", "coordinates": [0.114, 51.60329]}, "properties": {"cell": "E546_N191", "weight": 0.083}}, {"type": "Feature", "geometry": {"type": "Point", "coordinates": [-0.01085, 51.38965]}, "properties": {"cell": "E538_N167", "weight": 0.083}}, {"type": "Feature", "geometry": {"type": "Point", "coordinates": [-0.21757, 51.61779]}, "properties": {"cell": "E523_N192", "weight": 0.083}}, {"type": "Feature", "geometry": {"type": "Point", "coordinates": [-0.3475, 51.61969]}, "properties": {"cell": "E514_N192", "weight": 0.083}}, {"type": "Feature", "geometry": {"type": "Point", "coordinates": [-0.17245, 51.66205]}, "properties": {"cell": "E526_N197", "weight": 0.083}}, {"type": "Feature", "geometry": {"type": "Point", "coordinates": [-0.33307, 51.61948]}, "properties": {"cell": "E515_N192", "weight": 0.083}}, {"type": "Feature", "geometry": {"type": "Point", "coordinates": [-0.10096, 51.64293]}, "properties": {"cell": "E531_N195", "weight": 0.083}}, {"type": "Feature", "geometry": {"type": "Point", "coordinates": [-0.31482, 51.33147]}, "properties": {"cell": "E517_N160", "weight": 0.083}}, {"type": "Feature", "geometry": {"type": "Point", "coordinates": [-0.42063, 51.59372]}, "properties": {"cell": "E509_N189", "weight": 0.083}}, {"type": "Feature", "geometry": {"type": "Point", "coordinates": [0.06217, 51.41536]}, "properties": {"cell": "E543_N170", "weight": 0.083}}, {"type": "Feature", "geometry": {"type": "Point", "coordinates": [-0.06982, 51.35466]}, "properties": {"cell": "E534_N163", "weight": 0.083}}, {"type": "Feature", "geometry": {"type": "Point", "coordinates": [0.13528, 51.44103]}, "properties": {"cell": "E548_N173", "weight": 0.083}}, {"type": "Feature", "geometry": {"type": "Point", "coordinates": [-0.28479, 51.367]}, "properties": {"cell": "E519_N164", "weight": 0.083}}, {"type": "Feature", "geometry": {"type": "Point", "coordinates": [-0.08417, 51.3549]}, "properties": {"cell": "E533_N163", "weight": 0.083}}, {"type": "Feature", "geometry": {"type": "Point", "coordinates": [-0.07133, 51.31872]}, "properties": {"cell": "E534_N159", "weight": 0.083}}, {"type": "Feature", "geometry": {"type": "Point", "coordinates": [-0.28942, 51.62785]}, "properties": {"cell": "E518_N193", "weight": 0.083}}, {"type": "Feature", "geometry": {"type": "Point", "coordinates": [-0.05546, 51.35442]}, "properties": {"cell": "E535_N163", "weight": 0.083}}, {"type": "Feature", "geometry": {"type": "Point", "coordinates": [0.11758, 51.36941]}, "properties": {"cell": "E547_N165", "weight": 0.083}}, {"type": "Feature", "geometry": {"type": "Point", "coordinates": [-0.4225, 51.53979]}, "properties": {"cell": "E509_N183", "weight": 0.083}}, {"type": "Feature", "geometry": {"type": "Point", "coordinates": [-0.11435, 51.31942]}, "properties": {"cell": "E531_N159", "weight": 0.083}}, {"type": "Feature", "geometry": {"type": "Point", "coordinates": [0.27136, 51.57337]}, "properties": {"cell": "E557_N188", "weight": 0.083}}, {"type": "Feature", "geometry": {"type": "Point", "coordinates": [-0.12796, 51.33762]}, "properties": {"cell": "E530_N161", "weight": 0.083}}, {"type": "Feature", "geometry": {"type": "Point", "coordinates": [-0.26975, 51.38476]}, "properties": {"cell": "E520_N166", "weight": 0.083}}, {"type": "Feature", "geometry": {"type": "Point", "coordinates": [0.07451, 51.37018]}, "properties": {"cell": "E544_N165", "weight": 0.083}}, {"type": "Feature", "geometry": {"type": "Point", "coordinates": [-0.42467, 51.47687]}, "properties": {"cell": "E509_N176", "weight": 0.083}}, {"type": "Feature", "geometry": {"type": "Point", "coordinates": [-0.47835, 51.59448]}, "properties": {"cell": "E505_N189", "weight": 0.056}}, {"type": "Feature", "geometry": {"type": "Point", "coordinates": [0.1024, 51.3517]}, "properties": {"cell": "E546_N163", "weight": 0.056}}, {"type": "Feature", "geometry": {"type": "Point", "coordinates": [0.01708, 51.37118]}, "properties": {"cell": "E540_N165", "weight": 0.056}}, {"type": "Feature", "geometry": {"type": "Point", "coordinates": [-0.02679, 51.68667]}, "properties": {"cell": "E536_N200", "weight": 0.056}}, {"type": "Feature", "geometry": {"type": "Point", "coordinates": [-0.57616, 51.23602]}, "properties": {"cell": "E499_N149", "weight": 0.056}}, {"type": "Feature", "geometry": {"type": "Point", "coordinates": [-0.20278, 51.62655]}, "properties": {"cell": "E524_N193", "weight": 0.056}}, {"type": "Feature", "geometry": {"type": "Point", "coordinates": [0.12885, 51.61201]}, "properties": {"cell": "E547_N192", "weight": 0.056}}, {"type": "Feature", "geometry": {"type": "Point", "coordinates": [-0.45467, 51.4413]}, "properties": {"cell": "E507_N172", "weight": 0.056}}, {"type": "Feature", "geometry": {"type": "Point", "coordinates": [-0.20313, 51.61756]}, "properties": {"cell": "E524_N192", "weight": 0.056}}, {"type": "Feature", "geometry": {"type": "Point", "coordinates": [0.25694, 51.57365]}, "properties": {"cell": "E556_N188", "weight": 0.056}}, {"type": "Feature", "geometry": {"type": "Point", "coordinates": [0.13402, 51.41408]}, "properties": {"cell": "E548_N170", "weight": 0.056}}, {"type": "Feature", "geometry": {"type": "Point", "coordinates": [-0.42157, 51.56675]}, "properties": {"cell": "E509_N186", "weight": 0.056}}, {"type": "Feature", "geometry": {"type": "Point", "coordinates": [-0.20242, 51.63554]}, "properties": {"cell": "E524_N194", "weight": 0.056}}, {"type": "Feature", "geometry": {"type": "Point", "coordinates": [0.17841, 51.44024]}, "properties": {"cell": "E551_N173", "weight": 0.056}}, {"type": "Feature", "geometry": {"type": "Point", "coordinates": [-0.29648, 51.43911]}, "properties": {"cell": "E518_N172", "weight": 0.056}}, {"type": "Feature", "geometry": {"type": "Point", "coordinates": [0.07899, 51.46902]}, "properties": {"cell": "E544_N176", "weight": 0.056}}, {"type": "Feature", "geometry": {"type": "Point", "coordinates": [-0.26805, 51.4297]}, "properties": {"cell": "E520_N171", "weight": 0.056}}, {"type": "Feature", "geometry": {"type": "Point", "coordinates": [0.09916, 51.59456]}, "properties": {"cell": "E545_N190", "weight": 0.056}}, {"type": "Feature", "geometry": {"type": "Point", "coordinates": [0.03065, 51.35296]}, "properties": {"cell": "E541_N163", "weight": 0.056}}, {"type": "Feature", "geometry": {"type": "Point", "coordinates": [-0.2144, 51.32998]}, "properties": {"cell": "E524_N160", "weight": 0.056}}, {"type": "Feature", "geometry": {"type": "Point", "coordinates": [-0.18691, 51.66228]}, "properties": {"cell": "E525_N197", "weight": 0.056}}, {"type": "Feature", "geometry": {"type": "Point", "coordinates": [-0.3135, 51.36742]}, "properties": {"cell": "E517_N164", "weight": 0.056}}, {"type": "Feature", "geometry": {"type": "Point", "coordinates": [0.0478, 51.41562]}, "properties": {"cell": "E542_N170", "weight": 0.056}}, {"type": "Feature", "geometry": {"type": "Point", "coordinates": [0.09132, 51.42384]}, "properties": {"cell": "E545_N171", "weight": 0.056}}, {"type": "Feature", "geometry": {"type": "Point", "coordinates": [0.22591, 51.52928]}, "properties": {"cell": "E554_N183", "weight": 0.056}}, {"type": "Feature", "geometry": {"type": "Point", "coordinates": [-0.43506, 51.59391]}, "properties": {"cell": "E508_N189", "weight": 0.056}}, {"type": "Feature", "geometry": {"type": "Point", "coordinates": [-0.15702, 51.32909]}, "properties": {"cell": "E528_N160", "weight": 0.056}}, {"type": "Feature", "geometry": {"type": "Point", "coordinates": [0.04901, 51.44257]}, "properties": {"cell": "E542_N173", "weight": 0.056}}, {"type": "Feature", "geometry": {"type": "Point", "coordinates": [0.08968, 51.3879]}, "properties": {"cell": "E545_N167", "weight": 0.056}}, {"type": "Feature", "geometry": {"type": "Point", "coordinates": [0.18701, 51.61994]}, "properties": {"cell": "E551_N193", "weight": 0.056}}, {"type": "Feature", "geometry": {"type": "Point", "coordinates": [0.07858, 51.46004]}, "properties": {"cell": "E544_N175", "weight": 0.056}}, {"type": "Feature", "geometry": {"type": "Point", "coordinates": [0.14243, 51.59378]}, "properties": {"cell": "E548_N190", "weight": 0.056}}, {"type": "Feature", "geometry": {"type": "Point", "coordinates": [0.14545, 51.35092]}, "properties": {"cell": "E549_N163", "weight": 0.056}}, {"type": "Feature", "geometry": {"type": "Point", "coordinates": [-0.09908, 51.68787]}, "properties": {"cell": "E531_N200", "weight": 0.056}}, {"type": "Feature", "geometry": {"type": "Point", "coordinates": [-0.47865, 51.58549]}, "properties": {"cell": "E505_N188", "weight": 0.056}}, {"type": "Feature", "geometry": {"type": "Point", "coordinates": [-0.04188, 51.33621]}, "properties": {"cell": "E536_N161", "weight": 0.056}}, {"type": "Feature", "geometry": {"type": "Point", "coordinates": [0.21631, 51.62838]}, "properties": {"cell": "E553_N194", "weight": 0.056}}, {"type": "Feature", "geometry": {"type": "Point", "coordinates": [-0.23965, 51.42029]}, "properties": {"cell": "E522_N170", "weight": 0.056}}, {"type": "Feature", "geometry": {"type": "Point", "coordinates": [-0.49457, 51.54074]}, "properties": {"cell": "E504_N183", "weight": 0.056}}, {"type": "Feature", "geometry": {"type": "Point", "coordinates": [0.07614, 51.40612]}, "properties": {"cell": "E544_N169", "weight": 0.056}}, {"type": "Feature", "geometry": {"type": "Point", "coordinates": [-0.41184, 51.43174]}, "properties": {"cell": "E510_N171", "weight": 0.056}}, {"type": "Feature", "geometry": {"type": "Point", "coordinates": [-0.45346, 51.47726]}, "properties": {"cell": "E507_N176", "weight": 0.056}}, {"type": "Feature", "geometry": {"type": "Point", "coordinates": [0.09255, 51.4508]}, "properties": {"cell": "E545_N174", "weight": 0.056}}, {"type": "Feature", "geometry": {"type": "Point", "coordinates": [-0.213, 51.36593]}, "properties": {"cell": "E524_N164", "weight": 0.056}}, {"type": "Feature", "geometry": {"type": "Point", "coordinates": [0.0474, 51.40663]}, "properties": {"cell": "E542_N169", "weight": 0.056}}, {"type": "Feature", "geometry": {"type": "Point", "coordinates": [0.23031, 51.61912]}, "properties": {"cell": "E554_N193", "weight": 0.056}}, {"type": "Feature", "geometry": {"type": "Point", "coordinates": [0.22679, 51.54725]}, "properties": {"cell": "E554_N185", "weight": 0.056}}, {"type": "Feature", "geometry": {"type": "Point", "coordinates": [0.21194, 51.53853]}, "properties": {"cell": "E553_N184", "weight": 0.056}}, {"type": "Feature", "geometry": {"type": "Point", "coordinates": [0.13864, 51.51291]}, "properties": {"cell": "E548_N181", "weight": 0.056}}, {"type": "Feature", "geometry": {"type": "Point", "coordinates": [-0.22597, 51.40209]}, "properties": {"cell": "E523_N168", "weight": 0.056}}, {"type": "Feature", "geometry": {"type": "Point", "coordinates": [-0.22492, 51.42906]}, "properties": {"cell": "E523_N171", "weight": 0.056}}, {"type": "Feature", "geometry": {"type": "Point", "coordinates": [-0.40557, 51.6115]}, "properties": {"cell": "E510_N191", "weight": 0.056}}, {"type": "Feature", "geometry": {"type": "Point", "coordinates": [0.08927, 51.37891]}, "properties": {"cell": "E545_N166", "weight": 0.056}}, {"type": "Feature", "geometry": {"type": "Point", "coordinates": [-0.41059, 51.46769]}, "properties": {"cell": "E510_N175", "weight": 0.056}}, {"type": "Feature", "geometry": {"type": "Point", "coordinates": [-0.04073, 51.36317]}, "properties": {"cell": "E536_N164", "weight": 0.056}}, {"type": "Feature", "geometry": {"type": "Point", "coordinates": [-0.3183, 51.62826]}, "properties": {"cell": "E516_N193", "weight": 0.056}}, {"type": "Feature", "geometry": {"type": "Point", "coordinates": [-0.10001, 51.31918]}, "properties": {"cell": "E532_N159", "weight": 0.056}}, {"type": "Feature", "geometry": {"type": "Point", "coordinates": [0.25118, 51.45685]}, "properties": {"cell": "E556_N175", "weight": 0.028}}, {"type": "Feature", "geometry": {"type": "Point", "coordinates": [-0.02952, 51.62377]}, "properties": {"cell": "E536_N193", "weight": 0.028}}, {"type": "Feature", "geometry": {"type": "Point", "coordinates": [-0.02753, 51.33597]}, "properties": {"cell": "E537_N161", "weight": 0.028}}, {"type": "Feature", "geometry": {"type": "Point", "coordinates": [-0.05508, 51.36341]}, "properties": {"cell": "E535_N164", "weight": 0.028}}, {"type": "Feature", "geometry": {"type": "Point", "coordinates": [0.15601, 51.57555]}, "properties": {"cell": "E549_N188", "weight": 0.028}}, {"type": "Feature", "geometry": {"type": "Point", "coordinates": [0.26096, 51.65451]}, "properties": {"cell": "E556_N197", "weight": 0.028}}, {"type": "Feature", "geometry": {"type": "Point", "coordinates": [-0.08454, 51.34591]}, "properties": {"cell": "E533_N162", "weight": 0.028}}, {"type": "Feature", "geometry": {"type": "Point", "coordinates": [0.14286, 51.60277]}, "properties": {"cell": "E548_N191", "weight": 0.028}}, {"type": "Feature", "geometry": {"type": "Point", "coordinates": [-0.35206, 51.49386]}, "properties": {"cell": "E514_N178", "weight": 0.028}}, {"type": "Feature", "geometry": {"type": "Point", "coordinates": [-0.49694, 51.46883]}, "properties": {"cell": "E504_N175", "weight": 0.028}}, {"type": "Feature", "geometry": {"type": "Point", "coordinates": [0.16234, 51.40456]}, "properties": {"cell": "E550_N169", "weight": 0.028}}, {"type": "Feature", "geometry": {"type": "Point", "coordinates": [0.06362, 51.76605]}, "properties": {"cell": "E542_N209", "weight": 0.028}}, {"type": "Feature", "geometry": {"type": "Point", "coordinates": [0.18141, 51.50313]}, "properties": {"cell": "E551_N180", "weight": 0.028}}, {"type": "Feature", "geometry": {"type": "Point", "coordinates": [0.05774, 51.31652]}, "properties": {"cell": "E543_N159", "weight": 0.028}}, {"type": "Feature", "geometry": {"type": "Point", "coordinates": [-0.25368, 51.42949]}, "properties": {"cell": "E521_N171", "weight": 0.028}}, {"type": "Feature", "geometry": {"type": "Point", "coordinates": [-0.49664, 51.47782]}, "properties": {"cell": "E504_N176", "weight": 0.028}}, {"type": "Feature", "geometry": {"type": "Point", "coordinates": [0.13151, 51.36016]}, "properties": {"cell": "E548_N164", "weight": 0.028}}, {"type": "Feature", "geometry": {"type": "Point", "coordinates": [-0.14356, 51.6616]}, "properties": {"cell": "E528_N197", "weight": 0.028}}, {"type": "Feature", "geometry": {"type": "Point", "coordinates": [0.09544, 51.51369]}, "properties": {"cell": "E545_N181", "weight": 0.028}}, {"type": "Feature", "geometry": {"type": "Point", "coordinates": [0.24341, 51.59189]}, "properties": {"cell": "E555_N190", "weight": 0.028}}, {"type": "Feature", "geometry": {"type": "Point", "coordinates": [0.15771, 51.61149]}, "properties": {"cell": "E549_N192", "weight": 0.028}}, {"type": "Feature", "geometry": {"type": "Point", "coordinates": [-0.11398, 51.3284]}, "properties": {"cell": "E531_N160", "weight": 0.028}}, {"type": "Feature", "geometry": {"type": "Point", "coordinates": [0.32399, 51.47342]}, "properties": {"cell": "E561_N177", "weight": 0.028}}, {"type": "Feature", "geometry": {"type": "Point", "coordinates": [-0.02484, 51.7316]}, "properties": {"cell": "E536_N205", "weight": 0.028}}, {"type": "Feature", "geometry": {"type": "Point", "coordinates": [-0.1997, 51.33875]}, "properties": {"cell": "E525_N161", "weight": 0.028}}, {"type": "Feature", "geometry": {"type": "Point", "coordinates": [-0.45921, 51.30648]}, "properties": {"cell": "E507_N157", "weight": 0.028}}, {"type": "Feature", "geometry": {"type": "Point", "coordinates": [0.06056, 51.37942]}, "properties": {"cell": "E543_N166", "weight": 0.028}}, {"type": "Feature", "geometry": {"type": "Point", "coordinates": [-0.18619, 51.68025]}, "properties": {"cell": "E525_N199", "weight": 0.028}}, {"type": "Feature", "geometry": {"type": "Point", "coordinates": [-0.31896, 51.61029]}, "properties": {"cell": "E516_N191", "weight": 0.028}}, {"type": "Feature", "geometry": {"type": "Point", "coordinates": [0.14797, 51.40483]}, "properties": {"cell": "E549_N169", "weight": 0.028}}, {"type": "Feature", "geometry": {"type": "Point", "coordinates": [0.20716, 51.4397]}, "properties": {"cell": "E553_N173", "weight": 0.028}}, {"type": "Feature", "geometry": {"type": "Point", "coordinates": [0.00172, 51.6772]}, "properties": {"cell": "E538_N199", "weight": 0.028}}, {"type": "Feature", "geometry": {"type": "Point", "coordinates": [-0.15666, 51.33808]}, "properties": {"cell": "E528_N161", "weight": 0.028}}, {"type": "Feature", "geometry": {"type": "Point", "coordinates": [-0.36259, 51.60191]}, "properties": {"cell": "E513_N190", "weight": 0.028}}, {"type": "Feature", "geometry": {"type": "Point", "coordinates": [-0.32655, 51.40357]}, "properties": {"cell": "E516_N168", "weight": 0.028}}, {"type": "Feature", "geometry": {"type": "Point", "coordinates": [-0.4363, 51.55796]}, "properties": {"cell": "E508_N185", "weight": 0.028}}, {"type": "Feature", "geometry": {"type": "Point", "coordinates": [-0.25436, 51.41151]}, "properties": {"cell": "E521_N169", "weight": 0.028}}, {"type": "Feature", "geometry": {"type": "Point", "coordinates": [-0.56749, 51.51467]}, "properties": {"cell": "E499_N180", "weight": 0.028}}, {"type": "Feature", "geometry": {"type": "Point", "coordinates": [-0.12942, 51.30167]}, "properties": {"cell": "E530_N157", "weight": 0.028}}, {"type": "Feature", "geometry": {"type": "Point", "coordinates": [-0.37702, 51.60211]}, "properties": {"cell": "E512_N190", "weight": 0.028}}, {"type": "Feature", "geometry": {"type": "Point", "coordinates": [-0.04125, 51.68691]}, "properties": {"cell": "E535_N200", "weight": 0.028}}, {"type": "Feature", "geometry": {"type": "Point", "coordinates": [-0.59658, 51.50603]}, "properties": {"cell": "E497_N179", "weight": 0.028}}, {"type": "Feature", "geometry": {"type": "Point", "coordinates": [-0.51133, 51.46901]}, "properties": {"cell": "E503_N175", "weight": 0.028}}, {"type": "Feature", "geometry": {"type": "Point", "coordinates": [0.13277, 51.38712]}, "properties": {"cell": "E548_N167", "weight": 0.028}}, {"type": "Feature", "geometry": {"type": "Point", "coordinates": [0.11484, 51.62126]}, "properties": {"cell": "E546_N193", "weight": 0.028}}, {"type": "Feature", "geometry": {"type": "Point", "coordinates": [0.27046, 51.5554]}, "properties": {"cell": "E557_N186", "weight": 0.028}}, {"type": "Feature", "geometry": {"type": "Point", "coordinates": [-0.54126, 51.43342]}, "properties": {"cell": "E501_N171", "weight": 0.028}}, {"type": "Feature", "geometry": {"type": "Point", "coordinates": [0.26778, 51.5015]}, "properties": {"cell": "E557_N180", "weight": 0.028}}, {"type": "Feature", "geometry": {"type": "Point", "coordinates": [-0.01202, 51.36269]}, "properties": {"cell": "E538_N164", "weight": 0.028}}, {"type": "Feature", "geometry": {"type": "Point", "coordinates": [0.10281, 51.36068]}, "properties": {"cell": "E546_N164", "weight": 0.028}}, {"type": "Feature", "geometry": {"type": "Point", "coordinates": [-0.15989, 51.25719]}, "properties": {"cell": "E528_N152", "weight": 0.028}}, {"type": "Feature", "geometry": {"type": "Point", "coordinates": [0.05653, 51.28956]}, "properties": {"cell": "E543_N156", "weight": 0.028}}, {"type": "Feature", "geometry": {"type": "Point", "coordinates": [-0.27395, 51.6546]}, "properties": {"cell": "E519_N196", "weight": 0.028}}, {"type": "Feature", "geometry": {"type": "Point", "coordinates": [-0.05622, 51.33645]}, "properties": {"cell": "E535_N161", "weight": 0.028}}, {"type": "Feature", "geometry": {"type": "Point", "coordinates": [-0.18798, 51.63532]}, "properties": {"cell": "E525_N194", "weight": 0.028}}, {"type": "Feature", "geometry": {"type": "Point", "coordinates": [-0.15764, 51.67081]}, "properties": {"cell": "E527_N198", "weight": 0.028}}, {"type": "Feature", "geometry": {"type": "Point", "coordinates": [0.05669, 51.6133]}, "properties": {"cell": "E542_N192", "weight": 0.028}}, {"type": "Feature", "geometry": {"type": "Point", "coordinates": [0.20803, 51.45767]}, "properties": {"cell": "E553_N175", "weight": 0.028}}, {"type": "Feature", "geometry": {"type": "Point", "coordinates": [-0.34092, 51.40378]}, "properties": {"cell": "E515_N168", "weight": 0.028}}, {"type": "Feature", "geometry": {"type": "Point", "coordinates": [-0.21055, 51.42884]}, "properties": {"cell": "E524_N171", "weight": 0.028}}, {"type": "Feature", "geometry": {"type": "Point", "coordinates": [-0.39777, 51.42255]}, "properties": {"cell": "E511_N170", "weight": 0.028}}, {"type": "Feature", "geometry": {"type": "Point", "coordinates": [-0.58161, 51.52384]}, "properties": {"cell": "E498_N181", "weight": 0.028}}, {"type": "Feature", "geometry": {"type": "Point", "coordinates": [-0.46483, 51.56733]}, "properties": {"cell": "E506_N186", "weight": 0.028}}, {"type": "Feature", "geometry": {"type": "Point", "coordinates": [0.04266, 51.62254]}, "properties": {"cell": "E541_N193", "weight": 0.028}}, {"type": "Feature", "geometry": {"type": "Point", "coordinates": [-0.25985, 51.6454]}, "properties": {"cell": "E520_N195", "weight": 0.028}}, {"type": "Feature", "geometry": {"type": "Point", "coordinates": [-0.6118, 51.47924]}, "properties": {"cell": "E496_N176", "weight": 0.028}}, {"type": "Feature", "geometry": {"type": "Point", "coordinates": [0.20014, 51.59271]}, "properties": {"cell": "E552_N190", "weight": 0.028}}, {"type": "Feature", "geometry": {"type": "Point", "coordinates": [-0.17136, 51.32931]}, "properties": {"cell": "E527_N160", "weight": 0.028}}, {"type": "Feature", "geometry": {"type": "Point", "coordinates": [-0.29514, 51.47506]}, "properties": {"cell": "E518_N176", "weight": 0.028}}, {"type": "Feature", "geometry": {"type": "Point", "coordinates": [-0.15738, 51.3201]}, "properties": {"cell": "E528_N159", "weight": 0.028}}, {"type": "Feature", "geometry": {"type": "Point", "coordinates": [0.201, 51.61068]}, "properties": {"cell": "E552_N192", "weight": 0.028}}, {"type": "Feature", "geometry": {"type": "Point", "coordinates": [0.17798, 51.43125]}, "properties": {"cell": "E551_N172", "weight": 0.028}}, {"type": "Feature", "geometry": {"type": "Point", "coordinates": [-0.37445, 51.67401]}, "properties": {"cell": "E512_N198", "weight": 0.028}}, {"type": "Feature", "geometry": {"type": "Point", "coordinates": [-0.15655, 51.69777]}, "properties": {"cell": "E527_N201", "weight": 0.028}}, {"type": "Feature", "geometry": {"type": "Point", "coordinates": [-0.17065, 51.34729]}, "properties": {"cell": "E527_N162", "weight": 0.028}}, {"type": "Feature", "geometry": {"type": "Point", "coordinates": [0.24208, 51.56494]}, "properties": {"cell": "E555_N187", "weight": 0.028}}, {"type": "Feature", "geometry": {"type": "Point", "coordinates": [-0.01391, 51.65049]}, "properties": {"cell": "E537_N196", "weight": 0.028}}, {"type": "Feature", "geometry": {"type": "Point", "coordinates": [0.03025, 51.34398]}, "properties": {"cell": "E541_N162", "weight": 0.028}}, {"type": "Feature", "geometry": {"type": "Point", "coordinates": [-0.32811, 51.75429]}, "properties": {"cell": "E515_N207", "weight": 0.028}}, {"type": "Feature", "geometry": {"type": "Point", "coordinates": [-0.49249, 51.60365]}, "properties": {"cell": "E504_N190", "weight": 0.028}}, {"type": "Feature", "geometry": {"type": "Point", "coordinates": [-0.07019, 51.34568]}, "properties": {"cell": "E534_N162", "weight": 0.028}}, {"type": "Feature", "geometry": {"type": "Point", "coordinates": [-0.06944, 51.36365]}, "properties": {"cell": "E534_N164", "weight": 0.028}}, {"type": "Feature", "geometry": {"type": "Point", "coordinates": [0.11716, 51.36042]}, "properties": {"cell": "E547_N164", "weight": 0.028}}, {"type": "Feature", "geometry": {"type": "Point", "coordinates": [-0.21368, 51.71664]}, "properties": {"cell": "E523_N203", "weight": 0.028}}, {"type": "Feature", "geometry": {"type": "Point", "coordinates": [0.11358, 51.5943]}, "properties": {"cell": "E546_N190", "weight": 0.028}}, {"type": "Feature", "geometry": {"type": "Point", "coordinates": [0.12007, 51.42332]}, "properties": {"cell": "E547_N171", "weight": 0.028}}, {"type": "Feature", "geometry": {"type": "Point", "coordinates": [-0.23096, 51.64496]}, "properties": {"cell": "E522_N195", "weight": 0.028}}, {"type": "Feature", "geometry": {"type": "Point", "coordinates": [0.2076, 51.44869]}, "properties": {"cell": "E553_N174", "weight": 0.028}}, {"type": "Feature", "geometry": {"type": "Point", "coordinates": [0.16361, 51.43152]}, "properties": {"cell": "E550_N172", "weight": 0.028}}, {"type": "Feature", "geometry": {"type": "Point", "coordinates": [0.22503, 51.51131]}, "properties": {"cell": "E554_N181", "weight": 0.028}}, {"type": "Feature", "geometry": {"type": "Point", "coordinates": [-0.38955, 51.65624]}, "properties": {"cell": "E511_N196", "weight": 0.028}}, {"type": "Feature", "geometry": {"type": "Point", "coordinates": [-0.2454, 51.64518]}, "properties": {"cell": "E521_N195", "weight": 0.028}}, {"type": "Feature", "geometry": {"type": "Point", "coordinates": [0.05831, 51.64924]}, "properties": {"cell": "E542_N196", "weight": 0.028}}, {"type": "Feature", "geometry": {"type": "Point", "coordinates": [-0.2393, 51.42927]}, "properties": {"cell": "E522_N171", "weight": 0.028}}, {"type": "Feature", "geometry": {"type": "Point", "coordinates": [0.04347, 51.64051]}, "properties": {"cell": "E541_N195", "weight": 0.028}}, {"type": "Feature", "geometry": {"type": "Point", "coordinates": [-0.28512, 51.35801]}, "properties": {"cell": "E519_N163", "weight": 0.028}}, {"type": "Feature", "geometry": {"type": "Point", "coordinates": [0.0856, 51.29804]}, "properties": {"cell": "E545_N157", "weight": 0.028}}, {"type": "Feature", "geometry": {"type": "Point", "coordinates": [0.19322, 51.44896]}, "properties": {"cell": "E552_N174", "weight": 0.028}}, {"type": "Feature", "geometry": {"type": "Point", "coordinates": [0.07071, 51.60406]}, "properties": {"cell": "E543_N191", "weight": 0.028}}, {"type": "Feature", "geometry": {"type": "Point", "coordinates": [0.07235, 51.64]}, "properties": {"cell": "E543_N195", "weight": 0.028}}, {"type": "Feature", "geometry": {"type": "Point", "coordinates": [-0.45528, 51.42333]}, "properties": {"cell": "E507_N170", "weight": 0.028}}, {"type": "Feature", "geometry": {"type": "Point", "coordinates": [-0.37316, 51.70996]}, "properties": {"cell": "E512_N202", "weight": 0.028}}, {"type": "Feature", "geometry": {"type": "Point", "coordinates": [-0.25402, 51.4205]}, "properties": {"cell": "E521_N170", "weight": 0.028}}, {"type": "Feature", "geometry": {"type": "Point", "coordinates": [0.33884, 51.48211]}, "properties": {"cell": "E562_N178", "weight": 0.028}}, {"type": "Feature", "geometry": {"type": "Point", "coordinates": [0.05854, 51.33449]}, "properties": {"cell": "E543_N161", "weight": 0.028}}, {"type": "Feature", "geometry": {"type": "Point", "coordinates": [0.35833, 51.58065]}, "properties": {"cell": "E563_N189", "weight": 0.028}}, {"type": "Feature", "geometry": {"type": "Point", "coordinates": [0.0642, 51.46029]}, "properties": {"cell": "E543_N175", "weight": 0.028}}, {"type": "Feature", "geometry": {"type": "Point", "coordinates": [-0.48225, 51.47763]}, "properties": {"cell": "E505_N176", "weight": 0.028}}, {"type": "Feature", "geometry": {"type": "Point", "coordinates": [-0.04086, 51.6959]}, "properties": {"cell": "E535_N201", "weight": 0.028}}, {"type": "Feature", "geometry": {"type": "Point", "coordinates": [-0.34685, 51.63766]}, "properties": {"cell": "E514_N194", "weight": 0.028}}, {"type": "Feature", "geometry": {"type": "Point", "coordinates": [-0.33274, 51.62847]}, "properties": {"cell": "E515_N193", "weight": 0.028}}, {"type": "Feature", "geometry": {"type": "Point", "coordinates": [0.14839, 51.41381]}, "properties": {"cell": "E549_N170", "weight": 0.028}}, {"type": "Feature", "geometry": {"type": "Point", "coordinates": [0.14755, 51.39584]}, "properties": {"cell": "E549_N168", "weight": 0.028}}, {"type": "Feature", "geometry": {"type": "Point", "coordinates": [-0.28142, 51.45688]}, "properties": {"cell": "E519_N174", "weight": 0.028}}, {"type": "Feature", "geometry": {"type": "Point", "coordinates": [-0.15774, 51.31111]}, "properties": {"cell": "E528_N158", "weight": 0.028}}, {"type": "Feature", "geometry": {"type": "Point", "coordinates": [0.02862, 51.63177]}, "properties": {"cell": "E540_N194", "weight": 0.028}}, {"type": "Feature", "geometry": {"type": "Point", "coordinates": [0.30338, 51.6357]}, "properties": {"cell": "E559_N195", "weight": 0.028}}, {"type": "Feature", "geometry": {"type": "Point", "coordinates": [0.22854, 51.58318]}, "properties": {"cell": "E554_N189", "weight": 0.028}}, {"type": "Feature", "geometry": {"type": "Point", "coordinates": [-0.46785, 51.47744]}, "properties": {"cell": "E506_N176", "weight": 0.028}}, {"type": "Feature", "geometry": {"type": "Point", "coordinates": [-0.05455, 51.71411]}, "properties": {"cell": "E534_N203", "weight": 0.028}}, {"type": "Feature", "geometry": {"type": "Point", "coordinates": [-0.43321, 51.64784]}, "properties": {"cell": "E508_N195", "weight": 0.028}}, {"type": "Feature", "geometry": {"type": "Point", "coordinates": [-0.44919, 51.60309]}, "properties": {"cell": "E507_N190", "weight": 0.028}}, {"type": "Feature", "geometry": {"type": "Point", "coordinates": [-0.10075, 51.30121]}, "properties": {"cell": "E532_N157", "weight": 0.028}}, {"type": "Feature", "geometry": {"type": "Point", "coordinates": [-0.24171, 51.36636]}, "properties": {"cell": "E522_N164", "weight": 0.028}}, {"type": "Feature", "geometry": {"type": "Point", "coordinates": [0.28083, 51.47426]}, "properties": {"cell": "E558_N177", "weight": 0.028}}]}