Traceback (most recent call last):
  File "/home/nvidia/sixwatch/agent.py", line 330, in <module>
    main()
  File "/home/nvidia/sixwatch/agent.py", line 326, in main
    patrol(speak=a.speak)
  File "/home/nvidia/sixwatch/agent.py", line 260, in patrol
    notables = d.filter(
               ^^^^^^^^^
  File "/home/nvidia/sixwatch/.venv/lib/python3.12/site-packages/polars/dataframe/frame.py", line 5521, in filter
    .collect(optimizations=QueryOptFlags._eager())
     ^^^^^^^^^^^^^^^^^^^^^^^^^^^^^^^^^^^^^^^^^^^^^
  File "/home/nvidia/sixwatch/.venv/lib/python3.12/site-packages/polars/_utils/deprecation.py", line 97, in wrapper
    return function(*args, **kwargs)
           ^^^^^^^^^^^^^^^^^^^^^^^^^
  File "/home/nvidia/sixwatch/.venv/lib/python3.12/site-packages/polars/lazyframe/opt_flags.py", line 343, in wrapper
    return function(*args, **kwargs)
           ^^^^^^^^^^^^^^^^^^^^^^^^^
  File "/home/nvidia/sixwatch/.venv/lib/python3.12/site-packages/polars/lazyframe/frame.py", line 2630, in collect
    return wrap_df(ldf.collect(engine, callback))
                   ^^^^^^^^^^^^^^^^^^^^^^^^^^^^^
polars.exceptions.ColumnNotFoundError: unable to find column "NumCalls"; valid columns: ["IncidentNumber", "DateOfCall", "CalYear", "HourOfCall", "IncidentGroup", "StopCodeDescription", "PropertyCategory", "IncGeo_BoroughName", "IncGeo_WardName", "Easting_rounded", "Northing_rounded", "IncidentStationGround", "FirstPumpArriving_AttendanceTime", "FirstPumpArriving_DeployedFromStation", "SecondPumpArriving_AttendanceTime", "SecondPumpArriving_DeployedFromStation", "NumPumpsAttending", "PumpMinutesRounded"]
Sat Jun  6 05:20:23 PM UTC 2026 patrol exited rc=0 — restarting in 5s
Traceback (most recent call last):
  File "/home/nvidia/sixwatch/agent.py", line 330, in <module>
    main()
  File "/home/nvidia/sixwatch/agent.py", line 326, in main
    patrol(speak=a.speak)
  File "/home/nvidia/sixwatch/agent.py", line 260, in patrol
    notables = d.filter(
               ^^^^^^^^^
  File "/home/nvidia/sixwatch/.venv/lib/python3.12/site-packages/polars/dataframe/frame.py", line 5521, in filter
    .collect(optimizations=QueryOptFlags._eager())
     ^^^^^^^^^^^^^^^^^^^^^^^^^^^^^^^^^^^^^^^^^^^^^
  File "/home/nvidia/sixwatch/.venv/lib/python3.12/site-packages/polars/_utils/deprecation.py", line 97, in wrapper
    return function(*args, **kwargs)
           ^^^^^^^^^^^^^^^^^^^^^^^^^
  File "/home/nvidia/sixwatch/.venv/lib/python3.12/site-packages/polars/lazyframe/opt_flags.py", line 343, in wrapper
    return function(*args, **kwargs)
           ^^^^^^^^^^^^^^^^^^^^^^^^^
  File "/home/nvidia/sixwatch/.venv/lib/python3.12/site-packages/polars/lazyframe/frame.py", line 2630, in collect
    return wrap_df(ldf.collect(engine, callback))
                   ^^^^^^^^^^^^^^^^^^^^^^^^^^^^^
polars.exceptions.ColumnNotFoundError: unable to find column "NumCalls"; valid columns: ["IncidentNumber", "DateOfCall", "CalYear", "HourOfCall", "IncidentGroup", "StopCodeDescription", "PropertyCategory", "IncGeo_BoroughName", "IncGeo_WardName", "Easting_rounded", "Northing_rounded", "IncidentStationGround", "FirstPumpArriving_AttendanceTime", "FirstPumpArriving_DeployedFromStation", "SecondPumpArriving_AttendanceTime", "SecondPumpArriving_DeployedFromStation", "NumPumpsAttending", "PumpMinutesRounded"]
Sat Jun  6 05:20:29 PM UTC 2026 patrol exited rc=0 — restarting in 5s
Traceback (most recent call last):
  File "/home/nvidia/sixwatch/agent.py", line 330, in <module>
    main()
  File "/home/nvidia/sixwatch/agent.py", line 326, in main
    patrol(speak=a.speak)
  File "/home/nvidia/sixwatch/agent.py", line 260, in patrol
    notables = d.filter(
               ^^^^^^^^^
  File "/home/nvidia/sixwatch/.venv/lib/python3.12/site-packages/polars/dataframe/frame.py", line 5521, in filter
    .collect(optimizations=QueryOptFlags._eager())
     ^^^^^^^^^^^^^^^^^^^^^^^^^^^^^^^^^^^^^^^^^^^^^
  File "/home/nvidia/sixwatch/.venv/lib/python3.12/site-packages/polars/_utils/deprecation.py", line 97, in wrapper
    return function(*args, **kwargs)
           ^^^^^^^^^^^^^^^^^^^^^^^^^
  File "/home/nvidia/sixwatch/.venv/lib/python3.12/site-packages/polars/lazyframe/opt_flags.py", line 343, in wrapper
    return function(*args, **kwargs)
           ^^^^^^^^^^^^^^^^^^^^^^^^^
  File "/home/nvidia/sixwatch/.venv/lib/python3.12/site-packages/polars/lazyframe/frame.py", line 2630, in collect
    return wrap_df(ldf.collect(engine, callback))
                   ^^^^^^^^^^^^^^^^^^^^^^^^^^^^^
polars.exceptions.ColumnNotFoundError: unable to find column "NumCalls"; valid columns: ["IncidentNumber", "DateOfCall", "CalYear", "HourOfCall", "IncidentGroup", "StopCodeDescription", "PropertyCategory", "IncGeo_BoroughName", "IncGeo_WardName", "Easting_rounded", "Northing_rounded", "IncidentStationGround", "FirstPumpArriving_AttendanceTime", "FirstPumpArriving_DeployedFromStation", "SecondPumpArriving_AttendanceTime", "SecondPumpArriving_DeployedFromStation", "NumPumpsAttending", "PumpMinutesRounded"]
Sat Jun  6 05:20:34 PM UTC 2026 patrol exited rc=0 — restarting in 5s
Traceback (most recent call last):
  File "/home/nvidia/sixwatch/agent.py", line 330, in <module>
    main()
  File "/home/nvidia/sixwatch/agent.py", line 326, in main
    patrol(speak=a.speak)
  File "/home/nvidia/sixwatch/agent.py", line 260, in patrol
    notables = d.filter(
               ^^^^^^^^^
  File "/home/nvidia/sixwatch/.venv/lib/python3.12/site-packages/polars/dataframe/frame.py", line 5521, in filter
    .collect(optimizations=QueryOptFlags._eager())
     ^^^^^^^^^^^^^^^^^^^^^^^^^^^^^^^^^^^^^^^^^^^^^
  File "/home/nvidia/sixwatch/.venv/lib/python3.12/site-packages/polars/_utils/deprecation.py", line 97, in wrapper
    return function(*args, **kwargs)
           ^^^^^^^^^^^^^^^^^^^^^^^^^
  File "/home/nvidia/sixwatch/.venv/lib/python3.12/site-packages/polars/lazyframe/opt_flags.py", line 343, in wrapper
    return function(*args, **kwargs)
           ^^^^^^^^^^^^^^^^^^^^^^^^^
  File "/home/nvidia/sixwatch/.venv/lib/python3.12/site-packages/polars/lazyframe/frame.py", line 2630, in collect
    return wrap_df(ldf.collect(engine, callback))
                   ^^^^^^^^^^^^^^^^^^^^^^^^^^^^^
polars.exceptions.ColumnNotFoundError: unable to find column "NumCalls"; valid columns: ["IncidentNumber", "DateOfCall", "CalYear", "HourOfCall", "IncidentGroup", "StopCodeDescription", "PropertyCategory", "IncGeo_BoroughName", "IncGeo_WardName", "Easting_rounded", "Northing_rounded", "IncidentStationGround", "FirstPumpArriving_AttendanceTime", "FirstPumpArriving_DeployedFromStation", "SecondPumpArriving_AttendanceTime", "SecondPumpArriving_DeployedFromStation", "NumPumpsAttending", "PumpMinutesRounded"]
Sat Jun  6 05:20:40 PM UTC 2026 patrol exited rc=0 — restarting in 5s
Traceback (most recent call last):
  File "/home/nvidia/sixwatch/agent.py", line 330, in <module>
    main()
  File "/home/nvidia/sixwatch/agent.py", line 326, in main
    patrol(speak=a.speak)
  File "/home/nvidia/sixwatch/agent.py", line 260, in patrol
    notables = d.filter(
               ^^^^^^^^^
  File "/home/nvidia/sixwatch/.venv/lib/python3.12/site-packages/polars/dataframe/frame.py", line 5521, in filter
    .collect(optimizations=QueryOptFlags._eager())
     ^^^^^^^^^^^^^^^^^^^^^^^^^^^^^^^^^^^^^^^^^^^^^
  File "/home/nvidia/sixwatch/.venv/lib/python3.12/site-packages/polars/_utils/deprecation.py", line 97, in wrapper
    return function(*args, **kwargs)
           ^^^^^^^^^^^^^^^^^^^^^^^^^
  File "/home/nvidia/sixwatch/.venv/lib/python3.12/site-packages/polars/lazyframe/opt_flags.py", line 343, in wrapper
    return function(*args, **kwargs)
           ^^^^^^^^^^^^^^^^^^^^^^^^^
  File "/home/nvidia/sixwatch/.venv/lib/python3.12/site-packages/polars/lazyframe/frame.py", line 2630, in collect
    return wrap_df(ldf.collect(engine, callback))
                   ^^^^^^^^^^^^^^^^^^^^^^^^^^^^^
polars.exceptions.ColumnNotFoundError: unable to find column "NumCalls"; valid columns: ["IncidentNumber", "DateOfCall", "CalYear", "HourOfCall", "IncidentGroup", "StopCodeDescription", "PropertyCategory", "IncGeo_BoroughName", "IncGeo_WardName", "Easting_rounded", "Northing_rounded", "IncidentStationGround", "FirstPumpArriving_AttendanceTime", "FirstPumpArriving_DeployedFromStation", "SecondPumpArriving_AttendanceTime", "SecondPumpArriving_DeployedFromStation", "NumPumpsAttending", "PumpMinutesRounded"]
Sat Jun  6 05:20:45 PM UTC 2026 patrol exited rc=0 — restarting in 5s
Traceback (most recent call last):
  File "/home/nvidia/sixwatch/agent.py", line 330, in <module>
    main()
  File "/home/nvidia/sixwatch/agent.py", line 326, in main
    patrol(speak=a.speak)
  File "/home/nvidia/sixwatch/agent.py", line 260, in patrol
    notables = d.filter(
               ^^^^^^^^^
  File "/home/nvidia/sixwatch/.venv/lib/python3.12/site-packages/polars/dataframe/frame.py", line 5521, in filter
    .collect(optimizations=QueryOptFlags._eager())
     ^^^^^^^^^^^^^^^^^^^^^^^^^^^^^^^^^^^^^^^^^^^^^
  File "/home/nvidia/sixwatch/.venv/lib/python3.12/site-packages/polars/_utils/deprecation.py", line 97, in wrapper
    return function(*args, **kwargs)
           ^^^^^^^^^^^^^^^^^^^^^^^^^
  File "/home/nvidia/sixwatch/.venv/lib/python3.12/site-packages/polars/lazyframe/opt_flags.py", line 343, in wrapper
    return function(*args, **kwargs)
           ^^^^^^^^^^^^^^^^^^^^^^^^^
  File "/home/nvidia/sixwatch/.venv/lib/python3.12/site-packages/polars/lazyframe/frame.py", line 2630, in collect
    return wrap_df(ldf.collect(engine, callback))
                   ^^^^^^^^^^^^^^^^^^^^^^^^^^^^^
polars.exceptions.ColumnNotFoundError: unable to find column "NumCalls"; valid columns: ["IncidentNumber", "DateOfCall", "CalYear", "HourOfCall", "IncidentGroup", "StopCodeDescription", "PropertyCategory", "IncGeo_BoroughName", "IncGeo_WardName", "Easting_rounded", "Northing_rounded", "IncidentStationGround", "FirstPumpArriving_AttendanceTime", "FirstPumpArriving_DeployedFromStation", "SecondPumpArriving_AttendanceTime", "SecondPumpArriving_DeployedFromStation", "NumPumpsAttending", "PumpMinutesRounded"]
Sat Jun  6 05:20:51 PM UTC 2026 patrol exited rc=0 — restarting in 5s
Traceback (most recent call last):
  File "/home/nvidia/sixwatch/agent.py", line 330, in <module>
    main()
  File "/home/nvidia/sixwatch/agent.py", line 326, in main
    patrol(speak=a.speak)
  File "/home/nvidia/sixwatch/agent.py", line 260, in patrol
    notables = d.filter(
               ^^^^^^^^^
  File "/home/nvidia/sixwatch/.venv/lib/python3.12/site-packages/polars/dataframe/frame.py", line 5521, in filter
    .collect(optimizations=QueryOptFlags._eager())
     ^^^^^^^^^^^^^^^^^^^^^^^^^^^^^^^^^^^^^^^^^^^^^
  File "/home/nvidia/sixwatch/.venv/lib/python3.12/site-packages/polars/_utils/deprecation.py", line 97, in wrapper
    return function(*args, **kwargs)
           ^^^^^^^^^^^^^^^^^^^^^^^^^
  File "/home/nvidia/sixwatch/.venv/lib/python3.12/site-packages/polars/lazyframe/opt_flags.py", line 343, in wrapper
    return function(*args, **kwargs)
           ^^^^^^^^^^^^^^^^^^^^^^^^^
  File "/home/nvidia/sixwatch/.venv/lib/python3.12/site-packages/polars/lazyframe/frame.py", line 2630, in collect
    return wrap_df(ldf.collect(engine, callback))
                   ^^^^^^^^^^^^^^^^^^^^^^^^^^^^^
polars.exceptions.ColumnNotFoundError: unable to find column "NumCalls"; valid columns: ["IncidentNumber", "DateOfCall", "CalYear", "HourOfCall", "IncidentGroup", "StopCodeDescription", "PropertyCategory", "IncGeo_BoroughName", "IncGeo_WardName", "Easting_rounded", "Northing_rounded", "IncidentStationGround", "FirstPumpArriving_AttendanceTime", "FirstPumpArriving_DeployedFromStation", "SecondPumpArriving_AttendanceTime", "SecondPumpArriving_DeployedFromStation", "NumPumpsAttending", "PumpMinutesRounded"]
Sat Jun  6 05:20:57 PM UTC 2026 patrol exited rc=0 — restarting in 5s
Traceback (most recent call last):
  File "/home/nvidia/sixwatch/agent.py", line 330, in <module>
    main()
  File "/home/nvidia/sixwatch/agent.py", line 326, in main
    patrol(speak=a.speak)
  File "/home/nvidia/sixwatch/agent.py", line 260, in patrol
    notables = d.filter(
               ^^^^^^^^^
  File "/home/nvidia/sixwatch/.venv/lib/python3.12/site-packages/polars/dataframe/frame.py", line 5521, in filter
    .collect(optimizations=QueryOptFlags._eager())
     ^^^^^^^^^^^^^^^^^^^^^^^^^^^^^^^^^^^^^^^^^^^^^
  File "/home/nvidia/sixwatch/.venv/lib/python3.12/site-packages/polars/_utils/deprecation.py", line 97, in wrapper
    return function(*args, **kwargs)
           ^^^^^^^^^^^^^^^^^^^^^^^^^
  File "/home/nvidia/sixwatch/.venv/lib/python3.12/site-packages/polars/lazyframe/opt_flags.py", line 343, in wrapper
    return function(*args, **kwargs)
           ^^^^^^^^^^^^^^^^^^^^^^^^^
  File "/home/nvidia/sixwatch/.venv/lib/python3.12/site-packages/polars/lazyframe/frame.py", line 2630, in collect
    return wrap_df(ldf.collect(engine, callback))
                   ^^^^^^^^^^^^^^^^^^^^^^^^^^^^^
polars.exceptions.ColumnNotFoundError: unable to find column "NumCalls"; valid columns: ["IncidentNumber", "DateOfCall", "CalYear", "HourOfCall", "IncidentGroup", "StopCodeDescription", "PropertyCategory", "IncGeo_BoroughName", "IncGeo_WardName", "Easting_rounded", "Northing_rounded", "IncidentStationGround", "FirstPumpArriving_AttendanceTime", "FirstPumpArriving_DeployedFromStation", "SecondPumpArriving_AttendanceTime", "SecondPumpArriving_DeployedFromStation", "NumPumpsAttending", "PumpMinutesRounded"]
Sat Jun  6 05:21:02 PM UTC 2026 patrol exited rc=0 — restarting in 5s
Traceback (most recent call last):
  File "/home/nvidia/sixwatch/agent.py", line 330, in <module>
    main()
  File "/home/nvidia/sixwatch/agent.py", line 326, in main
    patrol(speak=a.speak)
  File "/home/nvidia/sixwatch/agent.py", line 260, in patrol
    notables = d.filter(
               ^^^^^^^^^
  File "/home/nvidia/sixwatch/.venv/lib/python3.12/site-packages/polars/dataframe/frame.py", line 5521, in filter
    .collect(optimizations=QueryOptFlags._eager())
     ^^^^^^^^^^^^^^^^^^^^^^^^^^^^^^^^^^^^^^^^^^^^^
  File "/home/nvidia/sixwatch/.venv/lib/python3.12/site-packages/polars/_utils/deprecation.py", line 97, in wrapper
    return function(*args, **kwargs)
           ^^^^^^^^^^^^^^^^^^^^^^^^^
  File "/home/nvidia/sixwatch/.venv/lib/python3.12/site-packages/polars/lazyframe/opt_flags.py", line 343, in wrapper
    return function(*args, **kwargs)
           ^^^^^^^^^^^^^^^^^^^^^^^^^
  File "/home/nvidia/sixwatch/.venv/lib/python3.12/site-packages/polars/lazyframe/frame.py", line 2630, in collect
    return wrap_df(ldf.collect(engine, callback))
                   ^^^^^^^^^^^^^^^^^^^^^^^^^^^^^
polars.exceptions.ColumnNotFoundError: unable to find column "NumCalls"; valid columns: ["IncidentNumber", "DateOfCall", "CalYear", "HourOfCall", "IncidentGroup", "StopCodeDescription", "PropertyCategory", "IncGeo_BoroughName", "IncGeo_WardName", "Easting_rounded", "Northing_rounded", "IncidentStationGround", "FirstPumpArriving_AttendanceTime", "FirstPumpArriving_DeployedFromStation", "SecondPumpArriving_AttendanceTime", "SecondPumpArriving_DeployedFromStation", "NumPumpsAttending", "PumpMinutesRounded"]
Sat Jun  6 05:21:08 PM UTC 2026 patrol exited rc=0 — restarting in 5s
Traceback (most recent call last):
  File "/home/nvidia/sixwatch/agent.py", line 330, in <module>
    main()
  File "/home/nvidia/sixwatch/agent.py", line 326, in main
    patrol(speak=a.speak)
  File "/home/nvidia/sixwatch/agent.py", line 260, in patrol
    notables = d.filter(
               ^^^^^^^^^
  File "/home/nvidia/sixwatch/.venv/lib/python3.12/site-packages/polars/dataframe/frame.py", line 5521, in filter
    .collect(optimizations=QueryOptFlags._eager())
     ^^^^^^^^^^^^^^^^^^^^^^^^^^^^^^^^^^^^^^^^^^^^^
  File "/home/nvidia/sixwatch/.venv/lib/python3.12/site-packages/polars/_utils/deprecation.py", line 97, in wrapper
    return function(*args, **kwargs)
           ^^^^^^^^^^^^^^^^^^^^^^^^^
  File "/home/nvidia/sixwatch/.venv/lib/python3.12/site-packages/polars/lazyframe/opt_flags.py", line 343, in wrapper
    return function(*args, **kwargs)
           ^^^^^^^^^^^^^^^^^^^^^^^^^
  File "/home/nvidia/sixwatch/.venv/lib/python3.12/site-packages/polars/lazyframe/frame.py", line 2630, in collect
    return wrap_df(ldf.collect(engine, callback))
                   ^^^^^^^^^^^^^^^^^^^^^^^^^^^^^
polars.exceptions.ColumnNotFoundError: unable to find column "NumCalls"; valid columns: ["IncidentNumber", "DateOfCall", "CalYear", "HourOfCall", "IncidentGroup", "StopCodeDescription", "PropertyCategory", "IncGeo_BoroughName", "IncGeo_WardName", "Easting_rounded", "Northing_rounded", "IncidentStationGround", "FirstPumpArriving_AttendanceTime", "FirstPumpArriving_DeployedFromStation", "SecondPumpArriving_AttendanceTime", "SecondPumpArriving_DeployedFromStation", "NumPumpsAttending", "PumpMinutesRounded"]
Sat Jun  6 05:21:13 PM UTC 2026 patrol exited rc=0 — restarting in 5s
Traceback (most recent call last):
  File "/home/nvidia/sixwatch/agent.py", line 330, in <module>
    main()
  File "/home/nvidia/sixwatch/agent.py", line 326, in main
    patrol(speak=a.speak)
  File "/home/nvidia/sixwatch/agent.py", line 260, in patrol
    notables = d.filter(
               ^^^^^^^^^
  File "/home/nvidia/sixwatch/.venv/lib/python3.12/site-packages/polars/dataframe/frame.py", line 5521, in filter
    .collect(optimizations=QueryOptFlags._eager())
     ^^^^^^^^^^^^^^^^^^^^^^^^^^^^^^^^^^^^^^^^^^^^^
  File "/home/nvidia/sixwatch/.venv/lib/python3.12/site-packages/polars/_utils/deprecation.py", line 97, in wrapper
    return function(*args, **kwargs)
           ^^^^^^^^^^^^^^^^^^^^^^^^^
  File "/home/nvidia/sixwatch/.venv/lib/python3.12/site-packages/polars/lazyframe/opt_flags.py", line 343, in wrapper
    return function(*args, **kwargs)
           ^^^^^^^^^^^^^^^^^^^^^^^^^
  File "/home/nvidia/sixwatch/.venv/lib/python3.12/site-packages/polars/lazyframe/frame.py", line 2630, in collect
    return wrap_df(ldf.collect(engine, callback))
                   ^^^^^^^^^^^^^^^^^^^^^^^^^^^^^
polars.exceptions.ColumnNotFoundError: unable to find column "NumCalls"; valid columns: ["IncidentNumber", "DateOfCall", "CalYear", "HourOfCall", "IncidentGroup", "StopCodeDescription", "PropertyCategory", "IncGeo_BoroughName", "IncGeo_WardName", "Easting_rounded", "Northing_rounded", "IncidentStationGround", "FirstPumpArriving_AttendanceTime", "FirstPumpArriving_DeployedFromStation", "SecondPumpArriving_AttendanceTime", "SecondPumpArriving_DeployedFromStation", "NumPumpsAttending", "PumpMinutesRounded"]
Sat Jun  6 05:21:19 PM UTC 2026 patrol exited rc=0 — restarting in 5s
Traceback (most recent call last):
  File "/home/nvidia/sixwatch/agent.py", line 330, in <module>
    main()
  File "/home/nvidia/sixwatch/agent.py", line 326, in main
    patrol(speak=a.speak)
  File "/home/nvidia/sixwatch/agent.py", line 260, in patrol
    notables = d.filter(
               ^^^^^^^^^
  File "/home/nvidia/sixwatch/.venv/lib/python3.12/site-packages/polars/dataframe/frame.py", line 5521, in filter
    .collect(optimizations=QueryOptFlags._eager())
     ^^^^^^^^^^^^^^^^^^^^^^^^^^^^^^^^^^^^^^^^^^^^^
  File "/home/nvidia/sixwatch/.venv/lib/python3.12/site-packages/polars/_utils/deprecation.py", line 97, in wrapper
    return function(*args, **kwargs)
           ^^^^^^^^^^^^^^^^^^^^^^^^^
  File "/home/nvidia/sixwatch/.venv/lib/python3.12/site-packages/polars/lazyframe/opt_flags.py", line 343, in wrapper
    return function(*args, **kwargs)
           ^^^^^^^^^^^^^^^^^^^^^^^^^
  File "/home/nvidia/sixwatch/.venv/lib/python3.12/site-packages/polars/lazyframe/frame.py", line 2630, in collect
    return wrap_df(ldf.collect(engine, callback))
                   ^^^^^^^^^^^^^^^^^^^^^^^^^^^^^
polars.exceptions.ColumnNotFoundError: unable to find column "NumCalls"; valid columns: ["IncidentNumber", "DateOfCall", "CalYear", "HourOfCall", "IncidentGroup", "StopCodeDescription", "PropertyCategory", "IncGeo_BoroughName", "IncGeo_WardName", "Easting_rounded", "Northing_rounded", "IncidentStationGround", "FirstPumpArriving_AttendanceTime", "FirstPumpArriving_DeployedFromStation", "SecondPumpArriving_AttendanceTime", "SecondPumpArriving_DeployedFromStation", "NumPumpsAttending", "PumpMinutesRounded"]
Sat Jun  6 05:21:24 PM UTC 2026 patrol exited rc=0 — restarting in 5s
Traceback (most recent call last):
  File "/home/nvidia/sixwatch/agent.py", line 330, in <module>
    main()
  File "/home/nvidia/sixwatch/agent.py", line 326, in main
    patrol(speak=a.speak)
  File "/home/nvidia/sixwatch/agent.py", line 260, in patrol
    notables = d.filter(
               ^^^^^^^^^
  File "/home/nvidia/sixwatch/.venv/lib/python3.12/site-packages/polars/dataframe/frame.py", line 5521, in filter
    .collect(optimizations=QueryOptFlags._eager())
     ^^^^^^^^^^^^^^^^^^^^^^^^^^^^^^^^^^^^^^^^^^^^^
  File "/home/nvidia/sixwatch/.venv/lib/python3.12/site-packages/polars/_utils/deprecation.py", line 97, in wrapper
    return function(*args, **kwargs)
           ^^^^^^^^^^^^^^^^^^^^^^^^^
  File "/home/nvidia/sixwatch/.venv/lib/python3.12/site-packages/polars/lazyframe/opt_flags.py", line 343, in wrapper
    return function(*args, **kwargs)
           ^^^^^^^^^^^^^^^^^^^^^^^^^
  File "/home/nvidia/sixwatch/.venv/lib/python3.12/site-packages/polars/lazyframe/frame.py", line 2630, in collect
    return wrap_df(ldf.collect(engine, callback))
                   ^^^^^^^^^^^^^^^^^^^^^^^^^^^^^
polars.exceptions.ColumnNotFoundError: unable to find column "NumCalls"; valid columns: ["IncidentNumber", "DateOfCall", "CalYear", "HourOfCall", "IncidentGroup", "StopCodeDescription", "PropertyCategory", "IncGeo_BoroughName", "IncGeo_WardName", "Easting_rounded", "Northing_rounded", "IncidentStationGround", "FirstPumpArriving_AttendanceTime", "FirstPumpArriving_DeployedFromStation", "SecondPumpArriving_AttendanceTime", "SecondPumpArriving_DeployedFromStation", "NumPumpsAttending", "PumpMinutesRounded"]
Sat Jun  6 05:21:30 PM UTC 2026 patrol exited rc=0 — restarting in 5s
Traceback (most recent call last):
  File "/home/nvidia/sixwatch/agent.py", line 330, in <module>
    main()
  File "/home/nvidia/sixwatch/agent.py", line 326, in main
    patrol(speak=a.speak)
  File "/home/nvidia/sixwatch/agent.py", line 260, in patrol
    notables = d.filter(
               ^^^^^^^^^
  File "/home/nvidia/sixwatch/.venv/lib/python3.12/site-packages/polars/dataframe/frame.py", line 5521, in filter
    .collect(optimizations=QueryOptFlags._eager())
     ^^^^^^^^^^^^^^^^^^^^^^^^^^^^^^^^^^^^^^^^^^^^^
  File "/home/nvidia/sixwatch/.venv/lib/python3.12/site-packages/polars/_utils/deprecation.py", line 97, in wrapper
    return function(*args, **kwargs)
           ^^^^^^^^^^^^^^^^^^^^^^^^^
  File "/home/nvidia/sixwatch/.venv/lib/python3.12/site-packages/polars/lazyframe/opt_flags.py", line 343, in wrapper
    return function(*args, **kwargs)
           ^^^^^^^^^^^^^^^^^^^^^^^^^
  File "/home/nvidia/sixwatch/.venv/lib/python3.12/site-packages/polars/lazyframe/frame.py", line 2630, in collect
    return wrap_df(ldf.collect(engine, callback))
                   ^^^^^^^^^^^^^^^^^^^^^^^^^^^^^
polars.exceptions.ColumnNotFoundError: unable to find column "NumCalls"; valid columns: ["IncidentNumber", "DateOfCall", "CalYear", "HourOfCall", "IncidentGroup", "StopCodeDescription", "PropertyCategory", "IncGeo_BoroughName", "IncGeo_WardName", "Easting_rounded", "Northing_rounded", "IncidentStationGround", "FirstPumpArriving_AttendanceTime", "FirstPumpArriving_DeployedFromStation", "SecondPumpArriving_AttendanceTime", "SecondPumpArriving_DeployedFromStation", "NumPumpsAttending", "PumpMinutesRounded"]
Sat Jun  6 05:21:36 PM UTC 2026 patrol exited rc=0 — restarting in 5s
Traceback (most recent call last):
  File "/home/nvidia/sixwatch/agent.py", line 330, in <module>
    main()
  File "/home/nvidia/sixwatch/agent.py", line 326, in main
    patrol(speak=a.speak)
  File "/home/nvidia/sixwatch/agent.py", line 260, in patrol
    notables = d.filter(
               ^^^^^^^^^
  File "/home/nvidia/sixwatch/.venv/lib/python3.12/site-packages/polars/dataframe/frame.py", line 5521, in filter
    .collect(optimizations=QueryOptFlags._eager())
     ^^^^^^^^^^^^^^^^^^^^^^^^^^^^^^^^^^^^^^^^^^^^^
  File "/home/nvidia/sixwatch/.venv/lib/python3.12/site-packages/polars/_utils/deprecation.py", line 97, in wrapper
    return function(*args, **kwargs)
           ^^^^^^^^^^^^^^^^^^^^^^^^^
  File "/home/nvidia/sixwatch/.venv/lib/python3.12/site-packages/polars/lazyframe/opt_flags.py", line 343, in wrapper
    return function(*args, **kwargs)
           ^^^^^^^^^^^^^^^^^^^^^^^^^
  File "/home/nvidia/sixwatch/.venv/lib/python3.12/site-packages/polars/lazyframe/frame.py", line 2630, in collect
    return wrap_df(ldf.collect(engine, callback))
                   ^^^^^^^^^^^^^^^^^^^^^^^^^^^^^
polars.exceptions.ColumnNotFoundError: unable to find column "NumCalls"; valid columns: ["IncidentNumber", "DateOfCall", "CalYear", "HourOfCall", "IncidentGroup", "StopCodeDescription", "PropertyCategory", "IncGeo_BoroughName", "IncGeo_WardName", "Easting_rounded", "Northing_rounded", "IncidentStationGround", "FirstPumpArriving_AttendanceTime", "FirstPumpArriving_DeployedFromStation", "SecondPumpArriving_AttendanceTime", "SecondPumpArriving_DeployedFromStation", "NumPumpsAttending", "PumpMinutesRounded"]
Sat Jun  6 05:21:41 PM UTC 2026 patrol exited rc=0 — restarting in 5s
Traceback (most recent call last):
  File "/home/nvidia/sixwatch/agent.py", line 330, in <module>
    main()
  File "/home/nvidia/sixwatch/agent.py", line 326, in main
    patrol(speak=a.speak)
  File "/home/nvidia/sixwatch/agent.py", line 260, in patrol
    notables = d.filter(
               ^^^^^^^^^
  File "/home/nvidia/sixwatch/.venv/lib/python3.12/site-packages/polars/dataframe/frame.py", line 5521, in filter
    .collect(optimizations=QueryOptFlags._eager())
     ^^^^^^^^^^^^^^^^^^^^^^^^^^^^^^^^^^^^^^^^^^^^^
  File "/home/nvidia/sixwatch/.venv/lib/python3.12/site-packages/polars/_utils/deprecation.py", line 97, in wrapper
    return function(*args, **kwargs)
           ^^^^^^^^^^^^^^^^^^^^^^^^^
  File "/home/nvidia/sixwatch/.venv/lib/python3.12/site-packages/polars/lazyframe/opt_flags.py", line 343, in wrapper
    return function(*args, **kwargs)
           ^^^^^^^^^^^^^^^^^^^^^^^^^
  File "/home/nvidia/sixwatch/.venv/lib/python3.12/site-packages/polars/lazyframe/frame.py", line 2630, in collect
    return wrap_df(ldf.collect(engine, callback))
                   ^^^^^^^^^^^^^^^^^^^^^^^^^^^^^
polars.exceptions.ColumnNotFoundError: unable to find column "NumCalls"; valid columns: ["IncidentNumber", "DateOfCall", "CalYear", "HourOfCall", "IncidentGroup", "StopCodeDescription", "PropertyCategory", "IncGeo_BoroughName", "IncGeo_WardName", "Easting_rounded", "Northing_rounded", "IncidentStationGround", "FirstPumpArriving_AttendanceTime", "FirstPumpArriving_DeployedFromStation", "SecondPumpArriving_AttendanceTime", "SecondPumpArriving_DeployedFromStation", "NumPumpsAttending", "PumpMinutesRounded"]
Sat Jun  6 05:21:47 PM UTC 2026 patrol exited rc=0 — restarting in 5s
Traceback (most recent call last):
  File "/home/nvidia/sixwatch/agent.py", line 330, in <module>
    main()
  File "/home/nvidia/sixwatch/agent.py", line 326, in main
    patrol(speak=a.speak)
  File "/home/nvidia/sixwatch/agent.py", line 260, in patrol
    notables = d.filter(
               ^^^^^^^^^
  File "/home/nvidia/sixwatch/.venv/lib/python3.12/site-packages/polars/dataframe/frame.py", line 5521, in filter
    .collect(optimizations=QueryOptFlags._eager())
     ^^^^^^^^^^^^^^^^^^^^^^^^^^^^^^^^^^^^^^^^^^^^^
  File "/home/nvidia/sixwatch/.venv/lib/python3.12/site-packages/polars/_utils/deprecation.py", line 97, in wrapper
    return function(*args, **kwargs)
           ^^^^^^^^^^^^^^^^^^^^^^^^^
  File "/home/nvidia/sixwatch/.venv/lib/python3.12/site-packages/polars/lazyframe/opt_flags.py", line 343, in wrapper
    return function(*args, **kwargs)
           ^^^^^^^^^^^^^^^^^^^^^^^^^
  File "/home/nvidia/sixwatch/.venv/lib/python3.12/site-packages/polars/lazyframe/frame.py", line 2630, in collect
    return wrap_df(ldf.collect(engine, callback))
                   ^^^^^^^^^^^^^^^^^^^^^^^^^^^^^
polars.exceptions.ColumnNotFoundError: unable to find column "NumCalls"; valid columns: ["IncidentNumber", "DateOfCall", "CalYear", "HourOfCall", "IncidentGroup", "StopCodeDescription", "PropertyCategory", "IncGeo_BoroughName", "IncGeo_WardName", "Easting_rounded", "Northing_rounded", "IncidentStationGround", "FirstPumpArriving_AttendanceTime", "FirstPumpArriving_DeployedFromStation", "SecondPumpArriving_AttendanceTime", "SecondPumpArriving_DeployedFromStation", "NumPumpsAttending", "PumpMinutesRounded"]
Sat Jun  6 05:21:52 PM UTC 2026 patrol exited rc=0 — restarting in 5s
Traceback (most recent call last):
  File "/home/nvidia/sixwatch/agent.py", line 330, in <module>
    main()
  File "/home/nvidia/sixwatch/agent.py", line 326, in main
    patrol(speak=a.speak)
  File "/home/nvidia/sixwatch/agent.py", line 260, in patrol
    notables = d.filter(
               ^^^^^^^^^
  File "/home/nvidia/sixwatch/.venv/lib/python3.12/site-packages/polars/dataframe/frame.py", line 5521, in filter
    .collect(optimizations=QueryOptFlags._eager())
     ^^^^^^^^^^^^^^^^^^^^^^^^^^^^^^^^^^^^^^^^^^^^^
  File "/home/nvidia/sixwatch/.venv/lib/python3.12/site-packages/polars/_utils/deprecation.py", line 97, in wrapper
    return function(*args, **kwargs)
           ^^^^^^^^^^^^^^^^^^^^^^^^^
  File "/home/nvidia/sixwatch/.venv/lib/python3.12/site-packages/polars/lazyframe/opt_flags.py", line 343, in wrapper
    return function(*args, **kwargs)
           ^^^^^^^^^^^^^^^^^^^^^^^^^
  File "/home/nvidia/sixwatch/.venv/lib/python3.12/site-packages/polars/lazyframe/frame.py", line 2630, in collect
    return wrap_df(ldf.collect(engine, callback))
                   ^^^^^^^^^^^^^^^^^^^^^^^^^^^^^
polars.exceptions.ColumnNotFoundError: unable to find column "NumCalls"; valid columns: ["IncidentNumber", "DateOfCall", "CalYear", "HourOfCall", "IncidentGroup", "StopCodeDescription", "PropertyCategory", "IncGeo_BoroughName", "IncGeo_WardName", "Easting_rounded", "Northing_rounded", "IncidentStationGround", "FirstPumpArriving_AttendanceTime", "FirstPumpArriving_DeployedFromStation", "SecondPumpArriving_AttendanceTime", "SecondPumpArriving_DeployedFromStation", "NumPumpsAttending", "PumpMinutesRounded"]
Sat Jun  6 05:21:58 PM UTC 2026 patrol exited rc=0 — restarting in 5s
Traceback (most recent call last):
  File "/home/nvidia/sixwatch/agent.py", line 330, in <module>
    main()
  File "/home/nvidia/sixwatch/agent.py", line 326, in main
    patrol(speak=a.speak)
  File "/home/nvidia/sixwatch/agent.py", line 260, in patrol
    notables = d.filter(
               ^^^^^^^^^
  File "/home/nvidia/sixwatch/.venv/lib/python3.12/site-packages/polars/dataframe/frame.py", line 5521, in filter
    .collect(optimizations=QueryOptFlags._eager())
     ^^^^^^^^^^^^^^^^^^^^^^^^^^^^^^^^^^^^^^^^^^^^^
  File "/home/nvidia/sixwatch/.venv/lib/python3.12/site-packages/polars/_utils/deprecation.py", line 97, in wrapper
    return function(*args, **kwargs)
           ^^^^^^^^^^^^^^^^^^^^^^^^^
  File "/home/nvidia/sixwatch/.venv/lib/python3.12/site-packages/polars/lazyframe/opt_flags.py", line 343, in wrapper
    return function(*args, **kwargs)
           ^^^^^^^^^^^^^^^^^^^^^^^^^
  File "/home/nvidia/sixwatch/.venv/lib/python3.12/site-packages/polars/lazyframe/frame.py", line 2630, in collect
    return wrap_df(ldf.collect(engine, callback))
                   ^^^^^^^^^^^^^^^^^^^^^^^^^^^^^
polars.exceptions.ColumnNotFoundError: unable to find column "NumCalls"; valid columns: ["IncidentNumber", "DateOfCall", "CalYear", "HourOfCall", "IncidentGroup", "StopCodeDescription", "PropertyCategory", "IncGeo_BoroughName", "IncGeo_WardName", "Easting_rounded", "Northing_rounded", "IncidentStationGround", "FirstPumpArriving_AttendanceTime", "FirstPumpArriving_DeployedFromStation", "SecondPumpArriving_AttendanceTime", "SecondPumpArriving_DeployedFromStation", "NumPumpsAttending", "PumpMinutesRounded"]
Sat Jun  6 05:22:03 PM UTC 2026 patrol exited rc=0 — restarting in 5s
Traceback (most recent call last):
  File "/home/nvidia/sixwatch/agent.py", line 330, in <module>
    main()
  File "/home/nvidia/sixwatch/agent.py", line 326, in main
    patrol(speak=a.speak)
  File "/home/nvidia/sixwatch/agent.py", line 260, in patrol
    notables = d.filter(
               ^^^^^^^^^
  File "/home/nvidia/sixwatch/.venv/lib/python3.12/site-packages/polars/dataframe/frame.py", line 5521, in filter
    .collect(optimizations=QueryOptFlags._eager())
     ^^^^^^^^^^^^^^^^^^^^^^^^^^^^^^^^^^^^^^^^^^^^^
  File "/home/nvidia/sixwatch/.venv/lib/python3.12/site-packages/polars/_utils/deprecation.py", line 97, in wrapper
    return function(*args, **kwargs)
           ^^^^^^^^^^^^^^^^^^^^^^^^^
  File "/home/nvidia/sixwatch/.venv/lib/python3.12/site-packages/polars/lazyframe/opt_flags.py", line 343, in wrapper
    return function(*args, **kwargs)
           ^^^^^^^^^^^^^^^^^^^^^^^^^
  File "/home/nvidia/sixwatch/.venv/lib/python3.12/site-packages/polars/lazyframe/frame.py", line 2630, in collect
    return wrap_df(ldf.collect(engine, callback))
                   ^^^^^^^^^^^^^^^^^^^^^^^^^^^^^
polars.exceptions.ColumnNotFoundError: unable to find column "NumCalls"; valid columns: ["IncidentNumber", "DateOfCall", "CalYear", "HourOfCall", "IncidentGroup", "StopCodeDescription", "PropertyCategory", "IncGeo_BoroughName", "IncGeo_WardName", "Easting_rounded", "Northing_rounded", "IncidentStationGround", "FirstPumpArriving_AttendanceTime", "FirstPumpArriving_DeployedFromStation", "SecondPumpArriving_AttendanceTime", "SecondPumpArriving_DeployedFromStation", "NumPumpsAttending", "PumpMinutesRounded"]
Sat Jun  6 05:22:09 PM UTC 2026 patrol exited rc=0 — restarting in 5s
Traceback (most recent call last):
  File "/home/nvidia/sixwatch/agent.py", line 330, in <module>
    main()
  File "/home/nvidia/sixwatch/agent.py", line 326, in main
    patrol(speak=a.speak)
  File "/home/nvidia/sixwatch/agent.py", line 260, in patrol
    notables = d.filter(
               ^^^^^^^^^
  File "/home/nvidia/sixwatch/.venv/lib/python3.12/site-packages/polars/dataframe/frame.py", line 5521, in filter
    .collect(optimizations=QueryOptFlags._eager())
     ^^^^^^^^^^^^^^^^^^^^^^^^^^^^^^^^^^^^^^^^^^^^^
  File "/home/nvidia/sixwatch/.venv/lib/python3.12/site-packages/polars/_utils/deprecation.py", line 97, in wrapper
    return function(*args, **kwargs)
           ^^^^^^^^^^^^^^^^^^^^^^^^^
  File "/home/nvidia/sixwatch/.venv/lib/python3.12/site-packages/polars/lazyframe/opt_flags.py", line 343, in wrapper
    return function(*args, **kwargs)
           ^^^^^^^^^^^^^^^^^^^^^^^^^
  File "/home/nvidia/sixwatch/.venv/lib/python3.12/site-packages/polars/lazyframe/frame.py", line 2630, in collect
    return wrap_df(ldf.collect(engine, callback))
                   ^^^^^^^^^^^^^^^^^^^^^^^^^^^^^
polars.exceptions.ColumnNotFoundError: unable to find column "NumCalls"; valid columns: ["IncidentNumber", "DateOfCall", "CalYear", "HourOfCall", "IncidentGroup", "StopCodeDescription", "PropertyCategory", "IncGeo_BoroughName", "IncGeo_WardName", "Easting_rounded", "Northing_rounded", "IncidentStationGround", "FirstPumpArriving_AttendanceTime", "FirstPumpArriving_DeployedFromStation", "SecondPumpArriving_AttendanceTime", "SecondPumpArriving_DeployedFromStation", "NumPumpsAttending", "PumpMinutesRounded"]
Sat Jun  6 05:22:15 PM UTC 2026 patrol exited rc=0 — restarting in 5s
Traceback (most recent call last):
  File "/home/nvidia/sixwatch/agent.py", line 330, in <module>
    main()
  File "/home/nvidia/sixwatch/agent.py", line 326, in main
    patrol(speak=a.speak)
  File "/home/nvidia/sixwatch/agent.py", line 260, in patrol
    notables = d.filter(
               ^^^^^^^^^
  File "/home/nvidia/sixwatch/.venv/lib/python3.12/site-packages/polars/dataframe/frame.py", line 5521, in filter
    .collect(optimizations=QueryOptFlags._eager())
     ^^^^^^^^^^^^^^^^^^^^^^^^^^^^^^^^^^^^^^^^^^^^^
  File "/home/nvidia/sixwatch/.venv/lib/python3.12/site-packages/polars/_utils/deprecation.py", line 97, in wrapper
    return function(*args, **kwargs)
           ^^^^^^^^^^^^^^^^^^^^^^^^^
  File "/home/nvidia/sixwatch/.venv/lib/python3.12/site-packages/polars/lazyframe/opt_flags.py", line 343, in wrapper
    return function(*args, **kwargs)
           ^^^^^^^^^^^^^^^^^^^^^^^^^
  File "/home/nvidia/sixwatch/.venv/lib/python3.12/site-packages/polars/lazyframe/frame.py", line 2630, in collect
    return wrap_df(ldf.collect(engine, callback))
                   ^^^^^^^^^^^^^^^^^^^^^^^^^^^^^
polars.exceptions.ColumnNotFoundError: unable to find column "NumCalls"; valid columns: ["IncidentNumber", "DateOfCall", "CalYear", "HourOfCall", "IncidentGroup", "StopCodeDescription", "PropertyCategory", "IncGeo_BoroughName", "IncGeo_WardName", "Easting_rounded", "Northing_rounded", "IncidentStationGround", "FirstPumpArriving_AttendanceTime", "FirstPumpArriving_DeployedFromStation", "SecondPumpArriving_AttendanceTime", "SecondPumpArriving_DeployedFromStation", "NumPumpsAttending", "PumpMinutesRounded"]
Sat Jun  6 05:22:20 PM UTC 2026 patrol exited rc=0 — restarting in 5s
Traceback (most recent call last):
  File "/home/nvidia/sixwatch/agent.py", line 330, in <module>
    main()
  File "/home/nvidia/sixwatch/agent.py", line 326, in main
    patrol(speak=a.speak)
  File "/home/nvidia/sixwatch/agent.py", line 260, in patrol
    notables = d.filter(
               ^^^^^^^^^
  File "/home/nvidia/sixwatch/.venv/lib/python3.12/site-packages/polars/dataframe/frame.py", line 5521, in filter
    .collect(optimizations=QueryOptFlags._eager())
     ^^^^^^^^^^^^^^^^^^^^^^^^^^^^^^^^^^^^^^^^^^^^^
  File "/home/nvidia/sixwatch/.venv/lib/python3.12/site-packages/polars/_utils/deprecation.py", line 97, in wrapper
    return function(*args, **kwargs)
           ^^^^^^^^^^^^^^^^^^^^^^^^^
  File "/home/nvidia/sixwatch/.venv/lib/python3.12/site-packages/polars/lazyframe/opt_flags.py", line 343, in wrapper
    return function(*args, **kwargs)
           ^^^^^^^^^^^^^^^^^^^^^^^^^
  File "/home/nvidia/sixwatch/.venv/lib/python3.12/site-packages/polars/lazyframe/frame.py", line 2630, in collect
    return wrap_df(ldf.collect(engine, callback))
                   ^^^^^^^^^^^^^^^^^^^^^^^^^^^^^
polars.exceptions.ColumnNotFoundError: unable to find column "NumCalls"; valid columns: ["IncidentNumber", "DateOfCall", "CalYear", "HourOfCall", "IncidentGroup", "StopCodeDescription", "PropertyCategory", "IncGeo_BoroughName", "IncGeo_WardName", "Easting_rounded", "Northing_rounded", "IncidentStationGround", "FirstPumpArriving_AttendanceTime", "FirstPumpArriving_DeployedFromStation", "SecondPumpArriving_AttendanceTime", "SecondPumpArriving_DeployedFromStation", "NumPumpsAttending", "PumpMinutesRounded"]
Sat Jun  6 05:22:26 PM UTC 2026 patrol exited rc=0 — restarting in 5s
Traceback (most recent call last):
  File "/home/nvidia/sixwatch/agent.py", line 330, in <module>
    main()
  File "/home/nvidia/sixwatch/agent.py", line 326, in main
    patrol(speak=a.speak)
  File "/home/nvidia/sixwatch/agent.py", line 260, in patrol
    notables = d.filter(
               ^^^^^^^^^
  File "/home/nvidia/sixwatch/.venv/lib/python3.12/site-packages/polars/dataframe/frame.py", line 5521, in filter
    .collect(optimizations=QueryOptFlags._eager())
     ^^^^^^^^^^^^^^^^^^^^^^^^^^^^^^^^^^^^^^^^^^^^^
  File "/home/nvidia/sixwatch/.venv/lib/python3.12/site-packages/polars/_utils/deprecation.py", line 97, in wrapper
    return function(*args, **kwargs)
           ^^^^^^^^^^^^^^^^^^^^^^^^^
  File "/home/nvidia/sixwatch/.venv/lib/python3.12/site-packages/polars/lazyframe/opt_flags.py", line 343, in wrapper
    return function(*args, **kwargs)
           ^^^^^^^^^^^^^^^^^^^^^^^^^
  File "/home/nvidia/sixwatch/.venv/lib/python3.12/site-packages/polars/lazyframe/frame.py", line 2630, in collect
    return wrap_df(ldf.collect(engine, callback))
                   ^^^^^^^^^^^^^^^^^^^^^^^^^^^^^
polars.exceptions.ColumnNotFoundError: unable to find column "NumCalls"; valid columns: ["IncidentNumber", "DateOfCall", "CalYear", "HourOfCall", "IncidentGroup", "StopCodeDescription", "PropertyCategory", "IncGeo_BoroughName", "IncGeo_WardName", "Easting_rounded", "Northing_rounded", "IncidentStationGround", "FirstPumpArriving_AttendanceTime", "FirstPumpArriving_DeployedFromStation", "SecondPumpArriving_AttendanceTime", "SecondPumpArriving_DeployedFromStation", "NumPumpsAttending", "PumpMinutesRounded"]
Sat Jun  6 05:22:31 PM UTC 2026 patrol exited rc=0 — restarting in 5s
Traceback (most recent call last):
  File "/home/nvidia/sixwatch/agent.py", line 330, in <module>
    main()
  File "/home/nvidia/sixwatch/agent.py", line 326, in main
    patrol(speak=a.speak)
  File "/home/nvidia/sixwatch/agent.py", line 260, in patrol
    notables = d.filter(
               ^^^^^^^^^
  File "/home/nvidia/sixwatch/.venv/lib/python3.12/site-packages/polars/dataframe/frame.py", line 5521, in filter
    .collect(optimizations=QueryOptFlags._eager())
     ^^^^^^^^^^^^^^^^^^^^^^^^^^^^^^^^^^^^^^^^^^^^^
  File "/home/nvidia/sixwatch/.venv/lib/python3.12/site-packages/polars/_utils/deprecation.py", line 97, in wrapper
    return function(*args, **kwargs)
           ^^^^^^^^^^^^^^^^^^^^^^^^^
  File "/home/nvidia/sixwatch/.venv/lib/python3.12/site-packages/polars/lazyframe/opt_flags.py", line 343, in wrapper
    return function(*args, **kwargs)
           ^^^^^^^^^^^^^^^^^^^^^^^^^
  File "/home/nvidia/sixwatch/.venv/lib/python3.12/site-packages/polars/lazyframe/frame.py", line 2630, in collect
    return wrap_df(ldf.collect(engine, callback))
                   ^^^^^^^^^^^^^^^^^^^^^^^^^^^^^
polars.exceptions.ColumnNotFoundError: unable to find column "NumCalls"; valid columns: ["IncidentNumber", "DateOfCall", "CalYear", "HourOfCall", "IncidentGroup", "StopCodeDescription", "PropertyCategory", "IncGeo_BoroughName", "IncGeo_WardName", "Easting_rounded", "Northing_rounded", "IncidentStationGround", "FirstPumpArriving_AttendanceTime", "FirstPumpArriving_DeployedFromStation", "SecondPumpArriving_AttendanceTime", "SecondPumpArriving_DeployedFromStation", "NumPumpsAttending", "PumpMinutesRounded"]
Sat Jun  6 05:22:37 PM UTC 2026 patrol exited rc=0 — restarting in 5s
Traceback (most recent call last):
  File "/home/nvidia/sixwatch/agent.py", line 330, in <module>
    main()
  File "/home/nvidia/sixwatch/agent.py", line 326, in main
    patrol(speak=a.speak)
  File "/home/nvidia/sixwatch/agent.py", line 260, in patrol
    notables = d.filter(
               ^^^^^^^^^
  File "/home/nvidia/sixwatch/.venv/lib/python3.12/site-packages/polars/dataframe/frame.py", line 5521, in filter
    .collect(optimizations=QueryOptFlags._eager())
     ^^^^^^^^^^^^^^^^^^^^^^^^^^^^^^^^^^^^^^^^^^^^^
  File "/home/nvidia/sixwatch/.venv/lib/python3.12/site-packages/polars/_utils/deprecation.py", line 97, in wrapper
    return function(*args, **kwargs)
           ^^^^^^^^^^^^^^^^^^^^^^^^^
  File "/home/nvidia/sixwatch/.venv/lib/python3.12/site-packages/polars/lazyframe/opt_flags.py", line 343, in wrapper
    return function(*args, **kwargs)
           ^^^^^^^^^^^^^^^^^^^^^^^^^
  File "/home/nvidia/sixwatch/.venv/lib/python3.12/site-packages/polars/lazyframe/frame.py", line 2630, in collect
    return wrap_df(ldf.collect(engine, callback))
                   ^^^^^^^^^^^^^^^^^^^^^^^^^^^^^
polars.exceptions.ColumnNotFoundError: unable to find column "NumCalls"; valid columns: ["IncidentNumber", "DateOfCall", "CalYear", "HourOfCall", "IncidentGroup", "StopCodeDescription", "PropertyCategory", "IncGeo_BoroughName", "IncGeo_WardName", "Easting_rounded", "Northing_rounded", "IncidentStationGround", "FirstPumpArriving_AttendanceTime", "FirstPumpArriving_DeployedFromStation", "SecondPumpArriving_AttendanceTime", "SecondPumpArriving_DeployedFromStation", "NumPumpsAttending", "PumpMinutesRounded"]
Sat Jun  6 05:22:42 PM UTC 2026 patrol exited rc=0 — restarting in 5s
Traceback (most recent call last):
  File "/home/nvidia/sixwatch/agent.py", line 330, in <module>
    main()
  File "/home/nvidia/sixwatch/agent.py", line 326, in main
    patrol(speak=a.speak)
  File "/home/nvidia/sixwatch/agent.py", line 260, in patrol
    notables = d.filter(
               ^^^^^^^^^
  File "/home/nvidia/sixwatch/.venv/lib/python3.12/site-packages/polars/dataframe/frame.py", line 5521, in filter
    .collect(optimizations=QueryOptFlags._eager())
     ^^^^^^^^^^^^^^^^^^^^^^^^^^^^^^^^^^^^^^^^^^^^^
  File "/home/nvidia/sixwatch/.venv/lib/python3.12/site-packages/polars/_utils/deprecation.py", line 97, in wrapper
    return function(*args, **kwargs)
           ^^^^^^^^^^^^^^^^^^^^^^^^^
  File "/home/nvidia/sixwatch/.venv/lib/python3.12/site-packages/polars/lazyframe/opt_flags.py", line 343, in wrapper
    return function(*args, **kwargs)
           ^^^^^^^^^^^^^^^^^^^^^^^^^
  File "/home/nvidia/sixwatch/.venv/lib/python3.12/site-packages/polars/lazyframe/frame.py", line 2630, in collect
    return wrap_df(ldf.collect(engine, callback))
                   ^^^^^^^^^^^^^^^^^^^^^^^^^^^^^
polars.exceptions.ColumnNotFoundError: unable to find column "NumCalls"; valid columns: ["IncidentNumber", "DateOfCall", "CalYear", "HourOfCall", "IncidentGroup", "StopCodeDescription", "PropertyCategory", "IncGeo_BoroughName", "IncGeo_WardName", "Easting_rounded", "Northing_rounded", "IncidentStationGround", "FirstPumpArriving_AttendanceTime", "FirstPumpArriving_DeployedFromStation", "SecondPumpArriving_AttendanceTime", "SecondPumpArriving_DeployedFromStation", "NumPumpsAttending", "PumpMinutesRounded"]
Sat Jun  6 05:22:48 PM UTC 2026 patrol exited rc=0 — restarting in 5s
Traceback (most recent call last):
  File "/home/nvidia/sixwatch/agent.py", line 330, in <module>
    main()
  File "/home/nvidia/sixwatch/agent.py", line 326, in main
    patrol(speak=a.speak)
  File "/home/nvidia/sixwatch/agent.py", line 260, in patrol
    notables = d.filter(
               ^^^^^^^^^
  File "/home/nvidia/sixwatch/.venv/lib/python3.12/site-packages/polars/dataframe/frame.py", line 5521, in filter
    .collect(optimizations=QueryOptFlags._eager())
     ^^^^^^^^^^^^^^^^^^^^^^^^^^^^^^^^^^^^^^^^^^^^^
  File "/home/nvidia/sixwatch/.venv/lib/python3.12/site-packages/polars/_utils/deprecation.py", line 97, in wrapper
    return function(*args, **kwargs)
           ^^^^^^^^^^^^^^^^^^^^^^^^^
  File "/home/nvidia/sixwatch/.venv/lib/python3.12/site-packages/polars/lazyframe/opt_flags.py", line 343, in wrapper
    return function(*args, **kwargs)
           ^^^^^^^^^^^^^^^^^^^^^^^^^
  File "/home/nvidia/sixwatch/.venv/lib/python3.12/site-packages/polars/lazyframe/frame.py", line 2630, in collect
    return wrap_df(ldf.collect(engine, callback))
                   ^^^^^^^^^^^^^^^^^^^^^^^^^^^^^
polars.exceptions.ColumnNotFoundError: unable to find column "NumCalls"; valid columns: ["IncidentNumber", "DateOfCall", "CalYear", "HourOfCall", "IncidentGroup", "StopCodeDescription", "PropertyCategory", "IncGeo_BoroughName", "IncGeo_WardName", "Easting_rounded", "Northing_rounded", "IncidentStationGround", "FirstPumpArriving_AttendanceTime", "FirstPumpArriving_DeployedFromStation", "SecondPumpArriving_AttendanceTime", "SecondPumpArriving_DeployedFromStation", "NumPumpsAttending", "PumpMinutesRounded"]
Sat Jun  6 05:22:53 PM UTC 2026 patrol exited rc=0 — restarting in 5s
Traceback (most recent call last):
  File "/home/nvidia/sixwatch/agent.py", line 330, in <module>
    main()
  File "/home/nvidia/sixwatch/agent.py", line 326, in main
    patrol(speak=a.speak)
  File "/home/nvidia/sixwatch/agent.py", line 260, in patrol
    notables = d.filter(
               ^^^^^^^^^
  File "/home/nvidia/sixwatch/.venv/lib/python3.12/site-packages/polars/dataframe/frame.py", line 5521, in filter
    .collect(optimizations=QueryOptFlags._eager())
     ^^^^^^^^^^^^^^^^^^^^^^^^^^^^^^^^^^^^^^^^^^^^^
  File "/home/nvidia/sixwatch/.venv/lib/python3.12/site-packages/polars/_utils/deprecation.py", line 97, in wrapper
    return function(*args, **kwargs)
           ^^^^^^^^^^^^^^^^^^^^^^^^^
  File "/home/nvidia/sixwatch/.venv/lib/python3.12/site-packages/polars/lazyframe/opt_flags.py", line 343, in wrapper
    return function(*args, **kwargs)
           ^^^^^^^^^^^^^^^^^^^^^^^^^
  File "/home/nvidia/sixwatch/.venv/lib/python3.12/site-packages/polars/lazyframe/frame.py", line 2630, in collect
    return wrap_df(ldf.collect(engine, callback))
                   ^^^^^^^^^^^^^^^^^^^^^^^^^^^^^
polars.exceptions.ColumnNotFoundError: unable to find column "NumCalls"; valid columns: ["IncidentNumber", "DateOfCall", "CalYear", "HourOfCall", "IncidentGroup", "StopCodeDescription", "PropertyCategory", "IncGeo_BoroughName", "IncGeo_WardName", "Easting_rounded", "Northing_rounded", "IncidentStationGround", "FirstPumpArriving_AttendanceTime", "FirstPumpArriving_DeployedFromStation", "SecondPumpArriving_AttendanceTime", "SecondPumpArriving_DeployedFromStation", "NumPumpsAttending", "PumpMinutesRounded"]
Sat Jun  6 05:22:59 PM UTC 2026 patrol exited rc=0 — restarting in 5s
Traceback (most recent call last):
  File "/home/nvidia/sixwatch/agent.py", line 330, in <module>
    main()
  File "/home/nvidia/sixwatch/agent.py", line 326, in main
    patrol(speak=a.speak)
  File "/home/nvidia/sixwatch/agent.py", line 260, in patrol
    notables = d.filter(
               ^^^^^^^^^
  File "/home/nvidia/sixwatch/.venv/lib/python3.12/site-packages/polars/dataframe/frame.py", line 5521, in filter
    .collect(optimizations=QueryOptFlags._eager())
     ^^^^^^^^^^^^^^^^^^^^^^^^^^^^^^^^^^^^^^^^^^^^^
  File "/home/nvidia/sixwatch/.venv/lib/python3.12/site-packages/polars/_utils/deprecation.py", line 97, in wrapper
    return function(*args, **kwargs)
           ^^^^^^^^^^^^^^^^^^^^^^^^^
  File "/home/nvidia/sixwatch/.venv/lib/python3.12/site-packages/polars/lazyframe/opt_flags.py", line 343, in wrapper
    return function(*args, **kwargs)
           ^^^^^^^^^^^^^^^^^^^^^^^^^
  File "/home/nvidia/sixwatch/.venv/lib/python3.12/site-packages/polars/lazyframe/frame.py", line 2630, in collect
    return wrap_df(ldf.collect(engine, callback))
                   ^^^^^^^^^^^^^^^^^^^^^^^^^^^^^
polars.exceptions.ColumnNotFoundError: unable to find column "NumCalls"; valid columns: ["IncidentNumber", "DateOfCall", "CalYear", "HourOfCall", "IncidentGroup", "StopCodeDescription", "PropertyCategory", "IncGeo_BoroughName", "IncGeo_WardName", "Easting_rounded", "Northing_rounded", "IncidentStationGround", "FirstPumpArriving_AttendanceTime", "FirstPumpArriving_DeployedFromStation", "SecondPumpArriving_AttendanceTime", "SecondPumpArriving_DeployedFromStation", "NumPumpsAttending", "PumpMinutesRounded"]
Sat Jun  6 05:23:04 PM UTC 2026 patrol exited rc=0 — restarting in 5s
Traceback (most recent call last):
  File "/home/nvidia/sixwatch/agent.py", line 330, in <module>
    main()
  File "/home/nvidia/sixwatch/agent.py", line 326, in main
    patrol(speak=a.speak)
  File "/home/nvidia/sixwatch/agent.py", line 260, in patrol
    notables = d.filter(
               ^^^^^^^^^
  File "/home/nvidia/sixwatch/.venv/lib/python3.12/site-packages/polars/dataframe/frame.py", line 5521, in filter
    .collect(optimizations=QueryOptFlags._eager())
     ^^^^^^^^^^^^^^^^^^^^^^^^^^^^^^^^^^^^^^^^^^^^^
  File "/home/nvidia/sixwatch/.venv/lib/python3.12/site-packages/polars/_utils/deprecation.py", line 97, in wrapper
    return function(*args, **kwargs)
           ^^^^^^^^^^^^^^^^^^^^^^^^^
  File "/home/nvidia/sixwatch/.venv/lib/python3.12/site-packages/polars/lazyframe/opt_flags.py", line 343, in wrapper
    return function(*args, **kwargs)
           ^^^^^^^^^^^^^^^^^^^^^^^^^
  File "/home/nvidia/sixwatch/.venv/lib/python3.12/site-packages/polars/lazyframe/frame.py", line 2630, in collect
    return wrap_df(ldf.collect(engine, callback))
                   ^^^^^^^^^^^^^^^^^^^^^^^^^^^^^
polars.exceptions.ColumnNotFoundError: unable to find column "NumCalls"; valid columns: ["IncidentNumber", "DateOfCall", "CalYear", "HourOfCall", "IncidentGroup", "StopCodeDescription", "PropertyCategory", "IncGeo_BoroughName", "IncGeo_WardName", "Easting_rounded", "Northing_rounded", "IncidentStationGround", "FirstPumpArriving_AttendanceTime", "FirstPumpArriving_DeployedFromStation", "SecondPumpArriving_AttendanceTime", "SecondPumpArriving_DeployedFromStation", "NumPumpsAttending", "PumpMinutesRounded"]
Sat Jun  6 05:23:10 PM UTC 2026 patrol exited rc=0 — restarting in 5s
Traceback (most recent call last):
  File "/home/nvidia/sixwatch/agent.py", line 330, in <module>
    main()
  File "/home/nvidia/sixwatch/agent.py", line 326, in main
    patrol(speak=a.speak)
  File "/home/nvidia/sixwatch/agent.py", line 260, in patrol
    notables = d.filter(
               ^^^^^^^^^
  File "/home/nvidia/sixwatch/.venv/lib/python3.12/site-packages/polars/dataframe/frame.py", line 5521, in filter
    .collect(optimizations=QueryOptFlags._eager())
     ^^^^^^^^^^^^^^^^^^^^^^^^^^^^^^^^^^^^^^^^^^^^^
  File "/home/nvidia/sixwatch/.venv/lib/python3.12/site-packages/polars/_utils/deprecation.py", line 97, in wrapper
    return function(*args, **kwargs)
           ^^^^^^^^^^^^^^^^^^^^^^^^^
  File "/home/nvidia/sixwatch/.venv/lib/python3.12/site-packages/polars/lazyframe/opt_flags.py", line 343, in wrapper
    return function(*args, **kwargs)
           ^^^^^^^^^^^^^^^^^^^^^^^^^
  File "/home/nvidia/sixwatch/.venv/lib/python3.12/site-packages/polars/lazyframe/frame.py", line 2630, in collect
    return wrap_df(ldf.collect(engine, callback))
                   ^^^^^^^^^^^^^^^^^^^^^^^^^^^^^
polars.exceptions.ColumnNotFoundError: unable to find column "NumCalls"; valid columns: ["IncidentNumber", "DateOfCall", "CalYear", "HourOfCall", "IncidentGroup", "StopCodeDescription", "PropertyCategory", "IncGeo_BoroughName", "IncGeo_WardName", "Easting_rounded", "Northing_rounded", "IncidentStationGround", "FirstPumpArriving_AttendanceTime", "FirstPumpArriving_DeployedFromStation", "SecondPumpArriving_AttendanceTime", "SecondPumpArriving_DeployedFromStation", "NumPumpsAttending", "PumpMinutesRounded"]
Sat Jun  6 05:23:16 PM UTC 2026 patrol exited rc=0 — restarting in 5s
Traceback (most recent call last):
  File "/home/nvidia/sixwatch/agent.py", line 330, in <module>
    main()
  File "/home/nvidia/sixwatch/agent.py", line 326, in main
    patrol(speak=a.speak)
  File "/home/nvidia/sixwatch/agent.py", line 260, in patrol
    notables = d.filter(
               ^^^^^^^^^
  File "/home/nvidia/sixwatch/.venv/lib/python3.12/site-packages/polars/dataframe/frame.py", line 5521, in filter
    .collect(optimizations=QueryOptFlags._eager())
     ^^^^^^^^^^^^^^^^^^^^^^^^^^^^^^^^^^^^^^^^^^^^^
  File "/home/nvidia/sixwatch/.venv/lib/python3.12/site-packages/polars/_utils/deprecation.py", line 97, in wrapper
    return function(*args, **kwargs)
           ^^^^^^^^^^^^^^^^^^^^^^^^^
  File "/home/nvidia/sixwatch/.venv/lib/python3.12/site-packages/polars/lazyframe/opt_flags.py", line 343, in wrapper
    return function(*args, **kwargs)
           ^^^^^^^^^^^^^^^^^^^^^^^^^
  File "/home/nvidia/sixwatch/.venv/lib/python3.12/site-packages/polars/lazyframe/frame.py", line 2630, in collect
    return wrap_df(ldf.collect(engine, callback))
                   ^^^^^^^^^^^^^^^^^^^^^^^^^^^^^
polars.exceptions.ColumnNotFoundError: unable to find column "NumCalls"; valid columns: ["IncidentNumber", "DateOfCall", "CalYear", "HourOfCall", "IncidentGroup", "StopCodeDescription", "PropertyCategory", "IncGeo_BoroughName", "IncGeo_WardName", "Easting_rounded", "Northing_rounded", "IncidentStationGround", "FirstPumpArriving_AttendanceTime", "FirstPumpArriving_DeployedFromStation", "SecondPumpArriving_AttendanceTime", "SecondPumpArriving_DeployedFromStation", "NumPumpsAttending", "PumpMinutesRounded"]
Sat Jun  6 05:23:21 PM UTC 2026 patrol exited rc=0 — restarting in 5s
Traceback (most recent call last):
  File "/home/nvidia/sixwatch/agent.py", line 330, in <module>
    main()
  File "/home/nvidia/sixwatch/agent.py", line 326, in main
    patrol(speak=a.speak)
  File "/home/nvidia/sixwatch/agent.py", line 260, in patrol
    notables = d.filter(
               ^^^^^^^^^
  File "/home/nvidia/sixwatch/.venv/lib/python3.12/site-packages/polars/dataframe/frame.py", line 5521, in filter
    .collect(optimizations=QueryOptFlags._eager())
     ^^^^^^^^^^^^^^^^^^^^^^^^^^^^^^^^^^^^^^^^^^^^^
  File "/home/nvidia/sixwatch/.venv/lib/python3.12/site-packages/polars/_utils/deprecation.py", line 97, in wrapper
    return function(*args, **kwargs)
           ^^^^^^^^^^^^^^^^^^^^^^^^^
  File "/home/nvidia/sixwatch/.venv/lib/python3.12/site-packages/polars/lazyframe/opt_flags.py", line 343, in wrapper
    return function(*args, **kwargs)
           ^^^^^^^^^^^^^^^^^^^^^^^^^
  File "/home/nvidia/sixwatch/.venv/lib/python3.12/site-packages/polars/lazyframe/frame.py", line 2630, in collect
    return wrap_df(ldf.collect(engine, callback))
                   ^^^^^^^^^^^^^^^^^^^^^^^^^^^^^
polars.exceptions.ColumnNotFoundError: unable to find column "NumCalls"; valid columns: ["IncidentNumber", "DateOfCall", "CalYear", "HourOfCall", "IncidentGroup", "StopCodeDescription", "PropertyCategory", "IncGeo_BoroughName", "IncGeo_WardName", "Easting_rounded", "Northing_rounded", "IncidentStationGround", "FirstPumpArriving_AttendanceTime", "FirstPumpArriving_DeployedFromStation", "SecondPumpArriving_AttendanceTime", "SecondPumpArriving_DeployedFromStation", "NumPumpsAttending", "PumpMinutesRounded"]
Sat Jun  6 05:23:27 PM UTC 2026 patrol exited rc=0 — restarting in 5s
Traceback (most recent call last):
  File "/home/nvidia/sixwatch/agent.py", line 330, in <module>
    main()
  File "/home/nvidia/sixwatch/agent.py", line 326, in main
    patrol(speak=a.speak)
  File "/home/nvidia/sixwatch/agent.py", line 260, in patrol
    notables = d.filter(
               ^^^^^^^^^
  File "/home/nvidia/sixwatch/.venv/lib/python3.12/site-packages/polars/dataframe/frame.py", line 5521, in filter
    .collect(optimizations=QueryOptFlags._eager())
     ^^^^^^^^^^^^^^^^^^^^^^^^^^^^^^^^^^^^^^^^^^^^^
  File "/home/nvidia/sixwatch/.venv/lib/python3.12/site-packages/polars/_utils/deprecation.py", line 97, in wrapper
    return function(*args, **kwargs)
           ^^^^^^^^^^^^^^^^^^^^^^^^^
  File "/home/nvidia/sixwatch/.venv/lib/python3.12/site-packages/polars/lazyframe/opt_flags.py", line 343, in wrapper
    return function(*args, **kwargs)
           ^^^^^^^^^^^^^^^^^^^^^^^^^
  File "/home/nvidia/sixwatch/.venv/lib/python3.12/site-packages/polars/lazyframe/frame.py", line 2630, in collect
    return wrap_df(ldf.collect(engine, callback))
                   ^^^^^^^^^^^^^^^^^^^^^^^^^^^^^
polars.exceptions.ColumnNotFoundError: unable to find column "NumCalls"; valid columns: ["IncidentNumber", "DateOfCall", "CalYear", "HourOfCall", "IncidentGroup", "StopCodeDescription", "PropertyCategory", "IncGeo_BoroughName", "IncGeo_WardName", "Easting_rounded", "Northing_rounded", "IncidentStationGround", "FirstPumpArriving_AttendanceTime", "FirstPumpArriving_DeployedFromStation", "SecondPumpArriving_AttendanceTime", "SecondPumpArriving_DeployedFromStation", "NumPumpsAttending", "PumpMinutesRounded"]
Sat Jun  6 05:23:32 PM UTC 2026 patrol exited rc=0 — restarting in 5s
Traceback (most recent call last):
  File "/home/nvidia/sixwatch/agent.py", line 330, in <module>
    main()
  File "/home/nvidia/sixwatch/agent.py", line 326, in main
    patrol(speak=a.speak)
  File "/home/nvidia/sixwatch/agent.py", line 260, in patrol
    notables = d.filter(
               ^^^^^^^^^
  File "/home/nvidia/sixwatch/.venv/lib/python3.12/site-packages/polars/dataframe/frame.py", line 5521, in filter
    .collect(optimizations=QueryOptFlags._eager())
     ^^^^^^^^^^^^^^^^^^^^^^^^^^^^^^^^^^^^^^^^^^^^^
  File "/home/nvidia/sixwatch/.venv/lib/python3.12/site-packages/polars/_utils/deprecation.py", line 97, in wrapper
    return function(*args, **kwargs)
           ^^^^^^^^^^^^^^^^^^^^^^^^^
  File "/home/nvidia/sixwatch/.venv/lib/python3.12/site-packages/polars/lazyframe/opt_flags.py", line 343, in wrapper
    return function(*args, **kwargs)
           ^^^^^^^^^^^^^^^^^^^^^^^^^
  File "/home/nvidia/sixwatch/.venv/lib/python3.12/site-packages/polars/lazyframe/frame.py", line 2630, in collect
    return wrap_df(ldf.collect(engine, callback))
                   ^^^^^^^^^^^^^^^^^^^^^^^^^^^^^
polars.exceptions.ColumnNotFoundError: unable to find column "NumCalls"; valid columns: ["IncidentNumber", "DateOfCall", "CalYear", "HourOfCall", "IncidentGroup", "StopCodeDescription", "PropertyCategory", "IncGeo_BoroughName", "IncGeo_WardName", "Easting_rounded", "Northing_rounded", "IncidentStationGround", "FirstPumpArriving_AttendanceTime", "FirstPumpArriving_DeployedFromStation", "SecondPumpArriving_AttendanceTime", "SecondPumpArriving_DeployedFromStation", "NumPumpsAttending", "PumpMinutesRounded"]
Sat Jun  6 05:23:38 PM UTC 2026 patrol exited rc=0 — restarting in 5s
Traceback (most recent call last):
  File "/home/nvidia/sixwatch/agent.py", line 330, in <module>
    main()
  File "/home/nvidia/sixwatch/agent.py", line 326, in main
    patrol(speak=a.speak)
  File "/home/nvidia/sixwatch/agent.py", line 260, in patrol
    notables = d.filter(
               ^^^^^^^^^
  File "/home/nvidia/sixwatch/.venv/lib/python3.12/site-packages/polars/dataframe/frame.py", line 5521, in filter
    .collect(optimizations=QueryOptFlags._eager())
     ^^^^^^^^^^^^^^^^^^^^^^^^^^^^^^^^^^^^^^^^^^^^^
  File "/home/nvidia/sixwatch/.venv/lib/python3.12/site-packages/polars/_utils/deprecation.py", line 97, in wrapper
    return function(*args, **kwargs)
           ^^^^^^^^^^^^^^^^^^^^^^^^^
  File "/home/nvidia/sixwatch/.venv/lib/python3.12/site-packages/polars/lazyframe/opt_flags.py", line 343, in wrapper
    return function(*args, **kwargs)
           ^^^^^^^^^^^^^^^^^^^^^^^^^
  File "/home/nvidia/sixwatch/.venv/lib/python3.12/site-packages/polars/lazyframe/frame.py", line 2630, in collect
    return wrap_df(ldf.collect(engine, callback))
                   ^^^^^^^^^^^^^^^^^^^^^^^^^^^^^
polars.exceptions.ColumnNotFoundError: unable to find column "NumCalls"; valid columns: ["IncidentNumber", "DateOfCall", "CalYear", "HourOfCall", "IncidentGroup", "StopCodeDescription", "PropertyCategory", "IncGeo_BoroughName", "IncGeo_WardName", "Easting_rounded", "Northing_rounded", "IncidentStationGround", "FirstPumpArriving_AttendanceTime", "FirstPumpArriving_DeployedFromStation", "SecondPumpArriving_AttendanceTime", "SecondPumpArriving_DeployedFromStation", "NumPumpsAttending", "PumpMinutesRounded"]
Sat Jun  6 05:23:43 PM UTC 2026 patrol exited rc=0 — restarting in 5s
Traceback (most recent call last):
  File "/home/nvidia/sixwatch/agent.py", line 330, in <module>
    main()
  File "/home/nvidia/sixwatch/agent.py", line 326, in main
    patrol(speak=a.speak)
  File "/home/nvidia/sixwatch/agent.py", line 260, in patrol
    notables = d.filter(
               ^^^^^^^^^
  File "/home/nvidia/sixwatch/.venv/lib/python3.12/site-packages/polars/dataframe/frame.py", line 5521, in filter
    .collect(optimizations=QueryOptFlags._eager())
     ^^^^^^^^^^^^^^^^^^^^^^^^^^^^^^^^^^^^^^^^^^^^^
  File "/home/nvidia/sixwatch/.venv/lib/python3.12/site-packages/polars/_utils/deprecation.py", line 97, in wrapper
    return function(*args, **kwargs)
           ^^^^^^^^^^^^^^^^^^^^^^^^^
  File "/home/nvidia/sixwatch/.venv/lib/python3.12/site-packages/polars/lazyframe/opt_flags.py", line 343, in wrapper
    return function(*args, **kwargs)
           ^^^^^^^^^^^^^^^^^^^^^^^^^
  File "/home/nvidia/sixwatch/.venv/lib/python3.12/site-packages/polars/lazyframe/frame.py", line 2630, in collect
    return wrap_df(ldf.collect(engine, callback))
                   ^^^^^^^^^^^^^^^^^^^^^^^^^^^^^
polars.exceptions.ColumnNotFoundError: unable to find column "NumCalls"; valid columns: ["IncidentNumber", "DateOfCall", "CalYear", "HourOfCall", "IncidentGroup", "StopCodeDescription", "PropertyCategory", "IncGeo_BoroughName", "IncGeo_WardName", "Easting_rounded", "Northing_rounded", "IncidentStationGround", "FirstPumpArriving_AttendanceTime", "FirstPumpArriving_DeployedFromStation", "SecondPumpArriving_AttendanceTime", "SecondPumpArriving_DeployedFromStation", "NumPumpsAttending", "PumpMinutesRounded"]
Sat Jun  6 05:23:49 PM UTC 2026 patrol exited rc=0 — restarting in 5s
Traceback (most recent call last):
  File "/home/nvidia/sixwatch/agent.py", line 330, in <module>
    main()
  File "/home/nvidia/sixwatch/agent.py", line 326, in main
    patrol(speak=a.speak)
  File "/home/nvidia/sixwatch/agent.py", line 260, in patrol
    notables = d.filter(
               ^^^^^^^^^
  File "/home/nvidia/sixwatch/.venv/lib/python3.12/site-packages/polars/dataframe/frame.py", line 5521, in filter
    .collect(optimizations=QueryOptFlags._eager())
     ^^^^^^^^^^^^^^^^^^^^^^^^^^^^^^^^^^^^^^^^^^^^^
  File "/home/nvidia/sixwatch/.venv/lib/python3.12/site-packages/polars/_utils/deprecation.py", line 97, in wrapper
    return function(*args, **kwargs)
           ^^^^^^^^^^^^^^^^^^^^^^^^^
  File "/home/nvidia/sixwatch/.venv/lib/python3.12/site-packages/polars/lazyframe/opt_flags.py", line 343, in wrapper
    return function(*args, **kwargs)
           ^^^^^^^^^^^^^^^^^^^^^^^^^
  File "/home/nvidia/sixwatch/.venv/lib/python3.12/site-packages/polars/lazyframe/frame.py", line 2630, in collect
    return wrap_df(ldf.collect(engine, callback))
                   ^^^^^^^^^^^^^^^^^^^^^^^^^^^^^
polars.exceptions.ColumnNotFoundError: unable to find column "NumCalls"; valid columns: ["IncidentNumber", "DateOfCall", "CalYear", "HourOfCall", "IncidentGroup", "StopCodeDescription", "PropertyCategory", "IncGeo_BoroughName", "IncGeo_WardName", "Easting_rounded", "Northing_rounded", "IncidentStationGround", "FirstPumpArriving_AttendanceTime", "FirstPumpArriving_DeployedFromStation", "SecondPumpArriving_AttendanceTime", "SecondPumpArriving_DeployedFromStation", "NumPumpsAttending", "PumpMinutesRounded"]
Sat Jun  6 05:23:54 PM UTC 2026 patrol exited rc=0 — restarting in 5s
Traceback (most recent call last):
  File "/home/nvidia/sixwatch/agent.py", line 330, in <module>
    main()
  File "/home/nvidia/sixwatch/agent.py", line 326, in main
    patrol(speak=a.speak)
  File "/home/nvidia/sixwatch/agent.py", line 260, in patrol
    notables = d.filter(
               ^^^^^^^^^
  File "/home/nvidia/sixwatch/.venv/lib/python3.12/site-packages/polars/dataframe/frame.py", line 5521, in filter
    .collect(optimizations=QueryOptFlags._eager())
     ^^^^^^^^^^^^^^^^^^^^^^^^^^^^^^^^^^^^^^^^^^^^^
  File "/home/nvidia/sixwatch/.venv/lib/python3.12/site-packages/polars/_utils/deprecation.py", line 97, in wrapper
    return function(*args, **kwargs)
           ^^^^^^^^^^^^^^^^^^^^^^^^^
  File "/home/nvidia/sixwatch/.venv/lib/python3.12/site-packages/polars/lazyframe/opt_flags.py", line 343, in wrapper
    return function(*args, **kwargs)
           ^^^^^^^^^^^^^^^^^^^^^^^^^
  File "/home/nvidia/sixwatch/.venv/lib/python3.12/site-packages/polars/lazyframe/frame.py", line 2630, in collect
    return wrap_df(ldf.collect(engine, callback))
                   ^^^^^^^^^^^^^^^^^^^^^^^^^^^^^
polars.exceptions.ColumnNotFoundError: unable to find column "NumCalls"; valid columns: ["IncidentNumber", "DateOfCall", "CalYear", "HourOfCall", "IncidentGroup", "StopCodeDescription", "PropertyCategory", "IncGeo_BoroughName", "IncGeo_WardName", "Easting_rounded", "Northing_rounded", "IncidentStationGround", "FirstPumpArriving_AttendanceTime", "FirstPumpArriving_DeployedFromStation", "SecondPumpArriving_AttendanceTime", "SecondPumpArriving_DeployedFromStation", "NumPumpsAttending", "PumpMinutesRounded"]
Sat Jun  6 05:24:00 PM UTC 2026 patrol exited rc=0 — restarting in 5s
Traceback (most recent call last):
  File "/home/nvidia/sixwatch/agent.py", line 330, in <module>
    main()
  File "/home/nvidia/sixwatch/agent.py", line 326, in main
    patrol(speak=a.speak)
  File "/home/nvidia/sixwatch/agent.py", line 260, in patrol
    notables = d.filter(
               ^^^^^^^^^
  File "/home/nvidia/sixwatch/.venv/lib/python3.12/site-packages/polars/dataframe/frame.py", line 5521, in filter
    .collect(optimizations=QueryOptFlags._eager())
     ^^^^^^^^^^^^^^^^^^^^^^^^^^^^^^^^^^^^^^^^^^^^^
  File "/home/nvidia/sixwatch/.venv/lib/python3.12/site-packages/polars/_utils/deprecation.py", line 97, in wrapper
    return function(*args, **kwargs)
           ^^^^^^^^^^^^^^^^^^^^^^^^^
  File "/home/nvidia/sixwatch/.venv/lib/python3.12/site-packages/polars/lazyframe/opt_flags.py", line 343, in wrapper
    return function(*args, **kwargs)
           ^^^^^^^^^^^^^^^^^^^^^^^^^
  File "/home/nvidia/sixwatch/.venv/lib/python3.12/site-packages/polars/lazyframe/frame.py", line 2630, in collect
    return wrap_df(ldf.collect(engine, callback))
                   ^^^^^^^^^^^^^^^^^^^^^^^^^^^^^
polars.exceptions.ColumnNotFoundError: unable to find column "NumCalls"; valid columns: ["IncidentNumber", "DateOfCall", "CalYear", "HourOfCall", "IncidentGroup", "StopCodeDescription", "PropertyCategory", "IncGeo_BoroughName", "IncGeo_WardName", "Easting_rounded", "Northing_rounded", "IncidentStationGround", "FirstPumpArriving_AttendanceTime", "FirstPumpArriving_DeployedFromStation", "SecondPumpArriving_AttendanceTime", "SecondPumpArriving_DeployedFromStation", "NumPumpsAttending", "PumpMinutesRounded"]
Sat Jun  6 05:24:05 PM UTC 2026 patrol exited rc=0 — restarting in 5s
Traceback (most recent call last):
  File "/home/nvidia/sixwatch/agent.py", line 330, in <module>
    main()
  File "/home/nvidia/sixwatch/agent.py", line 326, in main
    patrol(speak=a.speak)
  File "/home/nvidia/sixwatch/agent.py", line 260, in patrol
    notables = d.filter(
               ^^^^^^^^^
  File "/home/nvidia/sixwatch/.venv/lib/python3.12/site-packages/polars/dataframe/frame.py", line 5521, in filter
    .collect(optimizations=QueryOptFlags._eager())
     ^^^^^^^^^^^^^^^^^^^^^^^^^^^^^^^^^^^^^^^^^^^^^
  File "/home/nvidia/sixwatch/.venv/lib/python3.12/site-packages/polars/_utils/deprecation.py", line 97, in wrapper
    return function(*args, **kwargs)
           ^^^^^^^^^^^^^^^^^^^^^^^^^
  File "/home/nvidia/sixwatch/.venv/lib/python3.12/site-packages/polars/lazyframe/opt_flags.py", line 343, in wrapper
    return function(*args, **kwargs)
           ^^^^^^^^^^^^^^^^^^^^^^^^^
  File "/home/nvidia/sixwatch/.venv/lib/python3.12/site-packages/polars/lazyframe/frame.py", line 2630, in collect
    return wrap_df(ldf.collect(engine, callback))
                   ^^^^^^^^^^^^^^^^^^^^^^^^^^^^^
polars.exceptions.ColumnNotFoundError: unable to find column "NumCalls"; valid columns: ["IncidentNumber", "DateOfCall", "CalYear", "HourOfCall", "IncidentGroup", "StopCodeDescription", "PropertyCategory", "IncGeo_BoroughName", "IncGeo_WardName", "Easting_rounded", "Northing_rounded", "IncidentStationGround", "FirstPumpArriving_AttendanceTime", "FirstPumpArriving_DeployedFromStation", "SecondPumpArriving_AttendanceTime", "SecondPumpArriving_DeployedFromStation", "NumPumpsAttending", "PumpMinutesRounded"]
Sat Jun  6 05:24:11 PM UTC 2026 patrol exited rc=0 — restarting in 5s
Traceback (most recent call last):
  File "/home/nvidia/sixwatch/agent.py", line 330, in <module>
    main()
  File "/home/nvidia/sixwatch/agent.py", line 326, in main
    patrol(speak=a.speak)
  File "/home/nvidia/sixwatch/agent.py", line 260, in patrol
    notables = d.filter(
               ^^^^^^^^^
  File "/home/nvidia/sixwatch/.venv/lib/python3.12/site-packages/polars/dataframe/frame.py", line 5521, in filter
    .collect(optimizations=QueryOptFlags._eager())
     ^^^^^^^^^^^^^^^^^^^^^^^^^^^^^^^^^^^^^^^^^^^^^
  File "/home/nvidia/sixwatch/.venv/lib/python3.12/site-packages/polars/_utils/deprecation.py", line 97, in wrapper
    return function(*args, **kwargs)
           ^^^^^^^^^^^^^^^^^^^^^^^^^
  File "/home/nvidia/sixwatch/.venv/lib/python3.12/site-packages/polars/lazyframe/opt_flags.py", line 343, in wrapper
    return function(*args, **kwargs)
           ^^^^^^^^^^^^^^^^^^^^^^^^^
  File "/home/nvidia/sixwatch/.venv/lib/python3.12/site-packages/polars/lazyframe/frame.py", line 2630, in collect
    return wrap_df(ldf.collect(engine, callback))
                   ^^^^^^^^^^^^^^^^^^^^^^^^^^^^^
polars.exceptions.ColumnNotFoundError: unable to find column "NumCalls"; valid columns: ["IncidentNumber", "DateOfCall", "CalYear", "HourOfCall", "IncidentGroup", "StopCodeDescription", "PropertyCategory", "IncGeo_BoroughName", "IncGeo_WardName", "Easting_rounded", "Northing_rounded", "IncidentStationGround", "FirstPumpArriving_AttendanceTime", "FirstPumpArriving_DeployedFromStation", "SecondPumpArriving_AttendanceTime", "SecondPumpArriving_DeployedFromStation", "NumPumpsAttending", "PumpMinutesRounded"]
Sat Jun  6 05:24:17 PM UTC 2026 patrol exited rc=0 — restarting in 5s
Traceback (most recent call last):
  File "/home/nvidia/sixwatch/agent.py", line 330, in <module>
    main()
  File "/home/nvidia/sixwatch/agent.py", line 326, in main
    patrol(speak=a.speak)
  File "/home/nvidia/sixwatch/agent.py", line 260, in patrol
    notables = d.filter(
               ^^^^^^^^^
  File "/home/nvidia/sixwatch/.venv/lib/python3.12/site-packages/polars/dataframe/frame.py", line 5521, in filter
    .collect(optimizations=QueryOptFlags._eager())
     ^^^^^^^^^^^^^^^^^^^^^^^^^^^^^^^^^^^^^^^^^^^^^
  File "/home/nvidia/sixwatch/.venv/lib/python3.12/site-packages/polars/_utils/deprecation.py", line 97, in wrapper
    return function(*args, **kwargs)
           ^^^^^^^^^^^^^^^^^^^^^^^^^
  File "/home/nvidia/sixwatch/.venv/lib/python3.12/site-packages/polars/lazyframe/opt_flags.py", line 343, in wrapper
    return function(*args, **kwargs)
           ^^^^^^^^^^^^^^^^^^^^^^^^^
  File "/home/nvidia/sixwatch/.venv/lib/python3.12/site-packages/polars/lazyframe/frame.py", line 2630, in collect
    return wrap_df(ldf.collect(engine, callback))
                   ^^^^^^^^^^^^^^^^^^^^^^^^^^^^^
polars.exceptions.ColumnNotFoundError: unable to find column "NumCalls"; valid columns: ["IncidentNumber", "DateOfCall", "CalYear", "HourOfCall", "IncidentGroup", "StopCodeDescription", "PropertyCategory", "IncGeo_BoroughName", "IncGeo_WardName", "Easting_rounded", "Northing_rounded", "IncidentStationGround", "FirstPumpArriving_AttendanceTime", "FirstPumpArriving_DeployedFromStation", "SecondPumpArriving_AttendanceTime", "SecondPumpArriving_DeployedFromStation", "NumPumpsAttending", "PumpMinutesRounded"]
Sat Jun  6 05:24:22 PM UTC 2026 patrol exited rc=0 — restarting in 5s
Traceback (most recent call last):
  File "/home/nvidia/sixwatch/agent.py", line 330, in <module>
    main()
  File "/home/nvidia/sixwatch/agent.py", line 326, in main
    patrol(speak=a.speak)
  File "/home/nvidia/sixwatch/agent.py", line 260, in patrol
    notables = d.filter(
               ^^^^^^^^^
  File "/home/nvidia/sixwatch/.venv/lib/python3.12/site-packages/polars/dataframe/frame.py", line 5521, in filter
    .collect(optimizations=QueryOptFlags._eager())
     ^^^^^^^^^^^^^^^^^^^^^^^^^^^^^^^^^^^^^^^^^^^^^
  File "/home/nvidia/sixwatch/.venv/lib/python3.12/site-packages/polars/_utils/deprecation.py", line 97, in wrapper
    return function(*args, **kwargs)
           ^^^^^^^^^^^^^^^^^^^^^^^^^
  File "/home/nvidia/sixwatch/.venv/lib/python3.12/site-packages/polars/lazyframe/opt_flags.py", line 343, in wrapper
    return function(*args, **kwargs)
           ^^^^^^^^^^^^^^^^^^^^^^^^^
  File "/home/nvidia/sixwatch/.venv/lib/python3.12/site-packages/polars/lazyframe/frame.py", line 2630, in collect
    return wrap_df(ldf.collect(engine, callback))
                   ^^^^^^^^^^^^^^^^^^^^^^^^^^^^^
polars.exceptions.ColumnNotFoundError: unable to find column "NumCalls"; valid columns: ["IncidentNumber", "DateOfCall", "CalYear", "HourOfCall", "IncidentGroup", "StopCodeDescription", "PropertyCategory", "IncGeo_BoroughName", "IncGeo_WardName", "Easting_rounded", "Northing_rounded", "IncidentStationGround", "FirstPumpArriving_AttendanceTime", "FirstPumpArriving_DeployedFromStation", "SecondPumpArriving_AttendanceTime", "SecondPumpArriving_DeployedFromStation", "NumPumpsAttending", "PumpMinutesRounded"]
Sat Jun  6 05:24:28 PM UTC 2026 patrol exited rc=0 — restarting in 5s
Traceback (most recent call last):
  File "/home/nvidia/sixwatch/agent.py", line 330, in <module>
    main()
  File "/home/nvidia/sixwatch/agent.py", line 326, in main
    patrol(speak=a.speak)
  File "/home/nvidia/sixwatch/agent.py", line 260, in patrol
    notables = d.filter(
               ^^^^^^^^^
  File "/home/nvidia/sixwatch/.venv/lib/python3.12/site-packages/polars/dataframe/frame.py", line 5521, in filter
    .collect(optimizations=QueryOptFlags._eager())
     ^^^^^^^^^^^^^^^^^^^^^^^^^^^^^^^^^^^^^^^^^^^^^
  File "/home/nvidia/sixwatch/.venv/lib/python3.12/site-packages/polars/_utils/deprecation.py", line 97, in wrapper
    return function(*args, **kwargs)
           ^^^^^^^^^^^^^^^^^^^^^^^^^
  File "/home/nvidia/sixwatch/.venv/lib/python3.12/site-packages/polars/lazyframe/opt_flags.py", line 343, in wrapper
    return function(*args, **kwargs)
           ^^^^^^^^^^^^^^^^^^^^^^^^^
  File "/home/nvidia/sixwatch/.venv/lib/python3.12/site-packages/polars/lazyframe/frame.py", line 2630, in collect
    return wrap_df(ldf.collect(engine, callback))
                   ^^^^^^^^^^^^^^^^^^^^^^^^^^^^^
polars.exceptions.ColumnNotFoundError: unable to find column "NumCalls"; valid columns: ["IncidentNumber", "DateOfCall", "CalYear", "HourOfCall", "IncidentGroup", "StopCodeDescription", "PropertyCategory", "IncGeo_BoroughName", "IncGeo_WardName", "Easting_rounded", "Northing_rounded", "IncidentStationGround", "FirstPumpArriving_AttendanceTime", "FirstPumpArriving_DeployedFromStation", "SecondPumpArriving_AttendanceTime", "SecondPumpArriving_DeployedFromStation", "NumPumpsAttending", "PumpMinutesRounded"]
Sat Jun  6 05:24:33 PM UTC 2026 patrol exited rc=0 — restarting in 5s
Traceback (most recent call last):
  File "/home/nvidia/sixwatch/agent.py", line 330, in <module>
    main()
  File "/home/nvidia/sixwatch/agent.py", line 326, in main
    patrol(speak=a.speak)
  File "/home/nvidia/sixwatch/agent.py", line 260, in patrol
    notables = d.filter(
               ^^^^^^^^^
  File "/home/nvidia/sixwatch/.venv/lib/python3.12/site-packages/polars/dataframe/frame.py", line 5521, in filter
    .collect(optimizations=QueryOptFlags._eager())
     ^^^^^^^^^^^^^^^^^^^^^^^^^^^^^^^^^^^^^^^^^^^^^
  File "/home/nvidia/sixwatch/.venv/lib/python3.12/site-packages/polars/_utils/deprecation.py", line 97, in wrapper
    return function(*args, **kwargs)
           ^^^^^^^^^^^^^^^^^^^^^^^^^
  File "/home/nvidia/sixwatch/.venv/lib/python3.12/site-packages/polars/lazyframe/opt_flags.py", line 343, in wrapper
    return function(*args, **kwargs)
           ^^^^^^^^^^^^^^^^^^^^^^^^^
  File "/home/nvidia/sixwatch/.venv/lib/python3.12/site-packages/polars/lazyframe/frame.py", line 2630, in collect
    return wrap_df(ldf.collect(engine, callback))
                   ^^^^^^^^^^^^^^^^^^^^^^^^^^^^^
polars.exceptions.ColumnNotFoundError: unable to find column "NumCalls"; valid columns: ["IncidentNumber", "DateOfCall", "CalYear", "HourOfCall", "IncidentGroup", "StopCodeDescription", "PropertyCategory", "IncGeo_BoroughName", "IncGeo_WardName", "Easting_rounded", "Northing_rounded", "IncidentStationGround", "FirstPumpArriving_AttendanceTime", "FirstPumpArriving_DeployedFromStation", "SecondPumpArriving_AttendanceTime", "SecondPumpArriving_DeployedFromStation", "NumPumpsAttending", "PumpMinutesRounded"]
Sat Jun  6 05:24:39 PM UTC 2026 patrol exited rc=0 — restarting in 5s
Traceback (most recent call last):
  File "/home/nvidia/sixwatch/agent.py", line 330, in <module>
    main()
  File "/home/nvidia/sixwatch/agent.py", line 326, in main
    patrol(speak=a.speak)
  File "/home/nvidia/sixwatch/agent.py", line 260, in patrol
    notables = d.filter(
               ^^^^^^^^^
  File "/home/nvidia/sixwatch/.venv/lib/python3.12/site-packages/polars/dataframe/frame.py", line 5521, in filter
    .collect(optimizations=QueryOptFlags._eager())
     ^^^^^^^^^^^^^^^^^^^^^^^^^^^^^^^^^^^^^^^^^^^^^
  File "/home/nvidia/sixwatch/.venv/lib/python3.12/site-packages/polars/_utils/deprecation.py", line 97, in wrapper
    return function(*args, **kwargs)
           ^^^^^^^^^^^^^^^^^^^^^^^^^
  File "/home/nvidia/sixwatch/.venv/lib/python3.12/site-packages/polars/lazyframe/opt_flags.py", line 343, in wrapper
    return function(*args, **kwargs)
           ^^^^^^^^^^^^^^^^^^^^^^^^^
  File "/home/nvidia/sixwatch/.venv/lib/python3.12/site-packages/polars/lazyframe/frame.py", line 2630, in collect
    return wrap_df(ldf.collect(engine, callback))
                   ^^^^^^^^^^^^^^^^^^^^^^^^^^^^^
polars.exceptions.ColumnNotFoundError: unable to find column "NumCalls"; valid columns: ["IncidentNumber", "DateOfCall", "CalYear", "HourOfCall", "IncidentGroup", "StopCodeDescription", "PropertyCategory", "IncGeo_BoroughName", "IncGeo_WardName", "Easting_rounded", "Northing_rounded", "IncidentStationGround", "FirstPumpArriving_AttendanceTime", "FirstPumpArriving_DeployedFromStation", "SecondPumpArriving_AttendanceTime", "SecondPumpArriving_DeployedFromStation", "NumPumpsAttending", "PumpMinutesRounded"]
Sat Jun  6 05:24:44 PM UTC 2026 patrol exited rc=0 — restarting in 5s
Traceback (most recent call last):
  File "/home/nvidia/sixwatch/agent.py", line 330, in <module>
    main()
  File "/home/nvidia/sixwatch/agent.py", line 326, in main
    patrol(speak=a.speak)
  File "/home/nvidia/sixwatch/agent.py", line 260, in patrol
    notables = d.filter(
               ^^^^^^^^^
  File "/home/nvidia/sixwatch/.venv/lib/python3.12/site-packages/polars/dataframe/frame.py", line 5521, in filter
    .collect(optimizations=QueryOptFlags._eager())
     ^^^^^^^^^^^^^^^^^^^^^^^^^^^^^^^^^^^^^^^^^^^^^
  File "/home/nvidia/sixwatch/.venv/lib/python3.12/site-packages/polars/_utils/deprecation.py", line 97, in wrapper
    return function(*args, **kwargs)
           ^^^^^^^^^^^^^^^^^^^^^^^^^
  File "/home/nvidia/sixwatch/.venv/lib/python3.12/site-packages/polars/lazyframe/opt_flags.py", line 343, in wrapper
    return function(*args, **kwargs)
           ^^^^^^^^^^^^^^^^^^^^^^^^^
  File "/home/nvidia/sixwatch/.venv/lib/python3.12/site-packages/polars/lazyframe/frame.py", line 2630, in collect
    return wrap_df(ldf.collect(engine, callback))
                   ^^^^^^^^^^^^^^^^^^^^^^^^^^^^^
polars.exceptions.ColumnNotFoundError: unable to find column "NumCalls"; valid columns: ["IncidentNumber", "DateOfCall", "CalYear", "HourOfCall", "IncidentGroup", "StopCodeDescription", "PropertyCategory", "IncGeo_BoroughName", "IncGeo_WardName", "Easting_rounded", "Northing_rounded", "IncidentStationGround", "FirstPumpArriving_AttendanceTime", "FirstPumpArriving_DeployedFromStation", "SecondPumpArriving_AttendanceTime", "SecondPumpArriving_DeployedFromStation", "NumPumpsAttending", "PumpMinutesRounded"]
Sat Jun  6 05:24:50 PM UTC 2026 patrol exited rc=0 — restarting in 5s
Traceback (most recent call last):
  File "/home/nvidia/sixwatch/agent.py", line 330, in <module>
    main()
  File "/home/nvidia/sixwatch/agent.py", line 326, in main
    patrol(speak=a.speak)
  File "/home/nvidia/sixwatch/agent.py", line 260, in patrol
    notables = d.filter(
               ^^^^^^^^^
  File "/home/nvidia/sixwatch/.venv/lib/python3.12/site-packages/polars/dataframe/frame.py", line 5521, in filter
    .collect(optimizations=QueryOptFlags._eager())
     ^^^^^^^^^^^^^^^^^^^^^^^^^^^^^^^^^^^^^^^^^^^^^
  File "/home/nvidia/sixwatch/.venv/lib/python3.12/site-packages/polars/_utils/deprecation.py", line 97, in wrapper
    return function(*args, **kwargs)
           ^^^^^^^^^^^^^^^^^^^^^^^^^
  File "/home/nvidia/sixwatch/.venv/lib/python3.12/site-packages/polars/lazyframe/opt_flags.py", line 343, in wrapper
    return function(*args, **kwargs)
           ^^^^^^^^^^^^^^^^^^^^^^^^^
  File "/home/nvidia/sixwatch/.venv/lib/python3.12/site-packages/polars/lazyframe/frame.py", line 2630, in collect
    return wrap_df(ldf.collect(engine, callback))
                   ^^^^^^^^^^^^^^^^^^^^^^^^^^^^^
polars.exceptions.ColumnNotFoundError: unable to find column "NumCalls"; valid columns: ["IncidentNumber", "DateOfCall", "CalYear", "HourOfCall", "IncidentGroup", "StopCodeDescription", "PropertyCategory", "IncGeo_BoroughName", "IncGeo_WardName", "Easting_rounded", "Northing_rounded", "IncidentStationGround", "FirstPumpArriving_AttendanceTime", "FirstPumpArriving_DeployedFromStation", "SecondPumpArriving_AttendanceTime", "SecondPumpArriving_DeployedFromStation", "NumPumpsAttending", "PumpMinutesRounded"]
Sat Jun  6 05:24:56 PM UTC 2026 patrol exited rc=0 — restarting in 5s
Traceback (most recent call last):
  File "/home/nvidia/sixwatch/agent.py", line 330, in <module>
    main()
  File "/home/nvidia/sixwatch/agent.py", line 326, in main
    patrol(speak=a.speak)
  File "/home/nvidia/sixwatch/agent.py", line 260, in patrol
    notables = d.filter(
               ^^^^^^^^^
  File "/home/nvidia/sixwatch/.venv/lib/python3.12/site-packages/polars/dataframe/frame.py", line 5521, in filter
    .collect(optimizations=QueryOptFlags._eager())
     ^^^^^^^^^^^^^^^^^^^^^^^^^^^^^^^^^^^^^^^^^^^^^
  File "/home/nvidia/sixwatch/.venv/lib/python3.12/site-packages/polars/_utils/deprecation.py", line 97, in wrapper
    return function(*args, **kwargs)
           ^^^^^^^^^^^^^^^^^^^^^^^^^
  File "/home/nvidia/sixwatch/.venv/lib/python3.12/site-packages/polars/lazyframe/opt_flags.py", line 343, in wrapper
    return function(*args, **kwargs)
           ^^^^^^^^^^^^^^^^^^^^^^^^^
  File "/home/nvidia/sixwatch/.venv/lib/python3.12/site-packages/polars/lazyframe/frame.py", line 2630, in collect
    return wrap_df(ldf.collect(engine, callback))
                   ^^^^^^^^^^^^^^^^^^^^^^^^^^^^^
polars.exceptions.ColumnNotFoundError: unable to find column "NumCalls"; valid columns: ["IncidentNumber", "DateOfCall", "CalYear", "HourOfCall", "IncidentGroup", "StopCodeDescription", "PropertyCategory", "IncGeo_BoroughName", "IncGeo_WardName", "Easting_rounded", "Northing_rounded", "IncidentStationGround", "FirstPumpArriving_AttendanceTime", "FirstPumpArriving_DeployedFromStation", "SecondPumpArriving_AttendanceTime", "SecondPumpArriving_DeployedFromStation", "NumPumpsAttending", "PumpMinutesRounded"]
Sat Jun  6 05:25:01 PM UTC 2026 patrol exited rc=0 — restarting in 5s
Traceback (most recent call last):
  File "/home/nvidia/sixwatch/agent.py", line 330, in <module>
    main()
  File "/home/nvidia/sixwatch/agent.py", line 326, in main
    patrol(speak=a.speak)
  File "/home/nvidia/sixwatch/agent.py", line 260, in patrol
    notables = d.filter(
               ^^^^^^^^^
  File "/home/nvidia/sixwatch/.venv/lib/python3.12/site-packages/polars/dataframe/frame.py", line 5521, in filter
    .collect(optimizations=QueryOptFlags._eager())
     ^^^^^^^^^^^^^^^^^^^^^^^^^^^^^^^^^^^^^^^^^^^^^
  File "/home/nvidia/sixwatch/.venv/lib/python3.12/site-packages/polars/_utils/deprecation.py", line 97, in wrapper
    return function(*args, **kwargs)
           ^^^^^^^^^^^^^^^^^^^^^^^^^
  File "/home/nvidia/sixwatch/.venv/lib/python3.12/site-packages/polars/lazyframe/opt_flags.py", line 343, in wrapper
    return function(*args, **kwargs)
           ^^^^^^^^^^^^^^^^^^^^^^^^^
  File "/home/nvidia/sixwatch/.venv/lib/python3.12/site-packages/polars/lazyframe/frame.py", line 2630, in collect
    return wrap_df(ldf.collect(engine, callback))
                   ^^^^^^^^^^^^^^^^^^^^^^^^^^^^^
polars.exceptions.ColumnNotFoundError: unable to find column "NumCalls"; valid columns: ["IncidentNumber", "DateOfCall", "CalYear", "HourOfCall", "IncidentGroup", "StopCodeDescription", "PropertyCategory", "IncGeo_BoroughName", "IncGeo_WardName", "Easting_rounded", "Northing_rounded", "IncidentStationGround", "FirstPumpArriving_AttendanceTime", "FirstPumpArriving_DeployedFromStation", "SecondPumpArriving_AttendanceTime", "SecondPumpArriving_DeployedFromStation", "NumPumpsAttending", "PumpMinutesRounded"]
Sat Jun  6 05:25:07 PM UTC 2026 patrol exited rc=0 — restarting in 5s
Traceback (most recent call last):
  File "/home/nvidia/sixwatch/agent.py", line 330, in <module>
    main()
  File "/home/nvidia/sixwatch/agent.py", line 326, in main
    patrol(speak=a.speak)
  File "/home/nvidia/sixwatch/agent.py", line 260, in patrol
    notables = d.filter(
               ^^^^^^^^^
  File "/home/nvidia/sixwatch/.venv/lib/python3.12/site-packages/polars/dataframe/frame.py", line 5521, in filter
    .collect(optimizations=QueryOptFlags._eager())
     ^^^^^^^^^^^^^^^^^^^^^^^^^^^^^^^^^^^^^^^^^^^^^
  File "/home/nvidia/sixwatch/.venv/lib/python3.12/site-packages/polars/_utils/deprecation.py", line 97, in wrapper
    return function(*args, **kwargs)
           ^^^^^^^^^^^^^^^^^^^^^^^^^
  File "/home/nvidia/sixwatch/.venv/lib/python3.12/site-packages/polars/lazyframe/opt_flags.py", line 343, in wrapper
    return function(*args, **kwargs)
           ^^^^^^^^^^^^^^^^^^^^^^^^^
  File "/home/nvidia/sixwatch/.venv/lib/python3.12/site-packages/polars/lazyframe/frame.py", line 2630, in collect
    return wrap_df(ldf.collect(engine, callback))
                   ^^^^^^^^^^^^^^^^^^^^^^^^^^^^^
polars.exceptions.ColumnNotFoundError: unable to find column "NumCalls"; valid columns: ["IncidentNumber", "DateOfCall", "CalYear", "HourOfCall", "IncidentGroup", "StopCodeDescription", "PropertyCategory", "IncGeo_BoroughName", "IncGeo_WardName", "Easting_rounded", "Northing_rounded", "IncidentStationGround", "FirstPumpArriving_AttendanceTime", "FirstPumpArriving_DeployedFromStation", "SecondPumpArriving_AttendanceTime", "SecondPumpArriving_DeployedFromStation", "NumPumpsAttending", "PumpMinutesRounded"]
Sat Jun  6 05:25:12 PM UTC 2026 patrol exited rc=0 — restarting in 5s
Traceback (most recent call last):
  File "/home/nvidia/sixwatch/agent.py", line 330, in <module>
    main()
  File "/home/nvidia/sixwatch/agent.py", line 326, in main
    patrol(speak=a.speak)
  File "/home/nvidia/sixwatch/agent.py", line 260, in patrol
    notables = d.filter(
               ^^^^^^^^^
  File "/home/nvidia/sixwatch/.venv/lib/python3.12/site-packages/polars/dataframe/frame.py", line 5521, in filter
    .collect(optimizations=QueryOptFlags._eager())
     ^^^^^^^^^^^^^^^^^^^^^^^^^^^^^^^^^^^^^^^^^^^^^
  File "/home/nvidia/sixwatch/.venv/lib/python3.12/site-packages/polars/_utils/deprecation.py", line 97, in wrapper
    return function(*args, **kwargs)
           ^^^^^^^^^^^^^^^^^^^^^^^^^
  File "/home/nvidia/sixwatch/.venv/lib/python3.12/site-packages/polars/lazyframe/opt_flags.py", line 343, in wrapper
    return function(*args, **kwargs)
           ^^^^^^^^^^^^^^^^^^^^^^^^^
  File "/home/nvidia/sixwatch/.venv/lib/python3.12/site-packages/polars/lazyframe/frame.py", line 2630, in collect
    return wrap_df(ldf.collect(engine, callback))
                   ^^^^^^^^^^^^^^^^^^^^^^^^^^^^^
polars.exceptions.ColumnNotFoundError: unable to find column "NumCalls"; valid columns: ["IncidentNumber", "DateOfCall", "CalYear", "HourOfCall", "IncidentGroup", "StopCodeDescription", "PropertyCategory", "IncGeo_BoroughName", "IncGeo_WardName", "Easting_rounded", "Northing_rounded", "IncidentStationGround", "FirstPumpArriving_AttendanceTime", "FirstPumpArriving_DeployedFromStation", "SecondPumpArriving_AttendanceTime", "SecondPumpArriving_DeployedFromStation", "NumPumpsAttending", "PumpMinutesRounded"]
Sat Jun  6 05:25:18 PM UTC 2026 patrol exited rc=0 — restarting in 5s
Traceback (most recent call last):
  File "/home/nvidia/sixwatch/agent.py", line 330, in <module>
    main()
  File "/home/nvidia/sixwatch/agent.py", line 326, in main
    patrol(speak=a.speak)
  File "/home/nvidia/sixwatch/agent.py", line 260, in patrol
    notables = d.filter(
               ^^^^^^^^^
  File "/home/nvidia/sixwatch/.venv/lib/python3.12/site-packages/polars/dataframe/frame.py", line 5521, in filter
    .collect(optimizations=QueryOptFlags._eager())
     ^^^^^^^^^^^^^^^^^^^^^^^^^^^^^^^^^^^^^^^^^^^^^
  File "/home/nvidia/sixwatch/.venv/lib/python3.12/site-packages/polars/_utils/deprecation.py", line 97, in wrapper
    return function(*args, **kwargs)
           ^^^^^^^^^^^^^^^^^^^^^^^^^
  File "/home/nvidia/sixwatch/.venv/lib/python3.12/site-packages/polars/lazyframe/opt_flags.py", line 343, in wrapper
    return function(*args, **kwargs)
           ^^^^^^^^^^^^^^^^^^^^^^^^^
  File "/home/nvidia/sixwatch/.venv/lib/python3.12/site-packages/polars/lazyframe/frame.py", line 2630, in collect
    return wrap_df(ldf.collect(engine, callback))
                   ^^^^^^^^^^^^^^^^^^^^^^^^^^^^^
polars.exceptions.ColumnNotFoundError: unable to find column "NumCalls"; valid columns: ["IncidentNumber", "DateOfCall", "CalYear", "HourOfCall", "IncidentGroup", "StopCodeDescription", "PropertyCategory", "IncGeo_BoroughName", "IncGeo_WardName", "Easting_rounded", "Northing_rounded", "IncidentStationGround", "FirstPumpArriving_AttendanceTime", "FirstPumpArriving_DeployedFromStation", "SecondPumpArriving_AttendanceTime", "SecondPumpArriving_DeployedFromStation", "NumPumpsAttending", "PumpMinutesRounded"]
Sat Jun  6 05:25:23 PM UTC 2026 patrol exited rc=0 — restarting in 5s
Traceback (most recent call last):
  File "/home/nvidia/sixwatch/agent.py", line 330, in <module>
    main()
  File "/home/nvidia/sixwatch/agent.py", line 326, in main
    patrol(speak=a.speak)
  File "/home/nvidia/sixwatch/agent.py", line 260, in patrol
    notables = d.filter(
               ^^^^^^^^^
  File "/home/nvidia/sixwatch/.venv/lib/python3.12/site-packages/polars/dataframe/frame.py", line 5521, in filter
    .collect(optimizations=QueryOptFlags._eager())
     ^^^^^^^^^^^^^^^^^^^^^^^^^^^^^^^^^^^^^^^^^^^^^
  File "/home/nvidia/sixwatch/.venv/lib/python3.12/site-packages/polars/_utils/deprecation.py", line 97, in wrapper
    return function(*args, **kwargs)
           ^^^^^^^^^^^^^^^^^^^^^^^^^
  File "/home/nvidia/sixwatch/.venv/lib/python3.12/site-packages/polars/lazyframe/opt_flags.py", line 343, in wrapper
    return function(*args, **kwargs)
           ^^^^^^^^^^^^^^^^^^^^^^^^^
  File "/home/nvidia/sixwatch/.venv/lib/python3.12/site-packages/polars/lazyframe/frame.py", line 2630, in collect
    return wrap_df(ldf.collect(engine, callback))
                   ^^^^^^^^^^^^^^^^^^^^^^^^^^^^^
polars.exceptions.ColumnNotFoundError: unable to find column "NumCalls"; valid columns: ["IncidentNumber", "DateOfCall", "CalYear", "HourOfCall", "IncidentGroup", "StopCodeDescription", "PropertyCategory", "IncGeo_BoroughName", "IncGeo_WardName", "Easting_rounded", "Northing_rounded", "IncidentStationGround", "FirstPumpArriving_AttendanceTime", "FirstPumpArriving_DeployedFromStation", "SecondPumpArriving_AttendanceTime", "SecondPumpArriving_DeployedFromStation", "NumPumpsAttending", "PumpMinutesRounded"]
Sat Jun  6 05:25:29 PM UTC 2026 patrol exited rc=0 — restarting in 5s
Traceback (most recent call last):
  File "/home/nvidia/sixwatch/agent.py", line 330, in <module>
    main()
  File "/home/nvidia/sixwatch/agent.py", line 326, in main
    patrol(speak=a.speak)
  File "/home/nvidia/sixwatch/agent.py", line 260, in patrol
    notables = d.filter(
               ^^^^^^^^^
  File "/home/nvidia/sixwatch/.venv/lib/python3.12/site-packages/polars/dataframe/frame.py", line 5521, in filter
    .collect(optimizations=QueryOptFlags._eager())
     ^^^^^^^^^^^^^^^^^^^^^^^^^^^^^^^^^^^^^^^^^^^^^
  File "/home/nvidia/sixwatch/.venv/lib/python3.12/site-packages/polars/_utils/deprecation.py", line 97, in wrapper
    return function(*args, **kwargs)
           ^^^^^^^^^^^^^^^^^^^^^^^^^
  File "/home/nvidia/sixwatch/.venv/lib/python3.12/site-packages/polars/lazyframe/opt_flags.py", line 343, in wrapper
    return function(*args, **kwargs)
           ^^^^^^^^^^^^^^^^^^^^^^^^^
  File "/home/nvidia/sixwatch/.venv/lib/python3.12/site-packages/polars/lazyframe/frame.py", line 2630, in collect
    return wrap_df(ldf.collect(engine, callback))
                   ^^^^^^^^^^^^^^^^^^^^^^^^^^^^^
polars.exceptions.ColumnNotFoundError: unable to find column "NumCalls"; valid columns: ["IncidentNumber", "DateOfCall", "CalYear", "HourOfCall", "IncidentGroup", "StopCodeDescription", "PropertyCategory", "IncGeo_BoroughName", "IncGeo_WardName", "Easting_rounded", "Northing_rounded", "IncidentStationGround", "FirstPumpArriving_AttendanceTime", "FirstPumpArriving_DeployedFromStation", "SecondPumpArriving_AttendanceTime", "SecondPumpArriving_DeployedFromStation", "NumPumpsAttending", "PumpMinutesRounded"]
Sat Jun  6 05:25:34 PM UTC 2026 patrol exited rc=0 — restarting in 5s
Traceback (most recent call last):
  File "/home/nvidia/sixwatch/agent.py", line 330, in <module>
    main()
  File "/home/nvidia/sixwatch/agent.py", line 326, in main
    patrol(speak=a.speak)
  File "/home/nvidia/sixwatch/agent.py", line 260, in patrol
    notables = d.filter(
               ^^^^^^^^^
  File "/home/nvidia/sixwatch/.venv/lib/python3.12/site-packages/polars/dataframe/frame.py", line 5521, in filter
    .collect(optimizations=QueryOptFlags._eager())
     ^^^^^^^^^^^^^^^^^^^^^^^^^^^^^^^^^^^^^^^^^^^^^
  File "/home/nvidia/sixwatch/.venv/lib/python3.12/site-packages/polars/_utils/deprecation.py", line 97, in wrapper
    return function(*args, **kwargs)
           ^^^^^^^^^^^^^^^^^^^^^^^^^
  File "/home/nvidia/sixwatch/.venv/lib/python3.12/site-packages/polars/lazyframe/opt_flags.py", line 343, in wrapper
    return function(*args, **kwargs)
           ^^^^^^^^^^^^^^^^^^^^^^^^^
  File "/home/nvidia/sixwatch/.venv/lib/python3.12/site-packages/polars/lazyframe/frame.py", line 2630, in collect
    return wrap_df(ldf.collect(engine, callback))
                   ^^^^^^^^^^^^^^^^^^^^^^^^^^^^^
polars.exceptions.ColumnNotFoundError: unable to find column "NumCalls"; valid columns: ["IncidentNumber", "DateOfCall", "CalYear", "HourOfCall", "IncidentGroup", "StopCodeDescription", "PropertyCategory", "IncGeo_BoroughName", "IncGeo_WardName", "Easting_rounded", "Northing_rounded", "IncidentStationGround", "FirstPumpArriving_AttendanceTime", "FirstPumpArriving_DeployedFromStation", "SecondPumpArriving_AttendanceTime", "SecondPumpArriving_DeployedFromStation", "NumPumpsAttending", "PumpMinutesRounded"]
Sat Jun  6 05:25:40 PM UTC 2026 patrol exited rc=0 — restarting in 5s
Traceback (most recent call last):
  File "/home/nvidia/sixwatch/agent.py", line 330, in <module>
    main()
  File "/home/nvidia/sixwatch/agent.py", line 326, in main
    patrol(speak=a.speak)
  File "/home/nvidia/sixwatch/agent.py", line 260, in patrol
    notables = d.filter(
               ^^^^^^^^^
  File "/home/nvidia/sixwatch/.venv/lib/python3.12/site-packages/polars/dataframe/frame.py", line 5521, in filter
    .collect(optimizations=QueryOptFlags._eager())
     ^^^^^^^^^^^^^^^^^^^^^^^^^^^^^^^^^^^^^^^^^^^^^
  File "/home/nvidia/sixwatch/.venv/lib/python3.12/site-packages/polars/_utils/deprecation.py", line 97, in wrapper
    return function(*args, **kwargs)
           ^^^^^^^^^^^^^^^^^^^^^^^^^
  File "/home/nvidia/sixwatch/.venv/lib/python3.12/site-packages/polars/lazyframe/opt_flags.py", line 343, in wrapper
    return function(*args, **kwargs)
           ^^^^^^^^^^^^^^^^^^^^^^^^^
  File "/home/nvidia/sixwatch/.venv/lib/python3.12/site-packages/polars/lazyframe/frame.py", line 2630, in collect
    return wrap_df(ldf.collect(engine, callback))
                   ^^^^^^^^^^^^^^^^^^^^^^^^^^^^^
polars.exceptions.ColumnNotFoundError: unable to find column "NumCalls"; valid columns: ["IncidentNumber", "DateOfCall", "CalYear", "HourOfCall", "IncidentGroup", "StopCodeDescription", "PropertyCategory", "IncGeo_BoroughName", "IncGeo_WardName", "Easting_rounded", "Northing_rounded", "IncidentStationGround", "FirstPumpArriving_AttendanceTime", "FirstPumpArriving_DeployedFromStation", "SecondPumpArriving_AttendanceTime", "SecondPumpArriving_DeployedFromStation", "NumPumpsAttending", "PumpMinutesRounded"]
Sat Jun  6 05:25:46 PM UTC 2026 patrol exited rc=0 — restarting in 5s
Traceback (most recent call last):
  File "/home/nvidia/sixwatch/agent.py", line 330, in <module>
    main()
  File "/home/nvidia/sixwatch/agent.py", line 326, in main
    patrol(speak=a.speak)
  File "/home/nvidia/sixwatch/agent.py", line 260, in patrol
    notables = d.filter(
               ^^^^^^^^^
  File "/home/nvidia/sixwatch/.venv/lib/python3.12/site-packages/polars/dataframe/frame.py", line 5521, in filter
    .collect(optimizations=QueryOptFlags._eager())
     ^^^^^^^^^^^^^^^^^^^^^^^^^^^^^^^^^^^^^^^^^^^^^
  File "/home/nvidia/sixwatch/.venv/lib/python3.12/site-packages/polars/_utils/deprecation.py", line 97, in wrapper
    return function(*args, **kwargs)
           ^^^^^^^^^^^^^^^^^^^^^^^^^
  File "/home/nvidia/sixwatch/.venv/lib/python3.12/site-packages/polars/lazyframe/opt_flags.py", line 343, in wrapper
    return function(*args, **kwargs)
           ^^^^^^^^^^^^^^^^^^^^^^^^^
  File "/home/nvidia/sixwatch/.venv/lib/python3.12/site-packages/polars/lazyframe/frame.py", line 2630, in collect
    return wrap_df(ldf.collect(engine, callback))
                   ^^^^^^^^^^^^^^^^^^^^^^^^^^^^^
polars.exceptions.ColumnNotFoundError: unable to find column "NumCalls"; valid columns: ["IncidentNumber", "DateOfCall", "CalYear", "HourOfCall", "IncidentGroup", "StopCodeDescription", "PropertyCategory", "IncGeo_BoroughName", "IncGeo_WardName", "Easting_rounded", "Northing_rounded", "IncidentStationGround", "FirstPumpArriving_AttendanceTime", "FirstPumpArriving_DeployedFromStation", "SecondPumpArriving_AttendanceTime", "SecondPumpArriving_DeployedFromStation", "NumPumpsAttending", "PumpMinutesRounded"]
Sat Jun  6 05:25:51 PM UTC 2026 patrol exited rc=0 — restarting in 5s
Traceback (most recent call last):
  File "/home/nvidia/sixwatch/agent.py", line 330, in <module>
    main()
  File "/home/nvidia/sixwatch/agent.py", line 326, in main
    patrol(speak=a.speak)
  File "/home/nvidia/sixwatch/agent.py", line 260, in patrol
    notables = d.filter(
               ^^^^^^^^^
  File "/home/nvidia/sixwatch/.venv/lib/python3.12/site-packages/polars/dataframe/frame.py", line 5521, in filter
    .collect(optimizations=QueryOptFlags._eager())
     ^^^^^^^^^^^^^^^^^^^^^^^^^^^^^^^^^^^^^^^^^^^^^
  File "/home/nvidia/sixwatch/.venv/lib/python3.12/site-packages/polars/_utils/deprecation.py", line 97, in wrapper
    return function(*args, **kwargs)
           ^^^^^^^^^^^^^^^^^^^^^^^^^
  File "/home/nvidia/sixwatch/.venv/lib/python3.12/site-packages/polars/lazyframe/opt_flags.py", line 343, in wrapper
    return function(*args, **kwargs)
           ^^^^^^^^^^^^^^^^^^^^^^^^^
  File "/home/nvidia/sixwatch/.venv/lib/python3.12/site-packages/polars/lazyframe/frame.py", line 2630, in collect
    return wrap_df(ldf.collect(engine, callback))
                   ^^^^^^^^^^^^^^^^^^^^^^^^^^^^^
polars.exceptions.ColumnNotFoundError: unable to find column "NumCalls"; valid columns: ["IncidentNumber", "DateOfCall", "CalYear", "HourOfCall", "IncidentGroup", "StopCodeDescription", "PropertyCategory", "IncGeo_BoroughName", "IncGeo_WardName", "Easting_rounded", "Northing_rounded", "IncidentStationGround", "FirstPumpArriving_AttendanceTime", "FirstPumpArriving_DeployedFromStation", "SecondPumpArriving_AttendanceTime", "SecondPumpArriving_DeployedFromStation", "NumPumpsAttending", "PumpMinutesRounded"]
Sat Jun  6 05:25:57 PM UTC 2026 patrol exited rc=0 — restarting in 5s
Traceback (most recent call last):
  File "/home/nvidia/sixwatch/agent.py", line 330, in <module>
    main()
  File "/home/nvidia/sixwatch/agent.py", line 326, in main
    patrol(speak=a.speak)
  File "/home/nvidia/sixwatch/agent.py", line 260, in patrol
    notables = d.filter(
               ^^^^^^^^^
  File "/home/nvidia/sixwatch/.venv/lib/python3.12/site-packages/polars/dataframe/frame.py", line 5521, in filter
    .collect(optimizations=QueryOptFlags._eager())
     ^^^^^^^^^^^^^^^^^^^^^^^^^^^^^^^^^^^^^^^^^^^^^
  File "/home/nvidia/sixwatch/.venv/lib/python3.12/site-packages/polars/_utils/deprecation.py", line 97, in wrapper
    return function(*args, **kwargs)
           ^^^^^^^^^^^^^^^^^^^^^^^^^
  File "/home/nvidia/sixwatch/.venv/lib/python3.12/site-packages/polars/lazyframe/opt_flags.py", line 343, in wrapper
    return function(*args, **kwargs)
           ^^^^^^^^^^^^^^^^^^^^^^^^^
  File "/home/nvidia/sixwatch/.venv/lib/python3.12/site-packages/polars/lazyframe/frame.py", line 2630, in collect
    return wrap_df(ldf.collect(engine, callback))
                   ^^^^^^^^^^^^^^^^^^^^^^^^^^^^^
polars.exceptions.ColumnNotFoundError: unable to find column "NumCalls"; valid columns: ["IncidentNumber", "DateOfCall", "CalYear", "HourOfCall", "IncidentGroup", "StopCodeDescription", "PropertyCategory", "IncGeo_BoroughName", "IncGeo_WardName", "Easting_rounded", "Northing_rounded", "IncidentStationGround", "FirstPumpArriving_AttendanceTime", "FirstPumpArriving_DeployedFromStation", "SecondPumpArriving_AttendanceTime", "SecondPumpArriving_DeployedFromStation", "NumPumpsAttending", "PumpMinutesRounded"]
Sat Jun  6 05:26:02 PM UTC 2026 patrol exited rc=0 — restarting in 5s
Traceback (most recent call last):
  File "/home/nvidia/sixwatch/agent.py", line 330, in <module>
    main()
  File "/home/nvidia/sixwatch/agent.py", line 326, in main
    patrol(speak=a.speak)
  File "/home/nvidia/sixwatch/agent.py", line 260, in patrol
    notables = d.filter(
               ^^^^^^^^^
  File "/home/nvidia/sixwatch/.venv/lib/python3.12/site-packages/polars/dataframe/frame.py", line 5521, in filter
    .collect(optimizations=QueryOptFlags._eager())
     ^^^^^^^^^^^^^^^^^^^^^^^^^^^^^^^^^^^^^^^^^^^^^
  File "/home/nvidia/sixwatch/.venv/lib/python3.12/site-packages/polars/_utils/deprecation.py", line 97, in wrapper
    return function(*args, **kwargs)
           ^^^^^^^^^^^^^^^^^^^^^^^^^
  File "/home/nvidia/sixwatch/.venv/lib/python3.12/site-packages/polars/lazyframe/opt_flags.py", line 343, in wrapper
    return function(*args, **kwargs)
           ^^^^^^^^^^^^^^^^^^^^^^^^^
  File "/home/nvidia/sixwatch/.venv/lib/python3.12/site-packages/polars/lazyframe/frame.py", line 2630, in collect
    return wrap_df(ldf.collect(engine, callback))
                   ^^^^^^^^^^^^^^^^^^^^^^^^^^^^^
polars.exceptions.ColumnNotFoundError: unable to find column "NumCalls"; valid columns: ["IncidentNumber", "DateOfCall", "CalYear", "HourOfCall", "IncidentGroup", "StopCodeDescription", "PropertyCategory", "IncGeo_BoroughName", "IncGeo_WardName", "Easting_rounded", "Northing_rounded", "IncidentStationGround", "FirstPumpArriving_AttendanceTime", "FirstPumpArriving_DeployedFromStation", "SecondPumpArriving_AttendanceTime", "SecondPumpArriving_DeployedFromStation", "NumPumpsAttending", "PumpMinutesRounded"]
Sat Jun  6 05:26:08 PM UTC 2026 patrol exited rc=0 — restarting in 5s
Traceback (most recent call last):
  File "/home/nvidia/sixwatch/agent.py", line 330, in <module>
    main()
  File "/home/nvidia/sixwatch/agent.py", line 326, in main
    patrol(speak=a.speak)
  File "/home/nvidia/sixwatch/agent.py", line 260, in patrol
    notables = d.filter(
               ^^^^^^^^^
  File "/home/nvidia/sixwatch/.venv/lib/python3.12/site-packages/polars/dataframe/frame.py", line 5521, in filter
    .collect(optimizations=QueryOptFlags._eager())
     ^^^^^^^^^^^^^^^^^^^^^^^^^^^^^^^^^^^^^^^^^^^^^
  File "/home/nvidia/sixwatch/.venv/lib/python3.12/site-packages/polars/_utils/deprecation.py", line 97, in wrapper
    return function(*args, **kwargs)
           ^^^^^^^^^^^^^^^^^^^^^^^^^
  File "/home/nvidia/sixwatch/.venv/lib/python3.12/site-packages/polars/lazyframe/opt_flags.py", line 343, in wrapper
    return function(*args, **kwargs)
           ^^^^^^^^^^^^^^^^^^^^^^^^^
  File "/home/nvidia/sixwatch/.venv/lib/python3.12/site-packages/polars/lazyframe/frame.py", line 2630, in collect
    return wrap_df(ldf.collect(engine, callback))
                   ^^^^^^^^^^^^^^^^^^^^^^^^^^^^^
polars.exceptions.ColumnNotFoundError: unable to find column "NumCalls"; valid columns: ["IncidentNumber", "DateOfCall", "CalYear", "HourOfCall", "IncidentGroup", "StopCodeDescription", "PropertyCategory", "IncGeo_BoroughName", "IncGeo_WardName", "Easting_rounded", "Northing_rounded", "IncidentStationGround", "FirstPumpArriving_AttendanceTime", "FirstPumpArriving_DeployedFromStation", "SecondPumpArriving_AttendanceTime", "SecondPumpArriving_DeployedFromStation", "NumPumpsAttending", "PumpMinutesRounded"]
Sat Jun  6 05:26:13 PM UTC 2026 patrol exited rc=0 — restarting in 5s
Traceback (most recent call last):
  File "/home/nvidia/sixwatch/agent.py", line 330, in <module>
    main()
  File "/home/nvidia/sixwatch/agent.py", line 326, in main
    patrol(speak=a.speak)
  File "/home/nvidia/sixwatch/agent.py", line 260, in patrol
    notables = d.filter(
               ^^^^^^^^^
  File "/home/nvidia/sixwatch/.venv/lib/python3.12/site-packages/polars/dataframe/frame.py", line 5521, in filter
    .collect(optimizations=QueryOptFlags._eager())
     ^^^^^^^^^^^^^^^^^^^^^^^^^^^^^^^^^^^^^^^^^^^^^
  File "/home/nvidia/sixwatch/.venv/lib/python3.12/site-packages/polars/_utils/deprecation.py", line 97, in wrapper
    return function(*args, **kwargs)
           ^^^^^^^^^^^^^^^^^^^^^^^^^
  File "/home/nvidia/sixwatch/.venv/lib/python3.12/site-packages/polars/lazyframe/opt_flags.py", line 343, in wrapper
    return function(*args, **kwargs)
           ^^^^^^^^^^^^^^^^^^^^^^^^^
  File "/home/nvidia/sixwatch/.venv/lib/python3.12/site-packages/polars/lazyframe/frame.py", line 2630, in collect
    return wrap_df(ldf.collect(engine, callback))
                   ^^^^^^^^^^^^^^^^^^^^^^^^^^^^^
polars.exceptions.ColumnNotFoundError: unable to find column "NumCalls"; valid columns: ["IncidentNumber", "DateOfCall", "CalYear", "HourOfCall", "IncidentGroup", "StopCodeDescription", "PropertyCategory", "IncGeo_BoroughName", "IncGeo_WardName", "Easting_rounded", "Northing_rounded", "IncidentStationGround", "FirstPumpArriving_AttendanceTime", "FirstPumpArriving_DeployedFromStation", "SecondPumpArriving_AttendanceTime", "SecondPumpArriving_DeployedFromStation", "NumPumpsAttending", "PumpMinutesRounded"]
Sat Jun  6 05:26:19 PM UTC 2026 patrol exited rc=0 — restarting in 5s
Traceback (most recent call last):
  File "/home/nvidia/sixwatch/agent.py", line 330, in <module>
    main()
  File "/home/nvidia/sixwatch/agent.py", line 326, in main
    patrol(speak=a.speak)
  File "/home/nvidia/sixwatch/agent.py", line 260, in patrol
    notables = d.filter(
               ^^^^^^^^^
  File "/home/nvidia/sixwatch/.venv/lib/python3.12/site-packages/polars/dataframe/frame.py", line 5521, in filter
    .collect(optimizations=QueryOptFlags._eager())
     ^^^^^^^^^^^^^^^^^^^^^^^^^^^^^^^^^^^^^^^^^^^^^
  File "/home/nvidia/sixwatch/.venv/lib/python3.12/site-packages/polars/_utils/deprecation.py", line 97, in wrapper
    return function(*args, **kwargs)
           ^^^^^^^^^^^^^^^^^^^^^^^^^
  File "/home/nvidia/sixwatch/.venv/lib/python3.12/site-packages/polars/lazyframe/opt_flags.py", line 343, in wrapper
    return function(*args, **kwargs)
           ^^^^^^^^^^^^^^^^^^^^^^^^^
  File "/home/nvidia/sixwatch/.venv/lib/python3.12/site-packages/polars/lazyframe/frame.py", line 2630, in collect
    return wrap_df(ldf.collect(engine, callback))
                   ^^^^^^^^^^^^^^^^^^^^^^^^^^^^^
polars.exceptions.ColumnNotFoundError: unable to find column "NumCalls"; valid columns: ["IncidentNumber", "DateOfCall", "CalYear", "HourOfCall", "IncidentGroup", "StopCodeDescription", "PropertyCategory", "IncGeo_BoroughName", "IncGeo_WardName", "Easting_rounded", "Northing_rounded", "IncidentStationGround", "FirstPumpArriving_AttendanceTime", "FirstPumpArriving_DeployedFromStation", "SecondPumpArriving_AttendanceTime", "SecondPumpArriving_DeployedFromStation", "NumPumpsAttending", "PumpMinutesRounded"]
Sat Jun  6 05:26:24 PM UTC 2026 patrol exited rc=0 — restarting in 5s
Traceback (most recent call last):
  File "/home/nvidia/sixwatch/agent.py", line 330, in <module>
    main()
  File "/home/nvidia/sixwatch/agent.py", line 326, in main
    patrol(speak=a.speak)
  File "/home/nvidia/sixwatch/agent.py", line 260, in patrol
    notables = d.filter(
               ^^^^^^^^^
  File "/home/nvidia/sixwatch/.venv/lib/python3.12/site-packages/polars/dataframe/frame.py", line 5521, in filter
    .collect(optimizations=QueryOptFlags._eager())
     ^^^^^^^^^^^^^^^^^^^^^^^^^^^^^^^^^^^^^^^^^^^^^
  File "/home/nvidia/sixwatch/.venv/lib/python3.12/site-packages/polars/_utils/deprecation.py", line 97, in wrapper
    return function(*args, **kwargs)
           ^^^^^^^^^^^^^^^^^^^^^^^^^
  File "/home/nvidia/sixwatch/.venv/lib/python3.12/site-packages/polars/lazyframe/opt_flags.py", line 343, in wrapper
    return function(*args, **kwargs)
           ^^^^^^^^^^^^^^^^^^^^^^^^^
  File "/home/nvidia/sixwatch/.venv/lib/python3.12/site-packages/polars/lazyframe/frame.py", line 2630, in collect
    return wrap_df(ldf.collect(engine, callback))
                   ^^^^^^^^^^^^^^^^^^^^^^^^^^^^^
polars.exceptions.ColumnNotFoundError: unable to find column "NumCalls"; valid columns: ["IncidentNumber", "DateOfCall", "CalYear", "HourOfCall", "IncidentGroup", "StopCodeDescription", "PropertyCategory", "IncGeo_BoroughName", "IncGeo_WardName", "Easting_rounded", "Northing_rounded", "IncidentStationGround", "FirstPumpArriving_AttendanceTime", "FirstPumpArriving_DeployedFromStation", "SecondPumpArriving_AttendanceTime", "SecondPumpArriving_DeployedFromStation", "NumPumpsAttending", "PumpMinutesRounded"]
Sat Jun  6 05:26:30 PM UTC 2026 patrol exited rc=0 — restarting in 5s
Traceback (most recent call last):
  File "/home/nvidia/sixwatch/agent.py", line 330, in <module>
    main()
  File "/home/nvidia/sixwatch/agent.py", line 326, in main
    patrol(speak=a.speak)
  File "/home/nvidia/sixwatch/agent.py", line 260, in patrol
    notables = d.filter(
               ^^^^^^^^^
  File "/home/nvidia/sixwatch/.venv/lib/python3.12/site-packages/polars/dataframe/frame.py", line 5521, in filter
    .collect(optimizations=QueryOptFlags._eager())
     ^^^^^^^^^^^^^^^^^^^^^^^^^^^^^^^^^^^^^^^^^^^^^
  File "/home/nvidia/sixwatch/.venv/lib/python3.12/site-packages/polars/_utils/deprecation.py", line 97, in wrapper
    return function(*args, **kwargs)
           ^^^^^^^^^^^^^^^^^^^^^^^^^
  File "/home/nvidia/sixwatch/.venv/lib/python3.12/site-packages/polars/lazyframe/opt_flags.py", line 343, in wrapper
    return function(*args, **kwargs)
           ^^^^^^^^^^^^^^^^^^^^^^^^^
  File "/home/nvidia/sixwatch/.venv/lib/python3.12/site-packages/polars/lazyframe/frame.py", line 2630, in collect
    return wrap_df(ldf.collect(engine, callback))
                   ^^^^^^^^^^^^^^^^^^^^^^^^^^^^^
polars.exceptions.ColumnNotFoundError: unable to find column "NumCalls"; valid columns: ["IncidentNumber", "DateOfCall", "CalYear", "HourOfCall", "IncidentGroup", "StopCodeDescription", "PropertyCategory", "IncGeo_BoroughName", "IncGeo_WardName", "Easting_rounded", "Northing_rounded", "IncidentStationGround", "FirstPumpArriving_AttendanceTime", "FirstPumpArriving_DeployedFromStation", "SecondPumpArriving_AttendanceTime", "SecondPumpArriving_DeployedFromStation", "NumPumpsAttending", "PumpMinutesRounded"]
Sat Jun  6 05:26:36 PM UTC 2026 patrol exited rc=0 — restarting in 5s
Traceback (most recent call last):
  File "/home/nvidia/sixwatch/agent.py", line 330, in <module>
    main()
  File "/home/nvidia/sixwatch/agent.py", line 326, in main
    patrol(speak=a.speak)
  File "/home/nvidia/sixwatch/agent.py", line 260, in patrol
    notables = d.filter(
               ^^^^^^^^^
  File "/home/nvidia/sixwatch/.venv/lib/python3.12/site-packages/polars/dataframe/frame.py", line 5521, in filter
    .collect(optimizations=QueryOptFlags._eager())
     ^^^^^^^^^^^^^^^^^^^^^^^^^^^^^^^^^^^^^^^^^^^^^
  File "/home/nvidia/sixwatch/.venv/lib/python3.12/site-packages/polars/_utils/deprecation.py", line 97, in wrapper
    return function(*args, **kwargs)
           ^^^^^^^^^^^^^^^^^^^^^^^^^
  File "/home/nvidia/sixwatch/.venv/lib/python3.12/site-packages/polars/lazyframe/opt_flags.py", line 343, in wrapper
    return function(*args, **kwargs)
           ^^^^^^^^^^^^^^^^^^^^^^^^^
  File "/home/nvidia/sixwatch/.venv/lib/python3.12/site-packages/polars/lazyframe/frame.py", line 2630, in collect
    return wrap_df(ldf.collect(engine, callback))
                   ^^^^^^^^^^^^^^^^^^^^^^^^^^^^^
polars.exceptions.ColumnNotFoundError: unable to find column "NumCalls"; valid columns: ["IncidentNumber", "DateOfCall", "CalYear", "HourOfCall", "IncidentGroup", "StopCodeDescription", "PropertyCategory", "IncGeo_BoroughName", "IncGeo_WardName", "Easting_rounded", "Northing_rounded", "IncidentStationGround", "FirstPumpArriving_AttendanceTime", "FirstPumpArriving_DeployedFromStation", "SecondPumpArriving_AttendanceTime", "SecondPumpArriving_DeployedFromStation", "NumPumpsAttending", "PumpMinutesRounded"]
Sat Jun  6 05:26:41 PM UTC 2026 patrol exited rc=0 — restarting in 5s
Traceback (most recent call last):
  File "/home/nvidia/sixwatch/agent.py", line 330, in <module>
    main()
  File "/home/nvidia/sixwatch/agent.py", line 326, in main
    patrol(speak=a.speak)
  File "/home/nvidia/sixwatch/agent.py", line 260, in patrol
    notables = d.filter(
               ^^^^^^^^^
  File "/home/nvidia/sixwatch/.venv/lib/python3.12/site-packages/polars/dataframe/frame.py", line 5521, in filter
    .collect(optimizations=QueryOptFlags._eager())
     ^^^^^^^^^^^^^^^^^^^^^^^^^^^^^^^^^^^^^^^^^^^^^
  File "/home/nvidia/sixwatch/.venv/lib/python3.12/site-packages/polars/_utils/deprecation.py", line 97, in wrapper
    return function(*args, **kwargs)
           ^^^^^^^^^^^^^^^^^^^^^^^^^
  File "/home/nvidia/sixwatch/.venv/lib/python3.12/site-packages/polars/lazyframe/opt_flags.py", line 343, in wrapper
    return function(*args, **kwargs)
           ^^^^^^^^^^^^^^^^^^^^^^^^^
  File "/home/nvidia/sixwatch/.venv/lib/python3.12/site-packages/polars/lazyframe/frame.py", line 2630, in collect
    return wrap_df(ldf.collect(engine, callback))
                   ^^^^^^^^^^^^^^^^^^^^^^^^^^^^^
polars.exceptions.ColumnNotFoundError: unable to find column "NumCalls"; valid columns: ["IncidentNumber", "DateOfCall", "CalYear", "HourOfCall", "IncidentGroup", "StopCodeDescription", "PropertyCategory", "IncGeo_BoroughName", "IncGeo_WardName", "Easting_rounded", "Northing_rounded", "IncidentStationGround", "FirstPumpArriving_AttendanceTime", "FirstPumpArriving_DeployedFromStation", "SecondPumpArriving_AttendanceTime", "SecondPumpArriving_DeployedFromStation", "NumPumpsAttending", "PumpMinutesRounded"]
Sat Jun  6 05:26:47 PM UTC 2026 patrol exited rc=0 — restarting in 5s
Traceback (most recent call last):
  File "/home/nvidia/sixwatch/agent.py", line 330, in <module>
    main()
  File "/home/nvidia/sixwatch/agent.py", line 326, in main
    patrol(speak=a.speak)
  File "/home/nvidia/sixwatch/agent.py", line 260, in patrol
    notables = d.filter(
               ^^^^^^^^^
  File "/home/nvidia/sixwatch/.venv/lib/python3.12/site-packages/polars/dataframe/frame.py", line 5521, in filter
    .collect(optimizations=QueryOptFlags._eager())
     ^^^^^^^^^^^^^^^^^^^^^^^^^^^^^^^^^^^^^^^^^^^^^
  File "/home/nvidia/sixwatch/.venv/lib/python3.12/site-packages/polars/_utils/deprecation.py", line 97, in wrapper
    return function(*args, **kwargs)
           ^^^^^^^^^^^^^^^^^^^^^^^^^
  File "/home/nvidia/sixwatch/.venv/lib/python3.12/site-packages/polars/lazyframe/opt_flags.py", line 343, in wrapper
    return function(*args, **kwargs)
           ^^^^^^^^^^^^^^^^^^^^^^^^^
  File "/home/nvidia/sixwatch/.venv/lib/python3.12/site-packages/polars/lazyframe/frame.py", line 2630, in collect
    return wrap_df(ldf.collect(engine, callback))
                   ^^^^^^^^^^^^^^^^^^^^^^^^^^^^^
polars.exceptions.ColumnNotFoundError: unable to find column "NumCalls"; valid columns: ["IncidentNumber", "DateOfCall", "CalYear", "HourOfCall", "IncidentGroup", "StopCodeDescription", "PropertyCategory", "IncGeo_BoroughName", "IncGeo_WardName", "Easting_rounded", "Northing_rounded", "IncidentStationGround", "FirstPumpArriving_AttendanceTime", "FirstPumpArriving_DeployedFromStation", "SecondPumpArriving_AttendanceTime", "SecondPumpArriving_DeployedFromStation", "NumPumpsAttending", "PumpMinutesRounded"]
Sat Jun  6 05:26:52 PM UTC 2026 patrol exited rc=0 — restarting in 5s
Traceback (most recent call last):
  File "/home/nvidia/sixwatch/agent.py", line 330, in <module>
    main()
  File "/home/nvidia/sixwatch/agent.py", line 326, in main
    patrol(speak=a.speak)
  File "/home/nvidia/sixwatch/agent.py", line 260, in patrol
    notables = d.filter(
               ^^^^^^^^^
  File "/home/nvidia/sixwatch/.venv/lib/python3.12/site-packages/polars/dataframe/frame.py", line 5521, in filter
    .collect(optimizations=QueryOptFlags._eager())
     ^^^^^^^^^^^^^^^^^^^^^^^^^^^^^^^^^^^^^^^^^^^^^
  File "/home/nvidia/sixwatch/.venv/lib/python3.12/site-packages/polars/_utils/deprecation.py", line 97, in wrapper
    return function(*args, **kwargs)
           ^^^^^^^^^^^^^^^^^^^^^^^^^
  File "/home/nvidia/sixwatch/.venv/lib/python3.12/site-packages/polars/lazyframe/opt_flags.py", line 343, in wrapper
    return function(*args, **kwargs)
           ^^^^^^^^^^^^^^^^^^^^^^^^^
  File "/home/nvidia/sixwatch/.venv/lib/python3.12/site-packages/polars/lazyframe/frame.py", line 2630, in collect
    return wrap_df(ldf.collect(engine, callback))
                   ^^^^^^^^^^^^^^^^^^^^^^^^^^^^^
polars.exceptions.ColumnNotFoundError: unable to find column "NumCalls"; valid columns: ["IncidentNumber", "DateOfCall", "CalYear", "HourOfCall", "IncidentGroup", "StopCodeDescription", "PropertyCategory", "IncGeo_BoroughName", "IncGeo_WardName", "Easting_rounded", "Northing_rounded", "IncidentStationGround", "FirstPumpArriving_AttendanceTime", "FirstPumpArriving_DeployedFromStation", "SecondPumpArriving_AttendanceTime", "SecondPumpArriving_DeployedFromStation", "NumPumpsAttending", "PumpMinutesRounded"]
Sat Jun  6 05:26:58 PM UTC 2026 patrol exited rc=0 — restarting in 5s
Traceback (most recent call last):
  File "/home/nvidia/sixwatch/agent.py", line 330, in <module>
    main()
  File "/home/nvidia/sixwatch/agent.py", line 326, in main
    patrol(speak=a.speak)
  File "/home/nvidia/sixwatch/agent.py", line 260, in patrol
    notables = d.filter(
               ^^^^^^^^^
  File "/home/nvidia/sixwatch/.venv/lib/python3.12/site-packages/polars/dataframe/frame.py", line 5521, in filter
    .collect(optimizations=QueryOptFlags._eager())
     ^^^^^^^^^^^^^^^^^^^^^^^^^^^^^^^^^^^^^^^^^^^^^
  File "/home/nvidia/sixwatch/.venv/lib/python3.12/site-packages/polars/_utils/deprecation.py", line 97, in wrapper
    return function(*args, **kwargs)
           ^^^^^^^^^^^^^^^^^^^^^^^^^
  File "/home/nvidia/sixwatch/.venv/lib/python3.12/site-packages/polars/lazyframe/opt_flags.py", line 343, in wrapper
    return function(*args, **kwargs)
           ^^^^^^^^^^^^^^^^^^^^^^^^^
  File "/home/nvidia/sixwatch/.venv/lib/python3.12/site-packages/polars/lazyframe/frame.py", line 2630, in collect
    return wrap_df(ldf.collect(engine, callback))
                   ^^^^^^^^^^^^^^^^^^^^^^^^^^^^^
polars.exceptions.ColumnNotFoundError: unable to find column "NumCalls"; valid columns: ["IncidentNumber", "DateOfCall", "CalYear", "HourOfCall", "IncidentGroup", "StopCodeDescription", "PropertyCategory", "IncGeo_BoroughName", "IncGeo_WardName", "Easting_rounded", "Northing_rounded", "IncidentStationGround", "FirstPumpArriving_AttendanceTime", "FirstPumpArriving_DeployedFromStation", "SecondPumpArriving_AttendanceTime", "SecondPumpArriving_DeployedFromStation", "NumPumpsAttending", "PumpMinutesRounded"]
Sat Jun  6 05:27:04 PM UTC 2026 patrol exited rc=0 — restarting in 5s
Traceback (most recent call last):
  File "/home/nvidia/sixwatch/agent.py", line 330, in <module>
    main()
  File "/home/nvidia/sixwatch/agent.py", line 326, in main
    patrol(speak=a.speak)
  File "/home/nvidia/sixwatch/agent.py", line 260, in patrol
    notables = d.filter(
               ^^^^^^^^^
  File "/home/nvidia/sixwatch/.venv/lib/python3.12/site-packages/polars/dataframe/frame.py", line 5521, in filter
    .collect(optimizations=QueryOptFlags._eager())
     ^^^^^^^^^^^^^^^^^^^^^^^^^^^^^^^^^^^^^^^^^^^^^
  File "/home/nvidia/sixwatch/.venv/lib/python3.12/site-packages/polars/_utils/deprecation.py", line 97, in wrapper
    return function(*args, **kwargs)
           ^^^^^^^^^^^^^^^^^^^^^^^^^
  File "/home/nvidia/sixwatch/.venv/lib/python3.12/site-packages/polars/lazyframe/opt_flags.py", line 343, in wrapper
    return function(*args, **kwargs)
           ^^^^^^^^^^^^^^^^^^^^^^^^^
  File "/home/nvidia/sixwatch/.venv/lib/python3.12/site-packages/polars/lazyframe/frame.py", line 2630, in collect
    return wrap_df(ldf.collect(engine, callback))
                   ^^^^^^^^^^^^^^^^^^^^^^^^^^^^^
polars.exceptions.ColumnNotFoundError: unable to find column "NumCalls"; valid columns: ["IncidentNumber", "DateOfCall", "CalYear", "HourOfCall", "IncidentGroup", "StopCodeDescription", "PropertyCategory", "IncGeo_BoroughName", "IncGeo_WardName", "Easting_rounded", "Northing_rounded", "IncidentStationGround", "FirstPumpArriving_AttendanceTime", "FirstPumpArriving_DeployedFromStation", "SecondPumpArriving_AttendanceTime", "SecondPumpArriving_DeployedFromStation", "NumPumpsAttending", "PumpMinutesRounded"]
Sat Jun  6 05:27:09 PM UTC 2026 patrol exited rc=0 — restarting in 5s
Traceback (most recent call last):
  File "/home/nvidia/sixwatch/agent.py", line 330, in <module>
    main()
  File "/home/nvidia/sixwatch/agent.py", line 326, in main
    patrol(speak=a.speak)
  File "/home/nvidia/sixwatch/agent.py", line 260, in patrol
    notables = d.filter(
               ^^^^^^^^^
  File "/home/nvidia/sixwatch/.venv/lib/python3.12/site-packages/polars/dataframe/frame.py", line 5521, in filter
    .collect(optimizations=QueryOptFlags._eager())
     ^^^^^^^^^^^^^^^^^^^^^^^^^^^^^^^^^^^^^^^^^^^^^
  File "/home/nvidia/sixwatch/.venv/lib/python3.12/site-packages/polars/_utils/deprecation.py", line 97, in wrapper
    return function(*args, **kwargs)
           ^^^^^^^^^^^^^^^^^^^^^^^^^
  File "/home/nvidia/sixwatch/.venv/lib/python3.12/site-packages/polars/lazyframe/opt_flags.py", line 343, in wrapper
    return function(*args, **kwargs)
           ^^^^^^^^^^^^^^^^^^^^^^^^^
  File "/home/nvidia/sixwatch/.venv/lib/python3.12/site-packages/polars/lazyframe/frame.py", line 2630, in collect
    return wrap_df(ldf.collect(engine, callback))
                   ^^^^^^^^^^^^^^^^^^^^^^^^^^^^^
polars.exceptions.ColumnNotFoundError: unable to find column "NumCalls"; valid columns: ["IncidentNumber", "DateOfCall", "CalYear", "HourOfCall", "IncidentGroup", "StopCodeDescription", "PropertyCategory", "IncGeo_BoroughName", "IncGeo_WardName", "Easting_rounded", "Northing_rounded", "IncidentStationGround", "FirstPumpArriving_AttendanceTime", "FirstPumpArriving_DeployedFromStation", "SecondPumpArriving_AttendanceTime", "SecondPumpArriving_DeployedFromStation", "NumPumpsAttending", "PumpMinutesRounded"]
Sat Jun  6 05:27:15 PM UTC 2026 patrol exited rc=0 — restarting in 5s
Traceback (most recent call last):
  File "/home/nvidia/sixwatch/agent.py", line 330, in <module>
    main()
  File "/home/nvidia/sixwatch/agent.py", line 326, in main
    patrol(speak=a.speak)
  File "/home/nvidia/sixwatch/agent.py", line 260, in patrol
    notables = d.filter(
               ^^^^^^^^^
  File "/home/nvidia/sixwatch/.venv/lib/python3.12/site-packages/polars/dataframe/frame.py", line 5521, in filter
    .collect(optimizations=QueryOptFlags._eager())
     ^^^^^^^^^^^^^^^^^^^^^^^^^^^^^^^^^^^^^^^^^^^^^
  File "/home/nvidia/sixwatch/.venv/lib/python3.12/site-packages/polars/_utils/deprecation.py", line 97, in wrapper
    return function(*args, **kwargs)
           ^^^^^^^^^^^^^^^^^^^^^^^^^
  File "/home/nvidia/sixwatch/.venv/lib/python3.12/site-packages/polars/lazyframe/opt_flags.py", line 343, in wrapper
    return function(*args, **kwargs)
           ^^^^^^^^^^^^^^^^^^^^^^^^^
  File "/home/nvidia/sixwatch/.venv/lib/python3.12/site-packages/polars/lazyframe/frame.py", line 2630, in collect
    return wrap_df(ldf.collect(engine, callback))
                   ^^^^^^^^^^^^^^^^^^^^^^^^^^^^^
polars.exceptions.ColumnNotFoundError: unable to find column "NumCalls"; valid columns: ["IncidentNumber", "DateOfCall", "CalYear", "HourOfCall", "IncidentGroup", "StopCodeDescription", "PropertyCategory", "IncGeo_BoroughName", "IncGeo_WardName", "Easting_rounded", "Northing_rounded", "IncidentStationGround", "FirstPumpArriving_AttendanceTime", "FirstPumpArriving_DeployedFromStation", "SecondPumpArriving_AttendanceTime", "SecondPumpArriving_DeployedFromStation", "NumPumpsAttending", "PumpMinutesRounded"]
Sat Jun  6 05:27:20 PM UTC 2026 patrol exited rc=0 — restarting in 5s
Traceback (most recent call last):
  File "/home/nvidia/sixwatch/agent.py", line 330, in <module>
    main()
  File "/home/nvidia/sixwatch/agent.py", line 326, in main
    patrol(speak=a.speak)
  File "/home/nvidia/sixwatch/agent.py", line 260, in patrol
    notables = d.filter(
               ^^^^^^^^^
  File "/home/nvidia/sixwatch/.venv/lib/python3.12/site-packages/polars/dataframe/frame.py", line 5521, in filter
    .collect(optimizations=QueryOptFlags._eager())
     ^^^^^^^^^^^^^^^^^^^^^^^^^^^^^^^^^^^^^^^^^^^^^
  File "/home/nvidia/sixwatch/.venv/lib/python3.12/site-packages/polars/_utils/deprecation.py", line 97, in wrapper
    return function(*args, **kwargs)
           ^^^^^^^^^^^^^^^^^^^^^^^^^
  File "/home/nvidia/sixwatch/.venv/lib/python3.12/site-packages/polars/lazyframe/opt_flags.py", line 343, in wrapper
    return function(*args, **kwargs)
           ^^^^^^^^^^^^^^^^^^^^^^^^^
  File "/home/nvidia/sixwatch/.venv/lib/python3.12/site-packages/polars/lazyframe/frame.py", line 2630, in collect
    return wrap_df(ldf.collect(engine, callback))
                   ^^^^^^^^^^^^^^^^^^^^^^^^^^^^^
polars.exceptions.ColumnNotFoundError: unable to find column "NumCalls"; valid columns: ["IncidentNumber", "DateOfCall", "CalYear", "HourOfCall", "IncidentGroup", "StopCodeDescription", "PropertyCategory", "IncGeo_BoroughName", "IncGeo_WardName", "Easting_rounded", "Northing_rounded", "IncidentStationGround", "FirstPumpArriving_AttendanceTime", "FirstPumpArriving_DeployedFromStation", "SecondPumpArriving_AttendanceTime", "SecondPumpArriving_DeployedFromStation", "NumPumpsAttending", "PumpMinutesRounded"]
Sat Jun  6 05:27:26 PM UTC 2026 patrol exited rc=0 — restarting in 5s
Traceback (most recent call last):
  File "/home/nvidia/sixwatch/agent.py", line 330, in <module>
    main()
  File "/home/nvidia/sixwatch/agent.py", line 326, in main
    patrol(speak=a.speak)
  File "/home/nvidia/sixwatch/agent.py", line 260, in patrol
    notables = d.filter(
               ^^^^^^^^^
  File "/home/nvidia/sixwatch/.venv/lib/python3.12/site-packages/polars/dataframe/frame.py", line 5521, in filter
    .collect(optimizations=QueryOptFlags._eager())
     ^^^^^^^^^^^^^^^^^^^^^^^^^^^^^^^^^^^^^^^^^^^^^
  File "/home/nvidia/sixwatch/.venv/lib/python3.12/site-packages/polars/_utils/deprecation.py", line 97, in wrapper
    return function(*args, **kwargs)
           ^^^^^^^^^^^^^^^^^^^^^^^^^
  File "/home/nvidia/sixwatch/.venv/lib/python3.12/site-packages/polars/lazyframe/opt_flags.py", line 343, in wrapper
    return function(*args, **kwargs)
           ^^^^^^^^^^^^^^^^^^^^^^^^^
  File "/home/nvidia/sixwatch/.venv/lib/python3.12/site-packages/polars/lazyframe/frame.py", line 2630, in collect
    return wrap_df(ldf.collect(engine, callback))
                   ^^^^^^^^^^^^^^^^^^^^^^^^^^^^^
polars.exceptions.ColumnNotFoundError: unable to find column "NumCalls"; valid columns: ["IncidentNumber", "DateOfCall", "CalYear", "HourOfCall", "IncidentGroup", "StopCodeDescription", "PropertyCategory", "IncGeo_BoroughName", "IncGeo_WardName", "Easting_rounded", "Northing_rounded", "IncidentStationGround", "FirstPumpArriving_AttendanceTime", "FirstPumpArriving_DeployedFromStation", "SecondPumpArriving_AttendanceTime", "SecondPumpArriving_DeployedFromStation", "NumPumpsAttending", "PumpMinutesRounded"]
Sat Jun  6 05:27:31 PM UTC 2026 patrol exited rc=0 — restarting in 5s
Traceback (most recent call last):
  File "/home/nvidia/sixwatch/agent.py", line 330, in <module>
    main()
  File "/home/nvidia/sixwatch/agent.py", line 326, in main
    patrol(speak=a.speak)
  File "/home/nvidia/sixwatch/agent.py", line 260, in patrol
    notables = d.filter(
               ^^^^^^^^^
  File "/home/nvidia/sixwatch/.venv/lib/python3.12/site-packages/polars/dataframe/frame.py", line 5521, in filter
    .collect(optimizations=QueryOptFlags._eager())
     ^^^^^^^^^^^^^^^^^^^^^^^^^^^^^^^^^^^^^^^^^^^^^
  File "/home/nvidia/sixwatch/.venv/lib/python3.12/site-packages/polars/_utils/deprecation.py", line 97, in wrapper
    return function(*args, **kwargs)
           ^^^^^^^^^^^^^^^^^^^^^^^^^
  File "/home/nvidia/sixwatch/.venv/lib/python3.12/site-packages/polars/lazyframe/opt_flags.py", line 343, in wrapper
    return function(*args, **kwargs)
           ^^^^^^^^^^^^^^^^^^^^^^^^^
  File "/home/nvidia/sixwatch/.venv/lib/python3.12/site-packages/polars/lazyframe/frame.py", line 2630, in collect
    return wrap_df(ldf.collect(engine, callback))
                   ^^^^^^^^^^^^^^^^^^^^^^^^^^^^^
polars.exceptions.ColumnNotFoundError: unable to find column "NumCalls"; valid columns: ["IncidentNumber", "DateOfCall", "CalYear", "HourOfCall", "IncidentGroup", "StopCodeDescription", "PropertyCategory", "IncGeo_BoroughName", "IncGeo_WardName", "Easting_rounded", "Northing_rounded", "IncidentStationGround", "FirstPumpArriving_AttendanceTime", "FirstPumpArriving_DeployedFromStation", "SecondPumpArriving_AttendanceTime", "SecondPumpArriving_DeployedFromStation", "NumPumpsAttending", "PumpMinutesRounded"]
Sat Jun  6 05:27:37 PM UTC 2026 patrol exited rc=0 — restarting in 5s
Traceback (most recent call last):
  File "/home/nvidia/sixwatch/agent.py", line 330, in <module>
    main()
  File "/home/nvidia/sixwatch/agent.py", line 326, in main
    patrol(speak=a.speak)
  File "/home/nvidia/sixwatch/agent.py", line 260, in patrol
    notables = d.filter(
               ^^^^^^^^^
  File "/home/nvidia/sixwatch/.venv/lib/python3.12/site-packages/polars/dataframe/frame.py", line 5521, in filter
    .collect(optimizations=QueryOptFlags._eager())
     ^^^^^^^^^^^^^^^^^^^^^^^^^^^^^^^^^^^^^^^^^^^^^
  File "/home/nvidia/sixwatch/.venv/lib/python3.12/site-packages/polars/_utils/deprecation.py", line 97, in wrapper
    return function(*args, **kwargs)
           ^^^^^^^^^^^^^^^^^^^^^^^^^
  File "/home/nvidia/sixwatch/.venv/lib/python3.12/site-packages/polars/lazyframe/opt_flags.py", line 343, in wrapper
    return function(*args, **kwargs)
           ^^^^^^^^^^^^^^^^^^^^^^^^^
  File "/home/nvidia/sixwatch/.venv/lib/python3.12/site-packages/polars/lazyframe/frame.py", line 2630, in collect
    return wrap_df(ldf.collect(engine, callback))
                   ^^^^^^^^^^^^^^^^^^^^^^^^^^^^^
polars.exceptions.ColumnNotFoundError: unable to find column "NumCalls"; valid columns: ["IncidentNumber", "DateOfCall", "CalYear", "HourOfCall", "IncidentGroup", "StopCodeDescription", "PropertyCategory", "IncGeo_BoroughName", "IncGeo_WardName", "Easting_rounded", "Northing_rounded", "IncidentStationGround", "FirstPumpArriving_AttendanceTime", "FirstPumpArriving_DeployedFromStation", "SecondPumpArriving_AttendanceTime", "SecondPumpArriving_DeployedFromStation", "NumPumpsAttending", "PumpMinutesRounded"]
Sat Jun  6 05:27:42 PM UTC 2026 patrol exited rc=0 — restarting in 5s
Traceback (most recent call last):
  File "/home/nvidia/sixwatch/agent.py", line 330, in <module>
    main()
  File "/home/nvidia/sixwatch/agent.py", line 326, in main
    patrol(speak=a.speak)
  File "/home/nvidia/sixwatch/agent.py", line 260, in patrol
    notables = d.filter(
               ^^^^^^^^^
  File "/home/nvidia/sixwatch/.venv/lib/python3.12/site-packages/polars/dataframe/frame.py", line 5521, in filter
    .collect(optimizations=QueryOptFlags._eager())
     ^^^^^^^^^^^^^^^^^^^^^^^^^^^^^^^^^^^^^^^^^^^^^
  File "/home/nvidia/sixwatch/.venv/lib/python3.12/site-packages/polars/_utils/deprecation.py", line 97, in wrapper
    return function(*args, **kwargs)
           ^^^^^^^^^^^^^^^^^^^^^^^^^
  File "/home/nvidia/sixwatch/.venv/lib/python3.12/site-packages/polars/lazyframe/opt_flags.py", line 343, in wrapper
    return function(*args, **kwargs)
           ^^^^^^^^^^^^^^^^^^^^^^^^^
  File "/home/nvidia/sixwatch/.venv/lib/python3.12/site-packages/polars/lazyframe/frame.py", line 2630, in collect
    return wrap_df(ldf.collect(engine, callback))
                   ^^^^^^^^^^^^^^^^^^^^^^^^^^^^^
polars.exceptions.ColumnNotFoundError: unable to find column "NumCalls"; valid columns: ["IncidentNumber", "DateOfCall", "CalYear", "HourOfCall", "IncidentGroup", "StopCodeDescription", "PropertyCategory", "IncGeo_BoroughName", "IncGeo_WardName", "Easting_rounded", "Northing_rounded", "IncidentStationGround", "FirstPumpArriving_AttendanceTime", "FirstPumpArriving_DeployedFromStation", "SecondPumpArriving_AttendanceTime", "SecondPumpArriving_DeployedFromStation", "NumPumpsAttending", "PumpMinutesRounded"]
Sat Jun  6 05:27:48 PM UTC 2026 patrol exited rc=0 — restarting in 5s
Traceback (most recent call last):
  File "/home/nvidia/sixwatch/agent.py", line 330, in <module>
    main()
  File "/home/nvidia/sixwatch/agent.py", line 326, in main
    patrol(speak=a.speak)
  File "/home/nvidia/sixwatch/agent.py", line 260, in patrol
    notables = d.filter(
               ^^^^^^^^^
  File "/home/nvidia/sixwatch/.venv/lib/python3.12/site-packages/polars/dataframe/frame.py", line 5521, in filter
    .collect(optimizations=QueryOptFlags._eager())
     ^^^^^^^^^^^^^^^^^^^^^^^^^^^^^^^^^^^^^^^^^^^^^
  File "/home/nvidia/sixwatch/.venv/lib/python3.12/site-packages/polars/_utils/deprecation.py", line 97, in wrapper
    return function(*args, **kwargs)
           ^^^^^^^^^^^^^^^^^^^^^^^^^
  File "/home/nvidia/sixwatch/.venv/lib/python3.12/site-packages/polars/lazyframe/opt_flags.py", line 343, in wrapper
    return function(*args, **kwargs)
           ^^^^^^^^^^^^^^^^^^^^^^^^^
  File "/home/nvidia/sixwatch/.venv/lib/python3.12/site-packages/polars/lazyframe/frame.py", line 2630, in collect
    return wrap_df(ldf.collect(engine, callback))
                   ^^^^^^^^^^^^^^^^^^^^^^^^^^^^^
polars.exceptions.ColumnNotFoundError: unable to find column "NumCalls"; valid columns: ["IncidentNumber", "DateOfCall", "CalYear", "HourOfCall", "IncidentGroup", "StopCodeDescription", "PropertyCategory", "IncGeo_BoroughName", "IncGeo_WardName", "Easting_rounded", "Northing_rounded", "IncidentStationGround", "FirstPumpArriving_AttendanceTime", "FirstPumpArriving_DeployedFromStation", "SecondPumpArriving_AttendanceTime", "SecondPumpArriving_DeployedFromStation", "NumPumpsAttending", "PumpMinutesRounded"]
Sat Jun  6 05:27:54 PM UTC 2026 patrol exited rc=0 — restarting in 5s
Traceback (most recent call last):
  File "/home/nvidia/sixwatch/agent.py", line 330, in <module>
    main()
  File "/home/nvidia/sixwatch/agent.py", line 326, in main
    patrol(speak=a.speak)
  File "/home/nvidia/sixwatch/agent.py", line 260, in patrol
    notables = d.filter(
               ^^^^^^^^^
  File "/home/nvidia/sixwatch/.venv/lib/python3.12/site-packages/polars/dataframe/frame.py", line 5521, in filter
    .collect(optimizations=QueryOptFlags._eager())
     ^^^^^^^^^^^^^^^^^^^^^^^^^^^^^^^^^^^^^^^^^^^^^
  File "/home/nvidia/sixwatch/.venv/lib/python3.12/site-packages/polars/_utils/deprecation.py", line 97, in wrapper
    return function(*args, **kwargs)
           ^^^^^^^^^^^^^^^^^^^^^^^^^
  File "/home/nvidia/sixwatch/.venv/lib/python3.12/site-packages/polars/lazyframe/opt_flags.py", line 343, in wrapper
    return function(*args, **kwargs)
           ^^^^^^^^^^^^^^^^^^^^^^^^^
  File "/home/nvidia/sixwatch/.venv/lib/python3.12/site-packages/polars/lazyframe/frame.py", line 2630, in collect
    return wrap_df(ldf.collect(engine, callback))
                   ^^^^^^^^^^^^^^^^^^^^^^^^^^^^^
polars.exceptions.ColumnNotFoundError: unable to find column "NumCalls"; valid columns: ["IncidentNumber", "DateOfCall", "CalYear", "HourOfCall", "IncidentGroup", "StopCodeDescription", "PropertyCategory", "IncGeo_BoroughName", "IncGeo_WardName", "Easting_rounded", "Northing_rounded", "IncidentStationGround", "FirstPumpArriving_AttendanceTime", "FirstPumpArriving_DeployedFromStation", "SecondPumpArriving_AttendanceTime", "SecondPumpArriving_DeployedFromStation", "NumPumpsAttending", "PumpMinutesRounded"]
Sat Jun  6 05:27:59 PM UTC 2026 patrol exited rc=0 — restarting in 5s
Traceback (most recent call last):
  File "/home/nvidia/sixwatch/agent.py", line 330, in <module>
    main()
  File "/home/nvidia/sixwatch/agent.py", line 326, in main
    patrol(speak=a.speak)
  File "/home/nvidia/sixwatch/agent.py", line 260, in patrol
    notables = d.filter(
               ^^^^^^^^^
  File "/home/nvidia/sixwatch/.venv/lib/python3.12/site-packages/polars/dataframe/frame.py", line 5521, in filter
    .collect(optimizations=QueryOptFlags._eager())
     ^^^^^^^^^^^^^^^^^^^^^^^^^^^^^^^^^^^^^^^^^^^^^
  File "/home/nvidia/sixwatch/.venv/lib/python3.12/site-packages/polars/_utils/deprecation.py", line 97, in wrapper
    return function(*args, **kwargs)
           ^^^^^^^^^^^^^^^^^^^^^^^^^
  File "/home/nvidia/sixwatch/.venv/lib/python3.12/site-packages/polars/lazyframe/opt_flags.py", line 343, in wrapper
    return function(*args, **kwargs)
           ^^^^^^^^^^^^^^^^^^^^^^^^^
  File "/home/nvidia/sixwatch/.venv/lib/python3.12/site-packages/polars/lazyframe/frame.py", line 2630, in collect
    return wrap_df(ldf.collect(engine, callback))
                   ^^^^^^^^^^^^^^^^^^^^^^^^^^^^^
polars.exceptions.ColumnNotFoundError: unable to find column "NumCalls"; valid columns: ["IncidentNumber", "DateOfCall", "CalYear", "HourOfCall", "IncidentGroup", "StopCodeDescription", "PropertyCategory", "IncGeo_BoroughName", "IncGeo_WardName", "Easting_rounded", "Northing_rounded", "IncidentStationGround", "FirstPumpArriving_AttendanceTime", "FirstPumpArriving_DeployedFromStation", "SecondPumpArriving_AttendanceTime", "SecondPumpArriving_DeployedFromStation", "NumPumpsAttending", "PumpMinutesRounded"]
Sat Jun  6 05:28:05 PM UTC 2026 patrol exited rc=0 — restarting in 5s
Traceback (most recent call last):
  File "/home/nvidia/sixwatch/agent.py", line 330, in <module>
    main()
  File "/home/nvidia/sixwatch/agent.py", line 326, in main
    patrol(speak=a.speak)
  File "/home/nvidia/sixwatch/agent.py", line 260, in patrol
    notables = d.filter(
               ^^^^^^^^^
  File "/home/nvidia/sixwatch/.venv/lib/python3.12/site-packages/polars/dataframe/frame.py", line 5521, in filter
    .collect(optimizations=QueryOptFlags._eager())
     ^^^^^^^^^^^^^^^^^^^^^^^^^^^^^^^^^^^^^^^^^^^^^
  File "/home/nvidia/sixwatch/.venv/lib/python3.12/site-packages/polars/_utils/deprecation.py", line 97, in wrapper
    return function(*args, **kwargs)
           ^^^^^^^^^^^^^^^^^^^^^^^^^
  File "/home/nvidia/sixwatch/.venv/lib/python3.12/site-packages/polars/lazyframe/opt_flags.py", line 343, in wrapper
    return function(*args, **kwargs)
           ^^^^^^^^^^^^^^^^^^^^^^^^^
  File "/home/nvidia/sixwatch/.venv/lib/python3.12/site-packages/polars/lazyframe/frame.py", line 2630, in collect
    return wrap_df(ldf.collect(engine, callback))
                   ^^^^^^^^^^^^^^^^^^^^^^^^^^^^^
polars.exceptions.ColumnNotFoundError: unable to find column "NumCalls"; valid columns: ["IncidentNumber", "DateOfCall", "CalYear", "HourOfCall", "IncidentGroup", "StopCodeDescription", "PropertyCategory", "IncGeo_BoroughName", "IncGeo_WardName", "Easting_rounded", "Northing_rounded", "IncidentStationGround", "FirstPumpArriving_AttendanceTime", "FirstPumpArriving_DeployedFromStation", "SecondPumpArriving_AttendanceTime", "SecondPumpArriving_DeployedFromStation", "NumPumpsAttending", "PumpMinutesRounded"]
Sat Jun  6 05:28:10 PM UTC 2026 patrol exited rc=0 — restarting in 5s
Traceback (most recent call last):
  File "/home/nvidia/sixwatch/agent.py", line 330, in <module>
    main()
  File "/home/nvidia/sixwatch/agent.py", line 326, in main
    patrol(speak=a.speak)
  File "/home/nvidia/sixwatch/agent.py", line 260, in patrol
    notables = d.filter(
               ^^^^^^^^^
  File "/home/nvidia/sixwatch/.venv/lib/python3.12/site-packages/polars/dataframe/frame.py", line 5521, in filter
    .collect(optimizations=QueryOptFlags._eager())
     ^^^^^^^^^^^^^^^^^^^^^^^^^^^^^^^^^^^^^^^^^^^^^
  File "/home/nvidia/sixwatch/.venv/lib/python3.12/site-packages/polars/_utils/deprecation.py", line 97, in wrapper
    return function(*args, **kwargs)
           ^^^^^^^^^^^^^^^^^^^^^^^^^
  File "/home/nvidia/sixwatch/.venv/lib/python3.12/site-packages/polars/lazyframe/opt_flags.py", line 343, in wrapper
    return function(*args, **kwargs)
           ^^^^^^^^^^^^^^^^^^^^^^^^^
  File "/home/nvidia/sixwatch/.venv/lib/python3.12/site-packages/polars/lazyframe/frame.py", line 2630, in collect
    return wrap_df(ldf.collect(engine, callback))
                   ^^^^^^^^^^^^^^^^^^^^^^^^^^^^^
polars.exceptions.ColumnNotFoundError: unable to find column "NumCalls"; valid columns: ["IncidentNumber", "DateOfCall", "CalYear", "HourOfCall", "IncidentGroup", "StopCodeDescription", "PropertyCategory", "IncGeo_BoroughName", "IncGeo_WardName", "Easting_rounded", "Northing_rounded", "IncidentStationGround", "FirstPumpArriving_AttendanceTime", "FirstPumpArriving_DeployedFromStation", "SecondPumpArriving_AttendanceTime", "SecondPumpArriving_DeployedFromStation", "NumPumpsAttending", "PumpMinutesRounded"]
Sat Jun  6 05:28:16 PM UTC 2026 patrol exited rc=0 — restarting in 5s
Traceback (most recent call last):
  File "/home/nvidia/sixwatch/agent.py", line 330, in <module>
    main()
  File "/home/nvidia/sixwatch/agent.py", line 326, in main
    patrol(speak=a.speak)
  File "/home/nvidia/sixwatch/agent.py", line 260, in patrol
    notables = d.filter(
               ^^^^^^^^^
  File "/home/nvidia/sixwatch/.venv/lib/python3.12/site-packages/polars/dataframe/frame.py", line 5521, in filter
    .collect(optimizations=QueryOptFlags._eager())
     ^^^^^^^^^^^^^^^^^^^^^^^^^^^^^^^^^^^^^^^^^^^^^
  File "/home/nvidia/sixwatch/.venv/lib/python3.12/site-packages/polars/_utils/deprecation.py", line 97, in wrapper
    return function(*args, **kwargs)
           ^^^^^^^^^^^^^^^^^^^^^^^^^
  File "/home/nvidia/sixwatch/.venv/lib/python3.12/site-packages/polars/lazyframe/opt_flags.py", line 343, in wrapper
    return function(*args, **kwargs)
           ^^^^^^^^^^^^^^^^^^^^^^^^^
  File "/home/nvidia/sixwatch/.venv/lib/python3.12/site-packages/polars/lazyframe/frame.py", line 2630, in collect
    return wrap_df(ldf.collect(engine, callback))
                   ^^^^^^^^^^^^^^^^^^^^^^^^^^^^^
polars.exceptions.ColumnNotFoundError: unable to find column "NumCalls"; valid columns: ["IncidentNumber", "DateOfCall", "CalYear", "HourOfCall", "IncidentGroup", "StopCodeDescription", "PropertyCategory", "IncGeo_BoroughName", "IncGeo_WardName", "Easting_rounded", "Northing_rounded", "IncidentStationGround", "FirstPumpArriving_AttendanceTime", "FirstPumpArriving_DeployedFromStation", "SecondPumpArriving_AttendanceTime", "SecondPumpArriving_DeployedFromStation", "NumPumpsAttending", "PumpMinutesRounded"]
Sat Jun  6 05:28:21 PM UTC 2026 patrol exited rc=0 — restarting in 5s
Traceback (most recent call last):
  File "/home/nvidia/sixwatch/agent.py", line 330, in <module>
    main()
  File "/home/nvidia/sixwatch/agent.py", line 326, in main
    patrol(speak=a.speak)
  File "/home/nvidia/sixwatch/agent.py", line 260, in patrol
    notables = d.filter(
               ^^^^^^^^^
  File "/home/nvidia/sixwatch/.venv/lib/python3.12/site-packages/polars/dataframe/frame.py", line 5521, in filter
    .collect(optimizations=QueryOptFlags._eager())
     ^^^^^^^^^^^^^^^^^^^^^^^^^^^^^^^^^^^^^^^^^^^^^
  File "/home/nvidia/sixwatch/.venv/lib/python3.12/site-packages/polars/_utils/deprecation.py", line 97, in wrapper
    return function(*args, **kwargs)
           ^^^^^^^^^^^^^^^^^^^^^^^^^
  File "/home/nvidia/sixwatch/.venv/lib/python3.12/site-packages/polars/lazyframe/opt_flags.py", line 343, in wrapper
    return function(*args, **kwargs)
           ^^^^^^^^^^^^^^^^^^^^^^^^^
  File "/home/nvidia/sixwatch/.venv/lib/python3.12/site-packages/polars/lazyframe/frame.py", line 2630, in collect
    return wrap_df(ldf.collect(engine, callback))
                   ^^^^^^^^^^^^^^^^^^^^^^^^^^^^^
polars.exceptions.ColumnNotFoundError: unable to find column "NumCalls"; valid columns: ["IncidentNumber", "DateOfCall", "CalYear", "HourOfCall", "IncidentGroup", "StopCodeDescription", "PropertyCategory", "IncGeo_BoroughName", "IncGeo_WardName", "Easting_rounded", "Northing_rounded", "IncidentStationGround", "FirstPumpArriving_AttendanceTime", "FirstPumpArriving_DeployedFromStation", "SecondPumpArriving_AttendanceTime", "SecondPumpArriving_DeployedFromStation", "NumPumpsAttending", "PumpMinutesRounded"]
Sat Jun  6 05:28:27 PM UTC 2026 patrol exited rc=0 — restarting in 5s
Traceback (most recent call last):
  File "/home/nvidia/sixwatch/agent.py", line 330, in <module>
    main()
  File "/home/nvidia/sixwatch/agent.py", line 326, in main
    patrol(speak=a.speak)
  File "/home/nvidia/sixwatch/agent.py", line 260, in patrol
    notables = d.filter(
               ^^^^^^^^^
  File "/home/nvidia/sixwatch/.venv/lib/python3.12/site-packages/polars/dataframe/frame.py", line 5521, in filter
    .collect(optimizations=QueryOptFlags._eager())
     ^^^^^^^^^^^^^^^^^^^^^^^^^^^^^^^^^^^^^^^^^^^^^
  File "/home/nvidia/sixwatch/.venv/lib/python3.12/site-packages/polars/_utils/deprecation.py", line 97, in wrapper
    return function(*args, **kwargs)
           ^^^^^^^^^^^^^^^^^^^^^^^^^
  File "/home/nvidia/sixwatch/.venv/lib/python3.12/site-packages/polars/lazyframe/opt_flags.py", line 343, in wrapper
    return function(*args, **kwargs)
           ^^^^^^^^^^^^^^^^^^^^^^^^^
  File "/home/nvidia/sixwatch/.venv/lib/python3.12/site-packages/polars/lazyframe/frame.py", line 2630, in collect
    return wrap_df(ldf.collect(engine, callback))
                   ^^^^^^^^^^^^^^^^^^^^^^^^^^^^^
polars.exceptions.ColumnNotFoundError: unable to find column "NumCalls"; valid columns: ["IncidentNumber", "DateOfCall", "CalYear", "HourOfCall", "IncidentGroup", "StopCodeDescription", "PropertyCategory", "IncGeo_BoroughName", "IncGeo_WardName", "Easting_rounded", "Northing_rounded", "IncidentStationGround", "FirstPumpArriving_AttendanceTime", "FirstPumpArriving_DeployedFromStation", "SecondPumpArriving_AttendanceTime", "SecondPumpArriving_DeployedFromStation", "NumPumpsAttending", "PumpMinutesRounded"]
Sat Jun  6 05:28:32 PM UTC 2026 patrol exited rc=0 — restarting in 5s
Traceback (most recent call last):
  File "/home/nvidia/sixwatch/agent.py", line 330, in <module>
    main()
  File "/home/nvidia/sixwatch/agent.py", line 326, in main
    patrol(speak=a.speak)
  File "/home/nvidia/sixwatch/agent.py", line 260, in patrol
    notables = d.filter(
               ^^^^^^^^^
  File "/home/nvidia/sixwatch/.venv/lib/python3.12/site-packages/polars/dataframe/frame.py", line 5521, in filter
    .collect(optimizations=QueryOptFlags._eager())
     ^^^^^^^^^^^^^^^^^^^^^^^^^^^^^^^^^^^^^^^^^^^^^
  File "/home/nvidia/sixwatch/.venv/lib/python3.12/site-packages/polars/_utils/deprecation.py", line 97, in wrapper
    return function(*args, **kwargs)
           ^^^^^^^^^^^^^^^^^^^^^^^^^
  File "/home/nvidia/sixwatch/.venv/lib/python3.12/site-packages/polars/lazyframe/opt_flags.py", line 343, in wrapper
    return function(*args, **kwargs)
           ^^^^^^^^^^^^^^^^^^^^^^^^^
  File "/home/nvidia/sixwatch/.venv/lib/python3.12/site-packages/polars/lazyframe/frame.py", line 2630, in collect
    return wrap_df(ldf.collect(engine, callback))
                   ^^^^^^^^^^^^^^^^^^^^^^^^^^^^^
polars.exceptions.ColumnNotFoundError: unable to find column "NumCalls"; valid columns: ["IncidentNumber", "DateOfCall", "CalYear", "HourOfCall", "IncidentGroup", "StopCodeDescription", "PropertyCategory", "IncGeo_BoroughName", "IncGeo_WardName", "Easting_rounded", "Northing_rounded", "IncidentStationGround", "FirstPumpArriving_AttendanceTime", "FirstPumpArriving_DeployedFromStation", "SecondPumpArriving_AttendanceTime", "SecondPumpArriving_DeployedFromStation", "NumPumpsAttending", "PumpMinutesRounded"]
Sat Jun  6 05:28:38 PM UTC 2026 patrol exited rc=0 — restarting in 5s
Traceback (most recent call last):
  File "/home/nvidia/sixwatch/agent.py", line 330, in <module>
    main()
  File "/home/nvidia/sixwatch/agent.py", line 326, in main
    patrol(speak=a.speak)
  File "/home/nvidia/sixwatch/agent.py", line 260, in patrol
    notables = d.filter(
               ^^^^^^^^^
  File "/home/nvidia/sixwatch/.venv/lib/python3.12/site-packages/polars/dataframe/frame.py", line 5521, in filter
    .collect(optimizations=QueryOptFlags._eager())
     ^^^^^^^^^^^^^^^^^^^^^^^^^^^^^^^^^^^^^^^^^^^^^
  File "/home/nvidia/sixwatch/.venv/lib/python3.12/site-packages/polars/_utils/deprecation.py", line 97, in wrapper
    return function(*args, **kwargs)
           ^^^^^^^^^^^^^^^^^^^^^^^^^
  File "/home/nvidia/sixwatch/.venv/lib/python3.12/site-packages/polars/lazyframe/opt_flags.py", line 343, in wrapper
    return function(*args, **kwargs)
           ^^^^^^^^^^^^^^^^^^^^^^^^^
  File "/home/nvidia/sixwatch/.venv/lib/python3.12/site-packages/polars/lazyframe/frame.py", line 2630, in collect
    return wrap_df(ldf.collect(engine, callback))
                   ^^^^^^^^^^^^^^^^^^^^^^^^^^^^^
polars.exceptions.ColumnNotFoundError: unable to find column "NumCalls"; valid columns: ["IncidentNumber", "DateOfCall", "CalYear", "HourOfCall", "IncidentGroup", "StopCodeDescription", "PropertyCategory", "IncGeo_BoroughName", "IncGeo_WardName", "Easting_rounded", "Northing_rounded", "IncidentStationGround", "FirstPumpArriving_AttendanceTime", "FirstPumpArriving_DeployedFromStation", "SecondPumpArriving_AttendanceTime", "SecondPumpArriving_DeployedFromStation", "NumPumpsAttending", "PumpMinutesRounded"]
Sat Jun  6 05:28:43 PM UTC 2026 patrol exited rc=0 — restarting in 5s
Traceback (most recent call last):
  File "/home/nvidia/sixwatch/agent.py", line 330, in <module>
    main()
  File "/home/nvidia/sixwatch/agent.py", line 326, in main
    patrol(speak=a.speak)
  File "/home/nvidia/sixwatch/agent.py", line 260, in patrol
    notables = d.filter(
               ^^^^^^^^^
  File "/home/nvidia/sixwatch/.venv/lib/python3.12/site-packages/polars/dataframe/frame.py", line 5521, in filter
    .collect(optimizations=QueryOptFlags._eager())
     ^^^^^^^^^^^^^^^^^^^^^^^^^^^^^^^^^^^^^^^^^^^^^
  File "/home/nvidia/sixwatch/.venv/lib/python3.12/site-packages/polars/_utils/deprecation.py", line 97, in wrapper
    return function(*args, **kwargs)
           ^^^^^^^^^^^^^^^^^^^^^^^^^
  File "/home/nvidia/sixwatch/.venv/lib/python3.12/site-packages/polars/lazyframe/opt_flags.py", line 343, in wrapper
    return function(*args, **kwargs)
           ^^^^^^^^^^^^^^^^^^^^^^^^^
  File "/home/nvidia/sixwatch/.venv/lib/python3.12/site-packages/polars/lazyframe/frame.py", line 2630, in collect
    return wrap_df(ldf.collect(engine, callback))
                   ^^^^^^^^^^^^^^^^^^^^^^^^^^^^^
polars.exceptions.ColumnNotFoundError: unable to find column "NumCalls"; valid columns: ["IncidentNumber", "DateOfCall", "CalYear", "HourOfCall", "IncidentGroup", "StopCodeDescription", "PropertyCategory", "IncGeo_BoroughName", "IncGeo_WardName", "Easting_rounded", "Northing_rounded", "IncidentStationGround", "FirstPumpArriving_AttendanceTime", "FirstPumpArriving_DeployedFromStation", "SecondPumpArriving_AttendanceTime", "SecondPumpArriving_DeployedFromStation", "NumPumpsAttending", "PumpMinutesRounded"]
Sat Jun  6 05:28:49 PM UTC 2026 patrol exited rc=0 — restarting in 5s
Traceback (most recent call last):
  File "/home/nvidia/sixwatch/agent.py", line 330, in <module>
    main()
  File "/home/nvidia/sixwatch/agent.py", line 326, in main
    patrol(speak=a.speak)
  File "/home/nvidia/sixwatch/agent.py", line 260, in patrol
    notables = d.filter(
               ^^^^^^^^^
  File "/home/nvidia/sixwatch/.venv/lib/python3.12/site-packages/polars/dataframe/frame.py", line 5521, in filter
    .collect(optimizations=QueryOptFlags._eager())
     ^^^^^^^^^^^^^^^^^^^^^^^^^^^^^^^^^^^^^^^^^^^^^
  File "/home/nvidia/sixwatch/.venv/lib/python3.12/site-packages/polars/_utils/deprecation.py", line 97, in wrapper
    return function(*args, **kwargs)
           ^^^^^^^^^^^^^^^^^^^^^^^^^
  File "/home/nvidia/sixwatch/.venv/lib/python3.12/site-packages/polars/lazyframe/opt_flags.py", line 343, in wrapper
    return function(*args, **kwargs)
           ^^^^^^^^^^^^^^^^^^^^^^^^^
  File "/home/nvidia/sixwatch/.venv/lib/python3.12/site-packages/polars/lazyframe/frame.py", line 2630, in collect
    return wrap_df(ldf.collect(engine, callback))
                   ^^^^^^^^^^^^^^^^^^^^^^^^^^^^^
polars.exceptions.ColumnNotFoundError: unable to find column "NumCalls"; valid columns: ["IncidentNumber", "DateOfCall", "CalYear", "HourOfCall", "IncidentGroup", "StopCodeDescription", "PropertyCategory", "IncGeo_BoroughName", "IncGeo_WardName", "Easting_rounded", "Northing_rounded", "IncidentStationGround", "FirstPumpArriving_AttendanceTime", "FirstPumpArriving_DeployedFromStation", "SecondPumpArriving_AttendanceTime", "SecondPumpArriving_DeployedFromStation", "NumPumpsAttending", "PumpMinutesRounded"]
Sat Jun  6 05:28:54 PM UTC 2026 patrol exited rc=0 — restarting in 5s
Traceback (most recent call last):
  File "/home/nvidia/sixwatch/agent.py", line 330, in <module>
    main()
  File "/home/nvidia/sixwatch/agent.py", line 326, in main
    patrol(speak=a.speak)
  File "/home/nvidia/sixwatch/agent.py", line 260, in patrol
    notables = d.filter(
               ^^^^^^^^^
  File "/home/nvidia/sixwatch/.venv/lib/python3.12/site-packages/polars/dataframe/frame.py", line 5521, in filter
    .collect(optimizations=QueryOptFlags._eager())
     ^^^^^^^^^^^^^^^^^^^^^^^^^^^^^^^^^^^^^^^^^^^^^
  File "/home/nvidia/sixwatch/.venv/lib/python3.12/site-packages/polars/_utils/deprecation.py", line 97, in wrapper
    return function(*args, **kwargs)
           ^^^^^^^^^^^^^^^^^^^^^^^^^
  File "/home/nvidia/sixwatch/.venv/lib/python3.12/site-packages/polars/lazyframe/opt_flags.py", line 343, in wrapper
    return function(*args, **kwargs)
           ^^^^^^^^^^^^^^^^^^^^^^^^^
  File "/home/nvidia/sixwatch/.venv/lib/python3.12/site-packages/polars/lazyframe/frame.py", line 2630, in collect
    return wrap_df(ldf.collect(engine, callback))
                   ^^^^^^^^^^^^^^^^^^^^^^^^^^^^^
polars.exceptions.ColumnNotFoundError: unable to find column "NumCalls"; valid columns: ["IncidentNumber", "DateOfCall", "CalYear", "HourOfCall", "IncidentGroup", "StopCodeDescription", "PropertyCategory", "IncGeo_BoroughName", "IncGeo_WardName", "Easting_rounded", "Northing_rounded", "IncidentStationGround", "FirstPumpArriving_AttendanceTime", "FirstPumpArriving_DeployedFromStation", "SecondPumpArriving_AttendanceTime", "SecondPumpArriving_DeployedFromStation", "NumPumpsAttending", "PumpMinutesRounded"]
Sat Jun  6 05:29:00 PM UTC 2026 patrol exited rc=0 — restarting in 5s
Traceback (most recent call last):
  File "/home/nvidia/sixwatch/agent.py", line 330, in <module>
    main()
  File "/home/nvidia/sixwatch/agent.py", line 326, in main
    patrol(speak=a.speak)
  File "/home/nvidia/sixwatch/agent.py", line 260, in patrol
    notables = d.filter(
               ^^^^^^^^^
  File "/home/nvidia/sixwatch/.venv/lib/python3.12/site-packages/polars/dataframe/frame.py", line 5521, in filter
    .collect(optimizations=QueryOptFlags._eager())
     ^^^^^^^^^^^^^^^^^^^^^^^^^^^^^^^^^^^^^^^^^^^^^
  File "/home/nvidia/sixwatch/.venv/lib/python3.12/site-packages/polars/_utils/deprecation.py", line 97, in wrapper
    return function(*args, **kwargs)
           ^^^^^^^^^^^^^^^^^^^^^^^^^
  File "/home/nvidia/sixwatch/.venv/lib/python3.12/site-packages/polars/lazyframe/opt_flags.py", line 343, in wrapper
    return function(*args, **kwargs)
           ^^^^^^^^^^^^^^^^^^^^^^^^^
  File "/home/nvidia/sixwatch/.venv/lib/python3.12/site-packages/polars/lazyframe/frame.py", line 2630, in collect
    return wrap_df(ldf.collect(engine, callback))
                   ^^^^^^^^^^^^^^^^^^^^^^^^^^^^^
polars.exceptions.ColumnNotFoundError: unable to find column "NumCalls"; valid columns: ["IncidentNumber", "DateOfCall", "CalYear", "HourOfCall", "IncidentGroup", "StopCodeDescription", "PropertyCategory", "IncGeo_BoroughName", "IncGeo_WardName", "Easting_rounded", "Northing_rounded", "IncidentStationGround", "FirstPumpArriving_AttendanceTime", "FirstPumpArriving_DeployedFromStation", "SecondPumpArriving_AttendanceTime", "SecondPumpArriving_DeployedFromStation", "NumPumpsAttending", "PumpMinutesRounded"]
Sat Jun  6 05:29:05 PM UTC 2026 patrol exited rc=0 — restarting in 5s
Traceback (most recent call last):
  File "/home/nvidia/sixwatch/agent.py", line 330, in <module>
    main()
  File "/home/nvidia/sixwatch/agent.py", line 326, in main
    patrol(speak=a.speak)
  File "/home/nvidia/sixwatch/agent.py", line 260, in patrol
    notables = d.filter(
               ^^^^^^^^^
  File "/home/nvidia/sixwatch/.venv/lib/python3.12/site-packages/polars/dataframe/frame.py", line 5521, in filter
    .collect(optimizations=QueryOptFlags._eager())
     ^^^^^^^^^^^^^^^^^^^^^^^^^^^^^^^^^^^^^^^^^^^^^
  File "/home/nvidia/sixwatch/.venv/lib/python3.12/site-packages/polars/_utils/deprecation.py", line 97, in wrapper
    return function(*args, **kwargs)
           ^^^^^^^^^^^^^^^^^^^^^^^^^
  File "/home/nvidia/sixwatch/.venv/lib/python3.12/site-packages/polars/lazyframe/opt_flags.py", line 343, in wrapper
    return function(*args, **kwargs)
           ^^^^^^^^^^^^^^^^^^^^^^^^^
  File "/home/nvidia/sixwatch/.venv/lib/python3.12/site-packages/polars/lazyframe/frame.py", line 2630, in collect
    return wrap_df(ldf.collect(engine, callback))
                   ^^^^^^^^^^^^^^^^^^^^^^^^^^^^^
polars.exceptions.ColumnNotFoundError: unable to find column "NumCalls"; valid columns: ["IncidentNumber", "DateOfCall", "CalYear", "HourOfCall", "IncidentGroup", "StopCodeDescription", "PropertyCategory", "IncGeo_BoroughName", "IncGeo_WardName", "Easting_rounded", "Northing_rounded", "IncidentStationGround", "FirstPumpArriving_AttendanceTime", "FirstPumpArriving_DeployedFromStation", "SecondPumpArriving_AttendanceTime", "SecondPumpArriving_DeployedFromStation", "NumPumpsAttending", "PumpMinutesRounded"]
Sat Jun  6 05:29:11 PM UTC 2026 patrol exited rc=0 — restarting in 5s
Traceback (most recent call last):
  File "/home/nvidia/sixwatch/agent.py", line 330, in <module>
    main()
  File "/home/nvidia/sixwatch/agent.py", line 326, in main
    patrol(speak=a.speak)
  File "/home/nvidia/sixwatch/agent.py", line 260, in patrol
    notables = d.filter(
               ^^^^^^^^^
  File "/home/nvidia/sixwatch/.venv/lib/python3.12/site-packages/polars/dataframe/frame.py", line 5521, in filter
    .collect(optimizations=QueryOptFlags._eager())
     ^^^^^^^^^^^^^^^^^^^^^^^^^^^^^^^^^^^^^^^^^^^^^
  File "/home/nvidia/sixwatch/.venv/lib/python3.12/site-packages/polars/_utils/deprecation.py", line 97, in wrapper
    return function(*args, **kwargs)
           ^^^^^^^^^^^^^^^^^^^^^^^^^
  File "/home/nvidia/sixwatch/.venv/lib/python3.12/site-packages/polars/lazyframe/opt_flags.py", line 343, in wrapper
    return function(*args, **kwargs)
           ^^^^^^^^^^^^^^^^^^^^^^^^^
  File "/home/nvidia/sixwatch/.venv/lib/python3.12/site-packages/polars/lazyframe/frame.py", line 2630, in collect
    return wrap_df(ldf.collect(engine, callback))
                   ^^^^^^^^^^^^^^^^^^^^^^^^^^^^^
polars.exceptions.ColumnNotFoundError: unable to find column "NumCalls"; valid columns: ["IncidentNumber", "DateOfCall", "CalYear", "HourOfCall", "IncidentGroup", "StopCodeDescription", "PropertyCategory", "IncGeo_BoroughName", "IncGeo_WardName", "Easting_rounded", "Northing_rounded", "IncidentStationGround", "FirstPumpArriving_AttendanceTime", "FirstPumpArriving_DeployedFromStation", "SecondPumpArriving_AttendanceTime", "SecondPumpArriving_DeployedFromStation", "NumPumpsAttending", "PumpMinutesRounded"]
Sat Jun  6 05:29:17 PM UTC 2026 patrol exited rc=0 — restarting in 5s
Traceback (most recent call last):
  File "/home/nvidia/sixwatch/agent.py", line 330, in <module>
    main()
  File "/home/nvidia/sixwatch/agent.py", line 326, in main
    patrol(speak=a.speak)
  File "/home/nvidia/sixwatch/agent.py", line 260, in patrol
    notables = d.filter(
               ^^^^^^^^^
  File "/home/nvidia/sixwatch/.venv/lib/python3.12/site-packages/polars/dataframe/frame.py", line 5521, in filter
    .collect(optimizations=QueryOptFlags._eager())
     ^^^^^^^^^^^^^^^^^^^^^^^^^^^^^^^^^^^^^^^^^^^^^
  File "/home/nvidia/sixwatch/.venv/lib/python3.12/site-packages/polars/_utils/deprecation.py", line 97, in wrapper
    return function(*args, **kwargs)
           ^^^^^^^^^^^^^^^^^^^^^^^^^
  File "/home/nvidia/sixwatch/.venv/lib/python3.12/site-packages/polars/lazyframe/opt_flags.py", line 343, in wrapper
    return function(*args, **kwargs)
           ^^^^^^^^^^^^^^^^^^^^^^^^^
  File "/home/nvidia/sixwatch/.venv/lib/python3.12/site-packages/polars/lazyframe/frame.py", line 2630, in collect
    return wrap_df(ldf.collect(engine, callback))
                   ^^^^^^^^^^^^^^^^^^^^^^^^^^^^^
polars.exceptions.ColumnNotFoundError: unable to find column "NumCalls"; valid columns: ["IncidentNumber", "DateOfCall", "CalYear", "HourOfCall", "IncidentGroup", "StopCodeDescription", "PropertyCategory", "IncGeo_BoroughName", "IncGeo_WardName", "Easting_rounded", "Northing_rounded", "IncidentStationGround", "FirstPumpArriving_AttendanceTime", "FirstPumpArriving_DeployedFromStation", "SecondPumpArriving_AttendanceTime", "SecondPumpArriving_DeployedFromStation", "NumPumpsAttending", "PumpMinutesRounded"]
Sat Jun  6 05:29:22 PM UTC 2026 patrol exited rc=0 — restarting in 5s
Traceback (most recent call last):
  File "/home/nvidia/sixwatch/agent.py", line 330, in <module>
    main()
  File "/home/nvidia/sixwatch/agent.py", line 326, in main
    patrol(speak=a.speak)
  File "/home/nvidia/sixwatch/agent.py", line 260, in patrol
    notables = d.filter(
               ^^^^^^^^^
  File "/home/nvidia/sixwatch/.venv/lib/python3.12/site-packages/polars/dataframe/frame.py", line 5521, in filter
    .collect(optimizations=QueryOptFlags._eager())
     ^^^^^^^^^^^^^^^^^^^^^^^^^^^^^^^^^^^^^^^^^^^^^
  File "/home/nvidia/sixwatch/.venv/lib/python3.12/site-packages/polars/_utils/deprecation.py", line 97, in wrapper
    return function(*args, **kwargs)
           ^^^^^^^^^^^^^^^^^^^^^^^^^
  File "/home/nvidia/sixwatch/.venv/lib/python3.12/site-packages/polars/lazyframe/opt_flags.py", line 343, in wrapper
    return function(*args, **kwargs)
           ^^^^^^^^^^^^^^^^^^^^^^^^^
  File "/home/nvidia/sixwatch/.venv/lib/python3.12/site-packages/polars/lazyframe/frame.py", line 2630, in collect
    return wrap_df(ldf.collect(engine, callback))
                   ^^^^^^^^^^^^^^^^^^^^^^^^^^^^^
polars.exceptions.ColumnNotFoundError: unable to find column "NumCalls"; valid columns: ["IncidentNumber", "DateOfCall", "CalYear", "HourOfCall", "IncidentGroup", "StopCodeDescription", "PropertyCategory", "IncGeo_BoroughName", "IncGeo_WardName", "Easting_rounded", "Northing_rounded", "IncidentStationGround", "FirstPumpArriving_AttendanceTime", "FirstPumpArriving_DeployedFromStation", "SecondPumpArriving_AttendanceTime", "SecondPumpArriving_DeployedFromStation", "NumPumpsAttending", "PumpMinutesRounded"]
Sat Jun  6 05:29:28 PM UTC 2026 patrol exited rc=0 — restarting in 5s
Traceback (most recent call last):
  File "/home/nvidia/sixwatch/agent.py", line 330, in <module>
    main()
  File "/home/nvidia/sixwatch/agent.py", line 326, in main
    patrol(speak=a.speak)
  File "/home/nvidia/sixwatch/agent.py", line 260, in patrol
    notables = d.filter(
               ^^^^^^^^^
  File "/home/nvidia/sixwatch/.venv/lib/python3.12/site-packages/polars/dataframe/frame.py", line 5521, in filter
    .collect(optimizations=QueryOptFlags._eager())
     ^^^^^^^^^^^^^^^^^^^^^^^^^^^^^^^^^^^^^^^^^^^^^
  File "/home/nvidia/sixwatch/.venv/lib/python3.12/site-packages/polars/_utils/deprecation.py", line 97, in wrapper
    return function(*args, **kwargs)
           ^^^^^^^^^^^^^^^^^^^^^^^^^
  File "/home/nvidia/sixwatch/.venv/lib/python3.12/site-packages/polars/lazyframe/opt_flags.py", line 343, in wrapper
    return function(*args, **kwargs)
           ^^^^^^^^^^^^^^^^^^^^^^^^^
  File "/home/nvidia/sixwatch/.venv/lib/python3.12/site-packages/polars/lazyframe/frame.py", line 2630, in collect
    return wrap_df(ldf.collect(engine, callback))
                   ^^^^^^^^^^^^^^^^^^^^^^^^^^^^^
polars.exceptions.ColumnNotFoundError: unable to find column "NumCalls"; valid columns: ["IncidentNumber", "DateOfCall", "CalYear", "HourOfCall", "IncidentGroup", "StopCodeDescription", "PropertyCategory", "IncGeo_BoroughName", "IncGeo_WardName", "Easting_rounded", "Northing_rounded", "IncidentStationGround", "FirstPumpArriving_AttendanceTime", "FirstPumpArriving_DeployedFromStation", "SecondPumpArriving_AttendanceTime", "SecondPumpArriving_DeployedFromStation", "NumPumpsAttending", "PumpMinutesRounded"]
Sat Jun  6 05:29:33 PM UTC 2026 patrol exited rc=0 — restarting in 5s
Traceback (most recent call last):
  File "/home/nvidia/sixwatch/agent.py", line 330, in <module>
    main()
  File "/home/nvidia/sixwatch/agent.py", line 326, in main
    patrol(speak=a.speak)
  File "/home/nvidia/sixwatch/agent.py", line 260, in patrol
    notables = d.filter(
               ^^^^^^^^^
  File "/home/nvidia/sixwatch/.venv/lib/python3.12/site-packages/polars/dataframe/frame.py", line 5521, in filter
    .collect(optimizations=QueryOptFlags._eager())
     ^^^^^^^^^^^^^^^^^^^^^^^^^^^^^^^^^^^^^^^^^^^^^
  File "/home/nvidia/sixwatch/.venv/lib/python3.12/site-packages/polars/_utils/deprecation.py", line 97, in wrapper
    return function(*args, **kwargs)
           ^^^^^^^^^^^^^^^^^^^^^^^^^
  File "/home/nvidia/sixwatch/.venv/lib/python3.12/site-packages/polars/lazyframe/opt_flags.py", line 343, in wrapper
    return function(*args, **kwargs)
           ^^^^^^^^^^^^^^^^^^^^^^^^^
  File "/home/nvidia/sixwatch/.venv/lib/python3.12/site-packages/polars/lazyframe/frame.py", line 2630, in collect
    return wrap_df(ldf.collect(engine, callback))
                   ^^^^^^^^^^^^^^^^^^^^^^^^^^^^^
polars.exceptions.ColumnNotFoundError: unable to find column "NumCalls"; valid columns: ["IncidentNumber", "DateOfCall", "CalYear", "HourOfCall", "IncidentGroup", "StopCodeDescription", "PropertyCategory", "IncGeo_BoroughName", "IncGeo_WardName", "Easting_rounded", "Northing_rounded", "IncidentStationGround", "FirstPumpArriving_AttendanceTime", "FirstPumpArriving_DeployedFromStation", "SecondPumpArriving_AttendanceTime", "SecondPumpArriving_DeployedFromStation", "NumPumpsAttending", "PumpMinutesRounded"]
Sat Jun  6 05:29:39 PM UTC 2026 patrol exited rc=0 — restarting in 5s
Traceback (most recent call last):
  File "/home/nvidia/sixwatch/agent.py", line 330, in <module>
    main()
  File "/home/nvidia/sixwatch/agent.py", line 326, in main
    patrol(speak=a.speak)
  File "/home/nvidia/sixwatch/agent.py", line 260, in patrol
    notables = d.filter(
               ^^^^^^^^^
  File "/home/nvidia/sixwatch/.venv/lib/python3.12/site-packages/polars/dataframe/frame.py", line 5521, in filter
    .collect(optimizations=QueryOptFlags._eager())
     ^^^^^^^^^^^^^^^^^^^^^^^^^^^^^^^^^^^^^^^^^^^^^
  File "/home/nvidia/sixwatch/.venv/lib/python3.12/site-packages/polars/_utils/deprecation.py", line 97, in wrapper
    return function(*args, **kwargs)
           ^^^^^^^^^^^^^^^^^^^^^^^^^
  File "/home/nvidia/sixwatch/.venv/lib/python3.12/site-packages/polars/lazyframe/opt_flags.py", line 343, in wrapper
    return function(*args, **kwargs)
           ^^^^^^^^^^^^^^^^^^^^^^^^^
  File "/home/nvidia/sixwatch/.venv/lib/python3.12/site-packages/polars/lazyframe/frame.py", line 2630, in collect
    return wrap_df(ldf.collect(engine, callback))
                   ^^^^^^^^^^^^^^^^^^^^^^^^^^^^^
polars.exceptions.ColumnNotFoundError: unable to find column "NumCalls"; valid columns: ["IncidentNumber", "DateOfCall", "CalYear", "HourOfCall", "IncidentGroup", "StopCodeDescription", "PropertyCategory", "IncGeo_BoroughName", "IncGeo_WardName", "Easting_rounded", "Northing_rounded", "IncidentStationGround", "FirstPumpArriving_AttendanceTime", "FirstPumpArriving_DeployedFromStation", "SecondPumpArriving_AttendanceTime", "SecondPumpArriving_DeployedFromStation", "NumPumpsAttending", "PumpMinutesRounded"]
Sat Jun  6 05:29:44 PM UTC 2026 patrol exited rc=0 — restarting in 5s
Traceback (most recent call last):
  File "/home/nvidia/sixwatch/agent.py", line 330, in <module>
    main()
  File "/home/nvidia/sixwatch/agent.py", line 326, in main
    patrol(speak=a.speak)
  File "/home/nvidia/sixwatch/agent.py", line 260, in patrol
    notables = d.filter(
               ^^^^^^^^^
  File "/home/nvidia/sixwatch/.venv/lib/python3.12/site-packages/polars/dataframe/frame.py", line 5521, in filter
    .collect(optimizations=QueryOptFlags._eager())
     ^^^^^^^^^^^^^^^^^^^^^^^^^^^^^^^^^^^^^^^^^^^^^
  File "/home/nvidia/sixwatch/.venv/lib/python3.12/site-packages/polars/_utils/deprecation.py", line 97, in wrapper
    return function(*args, **kwargs)
           ^^^^^^^^^^^^^^^^^^^^^^^^^
  File "/home/nvidia/sixwatch/.venv/lib/python3.12/site-packages/polars/lazyframe/opt_flags.py", line 343, in wrapper
    return function(*args, **kwargs)
           ^^^^^^^^^^^^^^^^^^^^^^^^^
  File "/home/nvidia/sixwatch/.venv/lib/python3.12/site-packages/polars/lazyframe/frame.py", line 2630, in collect
    return wrap_df(ldf.collect(engine, callback))
                   ^^^^^^^^^^^^^^^^^^^^^^^^^^^^^
polars.exceptions.ColumnNotFoundError: unable to find column "NumCalls"; valid columns: ["IncidentNumber", "DateOfCall", "CalYear", "HourOfCall", "IncidentGroup", "StopCodeDescription", "PropertyCategory", "IncGeo_BoroughName", "IncGeo_WardName", "Easting_rounded", "Northing_rounded", "IncidentStationGround", "FirstPumpArriving_AttendanceTime", "FirstPumpArriving_DeployedFromStation", "SecondPumpArriving_AttendanceTime", "SecondPumpArriving_DeployedFromStation", "NumPumpsAttending", "PumpMinutesRounded"]
Sat Jun  6 05:29:50 PM UTC 2026 patrol exited rc=0 — restarting in 5s
Traceback (most recent call last):
  File "/home/nvidia/sixwatch/agent.py", line 330, in <module>
    main()
  File "/home/nvidia/sixwatch/agent.py", line 326, in main
    patrol(speak=a.speak)
  File "/home/nvidia/sixwatch/agent.py", line 260, in patrol
    notables = d.filter(
               ^^^^^^^^^
  File "/home/nvidia/sixwatch/.venv/lib/python3.12/site-packages/polars/dataframe/frame.py", line 5521, in filter
    .collect(optimizations=QueryOptFlags._eager())
     ^^^^^^^^^^^^^^^^^^^^^^^^^^^^^^^^^^^^^^^^^^^^^
  File "/home/nvidia/sixwatch/.venv/lib/python3.12/site-packages/polars/_utils/deprecation.py", line 97, in wrapper
    return function(*args, **kwargs)
           ^^^^^^^^^^^^^^^^^^^^^^^^^
  File "/home/nvidia/sixwatch/.venv/lib/python3.12/site-packages/polars/lazyframe/opt_flags.py", line 343, in wrapper
    return function(*args, **kwargs)
           ^^^^^^^^^^^^^^^^^^^^^^^^^
  File "/home/nvidia/sixwatch/.venv/lib/python3.12/site-packages/polars/lazyframe/frame.py", line 2630, in collect
    return wrap_df(ldf.collect(engine, callback))
                   ^^^^^^^^^^^^^^^^^^^^^^^^^^^^^
polars.exceptions.ColumnNotFoundError: unable to find column "NumCalls"; valid columns: ["IncidentNumber", "DateOfCall", "CalYear", "HourOfCall", "IncidentGroup", "StopCodeDescription", "PropertyCategory", "IncGeo_BoroughName", "IncGeo_WardName", "Easting_rounded", "Northing_rounded", "IncidentStationGround", "FirstPumpArriving_AttendanceTime", "FirstPumpArriving_DeployedFromStation", "SecondPumpArriving_AttendanceTime", "SecondPumpArriving_DeployedFromStation", "NumPumpsAttending", "PumpMinutesRounded"]
Sat Jun  6 05:29:55 PM UTC 2026 patrol exited rc=0 — restarting in 5s
Traceback (most recent call last):
  File "/home/nvidia/sixwatch/agent.py", line 330, in <module>
    main()
  File "/home/nvidia/sixwatch/agent.py", line 326, in main
    patrol(speak=a.speak)
  File "/home/nvidia/sixwatch/agent.py", line 260, in patrol
    notables = d.filter(
               ^^^^^^^^^
  File "/home/nvidia/sixwatch/.venv/lib/python3.12/site-packages/polars/dataframe/frame.py", line 5521, in filter
    .collect(optimizations=QueryOptFlags._eager())
     ^^^^^^^^^^^^^^^^^^^^^^^^^^^^^^^^^^^^^^^^^^^^^
  File "/home/nvidia/sixwatch/.venv/lib/python3.12/site-packages/polars/_utils/deprecation.py", line 97, in wrapper
    return function(*args, **kwargs)
           ^^^^^^^^^^^^^^^^^^^^^^^^^
  File "/home/nvidia/sixwatch/.venv/lib/python3.12/site-packages/polars/lazyframe/opt_flags.py", line 343, in wrapper
    return function(*args, **kwargs)
           ^^^^^^^^^^^^^^^^^^^^^^^^^
  File "/home/nvidia/sixwatch/.venv/lib/python3.12/site-packages/polars/lazyframe/frame.py", line 2630, in collect
    return wrap_df(ldf.collect(engine, callback))
                   ^^^^^^^^^^^^^^^^^^^^^^^^^^^^^
polars.exceptions.ColumnNotFoundError: unable to find column "NumCalls"; valid columns: ["IncidentNumber", "DateOfCall", "CalYear", "HourOfCall", "IncidentGroup", "StopCodeDescription", "PropertyCategory", "IncGeo_BoroughName", "IncGeo_WardName", "Easting_rounded", "Northing_rounded", "IncidentStationGround", "FirstPumpArriving_AttendanceTime", "FirstPumpArriving_DeployedFromStation", "SecondPumpArriving_AttendanceTime", "SecondPumpArriving_DeployedFromStation", "NumPumpsAttending", "PumpMinutesRounded"]
Sat Jun  6 05:30:01 PM UTC 2026 patrol exited rc=0 — restarting in 5s
Traceback (most recent call last):
  File "/home/nvidia/sixwatch/agent.py", line 330, in <module>
    main()
  File "/home/nvidia/sixwatch/agent.py", line 326, in main
    patrol(speak=a.speak)
  File "/home/nvidia/sixwatch/agent.py", line 260, in patrol
    notables = d.filter(
               ^^^^^^^^^
  File "/home/nvidia/sixwatch/.venv/lib/python3.12/site-packages/polars/dataframe/frame.py", line 5521, in filter
    .collect(optimizations=QueryOptFlags._eager())
     ^^^^^^^^^^^^^^^^^^^^^^^^^^^^^^^^^^^^^^^^^^^^^
  File "/home/nvidia/sixwatch/.venv/lib/python3.12/site-packages/polars/_utils/deprecation.py", line 97, in wrapper
    return function(*args, **kwargs)
           ^^^^^^^^^^^^^^^^^^^^^^^^^
  File "/home/nvidia/sixwatch/.venv/lib/python3.12/site-packages/polars/lazyframe/opt_flags.py", line 343, in wrapper
    return function(*args, **kwargs)
           ^^^^^^^^^^^^^^^^^^^^^^^^^
  File "/home/nvidia/sixwatch/.venv/lib/python3.12/site-packages/polars/lazyframe/frame.py", line 2630, in collect
    return wrap_df(ldf.collect(engine, callback))
                   ^^^^^^^^^^^^^^^^^^^^^^^^^^^^^
polars.exceptions.ColumnNotFoundError: unable to find column "NumCalls"; valid columns: ["IncidentNumber", "DateOfCall", "CalYear", "HourOfCall", "IncidentGroup", "StopCodeDescription", "PropertyCategory", "IncGeo_BoroughName", "IncGeo_WardName", "Easting_rounded", "Northing_rounded", "IncidentStationGround", "FirstPumpArriving_AttendanceTime", "FirstPumpArriving_DeployedFromStation", "SecondPumpArriving_AttendanceTime", "SecondPumpArriving_DeployedFromStation", "NumPumpsAttending", "PumpMinutesRounded"]
Sat Jun  6 05:30:06 PM UTC 2026 patrol exited rc=0 — restarting in 5s
Traceback (most recent call last):
  File "/home/nvidia/sixwatch/agent.py", line 330, in <module>
    main()
  File "/home/nvidia/sixwatch/agent.py", line 326, in main
    patrol(speak=a.speak)
  File "/home/nvidia/sixwatch/agent.py", line 260, in patrol
    notables = d.filter(
               ^^^^^^^^^
  File "/home/nvidia/sixwatch/.venv/lib/python3.12/site-packages/polars/dataframe/frame.py", line 5521, in filter
    .collect(optimizations=QueryOptFlags._eager())
     ^^^^^^^^^^^^^^^^^^^^^^^^^^^^^^^^^^^^^^^^^^^^^
  File "/home/nvidia/sixwatch/.venv/lib/python3.12/site-packages/polars/_utils/deprecation.py", line 97, in wrapper
    return function(*args, **kwargs)
           ^^^^^^^^^^^^^^^^^^^^^^^^^
  File "/home/nvidia/sixwatch/.venv/lib/python3.12/site-packages/polars/lazyframe/opt_flags.py", line 343, in wrapper
    return function(*args, **kwargs)
           ^^^^^^^^^^^^^^^^^^^^^^^^^
  File "/home/nvidia/sixwatch/.venv/lib/python3.12/site-packages/polars/lazyframe/frame.py", line 2630, in collect
    return wrap_df(ldf.collect(engine, callback))
                   ^^^^^^^^^^^^^^^^^^^^^^^^^^^^^
polars.exceptions.ColumnNotFoundError: unable to find column "NumCalls"; valid columns: ["IncidentNumber", "DateOfCall", "CalYear", "HourOfCall", "IncidentGroup", "StopCodeDescription", "PropertyCategory", "IncGeo_BoroughName", "IncGeo_WardName", "Easting_rounded", "Northing_rounded", "IncidentStationGround", "FirstPumpArriving_AttendanceTime", "FirstPumpArriving_DeployedFromStation", "SecondPumpArriving_AttendanceTime", "SecondPumpArriving_DeployedFromStation", "NumPumpsAttending", "PumpMinutesRounded"]
Sat Jun  6 05:30:12 PM UTC 2026 patrol exited rc=0 — restarting in 5s
Traceback (most recent call last):
  File "/home/nvidia/sixwatch/agent.py", line 330, in <module>
    main()
  File "/home/nvidia/sixwatch/agent.py", line 326, in main
    patrol(speak=a.speak)
  File "/home/nvidia/sixwatch/agent.py", line 260, in patrol
    notables = d.filter(
               ^^^^^^^^^
  File "/home/nvidia/sixwatch/.venv/lib/python3.12/site-packages/polars/dataframe/frame.py", line 5521, in filter
    .collect(optimizations=QueryOptFlags._eager())
     ^^^^^^^^^^^^^^^^^^^^^^^^^^^^^^^^^^^^^^^^^^^^^
  File "/home/nvidia/sixwatch/.venv/lib/python3.12/site-packages/polars/_utils/deprecation.py", line 97, in wrapper
    return function(*args, **kwargs)
           ^^^^^^^^^^^^^^^^^^^^^^^^^
  File "/home/nvidia/sixwatch/.venv/lib/python3.12/site-packages/polars/lazyframe/opt_flags.py", line 343, in wrapper
    return function(*args, **kwargs)
           ^^^^^^^^^^^^^^^^^^^^^^^^^
  File "/home/nvidia/sixwatch/.venv/lib/python3.12/site-packages/polars/lazyframe/frame.py", line 2630, in collect
    return wrap_df(ldf.collect(engine, callback))
                   ^^^^^^^^^^^^^^^^^^^^^^^^^^^^^
polars.exceptions.ColumnNotFoundError: unable to find column "NumCalls"; valid columns: ["IncidentNumber", "DateOfCall", "CalYear", "HourOfCall", "IncidentGroup", "StopCodeDescription", "PropertyCategory", "IncGeo_BoroughName", "IncGeo_WardName", "Easting_rounded", "Northing_rounded", "IncidentStationGround", "FirstPumpArriving_AttendanceTime", "FirstPumpArriving_DeployedFromStation", "SecondPumpArriving_AttendanceTime", "SecondPumpArriving_DeployedFromStation", "NumPumpsAttending", "PumpMinutesRounded"]
Sat Jun  6 05:30:17 PM UTC 2026 patrol exited rc=0 — restarting in 5s
Traceback (most recent call last):
  File "/home/nvidia/sixwatch/agent.py", line 330, in <module>
    main()
  File "/home/nvidia/sixwatch/agent.py", line 326, in main
    patrol(speak=a.speak)
  File "/home/nvidia/sixwatch/agent.py", line 260, in patrol
    notables = d.filter(
               ^^^^^^^^^
  File "/home/nvidia/sixwatch/.venv/lib/python3.12/site-packages/polars/dataframe/frame.py", line 5521, in filter
    .collect(optimizations=QueryOptFlags._eager())
     ^^^^^^^^^^^^^^^^^^^^^^^^^^^^^^^^^^^^^^^^^^^^^
  File "/home/nvidia/sixwatch/.venv/lib/python3.12/site-packages/polars/_utils/deprecation.py", line 97, in wrapper
    return function(*args, **kwargs)
           ^^^^^^^^^^^^^^^^^^^^^^^^^
  File "/home/nvidia/sixwatch/.venv/lib/python3.12/site-packages/polars/lazyframe/opt_flags.py", line 343, in wrapper
    return function(*args, **kwargs)
           ^^^^^^^^^^^^^^^^^^^^^^^^^
  File "/home/nvidia/sixwatch/.venv/lib/python3.12/site-packages/polars/lazyframe/frame.py", line 2630, in collect
    return wrap_df(ldf.collect(engine, callback))
                   ^^^^^^^^^^^^^^^^^^^^^^^^^^^^^
polars.exceptions.ColumnNotFoundError: unable to find column "NumCalls"; valid columns: ["IncidentNumber", "DateOfCall", "CalYear", "HourOfCall", "IncidentGroup", "StopCodeDescription", "PropertyCategory", "IncGeo_BoroughName", "IncGeo_WardName", "Easting_rounded", "Northing_rounded", "IncidentStationGround", "FirstPumpArriving_AttendanceTime", "FirstPumpArriving_DeployedFromStation", "SecondPumpArriving_AttendanceTime", "SecondPumpArriving_DeployedFromStation", "NumPumpsAttending", "PumpMinutesRounded"]
Sat Jun  6 05:30:23 PM UTC 2026 patrol exited rc=0 — restarting in 5s
Traceback (most recent call last):
  File "/home/nvidia/sixwatch/agent.py", line 330, in <module>
    main()
  File "/home/nvidia/sixwatch/agent.py", line 326, in main
    patrol(speak=a.speak)
  File "/home/nvidia/sixwatch/agent.py", line 260, in patrol
    notables = d.filter(
               ^^^^^^^^^
  File "/home/nvidia/sixwatch/.venv/lib/python3.12/site-packages/polars/dataframe/frame.py", line 5521, in filter
    .collect(optimizations=QueryOptFlags._eager())
     ^^^^^^^^^^^^^^^^^^^^^^^^^^^^^^^^^^^^^^^^^^^^^
  File "/home/nvidia/sixwatch/.venv/lib/python3.12/site-packages/polars/_utils/deprecation.py", line 97, in wrapper
    return function(*args, **kwargs)
           ^^^^^^^^^^^^^^^^^^^^^^^^^
  File "/home/nvidia/sixwatch/.venv/lib/python3.12/site-packages/polars/lazyframe/opt_flags.py", line 343, in wrapper
    return function(*args, **kwargs)
           ^^^^^^^^^^^^^^^^^^^^^^^^^
  File "/home/nvidia/sixwatch/.venv/lib/python3.12/site-packages/polars/lazyframe/frame.py", line 2630, in collect
    return wrap_df(ldf.collect(engine, callback))
                   ^^^^^^^^^^^^^^^^^^^^^^^^^^^^^
polars.exceptions.ColumnNotFoundError: unable to find column "NumCalls"; valid columns: ["IncidentNumber", "DateOfCall", "CalYear", "HourOfCall", "IncidentGroup", "StopCodeDescription", "PropertyCategory", "IncGeo_BoroughName", "IncGeo_WardName", "Easting_rounded", "Northing_rounded", "IncidentStationGround", "FirstPumpArriving_AttendanceTime", "FirstPumpArriving_DeployedFromStation", "SecondPumpArriving_AttendanceTime", "SecondPumpArriving_DeployedFromStation", "NumPumpsAttending", "PumpMinutesRounded"]
Sat Jun  6 05:30:28 PM UTC 2026 patrol exited rc=0 — restarting in 5s
Traceback (most recent call last):
  File "/home/nvidia/sixwatch/agent.py", line 330, in <module>
    main()
  File "/home/nvidia/sixwatch/agent.py", line 326, in main
    patrol(speak=a.speak)
  File "/home/nvidia/sixwatch/agent.py", line 260, in patrol
    notables = d.filter(
               ^^^^^^^^^
  File "/home/nvidia/sixwatch/.venv/lib/python3.12/site-packages/polars/dataframe/frame.py", line 5521, in filter
    .collect(optimizations=QueryOptFlags._eager())
     ^^^^^^^^^^^^^^^^^^^^^^^^^^^^^^^^^^^^^^^^^^^^^
  File "/home/nvidia/sixwatch/.venv/lib/python3.12/site-packages/polars/_utils/deprecation.py", line 97, in wrapper
    return function(*args, **kwargs)
           ^^^^^^^^^^^^^^^^^^^^^^^^^
  File "/home/nvidia/sixwatch/.venv/lib/python3.12/site-packages/polars/lazyframe/opt_flags.py", line 343, in wrapper
    return function(*args, **kwargs)
           ^^^^^^^^^^^^^^^^^^^^^^^^^
  File "/home/nvidia/sixwatch/.venv/lib/python3.12/site-packages/polars/lazyframe/frame.py", line 2630, in collect
    return wrap_df(ldf.collect(engine, callback))
                   ^^^^^^^^^^^^^^^^^^^^^^^^^^^^^
polars.exceptions.ColumnNotFoundError: unable to find column "NumCalls"; valid columns: ["IncidentNumber", "DateOfCall", "CalYear", "HourOfCall", "IncidentGroup", "StopCodeDescription", "PropertyCategory", "IncGeo_BoroughName", "IncGeo_WardName", "Easting_rounded", "Northing_rounded", "IncidentStationGround", "FirstPumpArriving_AttendanceTime", "FirstPumpArriving_DeployedFromStation", "SecondPumpArriving_AttendanceTime", "SecondPumpArriving_DeployedFromStation", "NumPumpsAttending", "PumpMinutesRounded"]
Sat Jun  6 05:30:34 PM UTC 2026 patrol exited rc=0 — restarting in 5s
Traceback (most recent call last):
  File "/home/nvidia/sixwatch/agent.py", line 330, in <module>
    main()
  File "/home/nvidia/sixwatch/agent.py", line 326, in main
    patrol(speak=a.speak)
  File "/home/nvidia/sixwatch/agent.py", line 260, in patrol
    notables = d.filter(
               ^^^^^^^^^
  File "/home/nvidia/sixwatch/.venv/lib/python3.12/site-packages/polars/dataframe/frame.py", line 5521, in filter
    .collect(optimizations=QueryOptFlags._eager())
     ^^^^^^^^^^^^^^^^^^^^^^^^^^^^^^^^^^^^^^^^^^^^^
  File "/home/nvidia/sixwatch/.venv/lib/python3.12/site-packages/polars/_utils/deprecation.py", line 97, in wrapper
    return function(*args, **kwargs)
           ^^^^^^^^^^^^^^^^^^^^^^^^^
  File "/home/nvidia/sixwatch/.venv/lib/python3.12/site-packages/polars/lazyframe/opt_flags.py", line 343, in wrapper
    return function(*args, **kwargs)
           ^^^^^^^^^^^^^^^^^^^^^^^^^
  File "/home/nvidia/sixwatch/.venv/lib/python3.12/site-packages/polars/lazyframe/frame.py", line 2630, in collect
    return wrap_df(ldf.collect(engine, callback))
                   ^^^^^^^^^^^^^^^^^^^^^^^^^^^^^
polars.exceptions.ColumnNotFoundError: unable to find column "NumCalls"; valid columns: ["IncidentNumber", "DateOfCall", "CalYear", "HourOfCall", "IncidentGroup", "StopCodeDescription", "PropertyCategory", "IncGeo_BoroughName", "IncGeo_WardName", "Easting_rounded", "Northing_rounded", "IncidentStationGround", "FirstPumpArriving_AttendanceTime", "FirstPumpArriving_DeployedFromStation", "SecondPumpArriving_AttendanceTime", "SecondPumpArriving_DeployedFromStation", "NumPumpsAttending", "PumpMinutesRounded"]
Sat Jun  6 05:30:39 PM UTC 2026 patrol exited rc=0 — restarting in 5s
Traceback (most recent call last):
  File "/home/nvidia/sixwatch/agent.py", line 330, in <module>
    main()
  File "/home/nvidia/sixwatch/agent.py", line 326, in main
    patrol(speak=a.speak)
  File "/home/nvidia/sixwatch/agent.py", line 260, in patrol
    notables = d.filter(
               ^^^^^^^^^
  File "/home/nvidia/sixwatch/.venv/lib/python3.12/site-packages/polars/dataframe/frame.py", line 5521, in filter
    .collect(optimizations=QueryOptFlags._eager())
     ^^^^^^^^^^^^^^^^^^^^^^^^^^^^^^^^^^^^^^^^^^^^^
  File "/home/nvidia/sixwatch/.venv/lib/python3.12/site-packages/polars/_utils/deprecation.py", line 97, in wrapper
    return function(*args, **kwargs)
           ^^^^^^^^^^^^^^^^^^^^^^^^^
  File "/home/nvidia/sixwatch/.venv/lib/python3.12/site-packages/polars/lazyframe/opt_flags.py", line 343, in wrapper
    return function(*args, **kwargs)
           ^^^^^^^^^^^^^^^^^^^^^^^^^
  File "/home/nvidia/sixwatch/.venv/lib/python3.12/site-packages/polars/lazyframe/frame.py", line 2630, in collect
    return wrap_df(ldf.collect(engine, callback))
                   ^^^^^^^^^^^^^^^^^^^^^^^^^^^^^
polars.exceptions.ColumnNotFoundError: unable to find column "NumCalls"; valid columns: ["IncidentNumber", "DateOfCall", "CalYear", "HourOfCall", "IncidentGroup", "StopCodeDescription", "PropertyCategory", "IncGeo_BoroughName", "IncGeo_WardName", "Easting_rounded", "Northing_rounded", "IncidentStationGround", "FirstPumpArriving_AttendanceTime", "FirstPumpArriving_DeployedFromStation", "SecondPumpArriving_AttendanceTime", "SecondPumpArriving_DeployedFromStation", "NumPumpsAttending", "PumpMinutesRounded"]
Sat Jun  6 05:30:45 PM UTC 2026 patrol exited rc=0 — restarting in 5s
Traceback (most recent call last):
  File "/home/nvidia/sixwatch/agent.py", line 330, in <module>
    main()
  File "/home/nvidia/sixwatch/agent.py", line 326, in main
    patrol(speak=a.speak)
  File "/home/nvidia/sixwatch/agent.py", line 260, in patrol
    notables = d.filter(
               ^^^^^^^^^
  File "/home/nvidia/sixwatch/.venv/lib/python3.12/site-packages/polars/dataframe/frame.py", line 5521, in filter
    .collect(optimizations=QueryOptFlags._eager())
     ^^^^^^^^^^^^^^^^^^^^^^^^^^^^^^^^^^^^^^^^^^^^^
  File "/home/nvidia/sixwatch/.venv/lib/python3.12/site-packages/polars/_utils/deprecation.py", line 97, in wrapper
    return function(*args, **kwargs)
           ^^^^^^^^^^^^^^^^^^^^^^^^^
  File "/home/nvidia/sixwatch/.venv/lib/python3.12/site-packages/polars/lazyframe/opt_flags.py", line 343, in wrapper
    return function(*args, **kwargs)
           ^^^^^^^^^^^^^^^^^^^^^^^^^
  File "/home/nvidia/sixwatch/.venv/lib/python3.12/site-packages/polars/lazyframe/frame.py", line 2630, in collect
    return wrap_df(ldf.collect(engine, callback))
                   ^^^^^^^^^^^^^^^^^^^^^^^^^^^^^
polars.exceptions.ColumnNotFoundError: unable to find column "NumCalls"; valid columns: ["IncidentNumber", "DateOfCall", "CalYear", "HourOfCall", "IncidentGroup", "StopCodeDescription", "PropertyCategory", "IncGeo_BoroughName", "IncGeo_WardName", "Easting_rounded", "Northing_rounded", "IncidentStationGround", "FirstPumpArriving_AttendanceTime", "FirstPumpArriving_DeployedFromStation", "SecondPumpArriving_AttendanceTime", "SecondPumpArriving_DeployedFromStation", "NumPumpsAttending", "PumpMinutesRounded"]
Sat Jun  6 05:30:50 PM UTC 2026 patrol exited rc=0 — restarting in 5s
Traceback (most recent call last):
  File "/home/nvidia/sixwatch/agent.py", line 330, in <module>
    main()
  File "/home/nvidia/sixwatch/agent.py", line 326, in main
    patrol(speak=a.speak)
  File "/home/nvidia/sixwatch/agent.py", line 260, in patrol
    notables = d.filter(
               ^^^^^^^^^
  File "/home/nvidia/sixwatch/.venv/lib/python3.12/site-packages/polars/dataframe/frame.py", line 5521, in filter
    .collect(optimizations=QueryOptFlags._eager())
     ^^^^^^^^^^^^^^^^^^^^^^^^^^^^^^^^^^^^^^^^^^^^^
  File "/home/nvidia/sixwatch/.venv/lib/python3.12/site-packages/polars/_utils/deprecation.py", line 97, in wrapper
    return function(*args, **kwargs)
           ^^^^^^^^^^^^^^^^^^^^^^^^^
  File "/home/nvidia/sixwatch/.venv/lib/python3.12/site-packages/polars/lazyframe/opt_flags.py", line 343, in wrapper
    return function(*args, **kwargs)
           ^^^^^^^^^^^^^^^^^^^^^^^^^
  File "/home/nvidia/sixwatch/.venv/lib/python3.12/site-packages/polars/lazyframe/frame.py", line 2630, in collect
    return wrap_df(ldf.collect(engine, callback))
                   ^^^^^^^^^^^^^^^^^^^^^^^^^^^^^
polars.exceptions.ColumnNotFoundError: unable to find column "NumCalls"; valid columns: ["IncidentNumber", "DateOfCall", "CalYear", "HourOfCall", "IncidentGroup", "StopCodeDescription", "PropertyCategory", "IncGeo_BoroughName", "IncGeo_WardName", "Easting_rounded", "Northing_rounded", "IncidentStationGround", "FirstPumpArriving_AttendanceTime", "FirstPumpArriving_DeployedFromStation", "SecondPumpArriving_AttendanceTime", "SecondPumpArriving_DeployedFromStation", "NumPumpsAttending", "PumpMinutesRounded"]
Sat Jun  6 05:30:56 PM UTC 2026 patrol exited rc=0 — restarting in 5s
Traceback (most recent call last):
  File "/home/nvidia/sixwatch/agent.py", line 330, in <module>
    main()
  File "/home/nvidia/sixwatch/agent.py", line 326, in main
    patrol(speak=a.speak)
  File "/home/nvidia/sixwatch/agent.py", line 260, in patrol
    notables = d.filter(
               ^^^^^^^^^
  File "/home/nvidia/sixwatch/.venv/lib/python3.12/site-packages/polars/dataframe/frame.py", line 5521, in filter
    .collect(optimizations=QueryOptFlags._eager())
     ^^^^^^^^^^^^^^^^^^^^^^^^^^^^^^^^^^^^^^^^^^^^^
  File "/home/nvidia/sixwatch/.venv/lib/python3.12/site-packages/polars/_utils/deprecation.py", line 97, in wrapper
    return function(*args, **kwargs)
           ^^^^^^^^^^^^^^^^^^^^^^^^^
  File "/home/nvidia/sixwatch/.venv/lib/python3.12/site-packages/polars/lazyframe/opt_flags.py", line 343, in wrapper
    return function(*args, **kwargs)
           ^^^^^^^^^^^^^^^^^^^^^^^^^
  File "/home/nvidia/sixwatch/.venv/lib/python3.12/site-packages/polars/lazyframe/frame.py", line 2630, in collect
    return wrap_df(ldf.collect(engine, callback))
                   ^^^^^^^^^^^^^^^^^^^^^^^^^^^^^
polars.exceptions.ColumnNotFoundError: unable to find column "NumCalls"; valid columns: ["IncidentNumber", "DateOfCall", "CalYear", "HourOfCall", "IncidentGroup", "StopCodeDescription", "PropertyCategory", "IncGeo_BoroughName", "IncGeo_WardName", "Easting_rounded", "Northing_rounded", "IncidentStationGround", "FirstPumpArriving_AttendanceTime", "FirstPumpArriving_DeployedFromStation", "SecondPumpArriving_AttendanceTime", "SecondPumpArriving_DeployedFromStation", "NumPumpsAttending", "PumpMinutesRounded"]
Sat Jun  6 05:31:01 PM UTC 2026 patrol exited rc=0 — restarting in 5s
Traceback (most recent call last):
  File "/home/nvidia/sixwatch/agent.py", line 330, in <module>
    main()
  File "/home/nvidia/sixwatch/agent.py", line 326, in main
    patrol(speak=a.speak)
  File "/home/nvidia/sixwatch/agent.py", line 260, in patrol
    notables = d.filter(
               ^^^^^^^^^
  File "/home/nvidia/sixwatch/.venv/lib/python3.12/site-packages/polars/dataframe/frame.py", line 5521, in filter
    .collect(optimizations=QueryOptFlags._eager())
     ^^^^^^^^^^^^^^^^^^^^^^^^^^^^^^^^^^^^^^^^^^^^^
  File "/home/nvidia/sixwatch/.venv/lib/python3.12/site-packages/polars/_utils/deprecation.py", line 97, in wrapper
    return function(*args, **kwargs)
           ^^^^^^^^^^^^^^^^^^^^^^^^^
  File "/home/nvidia/sixwatch/.venv/lib/python3.12/site-packages/polars/lazyframe/opt_flags.py", line 343, in wrapper
    return function(*args, **kwargs)
           ^^^^^^^^^^^^^^^^^^^^^^^^^
  File "/home/nvidia/sixwatch/.venv/lib/python3.12/site-packages/polars/lazyframe/frame.py", line 2630, in collect
    return wrap_df(ldf.collect(engine, callback))
                   ^^^^^^^^^^^^^^^^^^^^^^^^^^^^^
polars.exceptions.ColumnNotFoundError: unable to find column "NumCalls"; valid columns: ["IncidentNumber", "DateOfCall", "CalYear", "HourOfCall", "IncidentGroup", "StopCodeDescription", "PropertyCategory", "IncGeo_BoroughName", "IncGeo_WardName", "Easting_rounded", "Northing_rounded", "IncidentStationGround", "FirstPumpArriving_AttendanceTime", "FirstPumpArriving_DeployedFromStation", "SecondPumpArriving_AttendanceTime", "SecondPumpArriving_DeployedFromStation", "NumPumpsAttending", "PumpMinutesRounded"]
Sat Jun  6 05:31:07 PM UTC 2026 patrol exited rc=0 — restarting in 5s
Traceback (most recent call last):
  File "/home/nvidia/sixwatch/agent.py", line 330, in <module>
    main()
  File "/home/nvidia/sixwatch/agent.py", line 326, in main
    patrol(speak=a.speak)
  File "/home/nvidia/sixwatch/agent.py", line 260, in patrol
    notables = d.filter(
               ^^^^^^^^^
  File "/home/nvidia/sixwatch/.venv/lib/python3.12/site-packages/polars/dataframe/frame.py", line 5521, in filter
    .collect(optimizations=QueryOptFlags._eager())
     ^^^^^^^^^^^^^^^^^^^^^^^^^^^^^^^^^^^^^^^^^^^^^
  File "/home/nvidia/sixwatch/.venv/lib/python3.12/site-packages/polars/_utils/deprecation.py", line 97, in wrapper
    return function(*args, **kwargs)
           ^^^^^^^^^^^^^^^^^^^^^^^^^
  File "/home/nvidia/sixwatch/.venv/lib/python3.12/site-packages/polars/lazyframe/opt_flags.py", line 343, in wrapper
    return function(*args, **kwargs)
           ^^^^^^^^^^^^^^^^^^^^^^^^^
  File "/home/nvidia/sixwatch/.venv/lib/python3.12/site-packages/polars/lazyframe/frame.py", line 2630, in collect
    return wrap_df(ldf.collect(engine, callback))
                   ^^^^^^^^^^^^^^^^^^^^^^^^^^^^^
polars.exceptions.ColumnNotFoundError: unable to find column "NumCalls"; valid columns: ["IncidentNumber", "DateOfCall", "CalYear", "HourOfCall", "IncidentGroup", "StopCodeDescription", "PropertyCategory", "IncGeo_BoroughName", "IncGeo_WardName", "Easting_rounded", "Northing_rounded", "IncidentStationGround", "FirstPumpArriving_AttendanceTime", "FirstPumpArriving_DeployedFromStation", "SecondPumpArriving_AttendanceTime", "SecondPumpArriving_DeployedFromStation", "NumPumpsAttending", "PumpMinutesRounded"]
Sat Jun  6 05:31:12 PM UTC 2026 patrol exited rc=0 — restarting in 5s
Traceback (most recent call last):
  File "/home/nvidia/sixwatch/agent.py", line 330, in <module>
    main()
  File "/home/nvidia/sixwatch/agent.py", line 326, in main
    patrol(speak=a.speak)
  File "/home/nvidia/sixwatch/agent.py", line 260, in patrol
    notables = d.filter(
               ^^^^^^^^^
  File "/home/nvidia/sixwatch/.venv/lib/python3.12/site-packages/polars/dataframe/frame.py", line 5521, in filter
    .collect(optimizations=QueryOptFlags._eager())
     ^^^^^^^^^^^^^^^^^^^^^^^^^^^^^^^^^^^^^^^^^^^^^
  File "/home/nvidia/sixwatch/.venv/lib/python3.12/site-packages/polars/_utils/deprecation.py", line 97, in wrapper
    return function(*args, **kwargs)
           ^^^^^^^^^^^^^^^^^^^^^^^^^
  File "/home/nvidia/sixwatch/.venv/lib/python3.12/site-packages/polars/lazyframe/opt_flags.py", line 343, in wrapper
    return function(*args, **kwargs)
           ^^^^^^^^^^^^^^^^^^^^^^^^^
  File "/home/nvidia/sixwatch/.venv/lib/python3.12/site-packages/polars/lazyframe/frame.py", line 2630, in collect
    return wrap_df(ldf.collect(engine, callback))
                   ^^^^^^^^^^^^^^^^^^^^^^^^^^^^^
polars.exceptions.ColumnNotFoundError: unable to find column "NumCalls"; valid columns: ["IncidentNumber", "DateOfCall", "CalYear", "HourOfCall", "IncidentGroup", "StopCodeDescription", "PropertyCategory", "IncGeo_BoroughName", "IncGeo_WardName", "Easting_rounded", "Northing_rounded", "IncidentStationGround", "FirstPumpArriving_AttendanceTime", "FirstPumpArriving_DeployedFromStation", "SecondPumpArriving_AttendanceTime", "SecondPumpArriving_DeployedFromStation", "NumPumpsAttending", "PumpMinutesRounded"]
Sat Jun  6 05:31:18 PM UTC 2026 patrol exited rc=0 — restarting in 5s
Traceback (most recent call last):
  File "/home/nvidia/sixwatch/agent.py", line 330, in <module>
    main()
  File "/home/nvidia/sixwatch/agent.py", line 326, in main
    patrol(speak=a.speak)
  File "/home/nvidia/sixwatch/agent.py", line 260, in patrol
    notables = d.filter(
               ^^^^^^^^^
  File "/home/nvidia/sixwatch/.venv/lib/python3.12/site-packages/polars/dataframe/frame.py", line 5521, in filter
    .collect(optimizations=QueryOptFlags._eager())
     ^^^^^^^^^^^^^^^^^^^^^^^^^^^^^^^^^^^^^^^^^^^^^
  File "/home/nvidia/sixwatch/.venv/lib/python3.12/site-packages/polars/_utils/deprecation.py", line 97, in wrapper
    return function(*args, **kwargs)
           ^^^^^^^^^^^^^^^^^^^^^^^^^
  File "/home/nvidia/sixwatch/.venv/lib/python3.12/site-packages/polars/lazyframe/opt_flags.py", line 343, in wrapper
    return function(*args, **kwargs)
           ^^^^^^^^^^^^^^^^^^^^^^^^^
  File "/home/nvidia/sixwatch/.venv/lib/python3.12/site-packages/polars/lazyframe/frame.py", line 2630, in collect
    return wrap_df(ldf.collect(engine, callback))
                   ^^^^^^^^^^^^^^^^^^^^^^^^^^^^^
polars.exceptions.ColumnNotFoundError: unable to find column "NumCalls"; valid columns: ["IncidentNumber", "DateOfCall", "CalYear", "HourOfCall", "IncidentGroup", "StopCodeDescription", "PropertyCategory", "IncGeo_BoroughName", "IncGeo_WardName", "Easting_rounded", "Northing_rounded", "IncidentStationGround", "FirstPumpArriving_AttendanceTime", "FirstPumpArriving_DeployedFromStation", "SecondPumpArriving_AttendanceTime", "SecondPumpArriving_DeployedFromStation", "NumPumpsAttending", "PumpMinutesRounded"]
Sat Jun  6 05:31:23 PM UTC 2026 patrol exited rc=0 — restarting in 5s
Traceback (most recent call last):
  File "/home/nvidia/sixwatch/agent.py", line 330, in <module>
    main()
  File "/home/nvidia/sixwatch/agent.py", line 326, in main
    patrol(speak=a.speak)
  File "/home/nvidia/sixwatch/agent.py", line 260, in patrol
    notables = d.filter(
               ^^^^^^^^^
  File "/home/nvidia/sixwatch/.venv/lib/python3.12/site-packages/polars/dataframe/frame.py", line 5521, in filter
    .collect(optimizations=QueryOptFlags._eager())
     ^^^^^^^^^^^^^^^^^^^^^^^^^^^^^^^^^^^^^^^^^^^^^
  File "/home/nvidia/sixwatch/.venv/lib/python3.12/site-packages/polars/_utils/deprecation.py", line 97, in wrapper
    return function(*args, **kwargs)
           ^^^^^^^^^^^^^^^^^^^^^^^^^
  File "/home/nvidia/sixwatch/.venv/lib/python3.12/site-packages/polars/lazyframe/opt_flags.py", line 343, in wrapper
    return function(*args, **kwargs)
           ^^^^^^^^^^^^^^^^^^^^^^^^^
  File "/home/nvidia/sixwatch/.venv/lib/python3.12/site-packages/polars/lazyframe/frame.py", line 2630, in collect
    return wrap_df(ldf.collect(engine, callback))
                   ^^^^^^^^^^^^^^^^^^^^^^^^^^^^^
polars.exceptions.ColumnNotFoundError: unable to find column "NumCalls"; valid columns: ["IncidentNumber", "DateOfCall", "CalYear", "HourOfCall", "IncidentGroup", "StopCodeDescription", "PropertyCategory", "IncGeo_BoroughName", "IncGeo_WardName", "Easting_rounded", "Northing_rounded", "IncidentStationGround", "FirstPumpArriving_AttendanceTime", "FirstPumpArriving_DeployedFromStation", "SecondPumpArriving_AttendanceTime", "SecondPumpArriving_DeployedFromStation", "NumPumpsAttending", "PumpMinutesRounded"]
Sat Jun  6 05:31:29 PM UTC 2026 patrol exited rc=0 — restarting in 5s
Traceback (most recent call last):
  File "/home/nvidia/sixwatch/agent.py", line 330, in <module>
    main()
  File "/home/nvidia/sixwatch/agent.py", line 326, in main
    patrol(speak=a.speak)
  File "/home/nvidia/sixwatch/agent.py", line 260, in patrol
    notables = d.filter(
               ^^^^^^^^^
  File "/home/nvidia/sixwatch/.venv/lib/python3.12/site-packages/polars/dataframe/frame.py", line 5521, in filter
    .collect(optimizations=QueryOptFlags._eager())
     ^^^^^^^^^^^^^^^^^^^^^^^^^^^^^^^^^^^^^^^^^^^^^
  File "/home/nvidia/sixwatch/.venv/lib/python3.12/site-packages/polars/_utils/deprecation.py", line 97, in wrapper
    return function(*args, **kwargs)
           ^^^^^^^^^^^^^^^^^^^^^^^^^
  File "/home/nvidia/sixwatch/.venv/lib/python3.12/site-packages/polars/lazyframe/opt_flags.py", line 343, in wrapper
    return function(*args, **kwargs)
           ^^^^^^^^^^^^^^^^^^^^^^^^^
  File "/home/nvidia/sixwatch/.venv/lib/python3.12/site-packages/polars/lazyframe/frame.py", line 2630, in collect
    return wrap_df(ldf.collect(engine, callback))
                   ^^^^^^^^^^^^^^^^^^^^^^^^^^^^^
polars.exceptions.ColumnNotFoundError: unable to find column "NumCalls"; valid columns: ["IncidentNumber", "DateOfCall", "CalYear", "HourOfCall", "IncidentGroup", "StopCodeDescription", "PropertyCategory", "IncGeo_BoroughName", "IncGeo_WardName", "Easting_rounded", "Northing_rounded", "IncidentStationGround", "FirstPumpArriving_AttendanceTime", "FirstPumpArriving_DeployedFromStation", "SecondPumpArriving_AttendanceTime", "SecondPumpArriving_DeployedFromStation", "NumPumpsAttending", "PumpMinutesRounded"]
Sat Jun  6 05:31:34 PM UTC 2026 patrol exited rc=0 — restarting in 5s
Traceback (most recent call last):
  File "/home/nvidia/sixwatch/agent.py", line 330, in <module>
    main()
  File "/home/nvidia/sixwatch/agent.py", line 326, in main
    patrol(speak=a.speak)
  File "/home/nvidia/sixwatch/agent.py", line 260, in patrol
    notables = d.filter(
               ^^^^^^^^^
  File "/home/nvidia/sixwatch/.venv/lib/python3.12/site-packages/polars/dataframe/frame.py", line 5521, in filter
    .collect(optimizations=QueryOptFlags._eager())
     ^^^^^^^^^^^^^^^^^^^^^^^^^^^^^^^^^^^^^^^^^^^^^
  File "/home/nvidia/sixwatch/.venv/lib/python3.12/site-packages/polars/_utils/deprecation.py", line 97, in wrapper
    return function(*args, **kwargs)
           ^^^^^^^^^^^^^^^^^^^^^^^^^
  File "/home/nvidia/sixwatch/.venv/lib/python3.12/site-packages/polars/lazyframe/opt_flags.py", line 343, in wrapper
    return function(*args, **kwargs)
           ^^^^^^^^^^^^^^^^^^^^^^^^^
  File "/home/nvidia/sixwatch/.venv/lib/python3.12/site-packages/polars/lazyframe/frame.py", line 2630, in collect
    return wrap_df(ldf.collect(engine, callback))
                   ^^^^^^^^^^^^^^^^^^^^^^^^^^^^^
polars.exceptions.ColumnNotFoundError: unable to find column "NumCalls"; valid columns: ["IncidentNumber", "DateOfCall", "CalYear", "HourOfCall", "IncidentGroup", "StopCodeDescription", "PropertyCategory", "IncGeo_BoroughName", "IncGeo_WardName", "Easting_rounded", "Northing_rounded", "IncidentStationGround", "FirstPumpArriving_AttendanceTime", "FirstPumpArriving_DeployedFromStation", "SecondPumpArriving_AttendanceTime", "SecondPumpArriving_DeployedFromStation", "NumPumpsAttending", "PumpMinutesRounded"]
Sat Jun  6 05:31:40 PM UTC 2026 patrol exited rc=0 — restarting in 5s
Traceback (most recent call last):
  File "/home/nvidia/sixwatch/agent.py", line 330, in <module>
    main()
  File "/home/nvidia/sixwatch/agent.py", line 326, in main
    patrol(speak=a.speak)
  File "/home/nvidia/sixwatch/agent.py", line 260, in patrol
    notables = d.filter(
               ^^^^^^^^^
  File "/home/nvidia/sixwatch/.venv/lib/python3.12/site-packages/polars/dataframe/frame.py", line 5521, in filter
    .collect(optimizations=QueryOptFlags._eager())
     ^^^^^^^^^^^^^^^^^^^^^^^^^^^^^^^^^^^^^^^^^^^^^
  File "/home/nvidia/sixwatch/.venv/lib/python3.12/site-packages/polars/_utils/deprecation.py", line 97, in wrapper
    return function(*args, **kwargs)
           ^^^^^^^^^^^^^^^^^^^^^^^^^
  File "/home/nvidia/sixwatch/.venv/lib/python3.12/site-packages/polars/lazyframe/opt_flags.py", line 343, in wrapper
    return function(*args, **kwargs)
           ^^^^^^^^^^^^^^^^^^^^^^^^^
  File "/home/nvidia/sixwatch/.venv/lib/python3.12/site-packages/polars/lazyframe/frame.py", line 2630, in collect
    return wrap_df(ldf.collect(engine, callback))
                   ^^^^^^^^^^^^^^^^^^^^^^^^^^^^^
polars.exceptions.ColumnNotFoundError: unable to find column "NumCalls"; valid columns: ["IncidentNumber", "DateOfCall", "CalYear", "HourOfCall", "IncidentGroup", "StopCodeDescription", "PropertyCategory", "IncGeo_BoroughName", "IncGeo_WardName", "Easting_rounded", "Northing_rounded", "IncidentStationGround", "FirstPumpArriving_AttendanceTime", "FirstPumpArriving_DeployedFromStation", "SecondPumpArriving_AttendanceTime", "SecondPumpArriving_DeployedFromStation", "NumPumpsAttending", "PumpMinutesRounded"]
Sat Jun  6 05:31:45 PM UTC 2026 patrol exited rc=0 — restarting in 5s
Traceback (most recent call last):
  File "/home/nvidia/sixwatch/agent.py", line 330, in <module>
    main()
  File "/home/nvidia/sixwatch/agent.py", line 326, in main
    patrol(speak=a.speak)
  File "/home/nvidia/sixwatch/agent.py", line 260, in patrol
    notables = d.filter(
               ^^^^^^^^^
  File "/home/nvidia/sixwatch/.venv/lib/python3.12/site-packages/polars/dataframe/frame.py", line 5521, in filter
    .collect(optimizations=QueryOptFlags._eager())
     ^^^^^^^^^^^^^^^^^^^^^^^^^^^^^^^^^^^^^^^^^^^^^
  File "/home/nvidia/sixwatch/.venv/lib/python3.12/site-packages/polars/_utils/deprecation.py", line 97, in wrapper
    return function(*args, **kwargs)
           ^^^^^^^^^^^^^^^^^^^^^^^^^
  File "/home/nvidia/sixwatch/.venv/lib/python3.12/site-packages/polars/lazyframe/opt_flags.py", line 343, in wrapper
    return function(*args, **kwargs)
           ^^^^^^^^^^^^^^^^^^^^^^^^^
  File "/home/nvidia/sixwatch/.venv/lib/python3.12/site-packages/polars/lazyframe/frame.py", line 2630, in collect
    return wrap_df(ldf.collect(engine, callback))
                   ^^^^^^^^^^^^^^^^^^^^^^^^^^^^^
polars.exceptions.ColumnNotFoundError: unable to find column "NumCalls"; valid columns: ["IncidentNumber", "DateOfCall", "CalYear", "HourOfCall", "IncidentGroup", "StopCodeDescription", "PropertyCategory", "IncGeo_BoroughName", "IncGeo_WardName", "Easting_rounded", "Northing_rounded", "IncidentStationGround", "FirstPumpArriving_AttendanceTime", "FirstPumpArriving_DeployedFromStation", "SecondPumpArriving_AttendanceTime", "SecondPumpArriving_DeployedFromStation", "NumPumpsAttending", "PumpMinutesRounded"]
Sat Jun  6 05:31:51 PM UTC 2026 patrol exited rc=0 — restarting in 5s
Traceback (most recent call last):
  File "/home/nvidia/sixwatch/agent.py", line 330, in <module>
    main()
  File "/home/nvidia/sixwatch/agent.py", line 326, in main
    patrol(speak=a.speak)
  File "/home/nvidia/sixwatch/agent.py", line 260, in patrol
    notables = d.filter(
               ^^^^^^^^^
  File "/home/nvidia/sixwatch/.venv/lib/python3.12/site-packages/polars/dataframe/frame.py", line 5521, in filter
    .collect(optimizations=QueryOptFlags._eager())
     ^^^^^^^^^^^^^^^^^^^^^^^^^^^^^^^^^^^^^^^^^^^^^
  File "/home/nvidia/sixwatch/.venv/lib/python3.12/site-packages/polars/_utils/deprecation.py", line 97, in wrapper
    return function(*args, **kwargs)
           ^^^^^^^^^^^^^^^^^^^^^^^^^
  File "/home/nvidia/sixwatch/.venv/lib/python3.12/site-packages/polars/lazyframe/opt_flags.py", line 343, in wrapper
    return function(*args, **kwargs)
           ^^^^^^^^^^^^^^^^^^^^^^^^^
  File "/home/nvidia/sixwatch/.venv/lib/python3.12/site-packages/polars/lazyframe/frame.py", line 2630, in collect
    return wrap_df(ldf.collect(engine, callback))
                   ^^^^^^^^^^^^^^^^^^^^^^^^^^^^^
polars.exceptions.ColumnNotFoundError: unable to find column "NumCalls"; valid columns: ["IncidentNumber", "DateOfCall", "CalYear", "HourOfCall", "IncidentGroup", "StopCodeDescription", "PropertyCategory", "IncGeo_BoroughName", "IncGeo_WardName", "Easting_rounded", "Northing_rounded", "IncidentStationGround", "FirstPumpArriving_AttendanceTime", "FirstPumpArriving_DeployedFromStation", "SecondPumpArriving_AttendanceTime", "SecondPumpArriving_DeployedFromStation", "NumPumpsAttending", "PumpMinutesRounded"]
Sat Jun  6 05:31:57 PM UTC 2026 patrol exited rc=0 — restarting in 5s
Traceback (most recent call last):
  File "/home/nvidia/sixwatch/agent.py", line 330, in <module>
    main()
  File "/home/nvidia/sixwatch/agent.py", line 326, in main
    patrol(speak=a.speak)
  File "/home/nvidia/sixwatch/agent.py", line 260, in patrol
    notables = d.filter(
               ^^^^^^^^^
  File "/home/nvidia/sixwatch/.venv/lib/python3.12/site-packages/polars/dataframe/frame.py", line 5521, in filter
    .collect(optimizations=QueryOptFlags._eager())
     ^^^^^^^^^^^^^^^^^^^^^^^^^^^^^^^^^^^^^^^^^^^^^
  File "/home/nvidia/sixwatch/.venv/lib/python3.12/site-packages/polars/_utils/deprecation.py", line 97, in wrapper
    return function(*args, **kwargs)
           ^^^^^^^^^^^^^^^^^^^^^^^^^
  File "/home/nvidia/sixwatch/.venv/lib/python3.12/site-packages/polars/lazyframe/opt_flags.py", line 343, in wrapper
    return function(*args, **kwargs)
           ^^^^^^^^^^^^^^^^^^^^^^^^^
  File "/home/nvidia/sixwatch/.venv/lib/python3.12/site-packages/polars/lazyframe/frame.py", line 2630, in collect
    return wrap_df(ldf.collect(engine, callback))
                   ^^^^^^^^^^^^^^^^^^^^^^^^^^^^^
polars.exceptions.ColumnNotFoundError: unable to find column "NumCalls"; valid columns: ["IncidentNumber", "DateOfCall", "CalYear", "HourOfCall", "IncidentGroup", "StopCodeDescription", "PropertyCategory", "IncGeo_BoroughName", "IncGeo_WardName", "Easting_rounded", "Northing_rounded", "IncidentStationGround", "FirstPumpArriving_AttendanceTime", "FirstPumpArriving_DeployedFromStation", "SecondPumpArriving_AttendanceTime", "SecondPumpArriving_DeployedFromStation", "NumPumpsAttending", "PumpMinutesRounded"]
Sat Jun  6 05:32:02 PM UTC 2026 patrol exited rc=0 — restarting in 5s
Traceback (most recent call last):
  File "/home/nvidia/sixwatch/agent.py", line 330, in <module>
    main()
  File "/home/nvidia/sixwatch/agent.py", line 326, in main
    patrol(speak=a.speak)
  File "/home/nvidia/sixwatch/agent.py", line 260, in patrol
    notables = d.filter(
               ^^^^^^^^^
  File "/home/nvidia/sixwatch/.venv/lib/python3.12/site-packages/polars/dataframe/frame.py", line 5521, in filter
    .collect(optimizations=QueryOptFlags._eager())
     ^^^^^^^^^^^^^^^^^^^^^^^^^^^^^^^^^^^^^^^^^^^^^
  File "/home/nvidia/sixwatch/.venv/lib/python3.12/site-packages/polars/_utils/deprecation.py", line 97, in wrapper
    return function(*args, **kwargs)
           ^^^^^^^^^^^^^^^^^^^^^^^^^
  File "/home/nvidia/sixwatch/.venv/lib/python3.12/site-packages/polars/lazyframe/opt_flags.py", line 343, in wrapper
    return function(*args, **kwargs)
           ^^^^^^^^^^^^^^^^^^^^^^^^^
  File "/home/nvidia/sixwatch/.venv/lib/python3.12/site-packages/polars/lazyframe/frame.py", line 2630, in collect
    return wrap_df(ldf.collect(engine, callback))
                   ^^^^^^^^^^^^^^^^^^^^^^^^^^^^^
polars.exceptions.ColumnNotFoundError: unable to find column "NumCalls"; valid columns: ["IncidentNumber", "DateOfCall", "CalYear", "HourOfCall", "IncidentGroup", "StopCodeDescription", "PropertyCategory", "IncGeo_BoroughName", "IncGeo_WardName", "Easting_rounded", "Northing_rounded", "IncidentStationGround", "FirstPumpArriving_AttendanceTime", "FirstPumpArriving_DeployedFromStation", "SecondPumpArriving_AttendanceTime", "SecondPumpArriving_DeployedFromStation", "NumPumpsAttending", "PumpMinutesRounded"]
Sat Jun  6 05:32:08 PM UTC 2026 patrol exited rc=0 — restarting in 5s
Traceback (most recent call last):
  File "/home/nvidia/sixwatch/agent.py", line 330, in <module>
    main()
  File "/home/nvidia/sixwatch/agent.py", line 326, in main
    patrol(speak=a.speak)
  File "/home/nvidia/sixwatch/agent.py", line 260, in patrol
    notables = d.filter(
               ^^^^^^^^^
  File "/home/nvidia/sixwatch/.venv/lib/python3.12/site-packages/polars/dataframe/frame.py", line 5521, in filter
    .collect(optimizations=QueryOptFlags._eager())
     ^^^^^^^^^^^^^^^^^^^^^^^^^^^^^^^^^^^^^^^^^^^^^
  File "/home/nvidia/sixwatch/.venv/lib/python3.12/site-packages/polars/_utils/deprecation.py", line 97, in wrapper
    return function(*args, **kwargs)
           ^^^^^^^^^^^^^^^^^^^^^^^^^
  File "/home/nvidia/sixwatch/.venv/lib/python3.12/site-packages/polars/lazyframe/opt_flags.py", line 343, in wrapper
    return function(*args, **kwargs)
           ^^^^^^^^^^^^^^^^^^^^^^^^^
  File "/home/nvidia/sixwatch/.venv/lib/python3.12/site-packages/polars/lazyframe/frame.py", line 2630, in collect
    return wrap_df(ldf.collect(engine, callback))
                   ^^^^^^^^^^^^^^^^^^^^^^^^^^^^^
polars.exceptions.ColumnNotFoundError: unable to find column "NumCalls"; valid columns: ["IncidentNumber", "DateOfCall", "CalYear", "HourOfCall", "IncidentGroup", "StopCodeDescription", "PropertyCategory", "IncGeo_BoroughName", "IncGeo_WardName", "Easting_rounded", "Northing_rounded", "IncidentStationGround", "FirstPumpArriving_AttendanceTime", "FirstPumpArriving_DeployedFromStation", "SecondPumpArriving_AttendanceTime", "SecondPumpArriving_DeployedFromStation", "NumPumpsAttending", "PumpMinutesRounded"]
Sat Jun  6 05:32:13 PM UTC 2026 patrol exited rc=0 — restarting in 5s
Traceback (most recent call last):
  File "/home/nvidia/sixwatch/agent.py", line 330, in <module>
    main()
  File "/home/nvidia/sixwatch/agent.py", line 326, in main
    patrol(speak=a.speak)
  File "/home/nvidia/sixwatch/agent.py", line 260, in patrol
    notables = d.filter(
               ^^^^^^^^^
  File "/home/nvidia/sixwatch/.venv/lib/python3.12/site-packages/polars/dataframe/frame.py", line 5521, in filter
    .collect(optimizations=QueryOptFlags._eager())
     ^^^^^^^^^^^^^^^^^^^^^^^^^^^^^^^^^^^^^^^^^^^^^
  File "/home/nvidia/sixwatch/.venv/lib/python3.12/site-packages/polars/_utils/deprecation.py", line 97, in wrapper
    return function(*args, **kwargs)
           ^^^^^^^^^^^^^^^^^^^^^^^^^
  File "/home/nvidia/sixwatch/.venv/lib/python3.12/site-packages/polars/lazyframe/opt_flags.py", line 343, in wrapper
    return function(*args, **kwargs)
           ^^^^^^^^^^^^^^^^^^^^^^^^^
  File "/home/nvidia/sixwatch/.venv/lib/python3.12/site-packages/polars/lazyframe/frame.py", line 2630, in collect
    return wrap_df(ldf.collect(engine, callback))
                   ^^^^^^^^^^^^^^^^^^^^^^^^^^^^^
polars.exceptions.ColumnNotFoundError: unable to find column "NumCalls"; valid columns: ["IncidentNumber", "DateOfCall", "CalYear", "HourOfCall", "IncidentGroup", "StopCodeDescription", "PropertyCategory", "IncGeo_BoroughName", "IncGeo_WardName", "Easting_rounded", "Northing_rounded", "IncidentStationGround", "FirstPumpArriving_AttendanceTime", "FirstPumpArriving_DeployedFromStation", "SecondPumpArriving_AttendanceTime", "SecondPumpArriving_DeployedFromStation", "NumPumpsAttending", "PumpMinutesRounded"]
Sat Jun  6 05:32:19 PM UTC 2026 patrol exited rc=0 — restarting in 5s
Traceback (most recent call last):
  File "/home/nvidia/sixwatch/agent.py", line 330, in <module>
    main()
  File "/home/nvidia/sixwatch/agent.py", line 326, in main
    patrol(speak=a.speak)
  File "/home/nvidia/sixwatch/agent.py", line 260, in patrol
    notables = d.filter(
               ^^^^^^^^^
  File "/home/nvidia/sixwatch/.venv/lib/python3.12/site-packages/polars/dataframe/frame.py", line 5521, in filter
    .collect(optimizations=QueryOptFlags._eager())
     ^^^^^^^^^^^^^^^^^^^^^^^^^^^^^^^^^^^^^^^^^^^^^
  File "/home/nvidia/sixwatch/.venv/lib/python3.12/site-packages/polars/_utils/deprecation.py", line 97, in wrapper
    return function(*args, **kwargs)
           ^^^^^^^^^^^^^^^^^^^^^^^^^
  File "/home/nvidia/sixwatch/.venv/lib/python3.12/site-packages/polars/lazyframe/opt_flags.py", line 343, in wrapper
    return function(*args, **kwargs)
           ^^^^^^^^^^^^^^^^^^^^^^^^^
  File "/home/nvidia/sixwatch/.venv/lib/python3.12/site-packages/polars/lazyframe/frame.py", line 2630, in collect
    return wrap_df(ldf.collect(engine, callback))
                   ^^^^^^^^^^^^^^^^^^^^^^^^^^^^^
polars.exceptions.ColumnNotFoundError: unable to find column "NumCalls"; valid columns: ["IncidentNumber", "DateOfCall", "CalYear", "HourOfCall", "IncidentGroup", "StopCodeDescription", "PropertyCategory", "IncGeo_BoroughName", "IncGeo_WardName", "Easting_rounded", "Northing_rounded", "IncidentStationGround", "FirstPumpArriving_AttendanceTime", "FirstPumpArriving_DeployedFromStation", "SecondPumpArriving_AttendanceTime", "SecondPumpArriving_DeployedFromStation", "NumPumpsAttending", "PumpMinutesRounded"]
Sat Jun  6 05:32:24 PM UTC 2026 patrol exited rc=0 — restarting in 5s
Traceback (most recent call last):
  File "/home/nvidia/sixwatch/agent.py", line 330, in <module>
    main()
  File "/home/nvidia/sixwatch/agent.py", line 326, in main
    patrol(speak=a.speak)
  File "/home/nvidia/sixwatch/agent.py", line 260, in patrol
    notables = d.filter(
               ^^^^^^^^^
  File "/home/nvidia/sixwatch/.venv/lib/python3.12/site-packages/polars/dataframe/frame.py", line 5521, in filter
    .collect(optimizations=QueryOptFlags._eager())
     ^^^^^^^^^^^^^^^^^^^^^^^^^^^^^^^^^^^^^^^^^^^^^
  File "/home/nvidia/sixwatch/.venv/lib/python3.12/site-packages/polars/_utils/deprecation.py", line 97, in wrapper
    return function(*args, **kwargs)
           ^^^^^^^^^^^^^^^^^^^^^^^^^
  File "/home/nvidia/sixwatch/.venv/lib/python3.12/site-packages/polars/lazyframe/opt_flags.py", line 343, in wrapper
    return function(*args, **kwargs)
           ^^^^^^^^^^^^^^^^^^^^^^^^^
  File "/home/nvidia/sixwatch/.venv/lib/python3.12/site-packages/polars/lazyframe/frame.py", line 2630, in collect
    return wrap_df(ldf.collect(engine, callback))
                   ^^^^^^^^^^^^^^^^^^^^^^^^^^^^^
polars.exceptions.ColumnNotFoundError: unable to find column "NumCalls"; valid columns: ["IncidentNumber", "DateOfCall", "CalYear", "HourOfCall", "IncidentGroup", "StopCodeDescription", "PropertyCategory", "IncGeo_BoroughName", "IncGeo_WardName", "Easting_rounded", "Northing_rounded", "IncidentStationGround", "FirstPumpArriving_AttendanceTime", "FirstPumpArriving_DeployedFromStation", "SecondPumpArriving_AttendanceTime", "SecondPumpArriving_DeployedFromStation", "NumPumpsAttending", "PumpMinutesRounded"]
Sat Jun  6 05:32:30 PM UTC 2026 patrol exited rc=0 — restarting in 5s
Traceback (most recent call last):
  File "/home/nvidia/sixwatch/agent.py", line 330, in <module>
    main()
  File "/home/nvidia/sixwatch/agent.py", line 326, in main
    patrol(speak=a.speak)
  File "/home/nvidia/sixwatch/agent.py", line 260, in patrol
    notables = d.filter(
               ^^^^^^^^^
  File "/home/nvidia/sixwatch/.venv/lib/python3.12/site-packages/polars/dataframe/frame.py", line 5521, in filter
    .collect(optimizations=QueryOptFlags._eager())
     ^^^^^^^^^^^^^^^^^^^^^^^^^^^^^^^^^^^^^^^^^^^^^
  File "/home/nvidia/sixwatch/.venv/lib/python3.12/site-packages/polars/_utils/deprecation.py", line 97, in wrapper
    return function(*args, **kwargs)
           ^^^^^^^^^^^^^^^^^^^^^^^^^
  File "/home/nvidia/sixwatch/.venv/lib/python3.12/site-packages/polars/lazyframe/opt_flags.py", line 343, in wrapper
    return function(*args, **kwargs)
           ^^^^^^^^^^^^^^^^^^^^^^^^^
  File "/home/nvidia/sixwatch/.venv/lib/python3.12/site-packages/polars/lazyframe/frame.py", line 2630, in collect
    return wrap_df(ldf.collect(engine, callback))
                   ^^^^^^^^^^^^^^^^^^^^^^^^^^^^^
polars.exceptions.ColumnNotFoundError: unable to find column "NumCalls"; valid columns: ["IncidentNumber", "DateOfCall", "CalYear", "HourOfCall", "IncidentGroup", "StopCodeDescription", "PropertyCategory", "IncGeo_BoroughName", "IncGeo_WardName", "Easting_rounded", "Northing_rounded", "IncidentStationGround", "FirstPumpArriving_AttendanceTime", "FirstPumpArriving_DeployedFromStation", "SecondPumpArriving_AttendanceTime", "SecondPumpArriving_DeployedFromStation", "NumPumpsAttending", "PumpMinutesRounded"]
Sat Jun  6 05:32:35 PM UTC 2026 patrol exited rc=0 — restarting in 5s
Traceback (most recent call last):
  File "/home/nvidia/sixwatch/agent.py", line 330, in <module>
    main()
  File "/home/nvidia/sixwatch/agent.py", line 326, in main
    patrol(speak=a.speak)
  File "/home/nvidia/sixwatch/agent.py", line 260, in patrol
    notables = d.filter(
               ^^^^^^^^^
  File "/home/nvidia/sixwatch/.venv/lib/python3.12/site-packages/polars/dataframe/frame.py", line 5521, in filter
    .collect(optimizations=QueryOptFlags._eager())
     ^^^^^^^^^^^^^^^^^^^^^^^^^^^^^^^^^^^^^^^^^^^^^
  File "/home/nvidia/sixwatch/.venv/lib/python3.12/site-packages/polars/_utils/deprecation.py", line 97, in wrapper
    return function(*args, **kwargs)
           ^^^^^^^^^^^^^^^^^^^^^^^^^
  File "/home/nvidia/sixwatch/.venv/lib/python3.12/site-packages/polars/lazyframe/opt_flags.py", line 343, in wrapper
    return function(*args, **kwargs)
           ^^^^^^^^^^^^^^^^^^^^^^^^^
  File "/home/nvidia/sixwatch/.venv/lib/python3.12/site-packages/polars/lazyframe/frame.py", line 2630, in collect
    return wrap_df(ldf.collect(engine, callback))
                   ^^^^^^^^^^^^^^^^^^^^^^^^^^^^^
polars.exceptions.ColumnNotFoundError: unable to find column "NumCalls"; valid columns: ["IncidentNumber", "DateOfCall", "CalYear", "HourOfCall", "IncidentGroup", "StopCodeDescription", "PropertyCategory", "IncGeo_BoroughName", "IncGeo_WardName", "Easting_rounded", "Northing_rounded", "IncidentStationGround", "FirstPumpArriving_AttendanceTime", "FirstPumpArriving_DeployedFromStation", "SecondPumpArriving_AttendanceTime", "SecondPumpArriving_DeployedFromStation", "NumPumpsAttending", "PumpMinutesRounded"]
Sat Jun  6 05:32:41 PM UTC 2026 patrol exited rc=0 — restarting in 5s
Traceback (most recent call last):
  File "/home/nvidia/sixwatch/agent.py", line 330, in <module>
    main()
  File "/home/nvidia/sixwatch/agent.py", line 326, in main
    patrol(speak=a.speak)
  File "/home/nvidia/sixwatch/agent.py", line 260, in patrol
    notables = d.filter(
               ^^^^^^^^^
  File "/home/nvidia/sixwatch/.venv/lib/python3.12/site-packages/polars/dataframe/frame.py", line 5521, in filter
    .collect(optimizations=QueryOptFlags._eager())
     ^^^^^^^^^^^^^^^^^^^^^^^^^^^^^^^^^^^^^^^^^^^^^
  File "/home/nvidia/sixwatch/.venv/lib/python3.12/site-packages/polars/_utils/deprecation.py", line 97, in wrapper
    return function(*args, **kwargs)
           ^^^^^^^^^^^^^^^^^^^^^^^^^
  File "/home/nvidia/sixwatch/.venv/lib/python3.12/site-packages/polars/lazyframe/opt_flags.py", line 343, in wrapper
    return function(*args, **kwargs)
           ^^^^^^^^^^^^^^^^^^^^^^^^^
  File "/home/nvidia/sixwatch/.venv/lib/python3.12/site-packages/polars/lazyframe/frame.py", line 2630, in collect
    return wrap_df(ldf.collect(engine, callback))
                   ^^^^^^^^^^^^^^^^^^^^^^^^^^^^^
polars.exceptions.ColumnNotFoundError: unable to find column "NumCalls"; valid columns: ["IncidentNumber", "DateOfCall", "CalYear", "HourOfCall", "IncidentGroup", "StopCodeDescription", "PropertyCategory", "IncGeo_BoroughName", "IncGeo_WardName", "Easting_rounded", "Northing_rounded", "IncidentStationGround", "FirstPumpArriving_AttendanceTime", "FirstPumpArriving_DeployedFromStation", "SecondPumpArriving_AttendanceTime", "SecondPumpArriving_DeployedFromStation", "NumPumpsAttending", "PumpMinutesRounded"]
Sat Jun  6 05:32:46 PM UTC 2026 patrol exited rc=0 — restarting in 5s
Traceback (most recent call last):
  File "/home/nvidia/sixwatch/agent.py", line 330, in <module>
    main()
  File "/home/nvidia/sixwatch/agent.py", line 326, in main
    patrol(speak=a.speak)
  File "/home/nvidia/sixwatch/agent.py", line 260, in patrol
    notables = d.filter(
               ^^^^^^^^^
  File "/home/nvidia/sixwatch/.venv/lib/python3.12/site-packages/polars/dataframe/frame.py", line 5521, in filter
    .collect(optimizations=QueryOptFlags._eager())
     ^^^^^^^^^^^^^^^^^^^^^^^^^^^^^^^^^^^^^^^^^^^^^
  File "/home/nvidia/sixwatch/.venv/lib/python3.12/site-packages/polars/_utils/deprecation.py", line 97, in wrapper
    return function(*args, **kwargs)
           ^^^^^^^^^^^^^^^^^^^^^^^^^
  File "/home/nvidia/sixwatch/.venv/lib/python3.12/site-packages/polars/lazyframe/opt_flags.py", line 343, in wrapper
    return function(*args, **kwargs)
           ^^^^^^^^^^^^^^^^^^^^^^^^^
  File "/home/nvidia/sixwatch/.venv/lib/python3.12/site-packages/polars/lazyframe/frame.py", line 2630, in collect
    return wrap_df(ldf.collect(engine, callback))
                   ^^^^^^^^^^^^^^^^^^^^^^^^^^^^^
polars.exceptions.ColumnNotFoundError: unable to find column "NumCalls"; valid columns: ["IncidentNumber", "DateOfCall", "CalYear", "HourOfCall", "IncidentGroup", "StopCodeDescription", "PropertyCategory", "IncGeo_BoroughName", "IncGeo_WardName", "Easting_rounded", "Northing_rounded", "IncidentStationGround", "FirstPumpArriving_AttendanceTime", "FirstPumpArriving_DeployedFromStation", "SecondPumpArriving_AttendanceTime", "SecondPumpArriving_DeployedFromStation", "NumPumpsAttending", "PumpMinutesRounded"]
Sat Jun  6 05:32:52 PM UTC 2026 patrol exited rc=0 — restarting in 5s
Traceback (most recent call last):
  File "/home/nvidia/sixwatch/agent.py", line 330, in <module>
    main()
  File "/home/nvidia/sixwatch/agent.py", line 326, in main
    patrol(speak=a.speak)
  File "/home/nvidia/sixwatch/agent.py", line 260, in patrol
    notables = d.filter(
               ^^^^^^^^^
  File "/home/nvidia/sixwatch/.venv/lib/python3.12/site-packages/polars/dataframe/frame.py", line 5521, in filter
    .collect(optimizations=QueryOptFlags._eager())
     ^^^^^^^^^^^^^^^^^^^^^^^^^^^^^^^^^^^^^^^^^^^^^
  File "/home/nvidia/sixwatch/.venv/lib/python3.12/site-packages/polars/_utils/deprecation.py", line 97, in wrapper
    return function(*args, **kwargs)
           ^^^^^^^^^^^^^^^^^^^^^^^^^
  File "/home/nvidia/sixwatch/.venv/lib/python3.12/site-packages/polars/lazyframe/opt_flags.py", line 343, in wrapper
    return function(*args, **kwargs)
           ^^^^^^^^^^^^^^^^^^^^^^^^^
  File "/home/nvidia/sixwatch/.venv/lib/python3.12/site-packages/polars/lazyframe/frame.py", line 2630, in collect
    return wrap_df(ldf.collect(engine, callback))
                   ^^^^^^^^^^^^^^^^^^^^^^^^^^^^^
polars.exceptions.ColumnNotFoundError: unable to find column "NumCalls"; valid columns: ["IncidentNumber", "DateOfCall", "CalYear", "HourOfCall", "IncidentGroup", "StopCodeDescription", "PropertyCategory", "IncGeo_BoroughName", "IncGeo_WardName", "Easting_rounded", "Northing_rounded", "IncidentStationGround", "FirstPumpArriving_AttendanceTime", "FirstPumpArriving_DeployedFromStation", "SecondPumpArriving_AttendanceTime", "SecondPumpArriving_DeployedFromStation", "NumPumpsAttending", "PumpMinutesRounded"]
Sat Jun  6 05:32:57 PM UTC 2026 patrol exited rc=0 — restarting in 5s
Traceback (most recent call last):
  File "/home/nvidia/sixwatch/agent.py", line 330, in <module>
    main()
  File "/home/nvidia/sixwatch/agent.py", line 326, in main
    patrol(speak=a.speak)
  File "/home/nvidia/sixwatch/agent.py", line 260, in patrol
    notables = d.filter(
               ^^^^^^^^^
  File "/home/nvidia/sixwatch/.venv/lib/python3.12/site-packages/polars/dataframe/frame.py", line 5521, in filter
    .collect(optimizations=QueryOptFlags._eager())
     ^^^^^^^^^^^^^^^^^^^^^^^^^^^^^^^^^^^^^^^^^^^^^
  File "/home/nvidia/sixwatch/.venv/lib/python3.12/site-packages/polars/_utils/deprecation.py", line 97, in wrapper
    return function(*args, **kwargs)
           ^^^^^^^^^^^^^^^^^^^^^^^^^
  File "/home/nvidia/sixwatch/.venv/lib/python3.12/site-packages/polars/lazyframe/opt_flags.py", line 343, in wrapper
    return function(*args, **kwargs)
           ^^^^^^^^^^^^^^^^^^^^^^^^^
  File "/home/nvidia/sixwatch/.venv/lib/python3.12/site-packages/polars/lazyframe/frame.py", line 2630, in collect
    return wrap_df(ldf.collect(engine, callback))
                   ^^^^^^^^^^^^^^^^^^^^^^^^^^^^^
polars.exceptions.ColumnNotFoundError: unable to find column "NumCalls"; valid columns: ["IncidentNumber", "DateOfCall", "CalYear", "HourOfCall", "IncidentGroup", "StopCodeDescription", "PropertyCategory", "IncGeo_BoroughName", "IncGeo_WardName", "Easting_rounded", "Northing_rounded", "IncidentStationGround", "FirstPumpArriving_AttendanceTime", "FirstPumpArriving_DeployedFromStation", "SecondPumpArriving_AttendanceTime", "SecondPumpArriving_DeployedFromStation", "NumPumpsAttending", "PumpMinutesRounded"]
Sat Jun  6 05:33:03 PM UTC 2026 patrol exited rc=0 — restarting in 5s
Traceback (most recent call last):
  File "/home/nvidia/sixwatch/agent.py", line 330, in <module>
    main()
  File "/home/nvidia/sixwatch/agent.py", line 326, in main
    patrol(speak=a.speak)
  File "/home/nvidia/sixwatch/agent.py", line 260, in patrol
    notables = d.filter(
               ^^^^^^^^^
  File "/home/nvidia/sixwatch/.venv/lib/python3.12/site-packages/polars/dataframe/frame.py", line 5521, in filter
    .collect(optimizations=QueryOptFlags._eager())
     ^^^^^^^^^^^^^^^^^^^^^^^^^^^^^^^^^^^^^^^^^^^^^
  File "/home/nvidia/sixwatch/.venv/lib/python3.12/site-packages/polars/_utils/deprecation.py", line 97, in wrapper
    return function(*args, **kwargs)
           ^^^^^^^^^^^^^^^^^^^^^^^^^
  File "/home/nvidia/sixwatch/.venv/lib/python3.12/site-packages/polars/lazyframe/opt_flags.py", line 343, in wrapper
    return function(*args, **kwargs)
           ^^^^^^^^^^^^^^^^^^^^^^^^^
  File "/home/nvidia/sixwatch/.venv/lib/python3.12/site-packages/polars/lazyframe/frame.py", line 2630, in collect
    return wrap_df(ldf.collect(engine, callback))
                   ^^^^^^^^^^^^^^^^^^^^^^^^^^^^^
polars.exceptions.ColumnNotFoundError: unable to find column "NumCalls"; valid columns: ["IncidentNumber", "DateOfCall", "CalYear", "HourOfCall", "IncidentGroup", "StopCodeDescription", "PropertyCategory", "IncGeo_BoroughName", "IncGeo_WardName", "Easting_rounded", "Northing_rounded", "IncidentStationGround", "FirstPumpArriving_AttendanceTime", "FirstPumpArriving_DeployedFromStation", "SecondPumpArriving_AttendanceTime", "SecondPumpArriving_DeployedFromStation", "NumPumpsAttending", "PumpMinutesRounded"]
Sat Jun  6 05:33:09 PM UTC 2026 patrol exited rc=0 — restarting in 5s
Traceback (most recent call last):
  File "/home/nvidia/sixwatch/agent.py", line 330, in <module>
    main()
  File "/home/nvidia/sixwatch/agent.py", line 326, in main
    patrol(speak=a.speak)
  File "/home/nvidia/sixwatch/agent.py", line 260, in patrol
    notables = d.filter(
               ^^^^^^^^^
  File "/home/nvidia/sixwatch/.venv/lib/python3.12/site-packages/polars/dataframe/frame.py", line 5521, in filter
    .collect(optimizations=QueryOptFlags._eager())
     ^^^^^^^^^^^^^^^^^^^^^^^^^^^^^^^^^^^^^^^^^^^^^
  File "/home/nvidia/sixwatch/.venv/lib/python3.12/site-packages/polars/_utils/deprecation.py", line 97, in wrapper
    return function(*args, **kwargs)
           ^^^^^^^^^^^^^^^^^^^^^^^^^
  File "/home/nvidia/sixwatch/.venv/lib/python3.12/site-packages/polars/lazyframe/opt_flags.py", line 343, in wrapper
    return function(*args, **kwargs)
           ^^^^^^^^^^^^^^^^^^^^^^^^^
  File "/home/nvidia/sixwatch/.venv/lib/python3.12/site-packages/polars/lazyframe/frame.py", line 2630, in collect
    return wrap_df(ldf.collect(engine, callback))
                   ^^^^^^^^^^^^^^^^^^^^^^^^^^^^^
polars.exceptions.ColumnNotFoundError: unable to find column "NumCalls"; valid columns: ["IncidentNumber", "DateOfCall", "CalYear", "HourOfCall", "IncidentGroup", "StopCodeDescription", "PropertyCategory", "IncGeo_BoroughName", "IncGeo_WardName", "Easting_rounded", "Northing_rounded", "IncidentStationGround", "FirstPumpArriving_AttendanceTime", "FirstPumpArriving_DeployedFromStation", "SecondPumpArriving_AttendanceTime", "SecondPumpArriving_DeployedFromStation", "NumPumpsAttending", "PumpMinutesRounded"]
Sat Jun  6 05:33:14 PM UTC 2026 patrol exited rc=0 — restarting in 5s
Traceback (most recent call last):
  File "/home/nvidia/sixwatch/agent.py", line 330, in <module>
    main()
  File "/home/nvidia/sixwatch/agent.py", line 326, in main
    patrol(speak=a.speak)
  File "/home/nvidia/sixwatch/agent.py", line 260, in patrol
    notables = d.filter(
               ^^^^^^^^^
  File "/home/nvidia/sixwatch/.venv/lib/python3.12/site-packages/polars/dataframe/frame.py", line 5521, in filter
    .collect(optimizations=QueryOptFlags._eager())
     ^^^^^^^^^^^^^^^^^^^^^^^^^^^^^^^^^^^^^^^^^^^^^
  File "/home/nvidia/sixwatch/.venv/lib/python3.12/site-packages/polars/_utils/deprecation.py", line 97, in wrapper
    return function(*args, **kwargs)
           ^^^^^^^^^^^^^^^^^^^^^^^^^
  File "/home/nvidia/sixwatch/.venv/lib/python3.12/site-packages/polars/lazyframe/opt_flags.py", line 343, in wrapper
    return function(*args, **kwargs)
           ^^^^^^^^^^^^^^^^^^^^^^^^^
  File "/home/nvidia/sixwatch/.venv/lib/python3.12/site-packages/polars/lazyframe/frame.py", line 2630, in collect
    return wrap_df(ldf.collect(engine, callback))
                   ^^^^^^^^^^^^^^^^^^^^^^^^^^^^^
polars.exceptions.ColumnNotFoundError: unable to find column "NumCalls"; valid columns: ["IncidentNumber", "DateOfCall", "CalYear", "HourOfCall", "IncidentGroup", "StopCodeDescription", "PropertyCategory", "IncGeo_BoroughName", "IncGeo_WardName", "Easting_rounded", "Northing_rounded", "IncidentStationGround", "FirstPumpArriving_AttendanceTime", "FirstPumpArriving_DeployedFromStation", "SecondPumpArriving_AttendanceTime", "SecondPumpArriving_DeployedFromStation", "NumPumpsAttending", "PumpMinutesRounded"]
Sat Jun  6 05:33:20 PM UTC 2026 patrol exited rc=0 — restarting in 5s
Traceback (most recent call last):
  File "/home/nvidia/sixwatch/agent.py", line 330, in <module>
    main()
  File "/home/nvidia/sixwatch/agent.py", line 326, in main
    patrol(speak=a.speak)
  File "/home/nvidia/sixwatch/agent.py", line 260, in patrol
    notables = d.filter(
               ^^^^^^^^^
  File "/home/nvidia/sixwatch/.venv/lib/python3.12/site-packages/polars/dataframe/frame.py", line 5521, in filter
    .collect(optimizations=QueryOptFlags._eager())
     ^^^^^^^^^^^^^^^^^^^^^^^^^^^^^^^^^^^^^^^^^^^^^
  File "/home/nvidia/sixwatch/.venv/lib/python3.12/site-packages/polars/_utils/deprecation.py", line 97, in wrapper
    return function(*args, **kwargs)
           ^^^^^^^^^^^^^^^^^^^^^^^^^
  File "/home/nvidia/sixwatch/.venv/lib/python3.12/site-packages/polars/lazyframe/opt_flags.py", line 343, in wrapper
    return function(*args, **kwargs)
           ^^^^^^^^^^^^^^^^^^^^^^^^^
  File "/home/nvidia/sixwatch/.venv/lib/python3.12/site-packages/polars/lazyframe/frame.py", line 2630, in collect
    return wrap_df(ldf.collect(engine, callback))
                   ^^^^^^^^^^^^^^^^^^^^^^^^^^^^^
polars.exceptions.ColumnNotFoundError: unable to find column "NumCalls"; valid columns: ["IncidentNumber", "DateOfCall", "CalYear", "HourOfCall", "IncidentGroup", "StopCodeDescription", "PropertyCategory", "IncGeo_BoroughName", "IncGeo_WardName", "Easting_rounded", "Northing_rounded", "IncidentStationGround", "FirstPumpArriving_AttendanceTime", "FirstPumpArriving_DeployedFromStation", "SecondPumpArriving_AttendanceTime", "SecondPumpArriving_DeployedFromStation", "NumPumpsAttending", "PumpMinutesRounded"]
Sat Jun  6 05:33:25 PM UTC 2026 patrol exited rc=0 — restarting in 5s
Traceback (most recent call last):
  File "/home/nvidia/sixwatch/agent.py", line 330, in <module>
    main()
  File "/home/nvidia/sixwatch/agent.py", line 326, in main
    patrol(speak=a.speak)
  File "/home/nvidia/sixwatch/agent.py", line 260, in patrol
    notables = d.filter(
               ^^^^^^^^^
  File "/home/nvidia/sixwatch/.venv/lib/python3.12/site-packages/polars/dataframe/frame.py", line 5521, in filter
    .collect(optimizations=QueryOptFlags._eager())
     ^^^^^^^^^^^^^^^^^^^^^^^^^^^^^^^^^^^^^^^^^^^^^
  File "/home/nvidia/sixwatch/.venv/lib/python3.12/site-packages/polars/_utils/deprecation.py", line 97, in wrapper
    return function(*args, **kwargs)
           ^^^^^^^^^^^^^^^^^^^^^^^^^
  File "/home/nvidia/sixwatch/.venv/lib/python3.12/site-packages/polars/lazyframe/opt_flags.py", line 343, in wrapper
    return function(*args, **kwargs)
           ^^^^^^^^^^^^^^^^^^^^^^^^^
  File "/home/nvidia/sixwatch/.venv/lib/python3.12/site-packages/polars/lazyframe/frame.py", line 2630, in collect
    return wrap_df(ldf.collect(engine, callback))
                   ^^^^^^^^^^^^^^^^^^^^^^^^^^^^^
polars.exceptions.ColumnNotFoundError: unable to find column "NumCalls"; valid columns: ["IncidentNumber", "DateOfCall", "CalYear", "HourOfCall", "IncidentGroup", "StopCodeDescription", "PropertyCategory", "IncGeo_BoroughName", "IncGeo_WardName", "Easting_rounded", "Northing_rounded", "IncidentStationGround", "FirstPumpArriving_AttendanceTime", "FirstPumpArriving_DeployedFromStation", "SecondPumpArriving_AttendanceTime", "SecondPumpArriving_DeployedFromStation", "NumPumpsAttending", "PumpMinutesRounded"]
Sat Jun  6 05:33:31 PM UTC 2026 patrol exited rc=0 — restarting in 5s
Traceback (most recent call last):
  File "/home/nvidia/sixwatch/agent.py", line 330, in <module>
    main()
  File "/home/nvidia/sixwatch/agent.py", line 326, in main
    patrol(speak=a.speak)
  File "/home/nvidia/sixwatch/agent.py", line 260, in patrol
    notables = d.filter(
               ^^^^^^^^^
  File "/home/nvidia/sixwatch/.venv/lib/python3.12/site-packages/polars/dataframe/frame.py", line 5521, in filter
    .collect(optimizations=QueryOptFlags._eager())
     ^^^^^^^^^^^^^^^^^^^^^^^^^^^^^^^^^^^^^^^^^^^^^
  File "/home/nvidia/sixwatch/.venv/lib/python3.12/site-packages/polars/_utils/deprecation.py", line 97, in wrapper
    return function(*args, **kwargs)
           ^^^^^^^^^^^^^^^^^^^^^^^^^
  File "/home/nvidia/sixwatch/.venv/lib/python3.12/site-packages/polars/lazyframe/opt_flags.py", line 343, in wrapper
    return function(*args, **kwargs)
           ^^^^^^^^^^^^^^^^^^^^^^^^^
  File "/home/nvidia/sixwatch/.venv/lib/python3.12/site-packages/polars/lazyframe/frame.py", line 2630, in collect
    return wrap_df(ldf.collect(engine, callback))
                   ^^^^^^^^^^^^^^^^^^^^^^^^^^^^^
polars.exceptions.ColumnNotFoundError: unable to find column "NumCalls"; valid columns: ["IncidentNumber", "DateOfCall", "CalYear", "HourOfCall", "IncidentGroup", "StopCodeDescription", "PropertyCategory", "IncGeo_BoroughName", "IncGeo_WardName", "Easting_rounded", "Northing_rounded", "IncidentStationGround", "FirstPumpArriving_AttendanceTime", "FirstPumpArriving_DeployedFromStation", "SecondPumpArriving_AttendanceTime", "SecondPumpArriving_DeployedFromStation", "NumPumpsAttending", "PumpMinutesRounded"]
Sat Jun  6 05:33:37 PM UTC 2026 patrol exited rc=0 — restarting in 5s
Traceback (most recent call last):
  File "/home/nvidia/sixwatch/agent.py", line 330, in <module>
    main()
  File "/home/nvidia/sixwatch/agent.py", line 326, in main
    patrol(speak=a.speak)
  File "/home/nvidia/sixwatch/agent.py", line 260, in patrol
    notables = d.filter(
               ^^^^^^^^^
  File "/home/nvidia/sixwatch/.venv/lib/python3.12/site-packages/polars/dataframe/frame.py", line 5521, in filter
    .collect(optimizations=QueryOptFlags._eager())
     ^^^^^^^^^^^^^^^^^^^^^^^^^^^^^^^^^^^^^^^^^^^^^
  File "/home/nvidia/sixwatch/.venv/lib/python3.12/site-packages/polars/_utils/deprecation.py", line 97, in wrapper
    return function(*args, **kwargs)
           ^^^^^^^^^^^^^^^^^^^^^^^^^
  File "/home/nvidia/sixwatch/.venv/lib/python3.12/site-packages/polars/lazyframe/opt_flags.py", line 343, in wrapper
    return function(*args, **kwargs)
           ^^^^^^^^^^^^^^^^^^^^^^^^^
  File "/home/nvidia/sixwatch/.venv/lib/python3.12/site-packages/polars/lazyframe/frame.py", line 2630, in collect
    return wrap_df(ldf.collect(engine, callback))
                   ^^^^^^^^^^^^^^^^^^^^^^^^^^^^^
polars.exceptions.ColumnNotFoundError: unable to find column "NumCalls"; valid columns: ["IncidentNumber", "DateOfCall", "CalYear", "HourOfCall", "IncidentGroup", "StopCodeDescription", "PropertyCategory", "IncGeo_BoroughName", "IncGeo_WardName", "Easting_rounded", "Northing_rounded", "IncidentStationGround", "FirstPumpArriving_AttendanceTime", "FirstPumpArriving_DeployedFromStation", "SecondPumpArriving_AttendanceTime", "SecondPumpArriving_DeployedFromStation", "NumPumpsAttending", "PumpMinutesRounded"]
Sat Jun  6 05:33:42 PM UTC 2026 patrol exited rc=0 — restarting in 5s
Traceback (most recent call last):
  File "/home/nvidia/sixwatch/agent.py", line 330, in <module>
    main()
  File "/home/nvidia/sixwatch/agent.py", line 326, in main
    patrol(speak=a.speak)
  File "/home/nvidia/sixwatch/agent.py", line 260, in patrol
    notables = d.filter(
               ^^^^^^^^^
  File "/home/nvidia/sixwatch/.venv/lib/python3.12/site-packages/polars/dataframe/frame.py", line 5521, in filter
    .collect(optimizations=QueryOptFlags._eager())
     ^^^^^^^^^^^^^^^^^^^^^^^^^^^^^^^^^^^^^^^^^^^^^
  File "/home/nvidia/sixwatch/.venv/lib/python3.12/site-packages/polars/_utils/deprecation.py", line 97, in wrapper
    return function(*args, **kwargs)
           ^^^^^^^^^^^^^^^^^^^^^^^^^
  File "/home/nvidia/sixwatch/.venv/lib/python3.12/site-packages/polars/lazyframe/opt_flags.py", line 343, in wrapper
    return function(*args, **kwargs)
           ^^^^^^^^^^^^^^^^^^^^^^^^^
  File "/home/nvidia/sixwatch/.venv/lib/python3.12/site-packages/polars/lazyframe/frame.py", line 2630, in collect
    return wrap_df(ldf.collect(engine, callback))
                   ^^^^^^^^^^^^^^^^^^^^^^^^^^^^^
polars.exceptions.ColumnNotFoundError: unable to find column "NumCalls"; valid columns: ["IncidentNumber", "DateOfCall", "CalYear", "HourOfCall", "IncidentGroup", "StopCodeDescription", "PropertyCategory", "IncGeo_BoroughName", "IncGeo_WardName", "Easting_rounded", "Northing_rounded", "IncidentStationGround", "FirstPumpArriving_AttendanceTime", "FirstPumpArriving_DeployedFromStation", "SecondPumpArriving_AttendanceTime", "SecondPumpArriving_DeployedFromStation", "NumPumpsAttending", "PumpMinutesRounded"]
Sat Jun  6 05:33:48 PM UTC 2026 patrol exited rc=0 — restarting in 5s
Traceback (most recent call last):
  File "/home/nvidia/sixwatch/agent.py", line 330, in <module>
    main()
  File "/home/nvidia/sixwatch/agent.py", line 326, in main
    patrol(speak=a.speak)
  File "/home/nvidia/sixwatch/agent.py", line 260, in patrol
    notables = d.filter(
               ^^^^^^^^^
  File "/home/nvidia/sixwatch/.venv/lib/python3.12/site-packages/polars/dataframe/frame.py", line 5521, in filter
    .collect(optimizations=QueryOptFlags._eager())
     ^^^^^^^^^^^^^^^^^^^^^^^^^^^^^^^^^^^^^^^^^^^^^
  File "/home/nvidia/sixwatch/.venv/lib/python3.12/site-packages/polars/_utils/deprecation.py", line 97, in wrapper
    return function(*args, **kwargs)
           ^^^^^^^^^^^^^^^^^^^^^^^^^
  File "/home/nvidia/sixwatch/.venv/lib/python3.12/site-packages/polars/lazyframe/opt_flags.py", line 343, in wrapper
    return function(*args, **kwargs)
           ^^^^^^^^^^^^^^^^^^^^^^^^^
  File "/home/nvidia/sixwatch/.venv/lib/python3.12/site-packages/polars/lazyframe/frame.py", line 2630, in collect
    return wrap_df(ldf.collect(engine, callback))
                   ^^^^^^^^^^^^^^^^^^^^^^^^^^^^^
polars.exceptions.ColumnNotFoundError: unable to find column "NumCalls"; valid columns: ["IncidentNumber", "DateOfCall", "CalYear", "HourOfCall", "IncidentGroup", "StopCodeDescription", "PropertyCategory", "IncGeo_BoroughName", "IncGeo_WardName", "Easting_rounded", "Northing_rounded", "IncidentStationGround", "FirstPumpArriving_AttendanceTime", "FirstPumpArriving_DeployedFromStation", "SecondPumpArriving_AttendanceTime", "SecondPumpArriving_DeployedFromStation", "NumPumpsAttending", "PumpMinutesRounded"]
Sat Jun  6 05:33:53 PM UTC 2026 patrol exited rc=0 — restarting in 5s
Traceback (most recent call last):
  File "/home/nvidia/sixwatch/agent.py", line 330, in <module>
    main()
  File "/home/nvidia/sixwatch/agent.py", line 326, in main
    patrol(speak=a.speak)
  File "/home/nvidia/sixwatch/agent.py", line 260, in patrol
    notables = d.filter(
               ^^^^^^^^^
  File "/home/nvidia/sixwatch/.venv/lib/python3.12/site-packages/polars/dataframe/frame.py", line 5521, in filter
    .collect(optimizations=QueryOptFlags._eager())
     ^^^^^^^^^^^^^^^^^^^^^^^^^^^^^^^^^^^^^^^^^^^^^
  File "/home/nvidia/sixwatch/.venv/lib/python3.12/site-packages/polars/_utils/deprecation.py", line 97, in wrapper
    return function(*args, **kwargs)
           ^^^^^^^^^^^^^^^^^^^^^^^^^
  File "/home/nvidia/sixwatch/.venv/lib/python3.12/site-packages/polars/lazyframe/opt_flags.py", line 343, in wrapper
    return function(*args, **kwargs)
           ^^^^^^^^^^^^^^^^^^^^^^^^^
  File "/home/nvidia/sixwatch/.venv/lib/python3.12/site-packages/polars/lazyframe/frame.py", line 2630, in collect
    return wrap_df(ldf.collect(engine, callback))
                   ^^^^^^^^^^^^^^^^^^^^^^^^^^^^^
polars.exceptions.ColumnNotFoundError: unable to find column "NumCalls"; valid columns: ["IncidentNumber", "DateOfCall", "CalYear", "HourOfCall", "IncidentGroup", "StopCodeDescription", "PropertyCategory", "IncGeo_BoroughName", "IncGeo_WardName", "Easting_rounded", "Northing_rounded", "IncidentStationGround", "FirstPumpArriving_AttendanceTime", "FirstPumpArriving_DeployedFromStation", "SecondPumpArriving_AttendanceTime", "SecondPumpArriving_DeployedFromStation", "NumPumpsAttending", "PumpMinutesRounded"]
Sat Jun  6 05:33:59 PM UTC 2026 patrol exited rc=0 — restarting in 5s
Traceback (most recent call last):
  File "/home/nvidia/sixwatch/agent.py", line 330, in <module>
    main()
  File "/home/nvidia/sixwatch/agent.py", line 326, in main
    patrol(speak=a.speak)
  File "/home/nvidia/sixwatch/agent.py", line 260, in patrol
    notables = d.filter(
               ^^^^^^^^^
  File "/home/nvidia/sixwatch/.venv/lib/python3.12/site-packages/polars/dataframe/frame.py", line 5521, in filter
    .collect(optimizations=QueryOptFlags._eager())
     ^^^^^^^^^^^^^^^^^^^^^^^^^^^^^^^^^^^^^^^^^^^^^
  File "/home/nvidia/sixwatch/.venv/lib/python3.12/site-packages/polars/_utils/deprecation.py", line 97, in wrapper
    return function(*args, **kwargs)
           ^^^^^^^^^^^^^^^^^^^^^^^^^
  File "/home/nvidia/sixwatch/.venv/lib/python3.12/site-packages/polars/lazyframe/opt_flags.py", line 343, in wrapper
    return function(*args, **kwargs)
           ^^^^^^^^^^^^^^^^^^^^^^^^^
  File "/home/nvidia/sixwatch/.venv/lib/python3.12/site-packages/polars/lazyframe/frame.py", line 2630, in collect
    return wrap_df(ldf.collect(engine, callback))
                   ^^^^^^^^^^^^^^^^^^^^^^^^^^^^^
polars.exceptions.ColumnNotFoundError: unable to find column "NumCalls"; valid columns: ["IncidentNumber", "DateOfCall", "CalYear", "HourOfCall", "IncidentGroup", "StopCodeDescription", "PropertyCategory", "IncGeo_BoroughName", "IncGeo_WardName", "Easting_rounded", "Northing_rounded", "IncidentStationGround", "FirstPumpArriving_AttendanceTime", "FirstPumpArriving_DeployedFromStation", "SecondPumpArriving_AttendanceTime", "SecondPumpArriving_DeployedFromStation", "NumPumpsAttending", "PumpMinutesRounded"]
Sat Jun  6 05:34:04 PM UTC 2026 patrol exited rc=0 — restarting in 5s
Traceback (most recent call last):
  File "/home/nvidia/sixwatch/agent.py", line 330, in <module>
    main()
  File "/home/nvidia/sixwatch/agent.py", line 326, in main
    patrol(speak=a.speak)
  File "/home/nvidia/sixwatch/agent.py", line 260, in patrol
    notables = d.filter(
               ^^^^^^^^^
  File "/home/nvidia/sixwatch/.venv/lib/python3.12/site-packages/polars/dataframe/frame.py", line 5521, in filter
    .collect(optimizations=QueryOptFlags._eager())
     ^^^^^^^^^^^^^^^^^^^^^^^^^^^^^^^^^^^^^^^^^^^^^
  File "/home/nvidia/sixwatch/.venv/lib/python3.12/site-packages/polars/_utils/deprecation.py", line 97, in wrapper
    return function(*args, **kwargs)
           ^^^^^^^^^^^^^^^^^^^^^^^^^
  File "/home/nvidia/sixwatch/.venv/lib/python3.12/site-packages/polars/lazyframe/opt_flags.py", line 343, in wrapper
    return function(*args, **kwargs)
           ^^^^^^^^^^^^^^^^^^^^^^^^^
  File "/home/nvidia/sixwatch/.venv/lib/python3.12/site-packages/polars/lazyframe/frame.py", line 2630, in collect
    return wrap_df(ldf.collect(engine, callback))
                   ^^^^^^^^^^^^^^^^^^^^^^^^^^^^^
polars.exceptions.ColumnNotFoundError: unable to find column "NumCalls"; valid columns: ["IncidentNumber", "DateOfCall", "CalYear", "HourOfCall", "IncidentGroup", "StopCodeDescription", "PropertyCategory", "IncGeo_BoroughName", "IncGeo_WardName", "Easting_rounded", "Northing_rounded", "IncidentStationGround", "FirstPumpArriving_AttendanceTime", "FirstPumpArriving_DeployedFromStation", "SecondPumpArriving_AttendanceTime", "SecondPumpArriving_DeployedFromStation", "NumPumpsAttending", "PumpMinutesRounded"]
Sat Jun  6 05:34:10 PM UTC 2026 patrol exited rc=0 — restarting in 5s
Traceback (most recent call last):
  File "/home/nvidia/sixwatch/agent.py", line 330, in <module>
    main()
  File "/home/nvidia/sixwatch/agent.py", line 326, in main
    patrol(speak=a.speak)
  File "/home/nvidia/sixwatch/agent.py", line 260, in patrol
    notables = d.filter(
               ^^^^^^^^^
  File "/home/nvidia/sixwatch/.venv/lib/python3.12/site-packages/polars/dataframe/frame.py", line 5521, in filter
    .collect(optimizations=QueryOptFlags._eager())
     ^^^^^^^^^^^^^^^^^^^^^^^^^^^^^^^^^^^^^^^^^^^^^
  File "/home/nvidia/sixwatch/.venv/lib/python3.12/site-packages/polars/_utils/deprecation.py", line 97, in wrapper
    return function(*args, **kwargs)
           ^^^^^^^^^^^^^^^^^^^^^^^^^
  File "/home/nvidia/sixwatch/.venv/lib/python3.12/site-packages/polars/lazyframe/opt_flags.py", line 343, in wrapper
    return function(*args, **kwargs)
           ^^^^^^^^^^^^^^^^^^^^^^^^^
  File "/home/nvidia/sixwatch/.venv/lib/python3.12/site-packages/polars/lazyframe/frame.py", line 2630, in collect
    return wrap_df(ldf.collect(engine, callback))
                   ^^^^^^^^^^^^^^^^^^^^^^^^^^^^^
polars.exceptions.ColumnNotFoundError: unable to find column "NumCalls"; valid columns: ["IncidentNumber", "DateOfCall", "CalYear", "HourOfCall", "IncidentGroup", "StopCodeDescription", "PropertyCategory", "IncGeo_BoroughName", "IncGeo_WardName", "Easting_rounded", "Northing_rounded", "IncidentStationGround", "FirstPumpArriving_AttendanceTime", "FirstPumpArriving_DeployedFromStation", "SecondPumpArriving_AttendanceTime", "SecondPumpArriving_DeployedFromStation", "NumPumpsAttending", "PumpMinutesRounded"]
Sat Jun  6 05:34:15 PM UTC 2026 patrol exited rc=0 — restarting in 5s
Traceback (most recent call last):
  File "/home/nvidia/sixwatch/agent.py", line 330, in <module>
    main()
  File "/home/nvidia/sixwatch/agent.py", line 326, in main
    patrol(speak=a.speak)
  File "/home/nvidia/sixwatch/agent.py", line 260, in patrol
    notables = d.filter(
               ^^^^^^^^^
  File "/home/nvidia/sixwatch/.venv/lib/python3.12/site-packages/polars/dataframe/frame.py", line 5521, in filter
    .collect(optimizations=QueryOptFlags._eager())
     ^^^^^^^^^^^^^^^^^^^^^^^^^^^^^^^^^^^^^^^^^^^^^
  File "/home/nvidia/sixwatch/.venv/lib/python3.12/site-packages/polars/_utils/deprecation.py", line 97, in wrapper
    return function(*args, **kwargs)
           ^^^^^^^^^^^^^^^^^^^^^^^^^
  File "/home/nvidia/sixwatch/.venv/lib/python3.12/site-packages/polars/lazyframe/opt_flags.py", line 343, in wrapper
    return function(*args, **kwargs)
           ^^^^^^^^^^^^^^^^^^^^^^^^^
  File "/home/nvidia/sixwatch/.venv/lib/python3.12/site-packages/polars/lazyframe/frame.py", line 2630, in collect
    return wrap_df(ldf.collect(engine, callback))
                   ^^^^^^^^^^^^^^^^^^^^^^^^^^^^^
polars.exceptions.ColumnNotFoundError: unable to find column "NumCalls"; valid columns: ["IncidentNumber", "DateOfCall", "CalYear", "HourOfCall", "IncidentGroup", "StopCodeDescription", "PropertyCategory", "IncGeo_BoroughName", "IncGeo_WardName", "Easting_rounded", "Northing_rounded", "IncidentStationGround", "FirstPumpArriving_AttendanceTime", "FirstPumpArriving_DeployedFromStation", "SecondPumpArriving_AttendanceTime", "SecondPumpArriving_DeployedFromStation", "NumPumpsAttending", "PumpMinutesRounded"]
Sat Jun  6 05:34:21 PM UTC 2026 patrol exited rc=0 — restarting in 5s
Traceback (most recent call last):
  File "/home/nvidia/sixwatch/agent.py", line 330, in <module>
    main()
  File "/home/nvidia/sixwatch/agent.py", line 326, in main
    patrol(speak=a.speak)
  File "/home/nvidia/sixwatch/agent.py", line 260, in patrol
    notables = d.filter(
               ^^^^^^^^^
  File "/home/nvidia/sixwatch/.venv/lib/python3.12/site-packages/polars/dataframe/frame.py", line 5521, in filter
    .collect(optimizations=QueryOptFlags._eager())
     ^^^^^^^^^^^^^^^^^^^^^^^^^^^^^^^^^^^^^^^^^^^^^
  File "/home/nvidia/sixwatch/.venv/lib/python3.12/site-packages/polars/_utils/deprecation.py", line 97, in wrapper
    return function(*args, **kwargs)
           ^^^^^^^^^^^^^^^^^^^^^^^^^
  File "/home/nvidia/sixwatch/.venv/lib/python3.12/site-packages/polars/lazyframe/opt_flags.py", line 343, in wrapper
    return function(*args, **kwargs)
           ^^^^^^^^^^^^^^^^^^^^^^^^^
  File "/home/nvidia/sixwatch/.venv/lib/python3.12/site-packages/polars/lazyframe/frame.py", line 2630, in collect
    return wrap_df(ldf.collect(engine, callback))
                   ^^^^^^^^^^^^^^^^^^^^^^^^^^^^^
polars.exceptions.ColumnNotFoundError: unable to find column "NumCalls"; valid columns: ["IncidentNumber", "DateOfCall", "CalYear", "HourOfCall", "IncidentGroup", "StopCodeDescription", "PropertyCategory", "IncGeo_BoroughName", "IncGeo_WardName", "Easting_rounded", "Northing_rounded", "IncidentStationGround", "FirstPumpArriving_AttendanceTime", "FirstPumpArriving_DeployedFromStation", "SecondPumpArriving_AttendanceTime", "SecondPumpArriving_DeployedFromStation", "NumPumpsAttending", "PumpMinutesRounded"]
Sat Jun  6 05:34:26 PM UTC 2026 patrol exited rc=0 — restarting in 5s
Traceback (most recent call last):
  File "/home/nvidia/sixwatch/agent.py", line 330, in <module>
    main()
  File "/home/nvidia/sixwatch/agent.py", line 326, in main
    patrol(speak=a.speak)
  File "/home/nvidia/sixwatch/agent.py", line 260, in patrol
    notables = d.filter(
               ^^^^^^^^^
  File "/home/nvidia/sixwatch/.venv/lib/python3.12/site-packages/polars/dataframe/frame.py", line 5521, in filter
    .collect(optimizations=QueryOptFlags._eager())
     ^^^^^^^^^^^^^^^^^^^^^^^^^^^^^^^^^^^^^^^^^^^^^
  File "/home/nvidia/sixwatch/.venv/lib/python3.12/site-packages/polars/_utils/deprecation.py", line 97, in wrapper
    return function(*args, **kwargs)
           ^^^^^^^^^^^^^^^^^^^^^^^^^
  File "/home/nvidia/sixwatch/.venv/lib/python3.12/site-packages/polars/lazyframe/opt_flags.py", line 343, in wrapper
    return function(*args, **kwargs)
           ^^^^^^^^^^^^^^^^^^^^^^^^^
  File "/home/nvidia/sixwatch/.venv/lib/python3.12/site-packages/polars/lazyframe/frame.py", line 2630, in collect
    return wrap_df(ldf.collect(engine, callback))
                   ^^^^^^^^^^^^^^^^^^^^^^^^^^^^^
polars.exceptions.ColumnNotFoundError: unable to find column "NumCalls"; valid columns: ["IncidentNumber", "DateOfCall", "CalYear", "HourOfCall", "IncidentGroup", "StopCodeDescription", "PropertyCategory", "IncGeo_BoroughName", "IncGeo_WardName", "Easting_rounded", "Northing_rounded", "IncidentStationGround", "FirstPumpArriving_AttendanceTime", "FirstPumpArriving_DeployedFromStation", "SecondPumpArriving_AttendanceTime", "SecondPumpArriving_DeployedFromStation", "NumPumpsAttending", "PumpMinutesRounded"]
Sat Jun  6 05:34:32 PM UTC 2026 patrol exited rc=0 — restarting in 5s
Traceback (most recent call last):
  File "/home/nvidia/sixwatch/agent.py", line 330, in <module>
    main()
  File "/home/nvidia/sixwatch/agent.py", line 326, in main
    patrol(speak=a.speak)
  File "/home/nvidia/sixwatch/agent.py", line 260, in patrol
    notables = d.filter(
               ^^^^^^^^^
  File "/home/nvidia/sixwatch/.venv/lib/python3.12/site-packages/polars/dataframe/frame.py", line 5521, in filter
    .collect(optimizations=QueryOptFlags._eager())
     ^^^^^^^^^^^^^^^^^^^^^^^^^^^^^^^^^^^^^^^^^^^^^
  File "/home/nvidia/sixwatch/.venv/lib/python3.12/site-packages/polars/_utils/deprecation.py", line 97, in wrapper
    return function(*args, **kwargs)
           ^^^^^^^^^^^^^^^^^^^^^^^^^
  File "/home/nvidia/sixwatch/.venv/lib/python3.12/site-packages/polars/lazyframe/opt_flags.py", line 343, in wrapper
    return function(*args, **kwargs)
           ^^^^^^^^^^^^^^^^^^^^^^^^^
  File "/home/nvidia/sixwatch/.venv/lib/python3.12/site-packages/polars/lazyframe/frame.py", line 2630, in collect
    return wrap_df(ldf.collect(engine, callback))
                   ^^^^^^^^^^^^^^^^^^^^^^^^^^^^^
polars.exceptions.ColumnNotFoundError: unable to find column "NumCalls"; valid columns: ["IncidentNumber", "DateOfCall", "CalYear", "HourOfCall", "IncidentGroup", "StopCodeDescription", "PropertyCategory", "IncGeo_BoroughName", "IncGeo_WardName", "Easting_rounded", "Northing_rounded", "IncidentStationGround", "FirstPumpArriving_AttendanceTime", "FirstPumpArriving_DeployedFromStation", "SecondPumpArriving_AttendanceTime", "SecondPumpArriving_DeployedFromStation", "NumPumpsAttending", "PumpMinutesRounded"]
Sat Jun  6 05:34:37 PM UTC 2026 patrol exited rc=0 — restarting in 5s
Traceback (most recent call last):
  File "/home/nvidia/sixwatch/agent.py", line 330, in <module>
    main()
  File "/home/nvidia/sixwatch/agent.py", line 326, in main
    patrol(speak=a.speak)
  File "/home/nvidia/sixwatch/agent.py", line 260, in patrol
    notables = d.filter(
               ^^^^^^^^^
  File "/home/nvidia/sixwatch/.venv/lib/python3.12/site-packages/polars/dataframe/frame.py", line 5521, in filter
    .collect(optimizations=QueryOptFlags._eager())
     ^^^^^^^^^^^^^^^^^^^^^^^^^^^^^^^^^^^^^^^^^^^^^
  File "/home/nvidia/sixwatch/.venv/lib/python3.12/site-packages/polars/_utils/deprecation.py", line 97, in wrapper
    return function(*args, **kwargs)
           ^^^^^^^^^^^^^^^^^^^^^^^^^
  File "/home/nvidia/sixwatch/.venv/lib/python3.12/site-packages/polars/lazyframe/opt_flags.py", line 343, in wrapper
    return function(*args, **kwargs)
           ^^^^^^^^^^^^^^^^^^^^^^^^^
  File "/home/nvidia/sixwatch/.venv/lib/python3.12/site-packages/polars/lazyframe/frame.py", line 2630, in collect
    return wrap_df(ldf.collect(engine, callback))
                   ^^^^^^^^^^^^^^^^^^^^^^^^^^^^^
polars.exceptions.ColumnNotFoundError: unable to find column "NumCalls"; valid columns: ["IncidentNumber", "DateOfCall", "CalYear", "HourOfCall", "IncidentGroup", "StopCodeDescription", "PropertyCategory", "IncGeo_BoroughName", "IncGeo_WardName", "Easting_rounded", "Northing_rounded", "IncidentStationGround", "FirstPumpArriving_AttendanceTime", "FirstPumpArriving_DeployedFromStation", "SecondPumpArriving_AttendanceTime", "SecondPumpArriving_DeployedFromStation", "NumPumpsAttending", "PumpMinutesRounded"]
Sat Jun  6 05:34:43 PM UTC 2026 patrol exited rc=0 — restarting in 5s
Traceback (most recent call last):
  File "/home/nvidia/sixwatch/agent.py", line 330, in <module>
    main()
  File "/home/nvidia/sixwatch/agent.py", line 326, in main
    patrol(speak=a.speak)
  File "/home/nvidia/sixwatch/agent.py", line 260, in patrol
    notables = d.filter(
               ^^^^^^^^^
  File "/home/nvidia/sixwatch/.venv/lib/python3.12/site-packages/polars/dataframe/frame.py", line 5521, in filter
    .collect(optimizations=QueryOptFlags._eager())
     ^^^^^^^^^^^^^^^^^^^^^^^^^^^^^^^^^^^^^^^^^^^^^
  File "/home/nvidia/sixwatch/.venv/lib/python3.12/site-packages/polars/_utils/deprecation.py", line 97, in wrapper
    return function(*args, **kwargs)
           ^^^^^^^^^^^^^^^^^^^^^^^^^
  File "/home/nvidia/sixwatch/.venv/lib/python3.12/site-packages/polars/lazyframe/opt_flags.py", line 343, in wrapper
    return function(*args, **kwargs)
           ^^^^^^^^^^^^^^^^^^^^^^^^^
  File "/home/nvidia/sixwatch/.venv/lib/python3.12/site-packages/polars/lazyframe/frame.py", line 2630, in collect
    return wrap_df(ldf.collect(engine, callback))
                   ^^^^^^^^^^^^^^^^^^^^^^^^^^^^^
polars.exceptions.ColumnNotFoundError: unable to find column "NumCalls"; valid columns: ["IncidentNumber", "DateOfCall", "CalYear", "HourOfCall", "IncidentGroup", "StopCodeDescription", "PropertyCategory", "IncGeo_BoroughName", "IncGeo_WardName", "Easting_rounded", "Northing_rounded", "IncidentStationGround", "FirstPumpArriving_AttendanceTime", "FirstPumpArriving_DeployedFromStation", "SecondPumpArriving_AttendanceTime", "SecondPumpArriving_DeployedFromStation", "NumPumpsAttending", "PumpMinutesRounded"]
Sat Jun  6 05:34:48 PM UTC 2026 patrol exited rc=0 — restarting in 5s
Traceback (most recent call last):
  File "/home/nvidia/sixwatch/agent.py", line 330, in <module>
    main()
  File "/home/nvidia/sixwatch/agent.py", line 326, in main
    patrol(speak=a.speak)
  File "/home/nvidia/sixwatch/agent.py", line 260, in patrol
    notables = d.filter(
               ^^^^^^^^^
  File "/home/nvidia/sixwatch/.venv/lib/python3.12/site-packages/polars/dataframe/frame.py", line 5521, in filter
    .collect(optimizations=QueryOptFlags._eager())
     ^^^^^^^^^^^^^^^^^^^^^^^^^^^^^^^^^^^^^^^^^^^^^
  File "/home/nvidia/sixwatch/.venv/lib/python3.12/site-packages/polars/_utils/deprecation.py", line 97, in wrapper
    return function(*args, **kwargs)
           ^^^^^^^^^^^^^^^^^^^^^^^^^
  File "/home/nvidia/sixwatch/.venv/lib/python3.12/site-packages/polars/lazyframe/opt_flags.py", line 343, in wrapper
    return function(*args, **kwargs)
           ^^^^^^^^^^^^^^^^^^^^^^^^^
  File "/home/nvidia/sixwatch/.venv/lib/python3.12/site-packages/polars/lazyframe/frame.py", line 2630, in collect
    return wrap_df(ldf.collect(engine, callback))
                   ^^^^^^^^^^^^^^^^^^^^^^^^^^^^^
polars.exceptions.ColumnNotFoundError: unable to find column "NumCalls"; valid columns: ["IncidentNumber", "DateOfCall", "CalYear", "HourOfCall", "IncidentGroup", "StopCodeDescription", "PropertyCategory", "IncGeo_BoroughName", "IncGeo_WardName", "Easting_rounded", "Northing_rounded", "IncidentStationGround", "FirstPumpArriving_AttendanceTime", "FirstPumpArriving_DeployedFromStation", "SecondPumpArriving_AttendanceTime", "SecondPumpArriving_DeployedFromStation", "NumPumpsAttending", "PumpMinutesRounded"]
Sat Jun  6 05:34:54 PM UTC 2026 patrol exited rc=0 — restarting in 5s
Traceback (most recent call last):
  File "/home/nvidia/sixwatch/agent.py", line 330, in <module>
    main()
  File "/home/nvidia/sixwatch/agent.py", line 326, in main
    patrol(speak=a.speak)
  File "/home/nvidia/sixwatch/agent.py", line 260, in patrol
    notables = d.filter(
               ^^^^^^^^^
  File "/home/nvidia/sixwatch/.venv/lib/python3.12/site-packages/polars/dataframe/frame.py", line 5521, in filter
    .collect(optimizations=QueryOptFlags._eager())
     ^^^^^^^^^^^^^^^^^^^^^^^^^^^^^^^^^^^^^^^^^^^^^
  File "/home/nvidia/sixwatch/.venv/lib/python3.12/site-packages/polars/_utils/deprecation.py", line 97, in wrapper
    return function(*args, **kwargs)
           ^^^^^^^^^^^^^^^^^^^^^^^^^
  File "/home/nvidia/sixwatch/.venv/lib/python3.12/site-packages/polars/lazyframe/opt_flags.py", line 343, in wrapper
    return function(*args, **kwargs)
           ^^^^^^^^^^^^^^^^^^^^^^^^^
  File "/home/nvidia/sixwatch/.venv/lib/python3.12/site-packages/polars/lazyframe/frame.py", line 2630, in collect
    return wrap_df(ldf.collect(engine, callback))
                   ^^^^^^^^^^^^^^^^^^^^^^^^^^^^^
polars.exceptions.ColumnNotFoundError: unable to find column "NumCalls"; valid columns: ["IncidentNumber", "DateOfCall", "CalYear", "HourOfCall", "IncidentGroup", "StopCodeDescription", "PropertyCategory", "IncGeo_BoroughName", "IncGeo_WardName", "Easting_rounded", "Northing_rounded", "IncidentStationGround", "FirstPumpArriving_AttendanceTime", "FirstPumpArriving_DeployedFromStation", "SecondPumpArriving_AttendanceTime", "SecondPumpArriving_DeployedFromStation", "NumPumpsAttending", "PumpMinutesRounded"]
Sat Jun  6 05:34:59 PM UTC 2026 patrol exited rc=0 — restarting in 5s
Traceback (most recent call last):
  File "/home/nvidia/sixwatch/agent.py", line 330, in <module>
    main()
  File "/home/nvidia/sixwatch/agent.py", line 326, in main
    patrol(speak=a.speak)
  File "/home/nvidia/sixwatch/agent.py", line 260, in patrol
    notables = d.filter(
               ^^^^^^^^^
  File "/home/nvidia/sixwatch/.venv/lib/python3.12/site-packages/polars/dataframe/frame.py", line 5521, in filter
    .collect(optimizations=QueryOptFlags._eager())
     ^^^^^^^^^^^^^^^^^^^^^^^^^^^^^^^^^^^^^^^^^^^^^
  File "/home/nvidia/sixwatch/.venv/lib/python3.12/site-packages/polars/_utils/deprecation.py", line 97, in wrapper
    return function(*args, **kwargs)
           ^^^^^^^^^^^^^^^^^^^^^^^^^
  File "/home/nvidia/sixwatch/.venv/lib/python3.12/site-packages/polars/lazyframe/opt_flags.py", line 343, in wrapper
    return function(*args, **kwargs)
           ^^^^^^^^^^^^^^^^^^^^^^^^^
  File "/home/nvidia/sixwatch/.venv/lib/python3.12/site-packages/polars/lazyframe/frame.py", line 2630, in collect
    return wrap_df(ldf.collect(engine, callback))
                   ^^^^^^^^^^^^^^^^^^^^^^^^^^^^^
polars.exceptions.ColumnNotFoundError: unable to find column "NumCalls"; valid columns: ["IncidentNumber", "DateOfCall", "CalYear", "HourOfCall", "IncidentGroup", "StopCodeDescription", "PropertyCategory", "IncGeo_BoroughName", "IncGeo_WardName", "Easting_rounded", "Northing_rounded", "IncidentStationGround", "FirstPumpArriving_AttendanceTime", "FirstPumpArriving_DeployedFromStation", "SecondPumpArriving_AttendanceTime", "SecondPumpArriving_DeployedFromStation", "NumPumpsAttending", "PumpMinutesRounded"]
Sat Jun  6 05:35:05 PM UTC 2026 patrol exited rc=0 — restarting in 5s
Traceback (most recent call last):
  File "/home/nvidia/sixwatch/agent.py", line 330, in <module>
    main()
  File "/home/nvidia/sixwatch/agent.py", line 326, in main
    patrol(speak=a.speak)
  File "/home/nvidia/sixwatch/agent.py", line 260, in patrol
    notables = d.filter(
               ^^^^^^^^^
  File "/home/nvidia/sixwatch/.venv/lib/python3.12/site-packages/polars/dataframe/frame.py", line 5521, in filter
    .collect(optimizations=QueryOptFlags._eager())
     ^^^^^^^^^^^^^^^^^^^^^^^^^^^^^^^^^^^^^^^^^^^^^
  File "/home/nvidia/sixwatch/.venv/lib/python3.12/site-packages/polars/_utils/deprecation.py", line 97, in wrapper
    return function(*args, **kwargs)
           ^^^^^^^^^^^^^^^^^^^^^^^^^
  File "/home/nvidia/sixwatch/.venv/lib/python3.12/site-packages/polars/lazyframe/opt_flags.py", line 343, in wrapper
    return function(*args, **kwargs)
           ^^^^^^^^^^^^^^^^^^^^^^^^^
  File "/home/nvidia/sixwatch/.venv/lib/python3.12/site-packages/polars/lazyframe/frame.py", line 2630, in collect
    return wrap_df(ldf.collect(engine, callback))
                   ^^^^^^^^^^^^^^^^^^^^^^^^^^^^^
polars.exceptions.ColumnNotFoundError: unable to find column "NumCalls"; valid columns: ["IncidentNumber", "DateOfCall", "CalYear", "HourOfCall", "IncidentGroup", "StopCodeDescription", "PropertyCategory", "IncGeo_BoroughName", "IncGeo_WardName", "Easting_rounded", "Northing_rounded", "IncidentStationGround", "FirstPumpArriving_AttendanceTime", "FirstPumpArriving_DeployedFromStation", "SecondPumpArriving_AttendanceTime", "SecondPumpArriving_DeployedFromStation", "NumPumpsAttending", "PumpMinutesRounded"]
Sat Jun  6 05:35:10 PM UTC 2026 patrol exited rc=0 — restarting in 5s
Traceback (most recent call last):
  File "/home/nvidia/sixwatch/agent.py", line 330, in <module>
    main()
  File "/home/nvidia/sixwatch/agent.py", line 326, in main
    patrol(speak=a.speak)
  File "/home/nvidia/sixwatch/agent.py", line 260, in patrol
    notables = d.filter(
               ^^^^^^^^^
  File "/home/nvidia/sixwatch/.venv/lib/python3.12/site-packages/polars/dataframe/frame.py", line 5521, in filter
    .collect(optimizations=QueryOptFlags._eager())
     ^^^^^^^^^^^^^^^^^^^^^^^^^^^^^^^^^^^^^^^^^^^^^
  File "/home/nvidia/sixwatch/.venv/lib/python3.12/site-packages/polars/_utils/deprecation.py", line 97, in wrapper
    return function(*args, **kwargs)
           ^^^^^^^^^^^^^^^^^^^^^^^^^
  File "/home/nvidia/sixwatch/.venv/lib/python3.12/site-packages/polars/lazyframe/opt_flags.py", line 343, in wrapper
    return function(*args, **kwargs)
           ^^^^^^^^^^^^^^^^^^^^^^^^^
  File "/home/nvidia/sixwatch/.venv/lib/python3.12/site-packages/polars/lazyframe/frame.py", line 2630, in collect
    return wrap_df(ldf.collect(engine, callback))
                   ^^^^^^^^^^^^^^^^^^^^^^^^^^^^^
polars.exceptions.ColumnNotFoundError: unable to find column "NumCalls"; valid columns: ["IncidentNumber", "DateOfCall", "CalYear", "HourOfCall", "IncidentGroup", "StopCodeDescription", "PropertyCategory", "IncGeo_BoroughName", "IncGeo_WardName", "Easting_rounded", "Northing_rounded", "IncidentStationGround", "FirstPumpArriving_AttendanceTime", "FirstPumpArriving_DeployedFromStation", "SecondPumpArriving_AttendanceTime", "SecondPumpArriving_DeployedFromStation", "NumPumpsAttending", "PumpMinutesRounded"]
Sat Jun  6 05:35:16 PM UTC 2026 patrol exited rc=0 — restarting in 5s
Traceback (most recent call last):
  File "/home/nvidia/sixwatch/agent.py", line 330, in <module>
    main()
  File "/home/nvidia/sixwatch/agent.py", line 326, in main
    patrol(speak=a.speak)
  File "/home/nvidia/sixwatch/agent.py", line 260, in patrol
    notables = d.filter(
               ^^^^^^^^^
  File "/home/nvidia/sixwatch/.venv/lib/python3.12/site-packages/polars/dataframe/frame.py", line 5521, in filter
    .collect(optimizations=QueryOptFlags._eager())
     ^^^^^^^^^^^^^^^^^^^^^^^^^^^^^^^^^^^^^^^^^^^^^
  File "/home/nvidia/sixwatch/.venv/lib/python3.12/site-packages/polars/_utils/deprecation.py", line 97, in wrapper
    return function(*args, **kwargs)
           ^^^^^^^^^^^^^^^^^^^^^^^^^
  File "/home/nvidia/sixwatch/.venv/lib/python3.12/site-packages/polars/lazyframe/opt_flags.py", line 343, in wrapper
    return function(*args, **kwargs)
           ^^^^^^^^^^^^^^^^^^^^^^^^^
  File "/home/nvidia/sixwatch/.venv/lib/python3.12/site-packages/polars/lazyframe/frame.py", line 2630, in collect
    return wrap_df(ldf.collect(engine, callback))
                   ^^^^^^^^^^^^^^^^^^^^^^^^^^^^^
polars.exceptions.ColumnNotFoundError: unable to find column "NumCalls"; valid columns: ["IncidentNumber", "DateOfCall", "CalYear", "HourOfCall", "IncidentGroup", "StopCodeDescription", "PropertyCategory", "IncGeo_BoroughName", "IncGeo_WardName", "Easting_rounded", "Northing_rounded", "IncidentStationGround", "FirstPumpArriving_AttendanceTime", "FirstPumpArriving_DeployedFromStation", "SecondPumpArriving_AttendanceTime", "SecondPumpArriving_DeployedFromStation", "NumPumpsAttending", "PumpMinutesRounded"]
Sat Jun  6 05:35:22 PM UTC 2026 patrol exited rc=0 — restarting in 5s
Traceback (most recent call last):
  File "/home/nvidia/sixwatch/agent.py", line 330, in <module>
    main()
  File "/home/nvidia/sixwatch/agent.py", line 326, in main
    patrol(speak=a.speak)
  File "/home/nvidia/sixwatch/agent.py", line 260, in patrol
    notables = d.filter(
               ^^^^^^^^^
  File "/home/nvidia/sixwatch/.venv/lib/python3.12/site-packages/polars/dataframe/frame.py", line 5521, in filter
    .collect(optimizations=QueryOptFlags._eager())
     ^^^^^^^^^^^^^^^^^^^^^^^^^^^^^^^^^^^^^^^^^^^^^
  File "/home/nvidia/sixwatch/.venv/lib/python3.12/site-packages/polars/_utils/deprecation.py", line 97, in wrapper
    return function(*args, **kwargs)
           ^^^^^^^^^^^^^^^^^^^^^^^^^
  File "/home/nvidia/sixwatch/.venv/lib/python3.12/site-packages/polars/lazyframe/opt_flags.py", line 343, in wrapper
    return function(*args, **kwargs)
           ^^^^^^^^^^^^^^^^^^^^^^^^^
  File "/home/nvidia/sixwatch/.venv/lib/python3.12/site-packages/polars/lazyframe/frame.py", line 2630, in collect
    return wrap_df(ldf.collect(engine, callback))
                   ^^^^^^^^^^^^^^^^^^^^^^^^^^^^^
polars.exceptions.ColumnNotFoundError: unable to find column "NumCalls"; valid columns: ["IncidentNumber", "DateOfCall", "CalYear", "HourOfCall", "IncidentGroup", "StopCodeDescription", "PropertyCategory", "IncGeo_BoroughName", "IncGeo_WardName", "Easting_rounded", "Northing_rounded", "IncidentStationGround", "FirstPumpArriving_AttendanceTime", "FirstPumpArriving_DeployedFromStation", "SecondPumpArriving_AttendanceTime", "SecondPumpArriving_DeployedFromStation", "NumPumpsAttending", "PumpMinutesRounded"]
Sat Jun  6 05:35:27 PM UTC 2026 patrol exited rc=0 — restarting in 5s
Traceback (most recent call last):
  File "/home/nvidia/sixwatch/agent.py", line 330, in <module>
    main()
  File "/home/nvidia/sixwatch/agent.py", line 326, in main
    patrol(speak=a.speak)
  File "/home/nvidia/sixwatch/agent.py", line 260, in patrol
    notables = d.filter(
               ^^^^^^^^^
  File "/home/nvidia/sixwatch/.venv/lib/python3.12/site-packages/polars/dataframe/frame.py", line 5521, in filter
    .collect(optimizations=QueryOptFlags._eager())
     ^^^^^^^^^^^^^^^^^^^^^^^^^^^^^^^^^^^^^^^^^^^^^
  File "/home/nvidia/sixwatch/.venv/lib/python3.12/site-packages/polars/_utils/deprecation.py", line 97, in wrapper
    return function(*args, **kwargs)
           ^^^^^^^^^^^^^^^^^^^^^^^^^
  File "/home/nvidia/sixwatch/.venv/lib/python3.12/site-packages/polars/lazyframe/opt_flags.py", line 343, in wrapper
    return function(*args, **kwargs)
           ^^^^^^^^^^^^^^^^^^^^^^^^^
  File "/home/nvidia/sixwatch/.venv/lib/python3.12/site-packages/polars/lazyframe/frame.py", line 2630, in collect
    return wrap_df(ldf.collect(engine, callback))
                   ^^^^^^^^^^^^^^^^^^^^^^^^^^^^^
polars.exceptions.ColumnNotFoundError: unable to find column "NumCalls"; valid columns: ["IncidentNumber", "DateOfCall", "CalYear", "HourOfCall", "IncidentGroup", "StopCodeDescription", "PropertyCategory", "IncGeo_BoroughName", "IncGeo_WardName", "Easting_rounded", "Northing_rounded", "IncidentStationGround", "FirstPumpArriving_AttendanceTime", "FirstPumpArriving_DeployedFromStation", "SecondPumpArriving_AttendanceTime", "SecondPumpArriving_DeployedFromStation", "NumPumpsAttending", "PumpMinutesRounded"]
Sat Jun  6 05:35:33 PM UTC 2026 patrol exited rc=0 — restarting in 5s
Traceback (most recent call last):
  File "/home/nvidia/sixwatch/agent.py", line 330, in <module>
    main()
  File "/home/nvidia/sixwatch/agent.py", line 326, in main
    patrol(speak=a.speak)
  File "/home/nvidia/sixwatch/agent.py", line 260, in patrol
    notables = d.filter(
               ^^^^^^^^^
  File "/home/nvidia/sixwatch/.venv/lib/python3.12/site-packages/polars/dataframe/frame.py", line 5521, in filter
    .collect(optimizations=QueryOptFlags._eager())
     ^^^^^^^^^^^^^^^^^^^^^^^^^^^^^^^^^^^^^^^^^^^^^
  File "/home/nvidia/sixwatch/.venv/lib/python3.12/site-packages/polars/_utils/deprecation.py", line 97, in wrapper
    return function(*args, **kwargs)
           ^^^^^^^^^^^^^^^^^^^^^^^^^
  File "/home/nvidia/sixwatch/.venv/lib/python3.12/site-packages/polars/lazyframe/opt_flags.py", line 343, in wrapper
    return function(*args, **kwargs)
           ^^^^^^^^^^^^^^^^^^^^^^^^^
  File "/home/nvidia/sixwatch/.venv/lib/python3.12/site-packages/polars/lazyframe/frame.py", line 2630, in collect
    return wrap_df(ldf.collect(engine, callback))
                   ^^^^^^^^^^^^^^^^^^^^^^^^^^^^^
polars.exceptions.ColumnNotFoundError: unable to find column "NumCalls"; valid columns: ["IncidentNumber", "DateOfCall", "CalYear", "HourOfCall", "IncidentGroup", "StopCodeDescription", "PropertyCategory", "IncGeo_BoroughName", "IncGeo_WardName", "Easting_rounded", "Northing_rounded", "IncidentStationGround", "FirstPumpArriving_AttendanceTime", "FirstPumpArriving_DeployedFromStation", "SecondPumpArriving_AttendanceTime", "SecondPumpArriving_DeployedFromStation", "NumPumpsAttending", "PumpMinutesRounded"]
Sat Jun  6 05:35:38 PM UTC 2026 patrol exited rc=0 — restarting in 5s
Traceback (most recent call last):
  File "/home/nvidia/sixwatch/agent.py", line 330, in <module>
    main()
  File "/home/nvidia/sixwatch/agent.py", line 326, in main
    patrol(speak=a.speak)
  File "/home/nvidia/sixwatch/agent.py", line 260, in patrol
    notables = d.filter(
               ^^^^^^^^^
  File "/home/nvidia/sixwatch/.venv/lib/python3.12/site-packages/polars/dataframe/frame.py", line 5521, in filter
    .collect(optimizations=QueryOptFlags._eager())
     ^^^^^^^^^^^^^^^^^^^^^^^^^^^^^^^^^^^^^^^^^^^^^
  File "/home/nvidia/sixwatch/.venv/lib/python3.12/site-packages/polars/_utils/deprecation.py", line 97, in wrapper
    return function(*args, **kwargs)
           ^^^^^^^^^^^^^^^^^^^^^^^^^
  File "/home/nvidia/sixwatch/.venv/lib/python3.12/site-packages/polars/lazyframe/opt_flags.py", line 343, in wrapper
    return function(*args, **kwargs)
           ^^^^^^^^^^^^^^^^^^^^^^^^^
  File "/home/nvidia/sixwatch/.venv/lib/python3.12/site-packages/polars/lazyframe/frame.py", line 2630, in collect
    return wrap_df(ldf.collect(engine, callback))
                   ^^^^^^^^^^^^^^^^^^^^^^^^^^^^^
polars.exceptions.ColumnNotFoundError: unable to find column "NumCalls"; valid columns: ["IncidentNumber", "DateOfCall", "CalYear", "HourOfCall", "IncidentGroup", "StopCodeDescription", "PropertyCategory", "IncGeo_BoroughName", "IncGeo_WardName", "Easting_rounded", "Northing_rounded", "IncidentStationGround", "FirstPumpArriving_AttendanceTime", "FirstPumpArriving_DeployedFromStation", "SecondPumpArriving_AttendanceTime", "SecondPumpArriving_DeployedFromStation", "NumPumpsAttending", "PumpMinutesRounded"]
Sat Jun  6 05:35:44 PM UTC 2026 patrol exited rc=0 — restarting in 5s
Traceback (most recent call last):
  File "/home/nvidia/sixwatch/agent.py", line 330, in <module>
    main()
  File "/home/nvidia/sixwatch/agent.py", line 326, in main
    patrol(speak=a.speak)
  File "/home/nvidia/sixwatch/agent.py", line 260, in patrol
    notables = d.filter(
               ^^^^^^^^^
  File "/home/nvidia/sixwatch/.venv/lib/python3.12/site-packages/polars/dataframe/frame.py", line 5521, in filter
    .collect(optimizations=QueryOptFlags._eager())
     ^^^^^^^^^^^^^^^^^^^^^^^^^^^^^^^^^^^^^^^^^^^^^
  File "/home/nvidia/sixwatch/.venv/lib/python3.12/site-packages/polars/_utils/deprecation.py", line 97, in wrapper
    return function(*args, **kwargs)
           ^^^^^^^^^^^^^^^^^^^^^^^^^
  File "/home/nvidia/sixwatch/.venv/lib/python3.12/site-packages/polars/lazyframe/opt_flags.py", line 343, in wrapper
    return function(*args, **kwargs)
           ^^^^^^^^^^^^^^^^^^^^^^^^^
  File "/home/nvidia/sixwatch/.venv/lib/python3.12/site-packages/polars/lazyframe/frame.py", line 2630, in collect
    return wrap_df(ldf.collect(engine, callback))
                   ^^^^^^^^^^^^^^^^^^^^^^^^^^^^^
polars.exceptions.ColumnNotFoundError: unable to find column "NumCalls"; valid columns: ["IncidentNumber", "DateOfCall", "CalYear", "HourOfCall", "IncidentGroup", "StopCodeDescription", "PropertyCategory", "IncGeo_BoroughName", "IncGeo_WardName", "Easting_rounded", "Northing_rounded", "IncidentStationGround", "FirstPumpArriving_AttendanceTime", "FirstPumpArriving_DeployedFromStation", "SecondPumpArriving_AttendanceTime", "SecondPumpArriving_DeployedFromStation", "NumPumpsAttending", "PumpMinutesRounded"]
Sat Jun  6 05:35:49 PM UTC 2026 patrol exited rc=0 — restarting in 5s
Traceback (most recent call last):
  File "/home/nvidia/sixwatch/agent.py", line 330, in <module>
    main()
  File "/home/nvidia/sixwatch/agent.py", line 326, in main
    patrol(speak=a.speak)
  File "/home/nvidia/sixwatch/agent.py", line 260, in patrol
    notables = d.filter(
               ^^^^^^^^^
  File "/home/nvidia/sixwatch/.venv/lib/python3.12/site-packages/polars/dataframe/frame.py", line 5521, in filter
    .collect(optimizations=QueryOptFlags._eager())
     ^^^^^^^^^^^^^^^^^^^^^^^^^^^^^^^^^^^^^^^^^^^^^
  File "/home/nvidia/sixwatch/.venv/lib/python3.12/site-packages/polars/_utils/deprecation.py", line 97, in wrapper
    return function(*args, **kwargs)
           ^^^^^^^^^^^^^^^^^^^^^^^^^
  File "/home/nvidia/sixwatch/.venv/lib/python3.12/site-packages/polars/lazyframe/opt_flags.py", line 343, in wrapper
    return function(*args, **kwargs)
           ^^^^^^^^^^^^^^^^^^^^^^^^^
  File "/home/nvidia/sixwatch/.venv/lib/python3.12/site-packages/polars/lazyframe/frame.py", line 2630, in collect
    return wrap_df(ldf.collect(engine, callback))
                   ^^^^^^^^^^^^^^^^^^^^^^^^^^^^^
polars.exceptions.ColumnNotFoundError: unable to find column "NumCalls"; valid columns: ["IncidentNumber", "DateOfCall", "CalYear", "HourOfCall", "IncidentGroup", "StopCodeDescription", "PropertyCategory", "IncGeo_BoroughName", "IncGeo_WardName", "Easting_rounded", "Northing_rounded", "IncidentStationGround", "FirstPumpArriving_AttendanceTime", "FirstPumpArriving_DeployedFromStation", "SecondPumpArriving_AttendanceTime", "SecondPumpArriving_DeployedFromStation", "NumPumpsAttending", "PumpMinutesRounded"]
Sat Jun  6 05:35:55 PM UTC 2026 patrol exited rc=0 — restarting in 5s
Traceback (most recent call last):
  File "/home/nvidia/sixwatch/agent.py", line 330, in <module>
    main()
  File "/home/nvidia/sixwatch/agent.py", line 326, in main
    patrol(speak=a.speak)
  File "/home/nvidia/sixwatch/agent.py", line 260, in patrol
    notables = d.filter(
               ^^^^^^^^^
  File "/home/nvidia/sixwatch/.venv/lib/python3.12/site-packages/polars/dataframe/frame.py", line 5521, in filter
    .collect(optimizations=QueryOptFlags._eager())
     ^^^^^^^^^^^^^^^^^^^^^^^^^^^^^^^^^^^^^^^^^^^^^
  File "/home/nvidia/sixwatch/.venv/lib/python3.12/site-packages/polars/_utils/deprecation.py", line 97, in wrapper
    return function(*args, **kwargs)
           ^^^^^^^^^^^^^^^^^^^^^^^^^
  File "/home/nvidia/sixwatch/.venv/lib/python3.12/site-packages/polars/lazyframe/opt_flags.py", line 343, in wrapper
    return function(*args, **kwargs)
           ^^^^^^^^^^^^^^^^^^^^^^^^^
  File "/home/nvidia/sixwatch/.venv/lib/python3.12/site-packages/polars/lazyframe/frame.py", line 2630, in collect
    return wrap_df(ldf.collect(engine, callback))
                   ^^^^^^^^^^^^^^^^^^^^^^^^^^^^^
polars.exceptions.ColumnNotFoundError: unable to find column "NumCalls"; valid columns: ["IncidentNumber", "DateOfCall", "CalYear", "HourOfCall", "IncidentGroup", "StopCodeDescription", "PropertyCategory", "IncGeo_BoroughName", "IncGeo_WardName", "Easting_rounded", "Northing_rounded", "IncidentStationGround", "FirstPumpArriving_AttendanceTime", "FirstPumpArriving_DeployedFromStation", "SecondPumpArriving_AttendanceTime", "SecondPumpArriving_DeployedFromStation", "NumPumpsAttending", "PumpMinutesRounded"]
Sat Jun  6 05:36:00 PM UTC 2026 patrol exited rc=0 — restarting in 5s
Traceback (most recent call last):
  File "/home/nvidia/sixwatch/agent.py", line 330, in <module>
    main()
  File "/home/nvidia/sixwatch/agent.py", line 326, in main
    patrol(speak=a.speak)
  File "/home/nvidia/sixwatch/agent.py", line 260, in patrol
    notables = d.filter(
               ^^^^^^^^^
  File "/home/nvidia/sixwatch/.venv/lib/python3.12/site-packages/polars/dataframe/frame.py", line 5521, in filter
    .collect(optimizations=QueryOptFlags._eager())
     ^^^^^^^^^^^^^^^^^^^^^^^^^^^^^^^^^^^^^^^^^^^^^
  File "/home/nvidia/sixwatch/.venv/lib/python3.12/site-packages/polars/_utils/deprecation.py", line 97, in wrapper
    return function(*args, **kwargs)
           ^^^^^^^^^^^^^^^^^^^^^^^^^
  File "/home/nvidia/sixwatch/.venv/lib/python3.12/site-packages/polars/lazyframe/opt_flags.py", line 343, in wrapper
    return function(*args, **kwargs)
           ^^^^^^^^^^^^^^^^^^^^^^^^^
  File "/home/nvidia/sixwatch/.venv/lib/python3.12/site-packages/polars/lazyframe/frame.py", line 2630, in collect
    return wrap_df(ldf.collect(engine, callback))
                   ^^^^^^^^^^^^^^^^^^^^^^^^^^^^^
polars.exceptions.ColumnNotFoundError: unable to find column "NumCalls"; valid columns: ["IncidentNumber", "DateOfCall", "CalYear", "HourOfCall", "IncidentGroup", "StopCodeDescription", "PropertyCategory", "IncGeo_BoroughName", "IncGeo_WardName", "Easting_rounded", "Northing_rounded", "IncidentStationGround", "FirstPumpArriving_AttendanceTime", "FirstPumpArriving_DeployedFromStation", "SecondPumpArriving_AttendanceTime", "SecondPumpArriving_DeployedFromStation", "NumPumpsAttending", "PumpMinutesRounded"]
Sat Jun  6 05:36:06 PM UTC 2026 patrol exited rc=0 — restarting in 5s
Traceback (most recent call last):
  File "/home/nvidia/sixwatch/agent.py", line 330, in <module>
    main()
  File "/home/nvidia/sixwatch/agent.py", line 326, in main
    patrol(speak=a.speak)
  File "/home/nvidia/sixwatch/agent.py", line 260, in patrol
    notables = d.filter(
               ^^^^^^^^^
  File "/home/nvidia/sixwatch/.venv/lib/python3.12/site-packages/polars/dataframe/frame.py", line 5521, in filter
    .collect(optimizations=QueryOptFlags._eager())
     ^^^^^^^^^^^^^^^^^^^^^^^^^^^^^^^^^^^^^^^^^^^^^
  File "/home/nvidia/sixwatch/.venv/lib/python3.12/site-packages/polars/_utils/deprecation.py", line 97, in wrapper
    return function(*args, **kwargs)
           ^^^^^^^^^^^^^^^^^^^^^^^^^
  File "/home/nvidia/sixwatch/.venv/lib/python3.12/site-packages/polars/lazyframe/opt_flags.py", line 343, in wrapper
    return function(*args, **kwargs)
           ^^^^^^^^^^^^^^^^^^^^^^^^^
  File "/home/nvidia/sixwatch/.venv/lib/python3.12/site-packages/polars/lazyframe/frame.py", line 2630, in collect
    return wrap_df(ldf.collect(engine, callback))
                   ^^^^^^^^^^^^^^^^^^^^^^^^^^^^^
polars.exceptions.ColumnNotFoundError: unable to find column "NumCalls"; valid columns: ["IncidentNumber", "DateOfCall", "CalYear", "HourOfCall", "IncidentGroup", "StopCodeDescription", "PropertyCategory", "IncGeo_BoroughName", "IncGeo_WardName", "Easting_rounded", "Northing_rounded", "IncidentStationGround", "FirstPumpArriving_AttendanceTime", "FirstPumpArriving_DeployedFromStation", "SecondPumpArriving_AttendanceTime", "SecondPumpArriving_DeployedFromStation", "NumPumpsAttending", "PumpMinutesRounded"]
Sat Jun  6 05:36:11 PM UTC 2026 patrol exited rc=0 — restarting in 5s
Traceback (most recent call last):
  File "/home/nvidia/sixwatch/agent.py", line 330, in <module>
    main()
  File "/home/nvidia/sixwatch/agent.py", line 326, in main
    patrol(speak=a.speak)
  File "/home/nvidia/sixwatch/agent.py", line 260, in patrol
    notables = d.filter(
               ^^^^^^^^^
  File "/home/nvidia/sixwatch/.venv/lib/python3.12/site-packages/polars/dataframe/frame.py", line 5521, in filter
    .collect(optimizations=QueryOptFlags._eager())
     ^^^^^^^^^^^^^^^^^^^^^^^^^^^^^^^^^^^^^^^^^^^^^
  File "/home/nvidia/sixwatch/.venv/lib/python3.12/site-packages/polars/_utils/deprecation.py", line 97, in wrapper
    return function(*args, **kwargs)
           ^^^^^^^^^^^^^^^^^^^^^^^^^
  File "/home/nvidia/sixwatch/.venv/lib/python3.12/site-packages/polars/lazyframe/opt_flags.py", line 343, in wrapper
    return function(*args, **kwargs)
           ^^^^^^^^^^^^^^^^^^^^^^^^^
  File "/home/nvidia/sixwatch/.venv/lib/python3.12/site-packages/polars/lazyframe/frame.py", line 2630, in collect
    return wrap_df(ldf.collect(engine, callback))
                   ^^^^^^^^^^^^^^^^^^^^^^^^^^^^^
polars.exceptions.ColumnNotFoundError: unable to find column "NumCalls"; valid columns: ["IncidentNumber", "DateOfCall", "CalYear", "HourOfCall", "IncidentGroup", "StopCodeDescription", "PropertyCategory", "IncGeo_BoroughName", "IncGeo_WardName", "Easting_rounded", "Northing_rounded", "IncidentStationGround", "FirstPumpArriving_AttendanceTime", "FirstPumpArriving_DeployedFromStation", "SecondPumpArriving_AttendanceTime", "SecondPumpArriving_DeployedFromStation", "NumPumpsAttending", "PumpMinutesRounded"]
Sat Jun  6 05:36:17 PM UTC 2026 patrol exited rc=0 — restarting in 5s
Traceback (most recent call last):
  File "/home/nvidia/sixwatch/agent.py", line 330, in <module>
    main()
  File "/home/nvidia/sixwatch/agent.py", line 326, in main
    patrol(speak=a.speak)
  File "/home/nvidia/sixwatch/agent.py", line 260, in patrol
    notables = d.filter(
               ^^^^^^^^^
  File "/home/nvidia/sixwatch/.venv/lib/python3.12/site-packages/polars/dataframe/frame.py", line 5521, in filter
    .collect(optimizations=QueryOptFlags._eager())
     ^^^^^^^^^^^^^^^^^^^^^^^^^^^^^^^^^^^^^^^^^^^^^
  File "/home/nvidia/sixwatch/.venv/lib/python3.12/site-packages/polars/_utils/deprecation.py", line 97, in wrapper
    return function(*args, **kwargs)
           ^^^^^^^^^^^^^^^^^^^^^^^^^
  File "/home/nvidia/sixwatch/.venv/lib/python3.12/site-packages/polars/lazyframe/opt_flags.py", line 343, in wrapper
    return function(*args, **kwargs)
           ^^^^^^^^^^^^^^^^^^^^^^^^^
  File "/home/nvidia/sixwatch/.venv/lib/python3.12/site-packages/polars/lazyframe/frame.py", line 2630, in collect
    return wrap_df(ldf.collect(engine, callback))
                   ^^^^^^^^^^^^^^^^^^^^^^^^^^^^^
polars.exceptions.ColumnNotFoundError: unable to find column "NumCalls"; valid columns: ["IncidentNumber", "DateOfCall", "CalYear", "HourOfCall", "IncidentGroup", "StopCodeDescription", "PropertyCategory", "IncGeo_BoroughName", "IncGeo_WardName", "Easting_rounded", "Northing_rounded", "IncidentStationGround", "FirstPumpArriving_AttendanceTime", "FirstPumpArriving_DeployedFromStation", "SecondPumpArriving_AttendanceTime", "SecondPumpArriving_DeployedFromStation", "NumPumpsAttending", "PumpMinutesRounded"]
Sat Jun  6 05:36:22 PM UTC 2026 patrol exited rc=0 — restarting in 5s
Traceback (most recent call last):
  File "/home/nvidia/sixwatch/agent.py", line 330, in <module>
    main()
  File "/home/nvidia/sixwatch/agent.py", line 326, in main
    patrol(speak=a.speak)
  File "/home/nvidia/sixwatch/agent.py", line 260, in patrol
    notables = d.filter(
               ^^^^^^^^^
  File "/home/nvidia/sixwatch/.venv/lib/python3.12/site-packages/polars/dataframe/frame.py", line 5521, in filter
    .collect(optimizations=QueryOptFlags._eager())
     ^^^^^^^^^^^^^^^^^^^^^^^^^^^^^^^^^^^^^^^^^^^^^
  File "/home/nvidia/sixwatch/.venv/lib/python3.12/site-packages/polars/_utils/deprecation.py", line 97, in wrapper
    return function(*args, **kwargs)
           ^^^^^^^^^^^^^^^^^^^^^^^^^
  File "/home/nvidia/sixwatch/.venv/lib/python3.12/site-packages/polars/lazyframe/opt_flags.py", line 343, in wrapper
    return function(*args, **kwargs)
           ^^^^^^^^^^^^^^^^^^^^^^^^^
  File "/home/nvidia/sixwatch/.venv/lib/python3.12/site-packages/polars/lazyframe/frame.py", line 2630, in collect
    return wrap_df(ldf.collect(engine, callback))
                   ^^^^^^^^^^^^^^^^^^^^^^^^^^^^^
polars.exceptions.ColumnNotFoundError: unable to find column "NumCalls"; valid columns: ["IncidentNumber", "DateOfCall", "CalYear", "HourOfCall", "IncidentGroup", "StopCodeDescription", "PropertyCategory", "IncGeo_BoroughName", "IncGeo_WardName", "Easting_rounded", "Northing_rounded", "IncidentStationGround", "FirstPumpArriving_AttendanceTime", "FirstPumpArriving_DeployedFromStation", "SecondPumpArriving_AttendanceTime", "SecondPumpArriving_DeployedFromStation", "NumPumpsAttending", "PumpMinutesRounded"]
Sat Jun  6 05:36:28 PM UTC 2026 patrol exited rc=0 — restarting in 5s
Traceback (most recent call last):
  File "/home/nvidia/sixwatch/agent.py", line 330, in <module>
    main()
  File "/home/nvidia/sixwatch/agent.py", line 326, in main
    patrol(speak=a.speak)
  File "/home/nvidia/sixwatch/agent.py", line 260, in patrol
    notables = d.filter(
               ^^^^^^^^^
  File "/home/nvidia/sixwatch/.venv/lib/python3.12/site-packages/polars/dataframe/frame.py", line 5521, in filter
    .collect(optimizations=QueryOptFlags._eager())
     ^^^^^^^^^^^^^^^^^^^^^^^^^^^^^^^^^^^^^^^^^^^^^
  File "/home/nvidia/sixwatch/.venv/lib/python3.12/site-packages/polars/_utils/deprecation.py", line 97, in wrapper
    return function(*args, **kwargs)
           ^^^^^^^^^^^^^^^^^^^^^^^^^
  File "/home/nvidia/sixwatch/.venv/lib/python3.12/site-packages/polars/lazyframe/opt_flags.py", line 343, in wrapper
    return function(*args, **kwargs)
           ^^^^^^^^^^^^^^^^^^^^^^^^^
  File "/home/nvidia/sixwatch/.venv/lib/python3.12/site-packages/polars/lazyframe/frame.py", line 2630, in collect
    return wrap_df(ldf.collect(engine, callback))
                   ^^^^^^^^^^^^^^^^^^^^^^^^^^^^^
polars.exceptions.ColumnNotFoundError: unable to find column "NumCalls"; valid columns: ["IncidentNumber", "DateOfCall", "CalYear", "HourOfCall", "IncidentGroup", "StopCodeDescription", "PropertyCategory", "IncGeo_BoroughName", "IncGeo_WardName", "Easting_rounded", "Northing_rounded", "IncidentStationGround", "FirstPumpArriving_AttendanceTime", "FirstPumpArriving_DeployedFromStation", "SecondPumpArriving_AttendanceTime", "SecondPumpArriving_DeployedFromStation", "NumPumpsAttending", "PumpMinutesRounded"]
Sat Jun  6 05:36:33 PM UTC 2026 patrol exited rc=0 — restarting in 5s
Traceback (most recent call last):
  File "/home/nvidia/sixwatch/agent.py", line 330, in <module>
    main()
  File "/home/nvidia/sixwatch/agent.py", line 326, in main
    patrol(speak=a.speak)
  File "/home/nvidia/sixwatch/agent.py", line 260, in patrol
    notables = d.filter(
               ^^^^^^^^^
  File "/home/nvidia/sixwatch/.venv/lib/python3.12/site-packages/polars/dataframe/frame.py", line 5521, in filter
    .collect(optimizations=QueryOptFlags._eager())
     ^^^^^^^^^^^^^^^^^^^^^^^^^^^^^^^^^^^^^^^^^^^^^
  File "/home/nvidia/sixwatch/.venv/lib/python3.12/site-packages/polars/_utils/deprecation.py", line 97, in wrapper
    return function(*args, **kwargs)
           ^^^^^^^^^^^^^^^^^^^^^^^^^
  File "/home/nvidia/sixwatch/.venv/lib/python3.12/site-packages/polars/lazyframe/opt_flags.py", line 343, in wrapper
    return function(*args, **kwargs)
           ^^^^^^^^^^^^^^^^^^^^^^^^^
  File "/home/nvidia/sixwatch/.venv/lib/python3.12/site-packages/polars/lazyframe/frame.py", line 2630, in collect
    return wrap_df(ldf.collect(engine, callback))
                   ^^^^^^^^^^^^^^^^^^^^^^^^^^^^^
polars.exceptions.ColumnNotFoundError: unable to find column "NumCalls"; valid columns: ["IncidentNumber", "DateOfCall", "CalYear", "HourOfCall", "IncidentGroup", "StopCodeDescription", "PropertyCategory", "IncGeo_BoroughName", "IncGeo_WardName", "Easting_rounded", "Northing_rounded", "IncidentStationGround", "FirstPumpArriving_AttendanceTime", "FirstPumpArriving_DeployedFromStation", "SecondPumpArriving_AttendanceTime", "SecondPumpArriving_DeployedFromStation", "NumPumpsAttending", "PumpMinutesRounded"]
Sat Jun  6 05:36:39 PM UTC 2026 patrol exited rc=0 — restarting in 5s
Traceback (most recent call last):
  File "/home/nvidia/sixwatch/agent.py", line 330, in <module>
    main()
  File "/home/nvidia/sixwatch/agent.py", line 326, in main
    patrol(speak=a.speak)
  File "/home/nvidia/sixwatch/agent.py", line 260, in patrol
    notables = d.filter(
               ^^^^^^^^^
  File "/home/nvidia/sixwatch/.venv/lib/python3.12/site-packages/polars/dataframe/frame.py", line 5521, in filter
    .collect(optimizations=QueryOptFlags._eager())
     ^^^^^^^^^^^^^^^^^^^^^^^^^^^^^^^^^^^^^^^^^^^^^
  File "/home/nvidia/sixwatch/.venv/lib/python3.12/site-packages/polars/_utils/deprecation.py", line 97, in wrapper
    return function(*args, **kwargs)
           ^^^^^^^^^^^^^^^^^^^^^^^^^
  File "/home/nvidia/sixwatch/.venv/lib/python3.12/site-packages/polars/lazyframe/opt_flags.py", line 343, in wrapper
    return function(*args, **kwargs)
           ^^^^^^^^^^^^^^^^^^^^^^^^^
  File "/home/nvidia/sixwatch/.venv/lib/python3.12/site-packages/polars/lazyframe/frame.py", line 2630, in collect
    return wrap_df(ldf.collect(engine, callback))
                   ^^^^^^^^^^^^^^^^^^^^^^^^^^^^^
polars.exceptions.ColumnNotFoundError: unable to find column "NumCalls"; valid columns: ["IncidentNumber", "DateOfCall", "CalYear", "HourOfCall", "IncidentGroup", "StopCodeDescription", "PropertyCategory", "IncGeo_BoroughName", "IncGeo_WardName", "Easting_rounded", "Northing_rounded", "IncidentStationGround", "FirstPumpArriving_AttendanceTime", "FirstPumpArriving_DeployedFromStation", "SecondPumpArriving_AttendanceTime", "SecondPumpArriving_DeployedFromStation", "NumPumpsAttending", "PumpMinutesRounded"]
Sat Jun  6 05:36:44 PM UTC 2026 patrol exited rc=0 — restarting in 5s
Traceback (most recent call last):
  File "/home/nvidia/sixwatch/agent.py", line 330, in <module>
    main()
  File "/home/nvidia/sixwatch/agent.py", line 326, in main
    patrol(speak=a.speak)
  File "/home/nvidia/sixwatch/agent.py", line 260, in patrol
    notables = d.filter(
               ^^^^^^^^^
  File "/home/nvidia/sixwatch/.venv/lib/python3.12/site-packages/polars/dataframe/frame.py", line 5521, in filter
    .collect(optimizations=QueryOptFlags._eager())
     ^^^^^^^^^^^^^^^^^^^^^^^^^^^^^^^^^^^^^^^^^^^^^
  File "/home/nvidia/sixwatch/.venv/lib/python3.12/site-packages/polars/_utils/deprecation.py", line 97, in wrapper
    return function(*args, **kwargs)
           ^^^^^^^^^^^^^^^^^^^^^^^^^
  File "/home/nvidia/sixwatch/.venv/lib/python3.12/site-packages/polars/lazyframe/opt_flags.py", line 343, in wrapper
    return function(*args, **kwargs)
           ^^^^^^^^^^^^^^^^^^^^^^^^^
  File "/home/nvidia/sixwatch/.venv/lib/python3.12/site-packages/polars/lazyframe/frame.py", line 2630, in collect
    return wrap_df(ldf.collect(engine, callback))
                   ^^^^^^^^^^^^^^^^^^^^^^^^^^^^^
polars.exceptions.ColumnNotFoundError: unable to find column "NumCalls"; valid columns: ["IncidentNumber", "DateOfCall", "CalYear", "HourOfCall", "IncidentGroup", "StopCodeDescription", "PropertyCategory", "IncGeo_BoroughName", "IncGeo_WardName", "Easting_rounded", "Northing_rounded", "IncidentStationGround", "FirstPumpArriving_AttendanceTime", "FirstPumpArriving_DeployedFromStation", "SecondPumpArriving_AttendanceTime", "SecondPumpArriving_DeployedFromStation", "NumPumpsAttending", "PumpMinutesRounded"]
Sat Jun  6 05:36:50 PM UTC 2026 patrol exited rc=0 — restarting in 5s
Traceback (most recent call last):
  File "/home/nvidia/sixwatch/agent.py", line 330, in <module>
    main()
  File "/home/nvidia/sixwatch/agent.py", line 326, in main
    patrol(speak=a.speak)
  File "/home/nvidia/sixwatch/agent.py", line 260, in patrol
    notables = d.filter(
               ^^^^^^^^^
  File "/home/nvidia/sixwatch/.venv/lib/python3.12/site-packages/polars/dataframe/frame.py", line 5521, in filter
    .collect(optimizations=QueryOptFlags._eager())
     ^^^^^^^^^^^^^^^^^^^^^^^^^^^^^^^^^^^^^^^^^^^^^
  File "/home/nvidia/sixwatch/.venv/lib/python3.12/site-packages/polars/_utils/deprecation.py", line 97, in wrapper
    return function(*args, **kwargs)
           ^^^^^^^^^^^^^^^^^^^^^^^^^
  File "/home/nvidia/sixwatch/.venv/lib/python3.12/site-packages/polars/lazyframe/opt_flags.py", line 343, in wrapper
    return function(*args, **kwargs)
           ^^^^^^^^^^^^^^^^^^^^^^^^^
  File "/home/nvidia/sixwatch/.venv/lib/python3.12/site-packages/polars/lazyframe/frame.py", line 2630, in collect
    return wrap_df(ldf.collect(engine, callback))
                   ^^^^^^^^^^^^^^^^^^^^^^^^^^^^^
polars.exceptions.ColumnNotFoundError: unable to find column "NumCalls"; valid columns: ["IncidentNumber", "DateOfCall", "CalYear", "HourOfCall", "IncidentGroup", "StopCodeDescription", "PropertyCategory", "IncGeo_BoroughName", "IncGeo_WardName", "Easting_rounded", "Northing_rounded", "IncidentStationGround", "FirstPumpArriving_AttendanceTime", "FirstPumpArriving_DeployedFromStation", "SecondPumpArriving_AttendanceTime", "SecondPumpArriving_DeployedFromStation", "NumPumpsAttending", "PumpMinutesRounded"]
Sat Jun  6 05:36:55 PM UTC 2026 patrol exited rc=0 — restarting in 5s
Traceback (most recent call last):
  File "/home/nvidia/sixwatch/agent.py", line 330, in <module>
    main()
  File "/home/nvidia/sixwatch/agent.py", line 326, in main
    patrol(speak=a.speak)
  File "/home/nvidia/sixwatch/agent.py", line 260, in patrol
    notables = d.filter(
               ^^^^^^^^^
  File "/home/nvidia/sixwatch/.venv/lib/python3.12/site-packages/polars/dataframe/frame.py", line 5521, in filter
    .collect(optimizations=QueryOptFlags._eager())
     ^^^^^^^^^^^^^^^^^^^^^^^^^^^^^^^^^^^^^^^^^^^^^
  File "/home/nvidia/sixwatch/.venv/lib/python3.12/site-packages/polars/_utils/deprecation.py", line 97, in wrapper
    return function(*args, **kwargs)
           ^^^^^^^^^^^^^^^^^^^^^^^^^
  File "/home/nvidia/sixwatch/.venv/lib/python3.12/site-packages/polars/lazyframe/opt_flags.py", line 343, in wrapper
    return function(*args, **kwargs)
           ^^^^^^^^^^^^^^^^^^^^^^^^^
  File "/home/nvidia/sixwatch/.venv/lib/python3.12/site-packages/polars/lazyframe/frame.py", line 2630, in collect
    return wrap_df(ldf.collect(engine, callback))
                   ^^^^^^^^^^^^^^^^^^^^^^^^^^^^^
polars.exceptions.ColumnNotFoundError: unable to find column "NumCalls"; valid columns: ["IncidentNumber", "DateOfCall", "CalYear", "HourOfCall", "IncidentGroup", "StopCodeDescription", "PropertyCategory", "IncGeo_BoroughName", "IncGeo_WardName", "Easting_rounded", "Northing_rounded", "IncidentStationGround", "FirstPumpArriving_AttendanceTime", "FirstPumpArriving_DeployedFromStation", "SecondPumpArriving_AttendanceTime", "SecondPumpArriving_DeployedFromStation", "NumPumpsAttending", "PumpMinutesRounded"]
Sat Jun  6 05:37:01 PM UTC 2026 patrol exited rc=0 — restarting in 5s
Traceback (most recent call last):
  File "/home/nvidia/sixwatch/agent.py", line 330, in <module>
    main()
  File "/home/nvidia/sixwatch/agent.py", line 326, in main
    patrol(speak=a.speak)
  File "/home/nvidia/sixwatch/agent.py", line 260, in patrol
    notables = d.filter(
               ^^^^^^^^^
  File "/home/nvidia/sixwatch/.venv/lib/python3.12/site-packages/polars/dataframe/frame.py", line 5521, in filter
    .collect(optimizations=QueryOptFlags._eager())
     ^^^^^^^^^^^^^^^^^^^^^^^^^^^^^^^^^^^^^^^^^^^^^
  File "/home/nvidia/sixwatch/.venv/lib/python3.12/site-packages/polars/_utils/deprecation.py", line 97, in wrapper
    return function(*args, **kwargs)
           ^^^^^^^^^^^^^^^^^^^^^^^^^
  File "/home/nvidia/sixwatch/.venv/lib/python3.12/site-packages/polars/lazyframe/opt_flags.py", line 343, in wrapper
    return function(*args, **kwargs)
           ^^^^^^^^^^^^^^^^^^^^^^^^^
  File "/home/nvidia/sixwatch/.venv/lib/python3.12/site-packages/polars/lazyframe/frame.py", line 2630, in collect
    return wrap_df(ldf.collect(engine, callback))
                   ^^^^^^^^^^^^^^^^^^^^^^^^^^^^^
polars.exceptions.ColumnNotFoundError: unable to find column "NumCalls"; valid columns: ["IncidentNumber", "DateOfCall", "CalYear", "HourOfCall", "IncidentGroup", "StopCodeDescription", "PropertyCategory", "IncGeo_BoroughName", "IncGeo_WardName", "Easting_rounded", "Northing_rounded", "IncidentStationGround", "FirstPumpArriving_AttendanceTime", "FirstPumpArriving_DeployedFromStation", "SecondPumpArriving_AttendanceTime", "SecondPumpArriving_DeployedFromStation", "NumPumpsAttending", "PumpMinutesRounded"]
Sat Jun  6 05:37:06 PM UTC 2026 patrol exited rc=0 — restarting in 5s
Traceback (most recent call last):
  File "/home/nvidia/sixwatch/agent.py", line 330, in <module>
    main()
  File "/home/nvidia/sixwatch/agent.py", line 326, in main
    patrol(speak=a.speak)
  File "/home/nvidia/sixwatch/agent.py", line 260, in patrol
    notables = d.filter(
               ^^^^^^^^^
  File "/home/nvidia/sixwatch/.venv/lib/python3.12/site-packages/polars/dataframe/frame.py", line 5521, in filter
    .collect(optimizations=QueryOptFlags._eager())
     ^^^^^^^^^^^^^^^^^^^^^^^^^^^^^^^^^^^^^^^^^^^^^
  File "/home/nvidia/sixwatch/.venv/lib/python3.12/site-packages/polars/_utils/deprecation.py", line 97, in wrapper
    return function(*args, **kwargs)
           ^^^^^^^^^^^^^^^^^^^^^^^^^
  File "/home/nvidia/sixwatch/.venv/lib/python3.12/site-packages/polars/lazyframe/opt_flags.py", line 343, in wrapper
    return function(*args, **kwargs)
           ^^^^^^^^^^^^^^^^^^^^^^^^^
  File "/home/nvidia/sixwatch/.venv/lib/python3.12/site-packages/polars/lazyframe/frame.py", line 2630, in collect
    return wrap_df(ldf.collect(engine, callback))
                   ^^^^^^^^^^^^^^^^^^^^^^^^^^^^^
polars.exceptions.ColumnNotFoundError: unable to find column "NumCalls"; valid columns: ["IncidentNumber", "DateOfCall", "CalYear", "HourOfCall", "IncidentGroup", "StopCodeDescription", "PropertyCategory", "IncGeo_BoroughName", "IncGeo_WardName", "Easting_rounded", "Northing_rounded", "IncidentStationGround", "FirstPumpArriving_AttendanceTime", "FirstPumpArriving_DeployedFromStation", "SecondPumpArriving_AttendanceTime", "SecondPumpArriving_DeployedFromStation", "NumPumpsAttending", "PumpMinutesRounded"]
Sat Jun  6 05:37:12 PM UTC 2026 patrol exited rc=0 — restarting in 5s
Traceback (most recent call last):
  File "/home/nvidia/sixwatch/agent.py", line 330, in <module>
    main()
  File "/home/nvidia/sixwatch/agent.py", line 326, in main
    patrol(speak=a.speak)
  File "/home/nvidia/sixwatch/agent.py", line 260, in patrol
    notables = d.filter(
               ^^^^^^^^^
  File "/home/nvidia/sixwatch/.venv/lib/python3.12/site-packages/polars/dataframe/frame.py", line 5521, in filter
    .collect(optimizations=QueryOptFlags._eager())
     ^^^^^^^^^^^^^^^^^^^^^^^^^^^^^^^^^^^^^^^^^^^^^
  File "/home/nvidia/sixwatch/.venv/lib/python3.12/site-packages/polars/_utils/deprecation.py", line 97, in wrapper
    return function(*args, **kwargs)
           ^^^^^^^^^^^^^^^^^^^^^^^^^
  File "/home/nvidia/sixwatch/.venv/lib/python3.12/site-packages/polars/lazyframe/opt_flags.py", line 343, in wrapper
    return function(*args, **kwargs)
           ^^^^^^^^^^^^^^^^^^^^^^^^^
  File "/home/nvidia/sixwatch/.venv/lib/python3.12/site-packages/polars/lazyframe/frame.py", line 2630, in collect
    return wrap_df(ldf.collect(engine, callback))
                   ^^^^^^^^^^^^^^^^^^^^^^^^^^^^^
polars.exceptions.ColumnNotFoundError: unable to find column "NumCalls"; valid columns: ["IncidentNumber", "DateOfCall", "CalYear", "HourOfCall", "IncidentGroup", "StopCodeDescription", "PropertyCategory", "IncGeo_BoroughName", "IncGeo_WardName", "Easting_rounded", "Northing_rounded", "IncidentStationGround", "FirstPumpArriving_AttendanceTime", "FirstPumpArriving_DeployedFromStation", "SecondPumpArriving_AttendanceTime", "SecondPumpArriving_DeployedFromStation", "NumPumpsAttending", "PumpMinutesRounded"]
Sat Jun  6 05:37:18 PM UTC 2026 patrol exited rc=0 — restarting in 5s
Traceback (most recent call last):
  File "/home/nvidia/sixwatch/agent.py", line 330, in <module>
    main()
  File "/home/nvidia/sixwatch/agent.py", line 326, in main
    patrol(speak=a.speak)
  File "/home/nvidia/sixwatch/agent.py", line 260, in patrol
    notables = d.filter(
               ^^^^^^^^^
  File "/home/nvidia/sixwatch/.venv/lib/python3.12/site-packages/polars/dataframe/frame.py", line 5521, in filter
    .collect(optimizations=QueryOptFlags._eager())
     ^^^^^^^^^^^^^^^^^^^^^^^^^^^^^^^^^^^^^^^^^^^^^
  File "/home/nvidia/sixwatch/.venv/lib/python3.12/site-packages/polars/_utils/deprecation.py", line 97, in wrapper
    return function(*args, **kwargs)
           ^^^^^^^^^^^^^^^^^^^^^^^^^
  File "/home/nvidia/sixwatch/.venv/lib/python3.12/site-packages/polars/lazyframe/opt_flags.py", line 343, in wrapper
    return function(*args, **kwargs)
           ^^^^^^^^^^^^^^^^^^^^^^^^^
  File "/home/nvidia/sixwatch/.venv/lib/python3.12/site-packages/polars/lazyframe/frame.py", line 2630, in collect
    return wrap_df(ldf.collect(engine, callback))
                   ^^^^^^^^^^^^^^^^^^^^^^^^^^^^^
polars.exceptions.ColumnNotFoundError: unable to find column "NumCalls"; valid columns: ["IncidentNumber", "DateOfCall", "CalYear", "HourOfCall", "IncidentGroup", "StopCodeDescription", "PropertyCategory", "IncGeo_BoroughName", "IncGeo_WardName", "Easting_rounded", "Northing_rounded", "IncidentStationGround", "FirstPumpArriving_AttendanceTime", "FirstPumpArriving_DeployedFromStation", "SecondPumpArriving_AttendanceTime", "SecondPumpArriving_DeployedFromStation", "NumPumpsAttending", "PumpMinutesRounded"]
Sat Jun  6 05:37:23 PM UTC 2026 patrol exited rc=0 — restarting in 5s
Traceback (most recent call last):
  File "/home/nvidia/sixwatch/agent.py", line 330, in <module>
    main()
  File "/home/nvidia/sixwatch/agent.py", line 326, in main
    patrol(speak=a.speak)
  File "/home/nvidia/sixwatch/agent.py", line 260, in patrol
    notables = d.filter(
               ^^^^^^^^^
  File "/home/nvidia/sixwatch/.venv/lib/python3.12/site-packages/polars/dataframe/frame.py", line 5521, in filter
    .collect(optimizations=QueryOptFlags._eager())
     ^^^^^^^^^^^^^^^^^^^^^^^^^^^^^^^^^^^^^^^^^^^^^
  File "/home/nvidia/sixwatch/.venv/lib/python3.12/site-packages/polars/_utils/deprecation.py", line 97, in wrapper
    return function(*args, **kwargs)
           ^^^^^^^^^^^^^^^^^^^^^^^^^
  File "/home/nvidia/sixwatch/.venv/lib/python3.12/site-packages/polars/lazyframe/opt_flags.py", line 343, in wrapper
    return function(*args, **kwargs)
           ^^^^^^^^^^^^^^^^^^^^^^^^^
  File "/home/nvidia/sixwatch/.venv/lib/python3.12/site-packages/polars/lazyframe/frame.py", line 2630, in collect
    return wrap_df(ldf.collect(engine, callback))
                   ^^^^^^^^^^^^^^^^^^^^^^^^^^^^^
polars.exceptions.ColumnNotFoundError: unable to find column "NumCalls"; valid columns: ["IncidentNumber", "DateOfCall", "CalYear", "HourOfCall", "IncidentGroup", "StopCodeDescription", "PropertyCategory", "IncGeo_BoroughName", "IncGeo_WardName", "Easting_rounded", "Northing_rounded", "IncidentStationGround", "FirstPumpArriving_AttendanceTime", "FirstPumpArriving_DeployedFromStation", "SecondPumpArriving_AttendanceTime", "SecondPumpArriving_DeployedFromStation", "NumPumpsAttending", "PumpMinutesRounded"]
Sat Jun  6 05:37:29 PM UTC 2026 patrol exited rc=0 — restarting in 5s
Traceback (most recent call last):
  File "/home/nvidia/sixwatch/agent.py", line 330, in <module>
    main()
  File "/home/nvidia/sixwatch/agent.py", line 326, in main
    patrol(speak=a.speak)
  File "/home/nvidia/sixwatch/agent.py", line 260, in patrol
    notables = d.filter(
               ^^^^^^^^^
  File "/home/nvidia/sixwatch/.venv/lib/python3.12/site-packages/polars/dataframe/frame.py", line 5521, in filter
    .collect(optimizations=QueryOptFlags._eager())
     ^^^^^^^^^^^^^^^^^^^^^^^^^^^^^^^^^^^^^^^^^^^^^
  File "/home/nvidia/sixwatch/.venv/lib/python3.12/site-packages/polars/_utils/deprecation.py", line 97, in wrapper
    return function(*args, **kwargs)
           ^^^^^^^^^^^^^^^^^^^^^^^^^
  File "/home/nvidia/sixwatch/.venv/lib/python3.12/site-packages/polars/lazyframe/opt_flags.py", line 343, in wrapper
    return function(*args, **kwargs)
           ^^^^^^^^^^^^^^^^^^^^^^^^^
  File "/home/nvidia/sixwatch/.venv/lib/python3.12/site-packages/polars/lazyframe/frame.py", line 2630, in collect
    return wrap_df(ldf.collect(engine, callback))
                   ^^^^^^^^^^^^^^^^^^^^^^^^^^^^^
polars.exceptions.ColumnNotFoundError: unable to find column "NumCalls"; valid columns: ["IncidentNumber", "DateOfCall", "CalYear", "HourOfCall", "IncidentGroup", "StopCodeDescription", "PropertyCategory", "IncGeo_BoroughName", "IncGeo_WardName", "Easting_rounded", "Northing_rounded", "IncidentStationGround", "FirstPumpArriving_AttendanceTime", "FirstPumpArriving_DeployedFromStation", "SecondPumpArriving_AttendanceTime", "SecondPumpArriving_DeployedFromStation", "NumPumpsAttending", "PumpMinutesRounded"]
Sat Jun  6 05:37:34 PM UTC 2026 patrol exited rc=0 — restarting in 5s
Traceback (most recent call last):
  File "/home/nvidia/sixwatch/agent.py", line 330, in <module>
    main()
  File "/home/nvidia/sixwatch/agent.py", line 326, in main
    patrol(speak=a.speak)
  File "/home/nvidia/sixwatch/agent.py", line 260, in patrol
    notables = d.filter(
               ^^^^^^^^^
  File "/home/nvidia/sixwatch/.venv/lib/python3.12/site-packages/polars/dataframe/frame.py", line 5521, in filter
    .collect(optimizations=QueryOptFlags._eager())
     ^^^^^^^^^^^^^^^^^^^^^^^^^^^^^^^^^^^^^^^^^^^^^
  File "/home/nvidia/sixwatch/.venv/lib/python3.12/site-packages/polars/_utils/deprecation.py", line 97, in wrapper
    return function(*args, **kwargs)
           ^^^^^^^^^^^^^^^^^^^^^^^^^
  File "/home/nvidia/sixwatch/.venv/lib/python3.12/site-packages/polars/lazyframe/opt_flags.py", line 343, in wrapper
    return function(*args, **kwargs)
           ^^^^^^^^^^^^^^^^^^^^^^^^^
  File "/home/nvidia/sixwatch/.venv/lib/python3.12/site-packages/polars/lazyframe/frame.py", line 2630, in collect
    return wrap_df(ldf.collect(engine, callback))
                   ^^^^^^^^^^^^^^^^^^^^^^^^^^^^^
polars.exceptions.ColumnNotFoundError: unable to find column "NumCalls"; valid columns: ["IncidentNumber", "DateOfCall", "CalYear", "HourOfCall", "IncidentGroup", "StopCodeDescription", "PropertyCategory", "IncGeo_BoroughName", "IncGeo_WardName", "Easting_rounded", "Northing_rounded", "IncidentStationGround", "FirstPumpArriving_AttendanceTime", "FirstPumpArriving_DeployedFromStation", "SecondPumpArriving_AttendanceTime", "SecondPumpArriving_DeployedFromStation", "NumPumpsAttending", "PumpMinutesRounded"]
Sat Jun  6 05:37:40 PM UTC 2026 patrol exited rc=0 — restarting in 5s
Traceback (most recent call last):
  File "/home/nvidia/sixwatch/agent.py", line 330, in <module>
    main()
  File "/home/nvidia/sixwatch/agent.py", line 326, in main
    patrol(speak=a.speak)
  File "/home/nvidia/sixwatch/agent.py", line 260, in patrol
    notables = d.filter(
               ^^^^^^^^^
  File "/home/nvidia/sixwatch/.venv/lib/python3.12/site-packages/polars/dataframe/frame.py", line 5521, in filter
    .collect(optimizations=QueryOptFlags._eager())
     ^^^^^^^^^^^^^^^^^^^^^^^^^^^^^^^^^^^^^^^^^^^^^
  File "/home/nvidia/sixwatch/.venv/lib/python3.12/site-packages/polars/_utils/deprecation.py", line 97, in wrapper
    return function(*args, **kwargs)
           ^^^^^^^^^^^^^^^^^^^^^^^^^
  File "/home/nvidia/sixwatch/.venv/lib/python3.12/site-packages/polars/lazyframe/opt_flags.py", line 343, in wrapper
    return function(*args, **kwargs)
           ^^^^^^^^^^^^^^^^^^^^^^^^^
  File "/home/nvidia/sixwatch/.venv/lib/python3.12/site-packages/polars/lazyframe/frame.py", line 2630, in collect
    return wrap_df(ldf.collect(engine, callback))
                   ^^^^^^^^^^^^^^^^^^^^^^^^^^^^^
polars.exceptions.ColumnNotFoundError: unable to find column "NumCalls"; valid columns: ["IncidentNumber", "DateOfCall", "CalYear", "HourOfCall", "IncidentGroup", "StopCodeDescription", "PropertyCategory", "IncGeo_BoroughName", "IncGeo_WardName", "Easting_rounded", "Northing_rounded", "IncidentStationGround", "FirstPumpArriving_AttendanceTime", "FirstPumpArriving_DeployedFromStation", "SecondPumpArriving_AttendanceTime", "SecondPumpArriving_DeployedFromStation", "NumPumpsAttending", "PumpMinutesRounded"]
Sat Jun  6 05:37:45 PM UTC 2026 patrol exited rc=0 — restarting in 5s
Traceback (most recent call last):
  File "/home/nvidia/sixwatch/agent.py", line 330, in <module>
    main()
  File "/home/nvidia/sixwatch/agent.py", line 326, in main
    patrol(speak=a.speak)
  File "/home/nvidia/sixwatch/agent.py", line 260, in patrol
    notables = d.filter(
               ^^^^^^^^^
  File "/home/nvidia/sixwatch/.venv/lib/python3.12/site-packages/polars/dataframe/frame.py", line 5521, in filter
    .collect(optimizations=QueryOptFlags._eager())
     ^^^^^^^^^^^^^^^^^^^^^^^^^^^^^^^^^^^^^^^^^^^^^
  File "/home/nvidia/sixwatch/.venv/lib/python3.12/site-packages/polars/_utils/deprecation.py", line 97, in wrapper
    return function(*args, **kwargs)
           ^^^^^^^^^^^^^^^^^^^^^^^^^
  File "/home/nvidia/sixwatch/.venv/lib/python3.12/site-packages/polars/lazyframe/opt_flags.py", line 343, in wrapper
    return function(*args, **kwargs)
           ^^^^^^^^^^^^^^^^^^^^^^^^^
  File "/home/nvidia/sixwatch/.venv/lib/python3.12/site-packages/polars/lazyframe/frame.py", line 2630, in collect
    return wrap_df(ldf.collect(engine, callback))
                   ^^^^^^^^^^^^^^^^^^^^^^^^^^^^^
polars.exceptions.ColumnNotFoundError: unable to find column "NumCalls"; valid columns: ["IncidentNumber", "DateOfCall", "CalYear", "HourOfCall", "IncidentGroup", "StopCodeDescription", "PropertyCategory", "IncGeo_BoroughName", "IncGeo_WardName", "Easting_rounded", "Northing_rounded", "IncidentStationGround", "FirstPumpArriving_AttendanceTime", "FirstPumpArriving_DeployedFromStation", "SecondPumpArriving_AttendanceTime", "SecondPumpArriving_DeployedFromStation", "NumPumpsAttending", "PumpMinutesRounded"]
Sat Jun  6 05:37:51 PM UTC 2026 patrol exited rc=0 — restarting in 5s
Traceback (most recent call last):
  File "/home/nvidia/sixwatch/agent.py", line 330, in <module>
    main()
  File "/home/nvidia/sixwatch/agent.py", line 326, in main
    patrol(speak=a.speak)
  File "/home/nvidia/sixwatch/agent.py", line 260, in patrol
    notables = d.filter(
               ^^^^^^^^^
  File "/home/nvidia/sixwatch/.venv/lib/python3.12/site-packages/polars/dataframe/frame.py", line 5521, in filter
    .collect(optimizations=QueryOptFlags._eager())
     ^^^^^^^^^^^^^^^^^^^^^^^^^^^^^^^^^^^^^^^^^^^^^
  File "/home/nvidia/sixwatch/.venv/lib/python3.12/site-packages/polars/_utils/deprecation.py", line 97, in wrapper
    return function(*args, **kwargs)
           ^^^^^^^^^^^^^^^^^^^^^^^^^
  File "/home/nvidia/sixwatch/.venv/lib/python3.12/site-packages/polars/lazyframe/opt_flags.py", line 343, in wrapper
    return function(*args, **kwargs)
           ^^^^^^^^^^^^^^^^^^^^^^^^^
  File "/home/nvidia/sixwatch/.venv/lib/python3.12/site-packages/polars/lazyframe/frame.py", line 2630, in collect
    return wrap_df(ldf.collect(engine, callback))
                   ^^^^^^^^^^^^^^^^^^^^^^^^^^^^^
polars.exceptions.ColumnNotFoundError: unable to find column "NumCalls"; valid columns: ["IncidentNumber", "DateOfCall", "CalYear", "HourOfCall", "IncidentGroup", "StopCodeDescription", "PropertyCategory", "IncGeo_BoroughName", "IncGeo_WardName", "Easting_rounded", "Northing_rounded", "IncidentStationGround", "FirstPumpArriving_AttendanceTime", "FirstPumpArriving_DeployedFromStation", "SecondPumpArriving_AttendanceTime", "SecondPumpArriving_DeployedFromStation", "NumPumpsAttending", "PumpMinutesRounded"]
Sat Jun  6 05:37:56 PM UTC 2026 patrol exited rc=0 — restarting in 5s
Traceback (most recent call last):
  File "/home/nvidia/sixwatch/agent.py", line 330, in <module>
    main()
  File "/home/nvidia/sixwatch/agent.py", line 326, in main
    patrol(speak=a.speak)
  File "/home/nvidia/sixwatch/agent.py", line 260, in patrol
    notables = d.filter(
               ^^^^^^^^^
  File "/home/nvidia/sixwatch/.venv/lib/python3.12/site-packages/polars/dataframe/frame.py", line 5521, in filter
    .collect(optimizations=QueryOptFlags._eager())
     ^^^^^^^^^^^^^^^^^^^^^^^^^^^^^^^^^^^^^^^^^^^^^
  File "/home/nvidia/sixwatch/.venv/lib/python3.12/site-packages/polars/_utils/deprecation.py", line 97, in wrapper
    return function(*args, **kwargs)
           ^^^^^^^^^^^^^^^^^^^^^^^^^
  File "/home/nvidia/sixwatch/.venv/lib/python3.12/site-packages/polars/lazyframe/opt_flags.py", line 343, in wrapper
    return function(*args, **kwargs)
           ^^^^^^^^^^^^^^^^^^^^^^^^^
  File "/home/nvidia/sixwatch/.venv/lib/python3.12/site-packages/polars/lazyframe/frame.py", line 2630, in collect
    return wrap_df(ldf.collect(engine, callback))
                   ^^^^^^^^^^^^^^^^^^^^^^^^^^^^^
polars.exceptions.ColumnNotFoundError: unable to find column "NumCalls"; valid columns: ["IncidentNumber", "DateOfCall", "CalYear", "HourOfCall", "IncidentGroup", "StopCodeDescription", "PropertyCategory", "IncGeo_BoroughName", "IncGeo_WardName", "Easting_rounded", "Northing_rounded", "IncidentStationGround", "FirstPumpArriving_AttendanceTime", "FirstPumpArriving_DeployedFromStation", "SecondPumpArriving_AttendanceTime", "SecondPumpArriving_DeployedFromStation", "NumPumpsAttending", "PumpMinutesRounded"]
Sat Jun  6 05:38:02 PM UTC 2026 patrol exited rc=0 — restarting in 5s
Traceback (most recent call last):
  File "/home/nvidia/sixwatch/agent.py", line 330, in <module>
    main()
  File "/home/nvidia/sixwatch/agent.py", line 326, in main
    patrol(speak=a.speak)
  File "/home/nvidia/sixwatch/agent.py", line 260, in patrol
    notables = d.filter(
               ^^^^^^^^^
  File "/home/nvidia/sixwatch/.venv/lib/python3.12/site-packages/polars/dataframe/frame.py", line 5521, in filter
    .collect(optimizations=QueryOptFlags._eager())
     ^^^^^^^^^^^^^^^^^^^^^^^^^^^^^^^^^^^^^^^^^^^^^
  File "/home/nvidia/sixwatch/.venv/lib/python3.12/site-packages/polars/_utils/deprecation.py", line 97, in wrapper
    return function(*args, **kwargs)
           ^^^^^^^^^^^^^^^^^^^^^^^^^
  File "/home/nvidia/sixwatch/.venv/lib/python3.12/site-packages/polars/lazyframe/opt_flags.py", line 343, in wrapper
    return function(*args, **kwargs)
           ^^^^^^^^^^^^^^^^^^^^^^^^^
  File "/home/nvidia/sixwatch/.venv/lib/python3.12/site-packages/polars/lazyframe/frame.py", line 2630, in collect
    return wrap_df(ldf.collect(engine, callback))
                   ^^^^^^^^^^^^^^^^^^^^^^^^^^^^^
polars.exceptions.ColumnNotFoundError: unable to find column "NumCalls"; valid columns: ["IncidentNumber", "DateOfCall", "CalYear", "HourOfCall", "IncidentGroup", "StopCodeDescription", "PropertyCategory", "IncGeo_BoroughName", "IncGeo_WardName", "Easting_rounded", "Northing_rounded", "IncidentStationGround", "FirstPumpArriving_AttendanceTime", "FirstPumpArriving_DeployedFromStation", "SecondPumpArriving_AttendanceTime", "SecondPumpArriving_DeployedFromStation", "NumPumpsAttending", "PumpMinutesRounded"]
Sat Jun  6 05:38:07 PM UTC 2026 patrol exited rc=0 — restarting in 5s
Traceback (most recent call last):
  File "/home/nvidia/sixwatch/agent.py", line 330, in <module>
    main()
  File "/home/nvidia/sixwatch/agent.py", line 326, in main
    patrol(speak=a.speak)
  File "/home/nvidia/sixwatch/agent.py", line 260, in patrol
    notables = d.filter(
               ^^^^^^^^^
  File "/home/nvidia/sixwatch/.venv/lib/python3.12/site-packages/polars/dataframe/frame.py", line 5521, in filter
    .collect(optimizations=QueryOptFlags._eager())
     ^^^^^^^^^^^^^^^^^^^^^^^^^^^^^^^^^^^^^^^^^^^^^
  File "/home/nvidia/sixwatch/.venv/lib/python3.12/site-packages/polars/_utils/deprecation.py", line 97, in wrapper
    return function(*args, **kwargs)
           ^^^^^^^^^^^^^^^^^^^^^^^^^
  File "/home/nvidia/sixwatch/.venv/lib/python3.12/site-packages/polars/lazyframe/opt_flags.py", line 343, in wrapper
    return function(*args, **kwargs)
           ^^^^^^^^^^^^^^^^^^^^^^^^^
  File "/home/nvidia/sixwatch/.venv/lib/python3.12/site-packages/polars/lazyframe/frame.py", line 2630, in collect
    return wrap_df(ldf.collect(engine, callback))
                   ^^^^^^^^^^^^^^^^^^^^^^^^^^^^^
polars.exceptions.ColumnNotFoundError: unable to find column "NumCalls"; valid columns: ["IncidentNumber", "DateOfCall", "CalYear", "HourOfCall", "IncidentGroup", "StopCodeDescription", "PropertyCategory", "IncGeo_BoroughName", "IncGeo_WardName", "Easting_rounded", "Northing_rounded", "IncidentStationGround", "FirstPumpArriving_AttendanceTime", "FirstPumpArriving_DeployedFromStation", "SecondPumpArriving_AttendanceTime", "SecondPumpArriving_DeployedFromStation", "NumPumpsAttending", "PumpMinutesRounded"]
Sat Jun  6 05:38:13 PM UTC 2026 patrol exited rc=0 — restarting in 5s
Traceback (most recent call last):
  File "/home/nvidia/sixwatch/agent.py", line 330, in <module>
    main()
  File "/home/nvidia/sixwatch/agent.py", line 326, in main
    patrol(speak=a.speak)
  File "/home/nvidia/sixwatch/agent.py", line 260, in patrol
    notables = d.filter(
               ^^^^^^^^^
  File "/home/nvidia/sixwatch/.venv/lib/python3.12/site-packages/polars/dataframe/frame.py", line 5521, in filter
    .collect(optimizations=QueryOptFlags._eager())
     ^^^^^^^^^^^^^^^^^^^^^^^^^^^^^^^^^^^^^^^^^^^^^
  File "/home/nvidia/sixwatch/.venv/lib/python3.12/site-packages/polars/_utils/deprecation.py", line 97, in wrapper
    return function(*args, **kwargs)
           ^^^^^^^^^^^^^^^^^^^^^^^^^
  File "/home/nvidia/sixwatch/.venv/lib/python3.12/site-packages/polars/lazyframe/opt_flags.py", line 343, in wrapper
    return function(*args, **kwargs)
           ^^^^^^^^^^^^^^^^^^^^^^^^^
  File "/home/nvidia/sixwatch/.venv/lib/python3.12/site-packages/polars/lazyframe/frame.py", line 2630, in collect
    return wrap_df(ldf.collect(engine, callback))
                   ^^^^^^^^^^^^^^^^^^^^^^^^^^^^^
polars.exceptions.ColumnNotFoundError: unable to find column "NumCalls"; valid columns: ["IncidentNumber", "DateOfCall", "CalYear", "HourOfCall", "IncidentGroup", "StopCodeDescription", "PropertyCategory", "IncGeo_BoroughName", "IncGeo_WardName", "Easting_rounded", "Northing_rounded", "IncidentStationGround", "FirstPumpArriving_AttendanceTime", "FirstPumpArriving_DeployedFromStation", "SecondPumpArriving_AttendanceTime", "SecondPumpArriving_DeployedFromStation", "NumPumpsAttending", "PumpMinutesRounded"]
Sat Jun  6 05:38:18 PM UTC 2026 patrol exited rc=0 — restarting in 5s
Traceback (most recent call last):
  File "/home/nvidia/sixwatch/agent.py", line 330, in <module>
    main()
  File "/home/nvidia/sixwatch/agent.py", line 326, in main
    patrol(speak=a.speak)
  File "/home/nvidia/sixwatch/agent.py", line 260, in patrol
    notables = d.filter(
               ^^^^^^^^^
  File "/home/nvidia/sixwatch/.venv/lib/python3.12/site-packages/polars/dataframe/frame.py", line 5521, in filter
    .collect(optimizations=QueryOptFlags._eager())
     ^^^^^^^^^^^^^^^^^^^^^^^^^^^^^^^^^^^^^^^^^^^^^
  File "/home/nvidia/sixwatch/.venv/lib/python3.12/site-packages/polars/_utils/deprecation.py", line 97, in wrapper
    return function(*args, **kwargs)
           ^^^^^^^^^^^^^^^^^^^^^^^^^
  File "/home/nvidia/sixwatch/.venv/lib/python3.12/site-packages/polars/lazyframe/opt_flags.py", line 343, in wrapper
    return function(*args, **kwargs)
           ^^^^^^^^^^^^^^^^^^^^^^^^^
  File "/home/nvidia/sixwatch/.venv/lib/python3.12/site-packages/polars/lazyframe/frame.py", line 2630, in collect
    return wrap_df(ldf.collect(engine, callback))
                   ^^^^^^^^^^^^^^^^^^^^^^^^^^^^^
polars.exceptions.ColumnNotFoundError: unable to find column "NumCalls"; valid columns: ["IncidentNumber", "DateOfCall", "CalYear", "HourOfCall", "IncidentGroup", "StopCodeDescription", "PropertyCategory", "IncGeo_BoroughName", "IncGeo_WardName", "Easting_rounded", "Northing_rounded", "IncidentStationGround", "FirstPumpArriving_AttendanceTime", "FirstPumpArriving_DeployedFromStation", "SecondPumpArriving_AttendanceTime", "SecondPumpArriving_DeployedFromStation", "NumPumpsAttending", "PumpMinutesRounded"]
Sat Jun  6 05:38:24 PM UTC 2026 patrol exited rc=0 — restarting in 5s
Traceback (most recent call last):
  File "/home/nvidia/sixwatch/agent.py", line 330, in <module>
    main()
  File "/home/nvidia/sixwatch/agent.py", line 326, in main
    patrol(speak=a.speak)
  File "/home/nvidia/sixwatch/agent.py", line 260, in patrol
    notables = d.filter(
               ^^^^^^^^^
  File "/home/nvidia/sixwatch/.venv/lib/python3.12/site-packages/polars/dataframe/frame.py", line 5521, in filter
    .collect(optimizations=QueryOptFlags._eager())
     ^^^^^^^^^^^^^^^^^^^^^^^^^^^^^^^^^^^^^^^^^^^^^
  File "/home/nvidia/sixwatch/.venv/lib/python3.12/site-packages/polars/_utils/deprecation.py", line 97, in wrapper
    return function(*args, **kwargs)
           ^^^^^^^^^^^^^^^^^^^^^^^^^
  File "/home/nvidia/sixwatch/.venv/lib/python3.12/site-packages/polars/lazyframe/opt_flags.py", line 343, in wrapper
    return function(*args, **kwargs)
           ^^^^^^^^^^^^^^^^^^^^^^^^^
  File "/home/nvidia/sixwatch/.venv/lib/python3.12/site-packages/polars/lazyframe/frame.py", line 2630, in collect
    return wrap_df(ldf.collect(engine, callback))
                   ^^^^^^^^^^^^^^^^^^^^^^^^^^^^^
polars.exceptions.ColumnNotFoundError: unable to find column "NumCalls"; valid columns: ["IncidentNumber", "DateOfCall", "CalYear", "HourOfCall", "IncidentGroup", "StopCodeDescription", "PropertyCategory", "IncGeo_BoroughName", "IncGeo_WardName", "Easting_rounded", "Northing_rounded", "IncidentStationGround", "FirstPumpArriving_AttendanceTime", "FirstPumpArriving_DeployedFromStation", "SecondPumpArriving_AttendanceTime", "SecondPumpArriving_DeployedFromStation", "NumPumpsAttending", "PumpMinutesRounded"]
Sat Jun  6 05:38:29 PM UTC 2026 patrol exited rc=0 — restarting in 5s
Traceback (most recent call last):
  File "/home/nvidia/sixwatch/agent.py", line 330, in <module>
    main()
  File "/home/nvidia/sixwatch/agent.py", line 326, in main
    patrol(speak=a.speak)
  File "/home/nvidia/sixwatch/agent.py", line 260, in patrol
    notables = d.filter(
               ^^^^^^^^^
  File "/home/nvidia/sixwatch/.venv/lib/python3.12/site-packages/polars/dataframe/frame.py", line 5521, in filter
    .collect(optimizations=QueryOptFlags._eager())
     ^^^^^^^^^^^^^^^^^^^^^^^^^^^^^^^^^^^^^^^^^^^^^
  File "/home/nvidia/sixwatch/.venv/lib/python3.12/site-packages/polars/_utils/deprecation.py", line 97, in wrapper
    return function(*args, **kwargs)
           ^^^^^^^^^^^^^^^^^^^^^^^^^
  File "/home/nvidia/sixwatch/.venv/lib/python3.12/site-packages/polars/lazyframe/opt_flags.py", line 343, in wrapper
    return function(*args, **kwargs)
           ^^^^^^^^^^^^^^^^^^^^^^^^^
  File "/home/nvidia/sixwatch/.venv/lib/python3.12/site-packages/polars/lazyframe/frame.py", line 2630, in collect
    return wrap_df(ldf.collect(engine, callback))
                   ^^^^^^^^^^^^^^^^^^^^^^^^^^^^^
polars.exceptions.ColumnNotFoundError: unable to find column "NumCalls"; valid columns: ["IncidentNumber", "DateOfCall", "CalYear", "HourOfCall", "IncidentGroup", "StopCodeDescription", "PropertyCategory", "IncGeo_BoroughName", "IncGeo_WardName", "Easting_rounded", "Northing_rounded", "IncidentStationGround", "FirstPumpArriving_AttendanceTime", "FirstPumpArriving_DeployedFromStation", "SecondPumpArriving_AttendanceTime", "SecondPumpArriving_DeployedFromStation", "NumPumpsAttending", "PumpMinutesRounded"]
Sat Jun  6 05:38:35 PM UTC 2026 patrol exited rc=0 — restarting in 5s
Traceback (most recent call last):
  File "/home/nvidia/sixwatch/agent.py", line 330, in <module>
    main()
  File "/home/nvidia/sixwatch/agent.py", line 326, in main
    patrol(speak=a.speak)
  File "/home/nvidia/sixwatch/agent.py", line 260, in patrol
    notables = d.filter(
               ^^^^^^^^^
  File "/home/nvidia/sixwatch/.venv/lib/python3.12/site-packages/polars/dataframe/frame.py", line 5521, in filter
    .collect(optimizations=QueryOptFlags._eager())
     ^^^^^^^^^^^^^^^^^^^^^^^^^^^^^^^^^^^^^^^^^^^^^
  File "/home/nvidia/sixwatch/.venv/lib/python3.12/site-packages/polars/_utils/deprecation.py", line 97, in wrapper
    return function(*args, **kwargs)
           ^^^^^^^^^^^^^^^^^^^^^^^^^
  File "/home/nvidia/sixwatch/.venv/lib/python3.12/site-packages/polars/lazyframe/opt_flags.py", line 343, in wrapper
    return function(*args, **kwargs)
           ^^^^^^^^^^^^^^^^^^^^^^^^^
  File "/home/nvidia/sixwatch/.venv/lib/python3.12/site-packages/polars/lazyframe/frame.py", line 2630, in collect
    return wrap_df(ldf.collect(engine, callback))
                   ^^^^^^^^^^^^^^^^^^^^^^^^^^^^^
polars.exceptions.ColumnNotFoundError: unable to find column "NumCalls"; valid columns: ["IncidentNumber", "DateOfCall", "CalYear", "HourOfCall", "IncidentGroup", "StopCodeDescription", "PropertyCategory", "IncGeo_BoroughName", "IncGeo_WardName", "Easting_rounded", "Northing_rounded", "IncidentStationGround", "FirstPumpArriving_AttendanceTime", "FirstPumpArriving_DeployedFromStation", "SecondPumpArriving_AttendanceTime", "SecondPumpArriving_DeployedFromStation", "NumPumpsAttending", "PumpMinutesRounded"]
Sat Jun  6 05:38:40 PM UTC 2026 patrol exited rc=0 — restarting in 5s
Traceback (most recent call last):
  File "/home/nvidia/sixwatch/agent.py", line 330, in <module>
    main()
  File "/home/nvidia/sixwatch/agent.py", line 326, in main
    patrol(speak=a.speak)
  File "/home/nvidia/sixwatch/agent.py", line 260, in patrol
    notables = d.filter(
               ^^^^^^^^^
  File "/home/nvidia/sixwatch/.venv/lib/python3.12/site-packages/polars/dataframe/frame.py", line 5521, in filter
    .collect(optimizations=QueryOptFlags._eager())
     ^^^^^^^^^^^^^^^^^^^^^^^^^^^^^^^^^^^^^^^^^^^^^
  File "/home/nvidia/sixwatch/.venv/lib/python3.12/site-packages/polars/_utils/deprecation.py", line 97, in wrapper
    return function(*args, **kwargs)
           ^^^^^^^^^^^^^^^^^^^^^^^^^
  File "/home/nvidia/sixwatch/.venv/lib/python3.12/site-packages/polars/lazyframe/opt_flags.py", line 343, in wrapper
    return function(*args, **kwargs)
           ^^^^^^^^^^^^^^^^^^^^^^^^^
  File "/home/nvidia/sixwatch/.venv/lib/python3.12/site-packages/polars/lazyframe/frame.py", line 2630, in collect
    return wrap_df(ldf.collect(engine, callback))
                   ^^^^^^^^^^^^^^^^^^^^^^^^^^^^^
polars.exceptions.ColumnNotFoundError: unable to find column "NumCalls"; valid columns: ["IncidentNumber", "DateOfCall", "CalYear", "HourOfCall", "IncidentGroup", "StopCodeDescription", "PropertyCategory", "IncGeo_BoroughName", "IncGeo_WardName", "Easting_rounded", "Northing_rounded", "IncidentStationGround", "FirstPumpArriving_AttendanceTime", "FirstPumpArriving_DeployedFromStation", "SecondPumpArriving_AttendanceTime", "SecondPumpArriving_DeployedFromStation", "NumPumpsAttending", "PumpMinutesRounded"]
Sat Jun  6 05:38:46 PM UTC 2026 patrol exited rc=0 — restarting in 5s
Traceback (most recent call last):
  File "/home/nvidia/sixwatch/agent.py", line 330, in <module>
    main()
  File "/home/nvidia/sixwatch/agent.py", line 326, in main
    patrol(speak=a.speak)
  File "/home/nvidia/sixwatch/agent.py", line 260, in patrol
    notables = d.filter(
               ^^^^^^^^^
  File "/home/nvidia/sixwatch/.venv/lib/python3.12/site-packages/polars/dataframe/frame.py", line 5521, in filter
    .collect(optimizations=QueryOptFlags._eager())
     ^^^^^^^^^^^^^^^^^^^^^^^^^^^^^^^^^^^^^^^^^^^^^
  File "/home/nvidia/sixwatch/.venv/lib/python3.12/site-packages/polars/_utils/deprecation.py", line 97, in wrapper
    return function(*args, **kwargs)
           ^^^^^^^^^^^^^^^^^^^^^^^^^
  File "/home/nvidia/sixwatch/.venv/lib/python3.12/site-packages/polars/lazyframe/opt_flags.py", line 343, in wrapper
    return function(*args, **kwargs)
           ^^^^^^^^^^^^^^^^^^^^^^^^^
  File "/home/nvidia/sixwatch/.venv/lib/python3.12/site-packages/polars/lazyframe/frame.py", line 2630, in collect
    return wrap_df(ldf.collect(engine, callback))
                   ^^^^^^^^^^^^^^^^^^^^^^^^^^^^^
polars.exceptions.ColumnNotFoundError: unable to find column "NumCalls"; valid columns: ["IncidentNumber", "DateOfCall", "CalYear", "HourOfCall", "IncidentGroup", "StopCodeDescription", "PropertyCategory", "IncGeo_BoroughName", "IncGeo_WardName", "Easting_rounded", "Northing_rounded", "IncidentStationGround", "FirstPumpArriving_AttendanceTime", "FirstPumpArriving_DeployedFromStation", "SecondPumpArriving_AttendanceTime", "SecondPumpArriving_DeployedFromStation", "NumPumpsAttending", "PumpMinutesRounded"]
Sat Jun  6 05:38:51 PM UTC 2026 patrol exited rc=0 — restarting in 5s
Traceback (most recent call last):
  File "/home/nvidia/sixwatch/agent.py", line 330, in <module>
    main()
  File "/home/nvidia/sixwatch/agent.py", line 326, in main
    patrol(speak=a.speak)
  File "/home/nvidia/sixwatch/agent.py", line 260, in patrol
    notables = d.filter(
               ^^^^^^^^^
  File "/home/nvidia/sixwatch/.venv/lib/python3.12/site-packages/polars/dataframe/frame.py", line 5521, in filter
    .collect(optimizations=QueryOptFlags._eager())
     ^^^^^^^^^^^^^^^^^^^^^^^^^^^^^^^^^^^^^^^^^^^^^
  File "/home/nvidia/sixwatch/.venv/lib/python3.12/site-packages/polars/_utils/deprecation.py", line 97, in wrapper
    return function(*args, **kwargs)
           ^^^^^^^^^^^^^^^^^^^^^^^^^
  File "/home/nvidia/sixwatch/.venv/lib/python3.12/site-packages/polars/lazyframe/opt_flags.py", line 343, in wrapper
    return function(*args, **kwargs)
           ^^^^^^^^^^^^^^^^^^^^^^^^^
  File "/home/nvidia/sixwatch/.venv/lib/python3.12/site-packages/polars/lazyframe/frame.py", line 2630, in collect
    return wrap_df(ldf.collect(engine, callback))
                   ^^^^^^^^^^^^^^^^^^^^^^^^^^^^^
polars.exceptions.ColumnNotFoundError: unable to find column "NumCalls"; valid columns: ["IncidentNumber", "DateOfCall", "CalYear", "HourOfCall", "IncidentGroup", "StopCodeDescription", "PropertyCategory", "IncGeo_BoroughName", "IncGeo_WardName", "Easting_rounded", "Northing_rounded", "IncidentStationGround", "FirstPumpArriving_AttendanceTime", "FirstPumpArriving_DeployedFromStation", "SecondPumpArriving_AttendanceTime", "SecondPumpArriving_DeployedFromStation", "NumPumpsAttending", "PumpMinutesRounded"]
Sat Jun  6 05:38:57 PM UTC 2026 patrol exited rc=0 — restarting in 5s
Traceback (most recent call last):
  File "/home/nvidia/sixwatch/agent.py", line 330, in <module>
    main()
  File "/home/nvidia/sixwatch/agent.py", line 326, in main
    patrol(speak=a.speak)
  File "/home/nvidia/sixwatch/agent.py", line 260, in patrol
    notables = d.filter(
               ^^^^^^^^^
  File "/home/nvidia/sixwatch/.venv/lib/python3.12/site-packages/polars/dataframe/frame.py", line 5521, in filter
    .collect(optimizations=QueryOptFlags._eager())
     ^^^^^^^^^^^^^^^^^^^^^^^^^^^^^^^^^^^^^^^^^^^^^
  File "/home/nvidia/sixwatch/.venv/lib/python3.12/site-packages/polars/_utils/deprecation.py", line 97, in wrapper
    return function(*args, **kwargs)
           ^^^^^^^^^^^^^^^^^^^^^^^^^
  File "/home/nvidia/sixwatch/.venv/lib/python3.12/site-packages/polars/lazyframe/opt_flags.py", line 343, in wrapper
    return function(*args, **kwargs)
           ^^^^^^^^^^^^^^^^^^^^^^^^^
  File "/home/nvidia/sixwatch/.venv/lib/python3.12/site-packages/polars/lazyframe/frame.py", line 2630, in collect
    return wrap_df(ldf.collect(engine, callback))
                   ^^^^^^^^^^^^^^^^^^^^^^^^^^^^^
polars.exceptions.ColumnNotFoundError: unable to find column "NumCalls"; valid columns: ["IncidentNumber", "DateOfCall", "CalYear", "HourOfCall", "IncidentGroup", "StopCodeDescription", "PropertyCategory", "IncGeo_BoroughName", "IncGeo_WardName", "Easting_rounded", "Northing_rounded", "IncidentStationGround", "FirstPumpArriving_AttendanceTime", "FirstPumpArriving_DeployedFromStation", "SecondPumpArriving_AttendanceTime", "SecondPumpArriving_DeployedFromStation", "NumPumpsAttending", "PumpMinutesRounded"]
Sat Jun  6 05:39:02 PM UTC 2026 patrol exited rc=0 — restarting in 5s
Traceback (most recent call last):
  File "/home/nvidia/sixwatch/agent.py", line 330, in <module>
    main()
  File "/home/nvidia/sixwatch/agent.py", line 326, in main
    patrol(speak=a.speak)
  File "/home/nvidia/sixwatch/agent.py", line 260, in patrol
    notables = d.filter(
               ^^^^^^^^^
  File "/home/nvidia/sixwatch/.venv/lib/python3.12/site-packages/polars/dataframe/frame.py", line 5521, in filter
    .collect(optimizations=QueryOptFlags._eager())
     ^^^^^^^^^^^^^^^^^^^^^^^^^^^^^^^^^^^^^^^^^^^^^
  File "/home/nvidia/sixwatch/.venv/lib/python3.12/site-packages/polars/_utils/deprecation.py", line 97, in wrapper
    return function(*args, **kwargs)
           ^^^^^^^^^^^^^^^^^^^^^^^^^
  File "/home/nvidia/sixwatch/.venv/lib/python3.12/site-packages/polars/lazyframe/opt_flags.py", line 343, in wrapper
    return function(*args, **kwargs)
           ^^^^^^^^^^^^^^^^^^^^^^^^^
  File "/home/nvidia/sixwatch/.venv/lib/python3.12/site-packages/polars/lazyframe/frame.py", line 2630, in collect
    return wrap_df(ldf.collect(engine, callback))
                   ^^^^^^^^^^^^^^^^^^^^^^^^^^^^^
polars.exceptions.ColumnNotFoundError: unable to find column "NumCalls"; valid columns: ["IncidentNumber", "DateOfCall", "CalYear", "HourOfCall", "IncidentGroup", "StopCodeDescription", "PropertyCategory", "IncGeo_BoroughName", "IncGeo_WardName", "Easting_rounded", "Northing_rounded", "IncidentStationGround", "FirstPumpArriving_AttendanceTime", "FirstPumpArriving_DeployedFromStation", "SecondPumpArriving_AttendanceTime", "SecondPumpArriving_DeployedFromStation", "NumPumpsAttending", "PumpMinutesRounded"]
Sat Jun  6 05:39:08 PM UTC 2026 patrol exited rc=0 — restarting in 5s
Traceback (most recent call last):
  File "/home/nvidia/sixwatch/agent.py", line 330, in <module>
    main()
  File "/home/nvidia/sixwatch/agent.py", line 326, in main
    patrol(speak=a.speak)
  File "/home/nvidia/sixwatch/agent.py", line 260, in patrol
    notables = d.filter(
               ^^^^^^^^^
  File "/home/nvidia/sixwatch/.venv/lib/python3.12/site-packages/polars/dataframe/frame.py", line 5521, in filter
    .collect(optimizations=QueryOptFlags._eager())
     ^^^^^^^^^^^^^^^^^^^^^^^^^^^^^^^^^^^^^^^^^^^^^
  File "/home/nvidia/sixwatch/.venv/lib/python3.12/site-packages/polars/_utils/deprecation.py", line 97, in wrapper
    return function(*args, **kwargs)
           ^^^^^^^^^^^^^^^^^^^^^^^^^
  File "/home/nvidia/sixwatch/.venv/lib/python3.12/site-packages/polars/lazyframe/opt_flags.py", line 343, in wrapper
    return function(*args, **kwargs)
           ^^^^^^^^^^^^^^^^^^^^^^^^^
  File "/home/nvidia/sixwatch/.venv/lib/python3.12/site-packages/polars/lazyframe/frame.py", line 2630, in collect
    return wrap_df(ldf.collect(engine, callback))
                   ^^^^^^^^^^^^^^^^^^^^^^^^^^^^^
polars.exceptions.ColumnNotFoundError: unable to find column "NumCalls"; valid columns: ["IncidentNumber", "DateOfCall", "CalYear", "HourOfCall", "IncidentGroup", "StopCodeDescription", "PropertyCategory", "IncGeo_BoroughName", "IncGeo_WardName", "Easting_rounded", "Northing_rounded", "IncidentStationGround", "FirstPumpArriving_AttendanceTime", "FirstPumpArriving_DeployedFromStation", "SecondPumpArriving_AttendanceTime", "SecondPumpArriving_DeployedFromStation", "NumPumpsAttending", "PumpMinutesRounded"]
Sat Jun  6 05:39:14 PM UTC 2026 patrol exited rc=0 — restarting in 5s
Traceback (most recent call last):
  File "/home/nvidia/sixwatch/agent.py", line 330, in <module>
    main()
  File "/home/nvidia/sixwatch/agent.py", line 326, in main
    patrol(speak=a.speak)
  File "/home/nvidia/sixwatch/agent.py", line 260, in patrol
    notables = d.filter(
               ^^^^^^^^^
  File "/home/nvidia/sixwatch/.venv/lib/python3.12/site-packages/polars/dataframe/frame.py", line 5521, in filter
    .collect(optimizations=QueryOptFlags._eager())
     ^^^^^^^^^^^^^^^^^^^^^^^^^^^^^^^^^^^^^^^^^^^^^
  File "/home/nvidia/sixwatch/.venv/lib/python3.12/site-packages/polars/_utils/deprecation.py", line 97, in wrapper
    return function(*args, **kwargs)
           ^^^^^^^^^^^^^^^^^^^^^^^^^
  File "/home/nvidia/sixwatch/.venv/lib/python3.12/site-packages/polars/lazyframe/opt_flags.py", line 343, in wrapper
    return function(*args, **kwargs)
           ^^^^^^^^^^^^^^^^^^^^^^^^^
  File "/home/nvidia/sixwatch/.venv/lib/python3.12/site-packages/polars/lazyframe/frame.py", line 2630, in collect
    return wrap_df(ldf.collect(engine, callback))
                   ^^^^^^^^^^^^^^^^^^^^^^^^^^^^^
polars.exceptions.ColumnNotFoundError: unable to find column "NumCalls"; valid columns: ["IncidentNumber", "DateOfCall", "CalYear", "HourOfCall", "IncidentGroup", "StopCodeDescription", "PropertyCategory", "IncGeo_BoroughName", "IncGeo_WardName", "Easting_rounded", "Northing_rounded", "IncidentStationGround", "FirstPumpArriving_AttendanceTime", "FirstPumpArriving_DeployedFromStation", "SecondPumpArriving_AttendanceTime", "SecondPumpArriving_DeployedFromStation", "NumPumpsAttending", "PumpMinutesRounded"]
Sat Jun  6 05:39:19 PM UTC 2026 patrol exited rc=0 — restarting in 5s
Traceback (most recent call last):
  File "/home/nvidia/sixwatch/agent.py", line 330, in <module>
    main()
  File "/home/nvidia/sixwatch/agent.py", line 326, in main
    patrol(speak=a.speak)
  File "/home/nvidia/sixwatch/agent.py", line 260, in patrol
    notables = d.filter(
               ^^^^^^^^^
  File "/home/nvidia/sixwatch/.venv/lib/python3.12/site-packages/polars/dataframe/frame.py", line 5521, in filter
    .collect(optimizations=QueryOptFlags._eager())
     ^^^^^^^^^^^^^^^^^^^^^^^^^^^^^^^^^^^^^^^^^^^^^
  File "/home/nvidia/sixwatch/.venv/lib/python3.12/site-packages/polars/_utils/deprecation.py", line 97, in wrapper
    return function(*args, **kwargs)
           ^^^^^^^^^^^^^^^^^^^^^^^^^
  File "/home/nvidia/sixwatch/.venv/lib/python3.12/site-packages/polars/lazyframe/opt_flags.py", line 343, in wrapper
    return function(*args, **kwargs)
           ^^^^^^^^^^^^^^^^^^^^^^^^^
  File "/home/nvidia/sixwatch/.venv/lib/python3.12/site-packages/polars/lazyframe/frame.py", line 2630, in collect
    return wrap_df(ldf.collect(engine, callback))
                   ^^^^^^^^^^^^^^^^^^^^^^^^^^^^^
polars.exceptions.ColumnNotFoundError: unable to find column "NumCalls"; valid columns: ["IncidentNumber", "DateOfCall", "CalYear", "HourOfCall", "IncidentGroup", "StopCodeDescription", "PropertyCategory", "IncGeo_BoroughName", "IncGeo_WardName", "Easting_rounded", "Northing_rounded", "IncidentStationGround", "FirstPumpArriving_AttendanceTime", "FirstPumpArriving_DeployedFromStation", "SecondPumpArriving_AttendanceTime", "SecondPumpArriving_DeployedFromStation", "NumPumpsAttending", "PumpMinutesRounded"]
Sat Jun  6 05:39:25 PM UTC 2026 patrol exited rc=0 — restarting in 5s
Traceback (most recent call last):
  File "/home/nvidia/sixwatch/agent.py", line 330, in <module>
    main()
  File "/home/nvidia/sixwatch/agent.py", line 326, in main
    patrol(speak=a.speak)
  File "/home/nvidia/sixwatch/agent.py", line 260, in patrol
    notables = d.filter(
               ^^^^^^^^^
  File "/home/nvidia/sixwatch/.venv/lib/python3.12/site-packages/polars/dataframe/frame.py", line 5521, in filter
    .collect(optimizations=QueryOptFlags._eager())
     ^^^^^^^^^^^^^^^^^^^^^^^^^^^^^^^^^^^^^^^^^^^^^
  File "/home/nvidia/sixwatch/.venv/lib/python3.12/site-packages/polars/_utils/deprecation.py", line 97, in wrapper
    return function(*args, **kwargs)
           ^^^^^^^^^^^^^^^^^^^^^^^^^
  File "/home/nvidia/sixwatch/.venv/lib/python3.12/site-packages/polars/lazyframe/opt_flags.py", line 343, in wrapper
    return function(*args, **kwargs)
           ^^^^^^^^^^^^^^^^^^^^^^^^^
  File "/home/nvidia/sixwatch/.venv/lib/python3.12/site-packages/polars/lazyframe/frame.py", line 2630, in collect
    return wrap_df(ldf.collect(engine, callback))
                   ^^^^^^^^^^^^^^^^^^^^^^^^^^^^^
polars.exceptions.ColumnNotFoundError: unable to find column "NumCalls"; valid columns: ["IncidentNumber", "DateOfCall", "CalYear", "HourOfCall", "IncidentGroup", "StopCodeDescription", "PropertyCategory", "IncGeo_BoroughName", "IncGeo_WardName", "Easting_rounded", "Northing_rounded", "IncidentStationGround", "FirstPumpArriving_AttendanceTime", "FirstPumpArriving_DeployedFromStation", "SecondPumpArriving_AttendanceTime", "SecondPumpArriving_DeployedFromStation", "NumPumpsAttending", "PumpMinutesRounded"]
Sat Jun  6 05:39:30 PM UTC 2026 patrol exited rc=0 — restarting in 5s
Traceback (most recent call last):
  File "/home/nvidia/sixwatch/agent.py", line 330, in <module>
    main()
  File "/home/nvidia/sixwatch/agent.py", line 326, in main
    patrol(speak=a.speak)
  File "/home/nvidia/sixwatch/agent.py", line 260, in patrol
    notables = d.filter(
               ^^^^^^^^^
  File "/home/nvidia/sixwatch/.venv/lib/python3.12/site-packages/polars/dataframe/frame.py", line 5521, in filter
    .collect(optimizations=QueryOptFlags._eager())
     ^^^^^^^^^^^^^^^^^^^^^^^^^^^^^^^^^^^^^^^^^^^^^
  File "/home/nvidia/sixwatch/.venv/lib/python3.12/site-packages/polars/_utils/deprecation.py", line 97, in wrapper
    return function(*args, **kwargs)
           ^^^^^^^^^^^^^^^^^^^^^^^^^
  File "/home/nvidia/sixwatch/.venv/lib/python3.12/site-packages/polars/lazyframe/opt_flags.py", line 343, in wrapper
    return function(*args, **kwargs)
           ^^^^^^^^^^^^^^^^^^^^^^^^^
  File "/home/nvidia/sixwatch/.venv/lib/python3.12/site-packages/polars/lazyframe/frame.py", line 2630, in collect
    return wrap_df(ldf.collect(engine, callback))
                   ^^^^^^^^^^^^^^^^^^^^^^^^^^^^^
polars.exceptions.ColumnNotFoundError: unable to find column "NumCalls"; valid columns: ["IncidentNumber", "DateOfCall", "CalYear", "HourOfCall", "IncidentGroup", "StopCodeDescription", "PropertyCategory", "IncGeo_BoroughName", "IncGeo_WardName", "Easting_rounded", "Northing_rounded", "IncidentStationGround", "FirstPumpArriving_AttendanceTime", "FirstPumpArriving_DeployedFromStation", "SecondPumpArriving_AttendanceTime", "SecondPumpArriving_DeployedFromStation", "NumPumpsAttending", "PumpMinutesRounded"]
Sat Jun  6 05:39:36 PM UTC 2026 patrol exited rc=0 — restarting in 5s
Traceback (most recent call last):
  File "/home/nvidia/sixwatch/agent.py", line 330, in <module>
    main()
  File "/home/nvidia/sixwatch/agent.py", line 326, in main
    patrol(speak=a.speak)
  File "/home/nvidia/sixwatch/agent.py", line 260, in patrol
    notables = d.filter(
               ^^^^^^^^^
  File "/home/nvidia/sixwatch/.venv/lib/python3.12/site-packages/polars/dataframe/frame.py", line 5521, in filter
    .collect(optimizations=QueryOptFlags._eager())
     ^^^^^^^^^^^^^^^^^^^^^^^^^^^^^^^^^^^^^^^^^^^^^
  File "/home/nvidia/sixwatch/.venv/lib/python3.12/site-packages/polars/_utils/deprecation.py", line 97, in wrapper
    return function(*args, **kwargs)
           ^^^^^^^^^^^^^^^^^^^^^^^^^
  File "/home/nvidia/sixwatch/.venv/lib/python3.12/site-packages/polars/lazyframe/opt_flags.py", line 343, in wrapper
    return function(*args, **kwargs)
           ^^^^^^^^^^^^^^^^^^^^^^^^^
  File "/home/nvidia/sixwatch/.venv/lib/python3.12/site-packages/polars/lazyframe/frame.py", line 2630, in collect
    return wrap_df(ldf.collect(engine, callback))
                   ^^^^^^^^^^^^^^^^^^^^^^^^^^^^^
polars.exceptions.ColumnNotFoundError: unable to find column "NumCalls"; valid columns: ["IncidentNumber", "DateOfCall", "CalYear", "HourOfCall", "IncidentGroup", "StopCodeDescription", "PropertyCategory", "IncGeo_BoroughName", "IncGeo_WardName", "Easting_rounded", "Northing_rounded", "IncidentStationGround", "FirstPumpArriving_AttendanceTime", "FirstPumpArriving_DeployedFromStation", "SecondPumpArriving_AttendanceTime", "SecondPumpArriving_DeployedFromStation", "NumPumpsAttending", "PumpMinutesRounded"]
Sat Jun  6 05:39:41 PM UTC 2026 patrol exited rc=0 — restarting in 5s
Traceback (most recent call last):
  File "/home/nvidia/sixwatch/agent.py", line 330, in <module>
    main()
  File "/home/nvidia/sixwatch/agent.py", line 326, in main
    patrol(speak=a.speak)
  File "/home/nvidia/sixwatch/agent.py", line 260, in patrol
    notables = d.filter(
               ^^^^^^^^^
  File "/home/nvidia/sixwatch/.venv/lib/python3.12/site-packages/polars/dataframe/frame.py", line 5521, in filter
    .collect(optimizations=QueryOptFlags._eager())
     ^^^^^^^^^^^^^^^^^^^^^^^^^^^^^^^^^^^^^^^^^^^^^
  File "/home/nvidia/sixwatch/.venv/lib/python3.12/site-packages/polars/_utils/deprecation.py", line 97, in wrapper
    return function(*args, **kwargs)
           ^^^^^^^^^^^^^^^^^^^^^^^^^
  File "/home/nvidia/sixwatch/.venv/lib/python3.12/site-packages/polars/lazyframe/opt_flags.py", line 343, in wrapper
    return function(*args, **kwargs)
           ^^^^^^^^^^^^^^^^^^^^^^^^^
  File "/home/nvidia/sixwatch/.venv/lib/python3.12/site-packages/polars/lazyframe/frame.py", line 2630, in collect
    return wrap_df(ldf.collect(engine, callback))
                   ^^^^^^^^^^^^^^^^^^^^^^^^^^^^^
polars.exceptions.ColumnNotFoundError: unable to find column "NumCalls"; valid columns: ["IncidentNumber", "DateOfCall", "CalYear", "HourOfCall", "IncidentGroup", "StopCodeDescription", "PropertyCategory", "IncGeo_BoroughName", "IncGeo_WardName", "Easting_rounded", "Northing_rounded", "IncidentStationGround", "FirstPumpArriving_AttendanceTime", "FirstPumpArriving_DeployedFromStation", "SecondPumpArriving_AttendanceTime", "SecondPumpArriving_DeployedFromStation", "NumPumpsAttending", "PumpMinutesRounded"]
Sat Jun  6 05:39:47 PM UTC 2026 patrol exited rc=0 — restarting in 5s
Traceback (most recent call last):
  File "/home/nvidia/sixwatch/agent.py", line 330, in <module>
    main()
  File "/home/nvidia/sixwatch/agent.py", line 326, in main
    patrol(speak=a.speak)
  File "/home/nvidia/sixwatch/agent.py", line 260, in patrol
    notables = d.filter(
               ^^^^^^^^^
  File "/home/nvidia/sixwatch/.venv/lib/python3.12/site-packages/polars/dataframe/frame.py", line 5521, in filter
    .collect(optimizations=QueryOptFlags._eager())
     ^^^^^^^^^^^^^^^^^^^^^^^^^^^^^^^^^^^^^^^^^^^^^
  File "/home/nvidia/sixwatch/.venv/lib/python3.12/site-packages/polars/_utils/deprecation.py", line 97, in wrapper
    return function(*args, **kwargs)
           ^^^^^^^^^^^^^^^^^^^^^^^^^
  File "/home/nvidia/sixwatch/.venv/lib/python3.12/site-packages/polars/lazyframe/opt_flags.py", line 343, in wrapper
    return function(*args, **kwargs)
           ^^^^^^^^^^^^^^^^^^^^^^^^^
  File "/home/nvidia/sixwatch/.venv/lib/python3.12/site-packages/polars/lazyframe/frame.py", line 2630, in collect
    return wrap_df(ldf.collect(engine, callback))
                   ^^^^^^^^^^^^^^^^^^^^^^^^^^^^^
polars.exceptions.ColumnNotFoundError: unable to find column "NumCalls"; valid columns: ["IncidentNumber", "DateOfCall", "CalYear", "HourOfCall", "IncidentGroup", "StopCodeDescription", "PropertyCategory", "IncGeo_BoroughName", "IncGeo_WardName", "Easting_rounded", "Northing_rounded", "IncidentStationGround", "FirstPumpArriving_AttendanceTime", "FirstPumpArriving_DeployedFromStation", "SecondPumpArriving_AttendanceTime", "SecondPumpArriving_DeployedFromStation", "NumPumpsAttending", "PumpMinutesRounded"]
Sat Jun  6 05:39:52 PM UTC 2026 patrol exited rc=0 — restarting in 5s
Traceback (most recent call last):
  File "/home/nvidia/sixwatch/agent.py", line 330, in <module>
    main()
  File "/home/nvidia/sixwatch/agent.py", line 326, in main
    patrol(speak=a.speak)
  File "/home/nvidia/sixwatch/agent.py", line 260, in patrol
    notables = d.filter(
               ^^^^^^^^^
  File "/home/nvidia/sixwatch/.venv/lib/python3.12/site-packages/polars/dataframe/frame.py", line 5521, in filter
    .collect(optimizations=QueryOptFlags._eager())
     ^^^^^^^^^^^^^^^^^^^^^^^^^^^^^^^^^^^^^^^^^^^^^
  File "/home/nvidia/sixwatch/.venv/lib/python3.12/site-packages/polars/_utils/deprecation.py", line 97, in wrapper
    return function(*args, **kwargs)
           ^^^^^^^^^^^^^^^^^^^^^^^^^
  File "/home/nvidia/sixwatch/.venv/lib/python3.12/site-packages/polars/lazyframe/opt_flags.py", line 343, in wrapper
    return function(*args, **kwargs)
           ^^^^^^^^^^^^^^^^^^^^^^^^^
  File "/home/nvidia/sixwatch/.venv/lib/python3.12/site-packages/polars/lazyframe/frame.py", line 2630, in collect
    return wrap_df(ldf.collect(engine, callback))
                   ^^^^^^^^^^^^^^^^^^^^^^^^^^^^^
polars.exceptions.ColumnNotFoundError: unable to find column "NumCalls"; valid columns: ["IncidentNumber", "DateOfCall", "CalYear", "HourOfCall", "IncidentGroup", "StopCodeDescription", "PropertyCategory", "IncGeo_BoroughName", "IncGeo_WardName", "Easting_rounded", "Northing_rounded", "IncidentStationGround", "FirstPumpArriving_AttendanceTime", "FirstPumpArriving_DeployedFromStation", "SecondPumpArriving_AttendanceTime", "SecondPumpArriving_DeployedFromStation", "NumPumpsAttending", "PumpMinutesRounded"]
Sat Jun  6 05:39:58 PM UTC 2026 patrol exited rc=0 — restarting in 5s
Traceback (most recent call last):
  File "/home/nvidia/sixwatch/agent.py", line 330, in <module>
    main()
  File "/home/nvidia/sixwatch/agent.py", line 326, in main
    patrol(speak=a.speak)
  File "/home/nvidia/sixwatch/agent.py", line 260, in patrol
    notables = d.filter(
               ^^^^^^^^^
  File "/home/nvidia/sixwatch/.venv/lib/python3.12/site-packages/polars/dataframe/frame.py", line 5521, in filter
    .collect(optimizations=QueryOptFlags._eager())
     ^^^^^^^^^^^^^^^^^^^^^^^^^^^^^^^^^^^^^^^^^^^^^
  File "/home/nvidia/sixwatch/.venv/lib/python3.12/site-packages/polars/_utils/deprecation.py", line 97, in wrapper
    return function(*args, **kwargs)
           ^^^^^^^^^^^^^^^^^^^^^^^^^
  File "/home/nvidia/sixwatch/.venv/lib/python3.12/site-packages/polars/lazyframe/opt_flags.py", line 343, in wrapper
    return function(*args, **kwargs)
           ^^^^^^^^^^^^^^^^^^^^^^^^^
  File "/home/nvidia/sixwatch/.venv/lib/python3.12/site-packages/polars/lazyframe/frame.py", line 2630, in collect
    return wrap_df(ldf.collect(engine, callback))
                   ^^^^^^^^^^^^^^^^^^^^^^^^^^^^^
polars.exceptions.ColumnNotFoundError: unable to find column "NumCalls"; valid columns: ["IncidentNumber", "DateOfCall", "CalYear", "HourOfCall", "IncidentGroup", "StopCodeDescription", "PropertyCategory", "IncGeo_BoroughName", "IncGeo_WardName", "Easting_rounded", "Northing_rounded", "IncidentStationGround", "FirstPumpArriving_AttendanceTime", "FirstPumpArriving_DeployedFromStation", "SecondPumpArriving_AttendanceTime", "SecondPumpArriving_DeployedFromStation", "NumPumpsAttending", "PumpMinutesRounded"]
Sat Jun  6 05:40:03 PM UTC 2026 patrol exited rc=0 — restarting in 5s
Traceback (most recent call last):
  File "/home/nvidia/sixwatch/agent.py", line 330, in <module>
    main()
  File "/home/nvidia/sixwatch/agent.py", line 326, in main
    patrol(speak=a.speak)
  File "/home/nvidia/sixwatch/agent.py", line 260, in patrol
    notables = d.filter(
               ^^^^^^^^^
  File "/home/nvidia/sixwatch/.venv/lib/python3.12/site-packages/polars/dataframe/frame.py", line 5521, in filter
    .collect(optimizations=QueryOptFlags._eager())
     ^^^^^^^^^^^^^^^^^^^^^^^^^^^^^^^^^^^^^^^^^^^^^
  File "/home/nvidia/sixwatch/.venv/lib/python3.12/site-packages/polars/_utils/deprecation.py", line 97, in wrapper
    return function(*args, **kwargs)
           ^^^^^^^^^^^^^^^^^^^^^^^^^
  File "/home/nvidia/sixwatch/.venv/lib/python3.12/site-packages/polars/lazyframe/opt_flags.py", line 343, in wrapper
    return function(*args, **kwargs)
           ^^^^^^^^^^^^^^^^^^^^^^^^^
  File "/home/nvidia/sixwatch/.venv/lib/python3.12/site-packages/polars/lazyframe/frame.py", line 2630, in collect
    return wrap_df(ldf.collect(engine, callback))
                   ^^^^^^^^^^^^^^^^^^^^^^^^^^^^^
polars.exceptions.ColumnNotFoundError: unable to find column "NumCalls"; valid columns: ["IncidentNumber", "DateOfCall", "CalYear", "HourOfCall", "IncidentGroup", "StopCodeDescription", "PropertyCategory", "IncGeo_BoroughName", "IncGeo_WardName", "Easting_rounded", "Northing_rounded", "IncidentStationGround", "FirstPumpArriving_AttendanceTime", "FirstPumpArriving_DeployedFromStation", "SecondPumpArriving_AttendanceTime", "SecondPumpArriving_DeployedFromStation", "NumPumpsAttending", "PumpMinutesRounded"]
Sat Jun  6 05:40:09 PM UTC 2026 patrol exited rc=0 — restarting in 5s
Traceback (most recent call last):
  File "/home/nvidia/sixwatch/agent.py", line 330, in <module>
    main()
  File "/home/nvidia/sixwatch/agent.py", line 326, in main
    patrol(speak=a.speak)
  File "/home/nvidia/sixwatch/agent.py", line 260, in patrol
    notables = d.filter(
               ^^^^^^^^^
  File "/home/nvidia/sixwatch/.venv/lib/python3.12/site-packages/polars/dataframe/frame.py", line 5521, in filter
    .collect(optimizations=QueryOptFlags._eager())
     ^^^^^^^^^^^^^^^^^^^^^^^^^^^^^^^^^^^^^^^^^^^^^
  File "/home/nvidia/sixwatch/.venv/lib/python3.12/site-packages/polars/_utils/deprecation.py", line 97, in wrapper
    return function(*args, **kwargs)
           ^^^^^^^^^^^^^^^^^^^^^^^^^
  File "/home/nvidia/sixwatch/.venv/lib/python3.12/site-packages/polars/lazyframe/opt_flags.py", line 343, in wrapper
    return function(*args, **kwargs)
           ^^^^^^^^^^^^^^^^^^^^^^^^^
  File "/home/nvidia/sixwatch/.venv/lib/python3.12/site-packages/polars/lazyframe/frame.py", line 2630, in collect
    return wrap_df(ldf.collect(engine, callback))
                   ^^^^^^^^^^^^^^^^^^^^^^^^^^^^^
polars.exceptions.ColumnNotFoundError: unable to find column "NumCalls"; valid columns: ["IncidentNumber", "DateOfCall", "CalYear", "HourOfCall", "IncidentGroup", "StopCodeDescription", "PropertyCategory", "IncGeo_BoroughName", "IncGeo_WardName", "Easting_rounded", "Northing_rounded", "IncidentStationGround", "FirstPumpArriving_AttendanceTime", "FirstPumpArriving_DeployedFromStation", "SecondPumpArriving_AttendanceTime", "SecondPumpArriving_DeployedFromStation", "NumPumpsAttending", "PumpMinutesRounded"]
Sat Jun  6 05:40:14 PM UTC 2026 patrol exited rc=0 — restarting in 5s
Traceback (most recent call last):
  File "/home/nvidia/sixwatch/agent.py", line 330, in <module>
    main()
  File "/home/nvidia/sixwatch/agent.py", line 326, in main
    patrol(speak=a.speak)
  File "/home/nvidia/sixwatch/agent.py", line 260, in patrol
    notables = d.filter(
               ^^^^^^^^^
  File "/home/nvidia/sixwatch/.venv/lib/python3.12/site-packages/polars/dataframe/frame.py", line 5521, in filter
    .collect(optimizations=QueryOptFlags._eager())
     ^^^^^^^^^^^^^^^^^^^^^^^^^^^^^^^^^^^^^^^^^^^^^
  File "/home/nvidia/sixwatch/.venv/lib/python3.12/site-packages/polars/_utils/deprecation.py", line 97, in wrapper
    return function(*args, **kwargs)
           ^^^^^^^^^^^^^^^^^^^^^^^^^
  File "/home/nvidia/sixwatch/.venv/lib/python3.12/site-packages/polars/lazyframe/opt_flags.py", line 343, in wrapper
    return function(*args, **kwargs)
           ^^^^^^^^^^^^^^^^^^^^^^^^^
  File "/home/nvidia/sixwatch/.venv/lib/python3.12/site-packages/polars/lazyframe/frame.py", line 2630, in collect
    return wrap_df(ldf.collect(engine, callback))
                   ^^^^^^^^^^^^^^^^^^^^^^^^^^^^^
polars.exceptions.ColumnNotFoundError: unable to find column "NumCalls"; valid columns: ["IncidentNumber", "DateOfCall", "CalYear", "HourOfCall", "IncidentGroup", "StopCodeDescription", "PropertyCategory", "IncGeo_BoroughName", "IncGeo_WardName", "Easting_rounded", "Northing_rounded", "IncidentStationGround", "FirstPumpArriving_AttendanceTime", "FirstPumpArriving_DeployedFromStation", "SecondPumpArriving_AttendanceTime", "SecondPumpArriving_DeployedFromStation", "NumPumpsAttending", "PumpMinutesRounded"]
Sat Jun  6 05:40:20 PM UTC 2026 patrol exited rc=0 — restarting in 5s
Traceback (most recent call last):
  File "/home/nvidia/sixwatch/agent.py", line 330, in <module>
    main()
  File "/home/nvidia/sixwatch/agent.py", line 326, in main
    patrol(speak=a.speak)
  File "/home/nvidia/sixwatch/agent.py", line 260, in patrol
    notables = d.filter(
               ^^^^^^^^^
  File "/home/nvidia/sixwatch/.venv/lib/python3.12/site-packages/polars/dataframe/frame.py", line 5521, in filter
    .collect(optimizations=QueryOptFlags._eager())
     ^^^^^^^^^^^^^^^^^^^^^^^^^^^^^^^^^^^^^^^^^^^^^
  File "/home/nvidia/sixwatch/.venv/lib/python3.12/site-packages/polars/_utils/deprecation.py", line 97, in wrapper
    return function(*args, **kwargs)
           ^^^^^^^^^^^^^^^^^^^^^^^^^
  File "/home/nvidia/sixwatch/.venv/lib/python3.12/site-packages/polars/lazyframe/opt_flags.py", line 343, in wrapper
    return function(*args, **kwargs)
           ^^^^^^^^^^^^^^^^^^^^^^^^^
  File "/home/nvidia/sixwatch/.venv/lib/python3.12/site-packages/polars/lazyframe/frame.py", line 2630, in collect
    return wrap_df(ldf.collect(engine, callback))
                   ^^^^^^^^^^^^^^^^^^^^^^^^^^^^^
polars.exceptions.ColumnNotFoundError: unable to find column "NumCalls"; valid columns: ["IncidentNumber", "DateOfCall", "CalYear", "HourOfCall", "IncidentGroup", "StopCodeDescription", "PropertyCategory", "IncGeo_BoroughName", "IncGeo_WardName", "Easting_rounded", "Northing_rounded", "IncidentStationGround", "FirstPumpArriving_AttendanceTime", "FirstPumpArriving_DeployedFromStation", "SecondPumpArriving_AttendanceTime", "SecondPumpArriving_DeployedFromStation", "NumPumpsAttending", "PumpMinutesRounded"]
Sat Jun  6 05:40:25 PM UTC 2026 patrol exited rc=0 — restarting in 5s
Traceback (most recent call last):
  File "/home/nvidia/sixwatch/agent.py", line 330, in <module>
    main()
  File "/home/nvidia/sixwatch/agent.py", line 326, in main
    patrol(speak=a.speak)
  File "/home/nvidia/sixwatch/agent.py", line 260, in patrol
    notables = d.filter(
               ^^^^^^^^^
  File "/home/nvidia/sixwatch/.venv/lib/python3.12/site-packages/polars/dataframe/frame.py", line 5521, in filter
    .collect(optimizations=QueryOptFlags._eager())
     ^^^^^^^^^^^^^^^^^^^^^^^^^^^^^^^^^^^^^^^^^^^^^
  File "/home/nvidia/sixwatch/.venv/lib/python3.12/site-packages/polars/_utils/deprecation.py", line 97, in wrapper
    return function(*args, **kwargs)
           ^^^^^^^^^^^^^^^^^^^^^^^^^
  File "/home/nvidia/sixwatch/.venv/lib/python3.12/site-packages/polars/lazyframe/opt_flags.py", line 343, in wrapper
    return function(*args, **kwargs)
           ^^^^^^^^^^^^^^^^^^^^^^^^^
  File "/home/nvidia/sixwatch/.venv/lib/python3.12/site-packages/polars/lazyframe/frame.py", line 2630, in collect
    return wrap_df(ldf.collect(engine, callback))
                   ^^^^^^^^^^^^^^^^^^^^^^^^^^^^^
polars.exceptions.ColumnNotFoundError: unable to find column "NumCalls"; valid columns: ["IncidentNumber", "DateOfCall", "CalYear", "HourOfCall", "IncidentGroup", "StopCodeDescription", "PropertyCategory", "IncGeo_BoroughName", "IncGeo_WardName", "Easting_rounded", "Northing_rounded", "IncidentStationGround", "FirstPumpArriving_AttendanceTime", "FirstPumpArriving_DeployedFromStation", "SecondPumpArriving_AttendanceTime", "SecondPumpArriving_DeployedFromStation", "NumPumpsAttending", "PumpMinutesRounded"]
Sat Jun  6 05:40:31 PM UTC 2026 patrol exited rc=0 — restarting in 5s
Traceback (most recent call last):
  File "/home/nvidia/sixwatch/agent.py", line 330, in <module>
    main()
  File "/home/nvidia/sixwatch/agent.py", line 326, in main
    patrol(speak=a.speak)
  File "/home/nvidia/sixwatch/agent.py", line 260, in patrol
    notables = d.filter(
               ^^^^^^^^^
  File "/home/nvidia/sixwatch/.venv/lib/python3.12/site-packages/polars/dataframe/frame.py", line 5521, in filter
    .collect(optimizations=QueryOptFlags._eager())
     ^^^^^^^^^^^^^^^^^^^^^^^^^^^^^^^^^^^^^^^^^^^^^
  File "/home/nvidia/sixwatch/.venv/lib/python3.12/site-packages/polars/_utils/deprecation.py", line 97, in wrapper
    return function(*args, **kwargs)
           ^^^^^^^^^^^^^^^^^^^^^^^^^
  File "/home/nvidia/sixwatch/.venv/lib/python3.12/site-packages/polars/lazyframe/opt_flags.py", line 343, in wrapper
    return function(*args, **kwargs)
           ^^^^^^^^^^^^^^^^^^^^^^^^^
  File "/home/nvidia/sixwatch/.venv/lib/python3.12/site-packages/polars/lazyframe/frame.py", line 2630, in collect
    return wrap_df(ldf.collect(engine, callback))
                   ^^^^^^^^^^^^^^^^^^^^^^^^^^^^^
polars.exceptions.ColumnNotFoundError: unable to find column "NumCalls"; valid columns: ["IncidentNumber", "DateOfCall", "CalYear", "HourOfCall", "IncidentGroup", "StopCodeDescription", "PropertyCategory", "IncGeo_BoroughName", "IncGeo_WardName", "Easting_rounded", "Northing_rounded", "IncidentStationGround", "FirstPumpArriving_AttendanceTime", "FirstPumpArriving_DeployedFromStation", "SecondPumpArriving_AttendanceTime", "SecondPumpArriving_DeployedFromStation", "NumPumpsAttending", "PumpMinutesRounded"]
Sat Jun  6 05:40:36 PM UTC 2026 patrol exited rc=0 — restarting in 5s
Traceback (most recent call last):
  File "/home/nvidia/sixwatch/agent.py", line 330, in <module>
    main()
  File "/home/nvidia/sixwatch/agent.py", line 326, in main
    patrol(speak=a.speak)
  File "/home/nvidia/sixwatch/agent.py", line 260, in patrol
    notables = d.filter(
               ^^^^^^^^^
  File "/home/nvidia/sixwatch/.venv/lib/python3.12/site-packages/polars/dataframe/frame.py", line 5521, in filter
    .collect(optimizations=QueryOptFlags._eager())
     ^^^^^^^^^^^^^^^^^^^^^^^^^^^^^^^^^^^^^^^^^^^^^
  File "/home/nvidia/sixwatch/.venv/lib/python3.12/site-packages/polars/_utils/deprecation.py", line 97, in wrapper
    return function(*args, **kwargs)
           ^^^^^^^^^^^^^^^^^^^^^^^^^
  File "/home/nvidia/sixwatch/.venv/lib/python3.12/site-packages/polars/lazyframe/opt_flags.py", line 343, in wrapper
    return function(*args, **kwargs)
           ^^^^^^^^^^^^^^^^^^^^^^^^^
  File "/home/nvidia/sixwatch/.venv/lib/python3.12/site-packages/polars/lazyframe/frame.py", line 2630, in collect
    return wrap_df(ldf.collect(engine, callback))
                   ^^^^^^^^^^^^^^^^^^^^^^^^^^^^^
polars.exceptions.ColumnNotFoundError: unable to find column "NumCalls"; valid columns: ["IncidentNumber", "DateOfCall", "CalYear", "HourOfCall", "IncidentGroup", "StopCodeDescription", "PropertyCategory", "IncGeo_BoroughName", "IncGeo_WardName", "Easting_rounded", "Northing_rounded", "IncidentStationGround", "FirstPumpArriving_AttendanceTime", "FirstPumpArriving_DeployedFromStation", "SecondPumpArriving_AttendanceTime", "SecondPumpArriving_DeployedFromStation", "NumPumpsAttending", "PumpMinutesRounded"]
Sat Jun  6 05:40:42 PM UTC 2026 patrol exited rc=0 — restarting in 5s
Traceback (most recent call last):
  File "/home/nvidia/sixwatch/agent.py", line 330, in <module>
    main()
  File "/home/nvidia/sixwatch/agent.py", line 326, in main
    patrol(speak=a.speak)
  File "/home/nvidia/sixwatch/agent.py", line 260, in patrol
    notables = d.filter(
               ^^^^^^^^^
  File "/home/nvidia/sixwatch/.venv/lib/python3.12/site-packages/polars/dataframe/frame.py", line 5521, in filter
    .collect(optimizations=QueryOptFlags._eager())
     ^^^^^^^^^^^^^^^^^^^^^^^^^^^^^^^^^^^^^^^^^^^^^
  File "/home/nvidia/sixwatch/.venv/lib/python3.12/site-packages/polars/_utils/deprecation.py", line 97, in wrapper
    return function(*args, **kwargs)
           ^^^^^^^^^^^^^^^^^^^^^^^^^
  File "/home/nvidia/sixwatch/.venv/lib/python3.12/site-packages/polars/lazyframe/opt_flags.py", line 343, in wrapper
    return function(*args, **kwargs)
           ^^^^^^^^^^^^^^^^^^^^^^^^^
  File "/home/nvidia/sixwatch/.venv/lib/python3.12/site-packages/polars/lazyframe/frame.py", line 2630, in collect
    return wrap_df(ldf.collect(engine, callback))
                   ^^^^^^^^^^^^^^^^^^^^^^^^^^^^^
polars.exceptions.ColumnNotFoundError: unable to find column "NumCalls"; valid columns: ["IncidentNumber", "DateOfCall", "CalYear", "HourOfCall", "IncidentGroup", "StopCodeDescription", "PropertyCategory", "IncGeo_BoroughName", "IncGeo_WardName", "Easting_rounded", "Northing_rounded", "IncidentStationGround", "FirstPumpArriving_AttendanceTime", "FirstPumpArriving_DeployedFromStation", "SecondPumpArriving_AttendanceTime", "SecondPumpArriving_DeployedFromStation", "NumPumpsAttending", "PumpMinutesRounded"]
Sat Jun  6 05:40:47 PM UTC 2026 patrol exited rc=0 — restarting in 5s
Traceback (most recent call last):
  File "/home/nvidia/sixwatch/agent.py", line 330, in <module>
    main()
  File "/home/nvidia/sixwatch/agent.py", line 326, in main
    patrol(speak=a.speak)
  File "/home/nvidia/sixwatch/agent.py", line 260, in patrol
    notables = d.filter(
               ^^^^^^^^^
  File "/home/nvidia/sixwatch/.venv/lib/python3.12/site-packages/polars/dataframe/frame.py", line 5521, in filter
    .collect(optimizations=QueryOptFlags._eager())
     ^^^^^^^^^^^^^^^^^^^^^^^^^^^^^^^^^^^^^^^^^^^^^
  File "/home/nvidia/sixwatch/.venv/lib/python3.12/site-packages/polars/_utils/deprecation.py", line 97, in wrapper
    return function(*args, **kwargs)
           ^^^^^^^^^^^^^^^^^^^^^^^^^
  File "/home/nvidia/sixwatch/.venv/lib/python3.12/site-packages/polars/lazyframe/opt_flags.py", line 343, in wrapper
    return function(*args, **kwargs)
           ^^^^^^^^^^^^^^^^^^^^^^^^^
  File "/home/nvidia/sixwatch/.venv/lib/python3.12/site-packages/polars/lazyframe/frame.py", line 2630, in collect
    return wrap_df(ldf.collect(engine, callback))
                   ^^^^^^^^^^^^^^^^^^^^^^^^^^^^^
polars.exceptions.ColumnNotFoundError: unable to find column "NumCalls"; valid columns: ["IncidentNumber", "DateOfCall", "CalYear", "HourOfCall", "IncidentGroup", "StopCodeDescription", "PropertyCategory", "IncGeo_BoroughName", "IncGeo_WardName", "Easting_rounded", "Northing_rounded", "IncidentStationGround", "FirstPumpArriving_AttendanceTime", "FirstPumpArriving_DeployedFromStation", "SecondPumpArriving_AttendanceTime", "SecondPumpArriving_DeployedFromStation", "NumPumpsAttending", "PumpMinutesRounded"]
Sat Jun  6 05:40:53 PM UTC 2026 patrol exited rc=0 — restarting in 5s
Traceback (most recent call last):
  File "/home/nvidia/sixwatch/agent.py", line 330, in <module>
    main()
  File "/home/nvidia/sixwatch/agent.py", line 326, in main
    patrol(speak=a.speak)
  File "/home/nvidia/sixwatch/agent.py", line 260, in patrol
    notables = d.filter(
               ^^^^^^^^^
  File "/home/nvidia/sixwatch/.venv/lib/python3.12/site-packages/polars/dataframe/frame.py", line 5521, in filter
    .collect(optimizations=QueryOptFlags._eager())
     ^^^^^^^^^^^^^^^^^^^^^^^^^^^^^^^^^^^^^^^^^^^^^
  File "/home/nvidia/sixwatch/.venv/lib/python3.12/site-packages/polars/_utils/deprecation.py", line 97, in wrapper
    return function(*args, **kwargs)
           ^^^^^^^^^^^^^^^^^^^^^^^^^
  File "/home/nvidia/sixwatch/.venv/lib/python3.12/site-packages/polars/lazyframe/opt_flags.py", line 343, in wrapper
    return function(*args, **kwargs)
           ^^^^^^^^^^^^^^^^^^^^^^^^^
  File "/home/nvidia/sixwatch/.venv/lib/python3.12/site-packages/polars/lazyframe/frame.py", line 2630, in collect
    return wrap_df(ldf.collect(engine, callback))
                   ^^^^^^^^^^^^^^^^^^^^^^^^^^^^^
polars.exceptions.ColumnNotFoundError: unable to find column "NumCalls"; valid columns: ["IncidentNumber", "DateOfCall", "CalYear", "HourOfCall", "IncidentGroup", "StopCodeDescription", "PropertyCategory", "IncGeo_BoroughName", "IncGeo_WardName", "Easting_rounded", "Northing_rounded", "IncidentStationGround", "FirstPumpArriving_AttendanceTime", "FirstPumpArriving_DeployedFromStation", "SecondPumpArriving_AttendanceTime", "SecondPumpArriving_DeployedFromStation", "NumPumpsAttending", "PumpMinutesRounded"]
Sat Jun  6 05:40:59 PM UTC 2026 patrol exited rc=0 — restarting in 5s
Traceback (most recent call last):
  File "/home/nvidia/sixwatch/agent.py", line 330, in <module>
    main()
  File "/home/nvidia/sixwatch/agent.py", line 326, in main
    patrol(speak=a.speak)
  File "/home/nvidia/sixwatch/agent.py", line 260, in patrol
    notables = d.filter(
               ^^^^^^^^^
  File "/home/nvidia/sixwatch/.venv/lib/python3.12/site-packages/polars/dataframe/frame.py", line 5521, in filter
    .collect(optimizations=QueryOptFlags._eager())
     ^^^^^^^^^^^^^^^^^^^^^^^^^^^^^^^^^^^^^^^^^^^^^
  File "/home/nvidia/sixwatch/.venv/lib/python3.12/site-packages/polars/_utils/deprecation.py", line 97, in wrapper
    return function(*args, **kwargs)
           ^^^^^^^^^^^^^^^^^^^^^^^^^
  File "/home/nvidia/sixwatch/.venv/lib/python3.12/site-packages/polars/lazyframe/opt_flags.py", line 343, in wrapper
    return function(*args, **kwargs)
           ^^^^^^^^^^^^^^^^^^^^^^^^^
  File "/home/nvidia/sixwatch/.venv/lib/python3.12/site-packages/polars/lazyframe/frame.py", line 2630, in collect
    return wrap_df(ldf.collect(engine, callback))
                   ^^^^^^^^^^^^^^^^^^^^^^^^^^^^^
polars.exceptions.ColumnNotFoundError: unable to find column "NumCalls"; valid columns: ["IncidentNumber", "DateOfCall", "CalYear", "HourOfCall", "IncidentGroup", "StopCodeDescription", "PropertyCategory", "IncGeo_BoroughName", "IncGeo_WardName", "Easting_rounded", "Northing_rounded", "IncidentStationGround", "FirstPumpArriving_AttendanceTime", "FirstPumpArriving_DeployedFromStation", "SecondPumpArriving_AttendanceTime", "SecondPumpArriving_DeployedFromStation", "NumPumpsAttending", "PumpMinutesRounded"]
Sat Jun  6 05:41:04 PM UTC 2026 patrol exited rc=0 — restarting in 5s
Traceback (most recent call last):
  File "/home/nvidia/sixwatch/agent.py", line 330, in <module>
    main()
  File "/home/nvidia/sixwatch/agent.py", line 326, in main
    patrol(speak=a.speak)
  File "/home/nvidia/sixwatch/agent.py", line 260, in patrol
    notables = d.filter(
               ^^^^^^^^^
  File "/home/nvidia/sixwatch/.venv/lib/python3.12/site-packages/polars/dataframe/frame.py", line 5521, in filter
    .collect(optimizations=QueryOptFlags._eager())
     ^^^^^^^^^^^^^^^^^^^^^^^^^^^^^^^^^^^^^^^^^^^^^
  File "/home/nvidia/sixwatch/.venv/lib/python3.12/site-packages/polars/_utils/deprecation.py", line 97, in wrapper
    return function(*args, **kwargs)
           ^^^^^^^^^^^^^^^^^^^^^^^^^
  File "/home/nvidia/sixwatch/.venv/lib/python3.12/site-packages/polars/lazyframe/opt_flags.py", line 343, in wrapper
    return function(*args, **kwargs)
           ^^^^^^^^^^^^^^^^^^^^^^^^^
  File "/home/nvidia/sixwatch/.venv/lib/python3.12/site-packages/polars/lazyframe/frame.py", line 2630, in collect
    return wrap_df(ldf.collect(engine, callback))
                   ^^^^^^^^^^^^^^^^^^^^^^^^^^^^^
polars.exceptions.ColumnNotFoundError: unable to find column "NumCalls"; valid columns: ["IncidentNumber", "DateOfCall", "CalYear", "HourOfCall", "IncidentGroup", "StopCodeDescription", "PropertyCategory", "IncGeo_BoroughName", "IncGeo_WardName", "Easting_rounded", "Northing_rounded", "IncidentStationGround", "FirstPumpArriving_AttendanceTime", "FirstPumpArriving_DeployedFromStation", "SecondPumpArriving_AttendanceTime", "SecondPumpArriving_DeployedFromStation", "NumPumpsAttending", "PumpMinutesRounded"]
Sat Jun  6 05:41:10 PM UTC 2026 patrol exited rc=0 — restarting in 5s
Traceback (most recent call last):
  File "/home/nvidia/sixwatch/agent.py", line 330, in <module>
    main()
  File "/home/nvidia/sixwatch/agent.py", line 326, in main
    patrol(speak=a.speak)
  File "/home/nvidia/sixwatch/agent.py", line 260, in patrol
    notables = d.filter(
               ^^^^^^^^^
  File "/home/nvidia/sixwatch/.venv/lib/python3.12/site-packages/polars/dataframe/frame.py", line 5521, in filter
    .collect(optimizations=QueryOptFlags._eager())
     ^^^^^^^^^^^^^^^^^^^^^^^^^^^^^^^^^^^^^^^^^^^^^
  File "/home/nvidia/sixwatch/.venv/lib/python3.12/site-packages/polars/_utils/deprecation.py", line 97, in wrapper
    return function(*args, **kwargs)
           ^^^^^^^^^^^^^^^^^^^^^^^^^
  File "/home/nvidia/sixwatch/.venv/lib/python3.12/site-packages/polars/lazyframe/opt_flags.py", line 343, in wrapper
    return function(*args, **kwargs)
           ^^^^^^^^^^^^^^^^^^^^^^^^^
  File "/home/nvidia/sixwatch/.venv/lib/python3.12/site-packages/polars/lazyframe/frame.py", line 2630, in collect
    return wrap_df(ldf.collect(engine, callback))
                   ^^^^^^^^^^^^^^^^^^^^^^^^^^^^^
polars.exceptions.ColumnNotFoundError: unable to find column "NumCalls"; valid columns: ["IncidentNumber", "DateOfCall", "CalYear", "HourOfCall", "IncidentGroup", "StopCodeDescription", "PropertyCategory", "IncGeo_BoroughName", "IncGeo_WardName", "Easting_rounded", "Northing_rounded", "IncidentStationGround", "FirstPumpArriving_AttendanceTime", "FirstPumpArriving_DeployedFromStation", "SecondPumpArriving_AttendanceTime", "SecondPumpArriving_DeployedFromStation", "NumPumpsAttending", "PumpMinutesRounded"]
Sat Jun  6 05:41:15 PM UTC 2026 patrol exited rc=0 — restarting in 5s
Traceback (most recent call last):
  File "/home/nvidia/sixwatch/agent.py", line 330, in <module>
    main()
  File "/home/nvidia/sixwatch/agent.py", line 326, in main
    patrol(speak=a.speak)
  File "/home/nvidia/sixwatch/agent.py", line 260, in patrol
    notables = d.filter(
               ^^^^^^^^^
  File "/home/nvidia/sixwatch/.venv/lib/python3.12/site-packages/polars/dataframe/frame.py", line 5521, in filter
    .collect(optimizations=QueryOptFlags._eager())
     ^^^^^^^^^^^^^^^^^^^^^^^^^^^^^^^^^^^^^^^^^^^^^
  File "/home/nvidia/sixwatch/.venv/lib/python3.12/site-packages/polars/_utils/deprecation.py", line 97, in wrapper
    return function(*args, **kwargs)
           ^^^^^^^^^^^^^^^^^^^^^^^^^
  File "/home/nvidia/sixwatch/.venv/lib/python3.12/site-packages/polars/lazyframe/opt_flags.py", line 343, in wrapper
    return function(*args, **kwargs)
           ^^^^^^^^^^^^^^^^^^^^^^^^^
  File "/home/nvidia/sixwatch/.venv/lib/python3.12/site-packages/polars/lazyframe/frame.py", line 2630, in collect
    return wrap_df(ldf.collect(engine, callback))
                   ^^^^^^^^^^^^^^^^^^^^^^^^^^^^^
polars.exceptions.ColumnNotFoundError: unable to find column "NumCalls"; valid columns: ["IncidentNumber", "DateOfCall", "CalYear", "HourOfCall", "IncidentGroup", "StopCodeDescription", "PropertyCategory", "IncGeo_BoroughName", "IncGeo_WardName", "Easting_rounded", "Northing_rounded", "IncidentStationGround", "FirstPumpArriving_AttendanceTime", "FirstPumpArriving_DeployedFromStation", "SecondPumpArriving_AttendanceTime", "SecondPumpArriving_DeployedFromStation", "NumPumpsAttending", "PumpMinutesRounded"]
Sat Jun  6 05:41:21 PM UTC 2026 patrol exited rc=0 — restarting in 5s
Traceback (most recent call last):
  File "/home/nvidia/sixwatch/agent.py", line 330, in <module>
    main()
  File "/home/nvidia/sixwatch/agent.py", line 326, in main
    patrol(speak=a.speak)
  File "/home/nvidia/sixwatch/agent.py", line 260, in patrol
    notables = d.filter(
               ^^^^^^^^^
  File "/home/nvidia/sixwatch/.venv/lib/python3.12/site-packages/polars/dataframe/frame.py", line 5521, in filter
    .collect(optimizations=QueryOptFlags._eager())
     ^^^^^^^^^^^^^^^^^^^^^^^^^^^^^^^^^^^^^^^^^^^^^
  File "/home/nvidia/sixwatch/.venv/lib/python3.12/site-packages/polars/_utils/deprecation.py", line 97, in wrapper
    return function(*args, **kwargs)
           ^^^^^^^^^^^^^^^^^^^^^^^^^
  File "/home/nvidia/sixwatch/.venv/lib/python3.12/site-packages/polars/lazyframe/opt_flags.py", line 343, in wrapper
    return function(*args, **kwargs)
           ^^^^^^^^^^^^^^^^^^^^^^^^^
  File "/home/nvidia/sixwatch/.venv/lib/python3.12/site-packages/polars/lazyframe/frame.py", line 2630, in collect
    return wrap_df(ldf.collect(engine, callback))
                   ^^^^^^^^^^^^^^^^^^^^^^^^^^^^^
polars.exceptions.ColumnNotFoundError: unable to find column "NumCalls"; valid columns: ["IncidentNumber", "DateOfCall", "CalYear", "HourOfCall", "IncidentGroup", "StopCodeDescription", "PropertyCategory", "IncGeo_BoroughName", "IncGeo_WardName", "Easting_rounded", "Northing_rounded", "IncidentStationGround", "FirstPumpArriving_AttendanceTime", "FirstPumpArriving_DeployedFromStation", "SecondPumpArriving_AttendanceTime", "SecondPumpArriving_DeployedFromStation", "NumPumpsAttending", "PumpMinutesRounded"]
Sat Jun  6 05:41:27 PM UTC 2026 patrol exited rc=0 — restarting in 5s
Traceback (most recent call last):
  File "/home/nvidia/sixwatch/agent.py", line 330, in <module>
    main()
  File "/home/nvidia/sixwatch/agent.py", line 326, in main
    patrol(speak=a.speak)
  File "/home/nvidia/sixwatch/agent.py", line 260, in patrol
    notables = d.filter(
               ^^^^^^^^^
  File "/home/nvidia/sixwatch/.venv/lib/python3.12/site-packages/polars/dataframe/frame.py", line 5521, in filter
    .collect(optimizations=QueryOptFlags._eager())
     ^^^^^^^^^^^^^^^^^^^^^^^^^^^^^^^^^^^^^^^^^^^^^
  File "/home/nvidia/sixwatch/.venv/lib/python3.12/site-packages/polars/_utils/deprecation.py", line 97, in wrapper
    return function(*args, **kwargs)
           ^^^^^^^^^^^^^^^^^^^^^^^^^
  File "/home/nvidia/sixwatch/.venv/lib/python3.12/site-packages/polars/lazyframe/opt_flags.py", line 343, in wrapper
    return function(*args, **kwargs)
           ^^^^^^^^^^^^^^^^^^^^^^^^^
  File "/home/nvidia/sixwatch/.venv/lib/python3.12/site-packages/polars/lazyframe/frame.py", line 2630, in collect
    return wrap_df(ldf.collect(engine, callback))
                   ^^^^^^^^^^^^^^^^^^^^^^^^^^^^^
polars.exceptions.ColumnNotFoundError: unable to find column "NumCalls"; valid columns: ["IncidentNumber", "DateOfCall", "CalYear", "HourOfCall", "IncidentGroup", "StopCodeDescription", "PropertyCategory", "IncGeo_BoroughName", "IncGeo_WardName", "Easting_rounded", "Northing_rounded", "IncidentStationGround", "FirstPumpArriving_AttendanceTime", "FirstPumpArriving_DeployedFromStation", "SecondPumpArriving_AttendanceTime", "SecondPumpArriving_DeployedFromStation", "NumPumpsAttending", "PumpMinutesRounded"]
Sat Jun  6 05:41:32 PM UTC 2026 patrol exited rc=0 — restarting in 5s
Traceback (most recent call last):
  File "/home/nvidia/sixwatch/agent.py", line 330, in <module>
    main()
  File "/home/nvidia/sixwatch/agent.py", line 326, in main
    patrol(speak=a.speak)
  File "/home/nvidia/sixwatch/agent.py", line 260, in patrol
    notables = d.filter(
               ^^^^^^^^^
  File "/home/nvidia/sixwatch/.venv/lib/python3.12/site-packages/polars/dataframe/frame.py", line 5521, in filter
    .collect(optimizations=QueryOptFlags._eager())
     ^^^^^^^^^^^^^^^^^^^^^^^^^^^^^^^^^^^^^^^^^^^^^
  File "/home/nvidia/sixwatch/.venv/lib/python3.12/site-packages/polars/_utils/deprecation.py", line 97, in wrapper
    return function(*args, **kwargs)
           ^^^^^^^^^^^^^^^^^^^^^^^^^
  File "/home/nvidia/sixwatch/.venv/lib/python3.12/site-packages/polars/lazyframe/opt_flags.py", line 343, in wrapper
    return function(*args, **kwargs)
           ^^^^^^^^^^^^^^^^^^^^^^^^^
  File "/home/nvidia/sixwatch/.venv/lib/python3.12/site-packages/polars/lazyframe/frame.py", line 2630, in collect
    return wrap_df(ldf.collect(engine, callback))
                   ^^^^^^^^^^^^^^^^^^^^^^^^^^^^^
polars.exceptions.ColumnNotFoundError: unable to find column "NumCalls"; valid columns: ["IncidentNumber", "DateOfCall", "CalYear", "HourOfCall", "IncidentGroup", "StopCodeDescription", "PropertyCategory", "IncGeo_BoroughName", "IncGeo_WardName", "Easting_rounded", "Northing_rounded", "IncidentStationGround", "FirstPumpArriving_AttendanceTime", "FirstPumpArriving_DeployedFromStation", "SecondPumpArriving_AttendanceTime", "SecondPumpArriving_DeployedFromStation", "NumPumpsAttending", "PumpMinutesRounded"]
Sat Jun  6 05:41:38 PM UTC 2026 patrol exited rc=0 — restarting in 5s
Traceback (most recent call last):
  File "/home/nvidia/sixwatch/agent.py", line 330, in <module>
    main()
  File "/home/nvidia/sixwatch/agent.py", line 326, in main
    patrol(speak=a.speak)
  File "/home/nvidia/sixwatch/agent.py", line 260, in patrol
    notables = d.filter(
               ^^^^^^^^^
  File "/home/nvidia/sixwatch/.venv/lib/python3.12/site-packages/polars/dataframe/frame.py", line 5521, in filter
    .collect(optimizations=QueryOptFlags._eager())
     ^^^^^^^^^^^^^^^^^^^^^^^^^^^^^^^^^^^^^^^^^^^^^
  File "/home/nvidia/sixwatch/.venv/lib/python3.12/site-packages/polars/_utils/deprecation.py", line 97, in wrapper
    return function(*args, **kwargs)
           ^^^^^^^^^^^^^^^^^^^^^^^^^
  File "/home/nvidia/sixwatch/.venv/lib/python3.12/site-packages/polars/lazyframe/opt_flags.py", line 343, in wrapper
    return function(*args, **kwargs)
           ^^^^^^^^^^^^^^^^^^^^^^^^^
  File "/home/nvidia/sixwatch/.venv/lib/python3.12/site-packages/polars/lazyframe/frame.py", line 2630, in collect
    return wrap_df(ldf.collect(engine, callback))
                   ^^^^^^^^^^^^^^^^^^^^^^^^^^^^^
polars.exceptions.ColumnNotFoundError: unable to find column "NumCalls"; valid columns: ["IncidentNumber", "DateOfCall", "CalYear", "HourOfCall", "IncidentGroup", "StopCodeDescription", "PropertyCategory", "IncGeo_BoroughName", "IncGeo_WardName", "Easting_rounded", "Northing_rounded", "IncidentStationGround", "FirstPumpArriving_AttendanceTime", "FirstPumpArriving_DeployedFromStation", "SecondPumpArriving_AttendanceTime", "SecondPumpArriving_DeployedFromStation", "NumPumpsAttending", "PumpMinutesRounded"]
Sat Jun  6 05:41:43 PM UTC 2026 patrol exited rc=0 — restarting in 5s
Traceback (most recent call last):
  File "/home/nvidia/sixwatch/agent.py", line 330, in <module>
    main()
  File "/home/nvidia/sixwatch/agent.py", line 326, in main
    patrol(speak=a.speak)
  File "/home/nvidia/sixwatch/agent.py", line 260, in patrol
    notables = d.filter(
               ^^^^^^^^^
  File "/home/nvidia/sixwatch/.venv/lib/python3.12/site-packages/polars/dataframe/frame.py", line 5521, in filter
    .collect(optimizations=QueryOptFlags._eager())
     ^^^^^^^^^^^^^^^^^^^^^^^^^^^^^^^^^^^^^^^^^^^^^
  File "/home/nvidia/sixwatch/.venv/lib/python3.12/site-packages/polars/_utils/deprecation.py", line 97, in wrapper
    return function(*args, **kwargs)
           ^^^^^^^^^^^^^^^^^^^^^^^^^
  File "/home/nvidia/sixwatch/.venv/lib/python3.12/site-packages/polars/lazyframe/opt_flags.py", line 343, in wrapper
    return function(*args, **kwargs)
           ^^^^^^^^^^^^^^^^^^^^^^^^^
  File "/home/nvidia/sixwatch/.venv/lib/python3.12/site-packages/polars/lazyframe/frame.py", line 2630, in collect
    return wrap_df(ldf.collect(engine, callback))
                   ^^^^^^^^^^^^^^^^^^^^^^^^^^^^^
polars.exceptions.ColumnNotFoundError: unable to find column "NumCalls"; valid columns: ["IncidentNumber", "DateOfCall", "CalYear", "HourOfCall", "IncidentGroup", "StopCodeDescription", "PropertyCategory", "IncGeo_BoroughName", "IncGeo_WardName", "Easting_rounded", "Northing_rounded", "IncidentStationGround", "FirstPumpArriving_AttendanceTime", "FirstPumpArriving_DeployedFromStation", "SecondPumpArriving_AttendanceTime", "SecondPumpArriving_DeployedFromStation", "NumPumpsAttending", "PumpMinutesRounded"]
Sat Jun  6 05:41:49 PM UTC 2026 patrol exited rc=0 — restarting in 5s
Traceback (most recent call last):
  File "/home/nvidia/sixwatch/agent.py", line 330, in <module>
    main()
  File "/home/nvidia/sixwatch/agent.py", line 326, in main
    patrol(speak=a.speak)
  File "/home/nvidia/sixwatch/agent.py", line 260, in patrol
    notables = d.filter(
               ^^^^^^^^^
  File "/home/nvidia/sixwatch/.venv/lib/python3.12/site-packages/polars/dataframe/frame.py", line 5521, in filter
    .collect(optimizations=QueryOptFlags._eager())
     ^^^^^^^^^^^^^^^^^^^^^^^^^^^^^^^^^^^^^^^^^^^^^
  File "/home/nvidia/sixwatch/.venv/lib/python3.12/site-packages/polars/_utils/deprecation.py", line 97, in wrapper
    return function(*args, **kwargs)
           ^^^^^^^^^^^^^^^^^^^^^^^^^
  File "/home/nvidia/sixwatch/.venv/lib/python3.12/site-packages/polars/lazyframe/opt_flags.py", line 343, in wrapper
    return function(*args, **kwargs)
           ^^^^^^^^^^^^^^^^^^^^^^^^^
  File "/home/nvidia/sixwatch/.venv/lib/python3.12/site-packages/polars/lazyframe/frame.py", line 2630, in collect
    return wrap_df(ldf.collect(engine, callback))
                   ^^^^^^^^^^^^^^^^^^^^^^^^^^^^^
polars.exceptions.ColumnNotFoundError: unable to find column "NumCalls"; valid columns: ["IncidentNumber", "DateOfCall", "CalYear", "HourOfCall", "IncidentGroup", "StopCodeDescription", "PropertyCategory", "IncGeo_BoroughName", "IncGeo_WardName", "Easting_rounded", "Northing_rounded", "IncidentStationGround", "FirstPumpArriving_AttendanceTime", "FirstPumpArriving_DeployedFromStation", "SecondPumpArriving_AttendanceTime", "SecondPumpArriving_DeployedFromStation", "NumPumpsAttending", "PumpMinutesRounded"]
Sat Jun  6 05:41:54 PM UTC 2026 patrol exited rc=0 — restarting in 5s
Traceback (most recent call last):
  File "/home/nvidia/sixwatch/agent.py", line 330, in <module>
    main()
  File "/home/nvidia/sixwatch/agent.py", line 326, in main
    patrol(speak=a.speak)
  File "/home/nvidia/sixwatch/agent.py", line 260, in patrol
    notables = d.filter(
               ^^^^^^^^^
  File "/home/nvidia/sixwatch/.venv/lib/python3.12/site-packages/polars/dataframe/frame.py", line 5521, in filter
    .collect(optimizations=QueryOptFlags._eager())
     ^^^^^^^^^^^^^^^^^^^^^^^^^^^^^^^^^^^^^^^^^^^^^
  File "/home/nvidia/sixwatch/.venv/lib/python3.12/site-packages/polars/_utils/deprecation.py", line 97, in wrapper
    return function(*args, **kwargs)
           ^^^^^^^^^^^^^^^^^^^^^^^^^
  File "/home/nvidia/sixwatch/.venv/lib/python3.12/site-packages/polars/lazyframe/opt_flags.py", line 343, in wrapper
    return function(*args, **kwargs)
           ^^^^^^^^^^^^^^^^^^^^^^^^^
  File "/home/nvidia/sixwatch/.venv/lib/python3.12/site-packages/polars/lazyframe/frame.py", line 2630, in collect
    return wrap_df(ldf.collect(engine, callback))
                   ^^^^^^^^^^^^^^^^^^^^^^^^^^^^^
polars.exceptions.ColumnNotFoundError: unable to find column "NumCalls"; valid columns: ["IncidentNumber", "DateOfCall", "CalYear", "HourOfCall", "IncidentGroup", "StopCodeDescription", "PropertyCategory", "IncGeo_BoroughName", "IncGeo_WardName", "Easting_rounded", "Northing_rounded", "IncidentStationGround", "FirstPumpArriving_AttendanceTime", "FirstPumpArriving_DeployedFromStation", "SecondPumpArriving_AttendanceTime", "SecondPumpArriving_DeployedFromStation", "NumPumpsAttending", "PumpMinutesRounded"]
Sat Jun  6 05:42:00 PM UTC 2026 patrol exited rc=0 — restarting in 5s
Traceback (most recent call last):
  File "/home/nvidia/sixwatch/agent.py", line 330, in <module>
    main()
  File "/home/nvidia/sixwatch/agent.py", line 326, in main
    patrol(speak=a.speak)
  File "/home/nvidia/sixwatch/agent.py", line 260, in patrol
    notables = d.filter(
               ^^^^^^^^^
  File "/home/nvidia/sixwatch/.venv/lib/python3.12/site-packages/polars/dataframe/frame.py", line 5521, in filter
    .collect(optimizations=QueryOptFlags._eager())
     ^^^^^^^^^^^^^^^^^^^^^^^^^^^^^^^^^^^^^^^^^^^^^
  File "/home/nvidia/sixwatch/.venv/lib/python3.12/site-packages/polars/_utils/deprecation.py", line 97, in wrapper
    return function(*args, **kwargs)
           ^^^^^^^^^^^^^^^^^^^^^^^^^
  File "/home/nvidia/sixwatch/.venv/lib/python3.12/site-packages/polars/lazyframe/opt_flags.py", line 343, in wrapper
    return function(*args, **kwargs)
           ^^^^^^^^^^^^^^^^^^^^^^^^^
  File "/home/nvidia/sixwatch/.venv/lib/python3.12/site-packages/polars/lazyframe/frame.py", line 2630, in collect
    return wrap_df(ldf.collect(engine, callback))
                   ^^^^^^^^^^^^^^^^^^^^^^^^^^^^^
polars.exceptions.ColumnNotFoundError: unable to find column "NumCalls"; valid columns: ["IncidentNumber", "DateOfCall", "CalYear", "HourOfCall", "IncidentGroup", "StopCodeDescription", "PropertyCategory", "IncGeo_BoroughName", "IncGeo_WardName", "Easting_rounded", "Northing_rounded", "IncidentStationGround", "FirstPumpArriving_AttendanceTime", "FirstPumpArriving_DeployedFromStation", "SecondPumpArriving_AttendanceTime", "SecondPumpArriving_DeployedFromStation", "NumPumpsAttending", "PumpMinutesRounded"]
Sat Jun  6 05:42:06 PM UTC 2026 patrol exited rc=0 — restarting in 5s
Traceback (most recent call last):
  File "/home/nvidia/sixwatch/agent.py", line 330, in <module>
    main()
  File "/home/nvidia/sixwatch/agent.py", line 326, in main
    patrol(speak=a.speak)
  File "/home/nvidia/sixwatch/agent.py", line 260, in patrol
    notables = d.filter(
               ^^^^^^^^^
  File "/home/nvidia/sixwatch/.venv/lib/python3.12/site-packages/polars/dataframe/frame.py", line 5521, in filter
    .collect(optimizations=QueryOptFlags._eager())
     ^^^^^^^^^^^^^^^^^^^^^^^^^^^^^^^^^^^^^^^^^^^^^
  File "/home/nvidia/sixwatch/.venv/lib/python3.12/site-packages/polars/_utils/deprecation.py", line 97, in wrapper
    return function(*args, **kwargs)
           ^^^^^^^^^^^^^^^^^^^^^^^^^
  File "/home/nvidia/sixwatch/.venv/lib/python3.12/site-packages/polars/lazyframe/opt_flags.py", line 343, in wrapper
    return function(*args, **kwargs)
           ^^^^^^^^^^^^^^^^^^^^^^^^^
  File "/home/nvidia/sixwatch/.venv/lib/python3.12/site-packages/polars/lazyframe/frame.py", line 2630, in collect
    return wrap_df(ldf.collect(engine, callback))
                   ^^^^^^^^^^^^^^^^^^^^^^^^^^^^^
polars.exceptions.ColumnNotFoundError: unable to find column "NumCalls"; valid columns: ["IncidentNumber", "DateOfCall", "CalYear", "HourOfCall", "IncidentGroup", "StopCodeDescription", "PropertyCategory", "IncGeo_BoroughName", "IncGeo_WardName", "Easting_rounded", "Northing_rounded", "IncidentStationGround", "FirstPumpArriving_AttendanceTime", "FirstPumpArriving_DeployedFromStation", "SecondPumpArriving_AttendanceTime", "SecondPumpArriving_DeployedFromStation", "NumPumpsAttending", "PumpMinutesRounded"]
Sat Jun  6 05:42:11 PM UTC 2026 patrol exited rc=0 — restarting in 5s
Traceback (most recent call last):
  File "/home/nvidia/sixwatch/agent.py", line 330, in <module>
    main()
  File "/home/nvidia/sixwatch/agent.py", line 326, in main
    patrol(speak=a.speak)
  File "/home/nvidia/sixwatch/agent.py", line 260, in patrol
    notables = d.filter(
               ^^^^^^^^^
  File "/home/nvidia/sixwatch/.venv/lib/python3.12/site-packages/polars/dataframe/frame.py", line 5521, in filter
    .collect(optimizations=QueryOptFlags._eager())
     ^^^^^^^^^^^^^^^^^^^^^^^^^^^^^^^^^^^^^^^^^^^^^
  File "/home/nvidia/sixwatch/.venv/lib/python3.12/site-packages/polars/_utils/deprecation.py", line 97, in wrapper
    return function(*args, **kwargs)
           ^^^^^^^^^^^^^^^^^^^^^^^^^
  File "/home/nvidia/sixwatch/.venv/lib/python3.12/site-packages/polars/lazyframe/opt_flags.py", line 343, in wrapper
    return function(*args, **kwargs)
           ^^^^^^^^^^^^^^^^^^^^^^^^^
  File "/home/nvidia/sixwatch/.venv/lib/python3.12/site-packages/polars/lazyframe/frame.py", line 2630, in collect
    return wrap_df(ldf.collect(engine, callback))
                   ^^^^^^^^^^^^^^^^^^^^^^^^^^^^^
polars.exceptions.ColumnNotFoundError: unable to find column "NumCalls"; valid columns: ["IncidentNumber", "DateOfCall", "CalYear", "HourOfCall", "IncidentGroup", "StopCodeDescription", "PropertyCategory", "IncGeo_BoroughName", "IncGeo_WardName", "Easting_rounded", "Northing_rounded", "IncidentStationGround", "FirstPumpArriving_AttendanceTime", "FirstPumpArriving_DeployedFromStation", "SecondPumpArriving_AttendanceTime", "SecondPumpArriving_DeployedFromStation", "NumPumpsAttending", "PumpMinutesRounded"]
Sat Jun  6 05:42:17 PM UTC 2026 patrol exited rc=0 — restarting in 5s
Traceback (most recent call last):
  File "/home/nvidia/sixwatch/agent.py", line 330, in <module>
    main()
  File "/home/nvidia/sixwatch/agent.py", line 326, in main
    patrol(speak=a.speak)
  File "/home/nvidia/sixwatch/agent.py", line 260, in patrol
    notables = d.filter(
               ^^^^^^^^^
  File "/home/nvidia/sixwatch/.venv/lib/python3.12/site-packages/polars/dataframe/frame.py", line 5521, in filter
    .collect(optimizations=QueryOptFlags._eager())
     ^^^^^^^^^^^^^^^^^^^^^^^^^^^^^^^^^^^^^^^^^^^^^
  File "/home/nvidia/sixwatch/.venv/lib/python3.12/site-packages/polars/_utils/deprecation.py", line 97, in wrapper
    return function(*args, **kwargs)
           ^^^^^^^^^^^^^^^^^^^^^^^^^
  File "/home/nvidia/sixwatch/.venv/lib/python3.12/site-packages/polars/lazyframe/opt_flags.py", line 343, in wrapper
    return function(*args, **kwargs)
           ^^^^^^^^^^^^^^^^^^^^^^^^^
  File "/home/nvidia/sixwatch/.venv/lib/python3.12/site-packages/polars/lazyframe/frame.py", line 2630, in collect
    return wrap_df(ldf.collect(engine, callback))
                   ^^^^^^^^^^^^^^^^^^^^^^^^^^^^^
polars.exceptions.ColumnNotFoundError: unable to find column "NumCalls"; valid columns: ["IncidentNumber", "DateOfCall", "CalYear", "HourOfCall", "IncidentGroup", "StopCodeDescription", "PropertyCategory", "IncGeo_BoroughName", "IncGeo_WardName", "Easting_rounded", "Northing_rounded", "IncidentStationGround", "FirstPumpArriving_AttendanceTime", "FirstPumpArriving_DeployedFromStation", "SecondPumpArriving_AttendanceTime", "SecondPumpArriving_DeployedFromStation", "NumPumpsAttending", "PumpMinutesRounded"]
Sat Jun  6 05:42:22 PM UTC 2026 patrol exited rc=0 — restarting in 5s
Traceback (most recent call last):
  File "/home/nvidia/sixwatch/agent.py", line 330, in <module>
    main()
  File "/home/nvidia/sixwatch/agent.py", line 326, in main
    patrol(speak=a.speak)
  File "/home/nvidia/sixwatch/agent.py", line 260, in patrol
    notables = d.filter(
               ^^^^^^^^^
  File "/home/nvidia/sixwatch/.venv/lib/python3.12/site-packages/polars/dataframe/frame.py", line 5521, in filter
    .collect(optimizations=QueryOptFlags._eager())
     ^^^^^^^^^^^^^^^^^^^^^^^^^^^^^^^^^^^^^^^^^^^^^
  File "/home/nvidia/sixwatch/.venv/lib/python3.12/site-packages/polars/_utils/deprecation.py", line 97, in wrapper
    return function(*args, **kwargs)
           ^^^^^^^^^^^^^^^^^^^^^^^^^
  File "/home/nvidia/sixwatch/.venv/lib/python3.12/site-packages/polars/lazyframe/opt_flags.py", line 343, in wrapper
    return function(*args, **kwargs)
           ^^^^^^^^^^^^^^^^^^^^^^^^^
  File "/home/nvidia/sixwatch/.venv/lib/python3.12/site-packages/polars/lazyframe/frame.py", line 2630, in collect
    return wrap_df(ldf.collect(engine, callback))
                   ^^^^^^^^^^^^^^^^^^^^^^^^^^^^^
polars.exceptions.ColumnNotFoundError: unable to find column "NumCalls"; valid columns: ["IncidentNumber", "DateOfCall", "CalYear", "HourOfCall", "IncidentGroup", "StopCodeDescription", "PropertyCategory", "IncGeo_BoroughName", "IncGeo_WardName", "Easting_rounded", "Northing_rounded", "IncidentStationGround", "FirstPumpArriving_AttendanceTime", "FirstPumpArriving_DeployedFromStation", "SecondPumpArriving_AttendanceTime", "SecondPumpArriving_DeployedFromStation", "NumPumpsAttending", "PumpMinutesRounded"]
Sat Jun  6 05:42:28 PM UTC 2026 patrol exited rc=0 — restarting in 5s
Traceback (most recent call last):
  File "/home/nvidia/sixwatch/agent.py", line 330, in <module>
    main()
  File "/home/nvidia/sixwatch/agent.py", line 326, in main
    patrol(speak=a.speak)
  File "/home/nvidia/sixwatch/agent.py", line 260, in patrol
    notables = d.filter(
               ^^^^^^^^^
  File "/home/nvidia/sixwatch/.venv/lib/python3.12/site-packages/polars/dataframe/frame.py", line 5521, in filter
    .collect(optimizations=QueryOptFlags._eager())
     ^^^^^^^^^^^^^^^^^^^^^^^^^^^^^^^^^^^^^^^^^^^^^
  File "/home/nvidia/sixwatch/.venv/lib/python3.12/site-packages/polars/_utils/deprecation.py", line 97, in wrapper
    return function(*args, **kwargs)
           ^^^^^^^^^^^^^^^^^^^^^^^^^
  File "/home/nvidia/sixwatch/.venv/lib/python3.12/site-packages/polars/lazyframe/opt_flags.py", line 343, in wrapper
    return function(*args, **kwargs)
           ^^^^^^^^^^^^^^^^^^^^^^^^^
  File "/home/nvidia/sixwatch/.venv/lib/python3.12/site-packages/polars/lazyframe/frame.py", line 2630, in collect
    return wrap_df(ldf.collect(engine, callback))
                   ^^^^^^^^^^^^^^^^^^^^^^^^^^^^^
polars.exceptions.ColumnNotFoundError: unable to find column "NumCalls"; valid columns: ["IncidentNumber", "DateOfCall", "CalYear", "HourOfCall", "IncidentGroup", "StopCodeDescription", "PropertyCategory", "IncGeo_BoroughName", "IncGeo_WardName", "Easting_rounded", "Northing_rounded", "IncidentStationGround", "FirstPumpArriving_AttendanceTime", "FirstPumpArriving_DeployedFromStation", "SecondPumpArriving_AttendanceTime", "SecondPumpArriving_DeployedFromStation", "NumPumpsAttending", "PumpMinutesRounded"]
Sat Jun  6 05:42:34 PM UTC 2026 patrol exited rc=0 — restarting in 5s
Traceback (most recent call last):
  File "/home/nvidia/sixwatch/agent.py", line 330, in <module>
    main()
  File "/home/nvidia/sixwatch/agent.py", line 326, in main
    patrol(speak=a.speak)
  File "/home/nvidia/sixwatch/agent.py", line 260, in patrol
    notables = d.filter(
               ^^^^^^^^^
  File "/home/nvidia/sixwatch/.venv/lib/python3.12/site-packages/polars/dataframe/frame.py", line 5521, in filter
    .collect(optimizations=QueryOptFlags._eager())
     ^^^^^^^^^^^^^^^^^^^^^^^^^^^^^^^^^^^^^^^^^^^^^
  File "/home/nvidia/sixwatch/.venv/lib/python3.12/site-packages/polars/_utils/deprecation.py", line 97, in wrapper
    return function(*args, **kwargs)
           ^^^^^^^^^^^^^^^^^^^^^^^^^
  File "/home/nvidia/sixwatch/.venv/lib/python3.12/site-packages/polars/lazyframe/opt_flags.py", line 343, in wrapper
    return function(*args, **kwargs)
           ^^^^^^^^^^^^^^^^^^^^^^^^^
  File "/home/nvidia/sixwatch/.venv/lib/python3.12/site-packages/polars/lazyframe/frame.py", line 2630, in collect
    return wrap_df(ldf.collect(engine, callback))
                   ^^^^^^^^^^^^^^^^^^^^^^^^^^^^^
polars.exceptions.ColumnNotFoundError: unable to find column "NumCalls"; valid columns: ["IncidentNumber", "DateOfCall", "CalYear", "HourOfCall", "IncidentGroup", "StopCodeDescription", "PropertyCategory", "IncGeo_BoroughName", "IncGeo_WardName", "Easting_rounded", "Northing_rounded", "IncidentStationGround", "FirstPumpArriving_AttendanceTime", "FirstPumpArriving_DeployedFromStation", "SecondPumpArriving_AttendanceTime", "SecondPumpArriving_DeployedFromStation", "NumPumpsAttending", "PumpMinutesRounded"]
Sat Jun  6 05:42:39 PM UTC 2026 patrol exited rc=0 — restarting in 5s
Traceback (most recent call last):
  File "/home/nvidia/sixwatch/agent.py", line 330, in <module>
    main()
  File "/home/nvidia/sixwatch/agent.py", line 326, in main
    patrol(speak=a.speak)
  File "/home/nvidia/sixwatch/agent.py", line 260, in patrol
    notables = d.filter(
               ^^^^^^^^^
  File "/home/nvidia/sixwatch/.venv/lib/python3.12/site-packages/polars/dataframe/frame.py", line 5521, in filter
    .collect(optimizations=QueryOptFlags._eager())
     ^^^^^^^^^^^^^^^^^^^^^^^^^^^^^^^^^^^^^^^^^^^^^
  File "/home/nvidia/sixwatch/.venv/lib/python3.12/site-packages/polars/_utils/deprecation.py", line 97, in wrapper
    return function(*args, **kwargs)
           ^^^^^^^^^^^^^^^^^^^^^^^^^
  File "/home/nvidia/sixwatch/.venv/lib/python3.12/site-packages/polars/lazyframe/opt_flags.py", line 343, in wrapper
    return function(*args, **kwargs)
           ^^^^^^^^^^^^^^^^^^^^^^^^^
  File "/home/nvidia/sixwatch/.venv/lib/python3.12/site-packages/polars/lazyframe/frame.py", line 2630, in collect
    return wrap_df(ldf.collect(engine, callback))
                   ^^^^^^^^^^^^^^^^^^^^^^^^^^^^^
polars.exceptions.ColumnNotFoundError: unable to find column "NumCalls"; valid columns: ["IncidentNumber", "DateOfCall", "CalYear", "HourOfCall", "IncidentGroup", "StopCodeDescription", "PropertyCategory", "IncGeo_BoroughName", "IncGeo_WardName", "Easting_rounded", "Northing_rounded", "IncidentStationGround", "FirstPumpArriving_AttendanceTime", "FirstPumpArriving_DeployedFromStation", "SecondPumpArriving_AttendanceTime", "SecondPumpArriving_DeployedFromStation", "NumPumpsAttending", "PumpMinutesRounded"]
Sat Jun  6 05:42:45 PM UTC 2026 patrol exited rc=0 — restarting in 5s
Traceback (most recent call last):
  File "/home/nvidia/sixwatch/agent.py", line 330, in <module>
    main()
  File "/home/nvidia/sixwatch/agent.py", line 326, in main
    patrol(speak=a.speak)
  File "/home/nvidia/sixwatch/agent.py", line 260, in patrol
    notables = d.filter(
               ^^^^^^^^^
  File "/home/nvidia/sixwatch/.venv/lib/python3.12/site-packages/polars/dataframe/frame.py", line 5521, in filter
    .collect(optimizations=QueryOptFlags._eager())
     ^^^^^^^^^^^^^^^^^^^^^^^^^^^^^^^^^^^^^^^^^^^^^
  File "/home/nvidia/sixwatch/.venv/lib/python3.12/site-packages/polars/_utils/deprecation.py", line 97, in wrapper
    return function(*args, **kwargs)
           ^^^^^^^^^^^^^^^^^^^^^^^^^
  File "/home/nvidia/sixwatch/.venv/lib/python3.12/site-packages/polars/lazyframe/opt_flags.py", line 343, in wrapper
    return function(*args, **kwargs)
           ^^^^^^^^^^^^^^^^^^^^^^^^^
  File "/home/nvidia/sixwatch/.venv/lib/python3.12/site-packages/polars/lazyframe/frame.py", line 2630, in collect
    return wrap_df(ldf.collect(engine, callback))
                   ^^^^^^^^^^^^^^^^^^^^^^^^^^^^^
polars.exceptions.ColumnNotFoundError: unable to find column "NumCalls"; valid columns: ["IncidentNumber", "DateOfCall", "CalYear", "HourOfCall", "IncidentGroup", "StopCodeDescription", "PropertyCategory", "IncGeo_BoroughName", "IncGeo_WardName", "Easting_rounded", "Northing_rounded", "IncidentStationGround", "FirstPumpArriving_AttendanceTime", "FirstPumpArriving_DeployedFromStation", "SecondPumpArriving_AttendanceTime", "SecondPumpArriving_DeployedFromStation", "NumPumpsAttending", "PumpMinutesRounded"]
Sat Jun  6 05:42:50 PM UTC 2026 patrol exited rc=0 — restarting in 5s
Traceback (most recent call last):
  File "/home/nvidia/sixwatch/agent.py", line 330, in <module>
    main()
  File "/home/nvidia/sixwatch/agent.py", line 326, in main
    patrol(speak=a.speak)
  File "/home/nvidia/sixwatch/agent.py", line 260, in patrol
    notables = d.filter(
               ^^^^^^^^^
  File "/home/nvidia/sixwatch/.venv/lib/python3.12/site-packages/polars/dataframe/frame.py", line 5521, in filter
    .collect(optimizations=QueryOptFlags._eager())
     ^^^^^^^^^^^^^^^^^^^^^^^^^^^^^^^^^^^^^^^^^^^^^
  File "/home/nvidia/sixwatch/.venv/lib/python3.12/site-packages/polars/_utils/deprecation.py", line 97, in wrapper
    return function(*args, **kwargs)
           ^^^^^^^^^^^^^^^^^^^^^^^^^
  File "/home/nvidia/sixwatch/.venv/lib/python3.12/site-packages/polars/lazyframe/opt_flags.py", line 343, in wrapper
    return function(*args, **kwargs)
           ^^^^^^^^^^^^^^^^^^^^^^^^^
  File "/home/nvidia/sixwatch/.venv/lib/python3.12/site-packages/polars/lazyframe/frame.py", line 2630, in collect
    return wrap_df(ldf.collect(engine, callback))
                   ^^^^^^^^^^^^^^^^^^^^^^^^^^^^^
polars.exceptions.ColumnNotFoundError: unable to find column "NumCalls"; valid columns: ["IncidentNumber", "DateOfCall", "CalYear", "HourOfCall", "IncidentGroup", "StopCodeDescription", "PropertyCategory", "IncGeo_BoroughName", "IncGeo_WardName", "Easting_rounded", "Northing_rounded", "IncidentStationGround", "FirstPumpArriving_AttendanceTime", "FirstPumpArriving_DeployedFromStation", "SecondPumpArriving_AttendanceTime", "SecondPumpArriving_DeployedFromStation", "NumPumpsAttending", "PumpMinutesRounded"]
Sat Jun  6 05:42:56 PM UTC 2026 patrol exited rc=0 — restarting in 5s
Traceback (most recent call last):
  File "/home/nvidia/sixwatch/agent.py", line 330, in <module>
    main()
  File "/home/nvidia/sixwatch/agent.py", line 326, in main
    patrol(speak=a.speak)
  File "/home/nvidia/sixwatch/agent.py", line 260, in patrol
    notables = d.filter(
               ^^^^^^^^^
  File "/home/nvidia/sixwatch/.venv/lib/python3.12/site-packages/polars/dataframe/frame.py", line 5521, in filter
    .collect(optimizations=QueryOptFlags._eager())
     ^^^^^^^^^^^^^^^^^^^^^^^^^^^^^^^^^^^^^^^^^^^^^
  File "/home/nvidia/sixwatch/.venv/lib/python3.12/site-packages/polars/_utils/deprecation.py", line 97, in wrapper
    return function(*args, **kwargs)
           ^^^^^^^^^^^^^^^^^^^^^^^^^
  File "/home/nvidia/sixwatch/.venv/lib/python3.12/site-packages/polars/lazyframe/opt_flags.py", line 343, in wrapper
    return function(*args, **kwargs)
           ^^^^^^^^^^^^^^^^^^^^^^^^^
  File "/home/nvidia/sixwatch/.venv/lib/python3.12/site-packages/polars/lazyframe/frame.py", line 2630, in collect
    return wrap_df(ldf.collect(engine, callback))
                   ^^^^^^^^^^^^^^^^^^^^^^^^^^^^^
polars.exceptions.ColumnNotFoundError: unable to find column "NumCalls"; valid columns: ["IncidentNumber", "DateOfCall", "CalYear", "HourOfCall", "IncidentGroup", "StopCodeDescription", "PropertyCategory", "IncGeo_BoroughName", "IncGeo_WardName", "Easting_rounded", "Northing_rounded", "IncidentStationGround", "FirstPumpArriving_AttendanceTime", "FirstPumpArriving_DeployedFromStation", "SecondPumpArriving_AttendanceTime", "SecondPumpArriving_DeployedFromStation", "NumPumpsAttending", "PumpMinutesRounded"]
Sat Jun  6 05:43:01 PM UTC 2026 patrol exited rc=0 — restarting in 5s
Traceback (most recent call last):
  File "/home/nvidia/sixwatch/agent.py", line 330, in <module>
    main()
  File "/home/nvidia/sixwatch/agent.py", line 326, in main
    patrol(speak=a.speak)
  File "/home/nvidia/sixwatch/agent.py", line 260, in patrol
    notables = d.filter(
               ^^^^^^^^^
  File "/home/nvidia/sixwatch/.venv/lib/python3.12/site-packages/polars/dataframe/frame.py", line 5521, in filter
    .collect(optimizations=QueryOptFlags._eager())
     ^^^^^^^^^^^^^^^^^^^^^^^^^^^^^^^^^^^^^^^^^^^^^
  File "/home/nvidia/sixwatch/.venv/lib/python3.12/site-packages/polars/_utils/deprecation.py", line 97, in wrapper
    return function(*args, **kwargs)
           ^^^^^^^^^^^^^^^^^^^^^^^^^
  File "/home/nvidia/sixwatch/.venv/lib/python3.12/site-packages/polars/lazyframe/opt_flags.py", line 343, in wrapper
    return function(*args, **kwargs)
           ^^^^^^^^^^^^^^^^^^^^^^^^^
  File "/home/nvidia/sixwatch/.venv/lib/python3.12/site-packages/polars/lazyframe/frame.py", line 2630, in collect
    return wrap_df(ldf.collect(engine, callback))
                   ^^^^^^^^^^^^^^^^^^^^^^^^^^^^^
polars.exceptions.ColumnNotFoundError: unable to find column "NumCalls"; valid columns: ["IncidentNumber", "DateOfCall", "CalYear", "HourOfCall", "IncidentGroup", "StopCodeDescription", "PropertyCategory", "IncGeo_BoroughName", "IncGeo_WardName", "Easting_rounded", "Northing_rounded", "IncidentStationGround", "FirstPumpArriving_AttendanceTime", "FirstPumpArriving_DeployedFromStation", "SecondPumpArriving_AttendanceTime", "SecondPumpArriving_DeployedFromStation", "NumPumpsAttending", "PumpMinutesRounded"]
Sat Jun  6 05:43:07 PM UTC 2026 patrol exited rc=0 — restarting in 5s
Traceback (most recent call last):
  File "/home/nvidia/sixwatch/agent.py", line 330, in <module>
    main()
  File "/home/nvidia/sixwatch/agent.py", line 326, in main
    patrol(speak=a.speak)
  File "/home/nvidia/sixwatch/agent.py", line 260, in patrol
    notables = d.filter(
               ^^^^^^^^^
  File "/home/nvidia/sixwatch/.venv/lib/python3.12/site-packages/polars/dataframe/frame.py", line 5521, in filter
    .collect(optimizations=QueryOptFlags._eager())
     ^^^^^^^^^^^^^^^^^^^^^^^^^^^^^^^^^^^^^^^^^^^^^
  File "/home/nvidia/sixwatch/.venv/lib/python3.12/site-packages/polars/_utils/deprecation.py", line 97, in wrapper
    return function(*args, **kwargs)
           ^^^^^^^^^^^^^^^^^^^^^^^^^
  File "/home/nvidia/sixwatch/.venv/lib/python3.12/site-packages/polars/lazyframe/opt_flags.py", line 343, in wrapper
    return function(*args, **kwargs)
           ^^^^^^^^^^^^^^^^^^^^^^^^^
  File "/home/nvidia/sixwatch/.venv/lib/python3.12/site-packages/polars/lazyframe/frame.py", line 2630, in collect
    return wrap_df(ldf.collect(engine, callback))
                   ^^^^^^^^^^^^^^^^^^^^^^^^^^^^^
polars.exceptions.ColumnNotFoundError: unable to find column "NumCalls"; valid columns: ["IncidentNumber", "DateOfCall", "CalYear", "HourOfCall", "IncidentGroup", "StopCodeDescription", "PropertyCategory", "IncGeo_BoroughName", "IncGeo_WardName", "Easting_rounded", "Northing_rounded", "IncidentStationGround", "FirstPumpArriving_AttendanceTime", "FirstPumpArriving_DeployedFromStation", "SecondPumpArriving_AttendanceTime", "SecondPumpArriving_DeployedFromStation", "NumPumpsAttending", "PumpMinutesRounded"]
Sat Jun  6 05:43:12 PM UTC 2026 patrol exited rc=0 — restarting in 5s
Traceback (most recent call last):
  File "/home/nvidia/sixwatch/agent.py", line 330, in <module>
    main()
  File "/home/nvidia/sixwatch/agent.py", line 326, in main
    patrol(speak=a.speak)
  File "/home/nvidia/sixwatch/agent.py", line 260, in patrol
    notables = d.filter(
               ^^^^^^^^^
  File "/home/nvidia/sixwatch/.venv/lib/python3.12/site-packages/polars/dataframe/frame.py", line 5521, in filter
    .collect(optimizations=QueryOptFlags._eager())
     ^^^^^^^^^^^^^^^^^^^^^^^^^^^^^^^^^^^^^^^^^^^^^
  File "/home/nvidia/sixwatch/.venv/lib/python3.12/site-packages/polars/_utils/deprecation.py", line 97, in wrapper
    return function(*args, **kwargs)
           ^^^^^^^^^^^^^^^^^^^^^^^^^
  File "/home/nvidia/sixwatch/.venv/lib/python3.12/site-packages/polars/lazyframe/opt_flags.py", line 343, in wrapper
    return function(*args, **kwargs)
           ^^^^^^^^^^^^^^^^^^^^^^^^^
  File "/home/nvidia/sixwatch/.venv/lib/python3.12/site-packages/polars/lazyframe/frame.py", line 2630, in collect
    return wrap_df(ldf.collect(engine, callback))
                   ^^^^^^^^^^^^^^^^^^^^^^^^^^^^^
polars.exceptions.ColumnNotFoundError: unable to find column "NumCalls"; valid columns: ["IncidentNumber", "DateOfCall", "CalYear", "HourOfCall", "IncidentGroup", "StopCodeDescription", "PropertyCategory", "IncGeo_BoroughName", "IncGeo_WardName", "Easting_rounded", "Northing_rounded", "IncidentStationGround", "FirstPumpArriving_AttendanceTime", "FirstPumpArriving_DeployedFromStation", "SecondPumpArriving_AttendanceTime", "SecondPumpArriving_DeployedFromStation", "NumPumpsAttending", "PumpMinutesRounded"]
Sat Jun  6 05:43:18 PM UTC 2026 patrol exited rc=0 — restarting in 5s
Traceback (most recent call last):
  File "/home/nvidia/sixwatch/agent.py", line 330, in <module>
    main()
  File "/home/nvidia/sixwatch/agent.py", line 326, in main
    patrol(speak=a.speak)
  File "/home/nvidia/sixwatch/agent.py", line 260, in patrol
    notables = d.filter(
               ^^^^^^^^^
  File "/home/nvidia/sixwatch/.venv/lib/python3.12/site-packages/polars/dataframe/frame.py", line 5521, in filter
    .collect(optimizations=QueryOptFlags._eager())
     ^^^^^^^^^^^^^^^^^^^^^^^^^^^^^^^^^^^^^^^^^^^^^
  File "/home/nvidia/sixwatch/.venv/lib/python3.12/site-packages/polars/_utils/deprecation.py", line 97, in wrapper
    return function(*args, **kwargs)
           ^^^^^^^^^^^^^^^^^^^^^^^^^
  File "/home/nvidia/sixwatch/.venv/lib/python3.12/site-packages/polars/lazyframe/opt_flags.py", line 343, in wrapper
    return function(*args, **kwargs)
           ^^^^^^^^^^^^^^^^^^^^^^^^^
  File "/home/nvidia/sixwatch/.venv/lib/python3.12/site-packages/polars/lazyframe/frame.py", line 2630, in collect
    return wrap_df(ldf.collect(engine, callback))
                   ^^^^^^^^^^^^^^^^^^^^^^^^^^^^^
polars.exceptions.ColumnNotFoundError: unable to find column "NumCalls"; valid columns: ["IncidentNumber", "DateOfCall", "CalYear", "HourOfCall", "IncidentGroup", "StopCodeDescription", "PropertyCategory", "IncGeo_BoroughName", "IncGeo_WardName", "Easting_rounded", "Northing_rounded", "IncidentStationGround", "FirstPumpArriving_AttendanceTime", "FirstPumpArriving_DeployedFromStation", "SecondPumpArriving_AttendanceTime", "SecondPumpArriving_DeployedFromStation", "NumPumpsAttending", "PumpMinutesRounded"]
Sat Jun  6 05:43:23 PM UTC 2026 patrol exited rc=0 — restarting in 5s
Traceback (most recent call last):
  File "/home/nvidia/sixwatch/agent.py", line 330, in <module>
    main()
  File "/home/nvidia/sixwatch/agent.py", line 326, in main
    patrol(speak=a.speak)
  File "/home/nvidia/sixwatch/agent.py", line 260, in patrol
    notables = d.filter(
               ^^^^^^^^^
  File "/home/nvidia/sixwatch/.venv/lib/python3.12/site-packages/polars/dataframe/frame.py", line 5521, in filter
    .collect(optimizations=QueryOptFlags._eager())
     ^^^^^^^^^^^^^^^^^^^^^^^^^^^^^^^^^^^^^^^^^^^^^
  File "/home/nvidia/sixwatch/.venv/lib/python3.12/site-packages/polars/_utils/deprecation.py", line 97, in wrapper
    return function(*args, **kwargs)
           ^^^^^^^^^^^^^^^^^^^^^^^^^
  File "/home/nvidia/sixwatch/.venv/lib/python3.12/site-packages/polars/lazyframe/opt_flags.py", line 343, in wrapper
    return function(*args, **kwargs)
           ^^^^^^^^^^^^^^^^^^^^^^^^^
  File "/home/nvidia/sixwatch/.venv/lib/python3.12/site-packages/polars/lazyframe/frame.py", line 2630, in collect
    return wrap_df(ldf.collect(engine, callback))
                   ^^^^^^^^^^^^^^^^^^^^^^^^^^^^^
polars.exceptions.ColumnNotFoundError: unable to find column "NumCalls"; valid columns: ["IncidentNumber", "DateOfCall", "CalYear", "HourOfCall", "IncidentGroup", "StopCodeDescription", "PropertyCategory", "IncGeo_BoroughName", "IncGeo_WardName", "Easting_rounded", "Northing_rounded", "IncidentStationGround", "FirstPumpArriving_AttendanceTime", "FirstPumpArriving_DeployedFromStation", "SecondPumpArriving_AttendanceTime", "SecondPumpArriving_DeployedFromStation", "NumPumpsAttending", "PumpMinutesRounded"]
Sat Jun  6 05:43:29 PM UTC 2026 patrol exited rc=0 — restarting in 5s
Traceback (most recent call last):
  File "/home/nvidia/sixwatch/agent.py", line 330, in <module>
    main()
  File "/home/nvidia/sixwatch/agent.py", line 326, in main
    patrol(speak=a.speak)
  File "/home/nvidia/sixwatch/agent.py", line 260, in patrol
    notables = d.filter(
               ^^^^^^^^^
  File "/home/nvidia/sixwatch/.venv/lib/python3.12/site-packages/polars/dataframe/frame.py", line 5521, in filter
    .collect(optimizations=QueryOptFlags._eager())
     ^^^^^^^^^^^^^^^^^^^^^^^^^^^^^^^^^^^^^^^^^^^^^
  File "/home/nvidia/sixwatch/.venv/lib/python3.12/site-packages/polars/_utils/deprecation.py", line 97, in wrapper
    return function(*args, **kwargs)
           ^^^^^^^^^^^^^^^^^^^^^^^^^
  File "/home/nvidia/sixwatch/.venv/lib/python3.12/site-packages/polars/lazyframe/opt_flags.py", line 343, in wrapper
    return function(*args, **kwargs)
           ^^^^^^^^^^^^^^^^^^^^^^^^^
  File "/home/nvidia/sixwatch/.venv/lib/python3.12/site-packages/polars/lazyframe/frame.py", line 2630, in collect
    return wrap_df(ldf.collect(engine, callback))
                   ^^^^^^^^^^^^^^^^^^^^^^^^^^^^^
polars.exceptions.ColumnNotFoundError: unable to find column "NumCalls"; valid columns: ["IncidentNumber", "DateOfCall", "CalYear", "HourOfCall", "IncidentGroup", "StopCodeDescription", "PropertyCategory", "IncGeo_BoroughName", "IncGeo_WardName", "Easting_rounded", "Northing_rounded", "IncidentStationGround", "FirstPumpArriving_AttendanceTime", "FirstPumpArriving_DeployedFromStation", "SecondPumpArriving_AttendanceTime", "SecondPumpArriving_DeployedFromStation", "NumPumpsAttending", "PumpMinutesRounded"]
Sat Jun  6 05:43:34 PM UTC 2026 patrol exited rc=0 — restarting in 5s
Traceback (most recent call last):
  File "/home/nvidia/sixwatch/agent.py", line 330, in <module>
    main()
  File "/home/nvidia/sixwatch/agent.py", line 326, in main
    patrol(speak=a.speak)
  File "/home/nvidia/sixwatch/agent.py", line 260, in patrol
    notables = d.filter(
               ^^^^^^^^^
  File "/home/nvidia/sixwatch/.venv/lib/python3.12/site-packages/polars/dataframe/frame.py", line 5521, in filter
    .collect(optimizations=QueryOptFlags._eager())
     ^^^^^^^^^^^^^^^^^^^^^^^^^^^^^^^^^^^^^^^^^^^^^
  File "/home/nvidia/sixwatch/.venv/lib/python3.12/site-packages/polars/_utils/deprecation.py", line 97, in wrapper
    return function(*args, **kwargs)
           ^^^^^^^^^^^^^^^^^^^^^^^^^
  File "/home/nvidia/sixwatch/.venv/lib/python3.12/site-packages/polars/lazyframe/opt_flags.py", line 343, in wrapper
    return function(*args, **kwargs)
           ^^^^^^^^^^^^^^^^^^^^^^^^^
  File "/home/nvidia/sixwatch/.venv/lib/python3.12/site-packages/polars/lazyframe/frame.py", line 2630, in collect
    return wrap_df(ldf.collect(engine, callback))
                   ^^^^^^^^^^^^^^^^^^^^^^^^^^^^^
polars.exceptions.ColumnNotFoundError: unable to find column "NumCalls"; valid columns: ["IncidentNumber", "DateOfCall", "CalYear", "HourOfCall", "IncidentGroup", "StopCodeDescription", "PropertyCategory", "IncGeo_BoroughName", "IncGeo_WardName", "Easting_rounded", "Northing_rounded", "IncidentStationGround", "FirstPumpArriving_AttendanceTime", "FirstPumpArriving_DeployedFromStation", "SecondPumpArriving_AttendanceTime", "SecondPumpArriving_DeployedFromStation", "NumPumpsAttending", "PumpMinutesRounded"]
Sat Jun  6 05:43:40 PM UTC 2026 patrol exited rc=0 — restarting in 5s
Traceback (most recent call last):
  File "/home/nvidia/sixwatch/agent.py", line 330, in <module>
    main()
  File "/home/nvidia/sixwatch/agent.py", line 326, in main
    patrol(speak=a.speak)
  File "/home/nvidia/sixwatch/agent.py", line 260, in patrol
    notables = d.filter(
               ^^^^^^^^^
  File "/home/nvidia/sixwatch/.venv/lib/python3.12/site-packages/polars/dataframe/frame.py", line 5521, in filter
    .collect(optimizations=QueryOptFlags._eager())
     ^^^^^^^^^^^^^^^^^^^^^^^^^^^^^^^^^^^^^^^^^^^^^
  File "/home/nvidia/sixwatch/.venv/lib/python3.12/site-packages/polars/_utils/deprecation.py", line 97, in wrapper
    return function(*args, **kwargs)
           ^^^^^^^^^^^^^^^^^^^^^^^^^
  File "/home/nvidia/sixwatch/.venv/lib/python3.12/site-packages/polars/lazyframe/opt_flags.py", line 343, in wrapper
    return function(*args, **kwargs)
           ^^^^^^^^^^^^^^^^^^^^^^^^^
  File "/home/nvidia/sixwatch/.venv/lib/python3.12/site-packages/polars/lazyframe/frame.py", line 2630, in collect
    return wrap_df(ldf.collect(engine, callback))
                   ^^^^^^^^^^^^^^^^^^^^^^^^^^^^^
polars.exceptions.ColumnNotFoundError: unable to find column "NumCalls"; valid columns: ["IncidentNumber", "DateOfCall", "CalYear", "HourOfCall", "IncidentGroup", "StopCodeDescription", "PropertyCategory", "IncGeo_BoroughName", "IncGeo_WardName", "Easting_rounded", "Northing_rounded", "IncidentStationGround", "FirstPumpArriving_AttendanceTime", "FirstPumpArriving_DeployedFromStation", "SecondPumpArriving_AttendanceTime", "SecondPumpArriving_DeployedFromStation", "NumPumpsAttending", "PumpMinutesRounded"]
Sat Jun  6 05:43:45 PM UTC 2026 patrol exited rc=0 — restarting in 5s
Traceback (most recent call last):
  File "/home/nvidia/sixwatch/agent.py", line 330, in <module>
    main()
  File "/home/nvidia/sixwatch/agent.py", line 326, in main
    patrol(speak=a.speak)
  File "/home/nvidia/sixwatch/agent.py", line 260, in patrol
    notables = d.filter(
               ^^^^^^^^^
  File "/home/nvidia/sixwatch/.venv/lib/python3.12/site-packages/polars/dataframe/frame.py", line 5521, in filter
    .collect(optimizations=QueryOptFlags._eager())
     ^^^^^^^^^^^^^^^^^^^^^^^^^^^^^^^^^^^^^^^^^^^^^
  File "/home/nvidia/sixwatch/.venv/lib/python3.12/site-packages/polars/_utils/deprecation.py", line 97, in wrapper
    return function(*args, **kwargs)
           ^^^^^^^^^^^^^^^^^^^^^^^^^
  File "/home/nvidia/sixwatch/.venv/lib/python3.12/site-packages/polars/lazyframe/opt_flags.py", line 343, in wrapper
    return function(*args, **kwargs)
           ^^^^^^^^^^^^^^^^^^^^^^^^^
  File "/home/nvidia/sixwatch/.venv/lib/python3.12/site-packages/polars/lazyframe/frame.py", line 2630, in collect
    return wrap_df(ldf.collect(engine, callback))
                   ^^^^^^^^^^^^^^^^^^^^^^^^^^^^^
polars.exceptions.ColumnNotFoundError: unable to find column "NumCalls"; valid columns: ["IncidentNumber", "DateOfCall", "CalYear", "HourOfCall", "IncidentGroup", "StopCodeDescription", "PropertyCategory", "IncGeo_BoroughName", "IncGeo_WardName", "Easting_rounded", "Northing_rounded", "IncidentStationGround", "FirstPumpArriving_AttendanceTime", "FirstPumpArriving_DeployedFromStation", "SecondPumpArriving_AttendanceTime", "SecondPumpArriving_DeployedFromStation", "NumPumpsAttending", "PumpMinutesRounded"]
Sat Jun  6 05:43:51 PM UTC 2026 patrol exited rc=0 — restarting in 5s
Traceback (most recent call last):
  File "/home/nvidia/sixwatch/agent.py", line 330, in <module>
    main()
  File "/home/nvidia/sixwatch/agent.py", line 326, in main
    patrol(speak=a.speak)
  File "/home/nvidia/sixwatch/agent.py", line 260, in patrol
    notables = d.filter(
               ^^^^^^^^^
  File "/home/nvidia/sixwatch/.venv/lib/python3.12/site-packages/polars/dataframe/frame.py", line 5521, in filter
    .collect(optimizations=QueryOptFlags._eager())
     ^^^^^^^^^^^^^^^^^^^^^^^^^^^^^^^^^^^^^^^^^^^^^
  File "/home/nvidia/sixwatch/.venv/lib/python3.12/site-packages/polars/_utils/deprecation.py", line 97, in wrapper
    return function(*args, **kwargs)
           ^^^^^^^^^^^^^^^^^^^^^^^^^
  File "/home/nvidia/sixwatch/.venv/lib/python3.12/site-packages/polars/lazyframe/opt_flags.py", line 343, in wrapper
    return function(*args, **kwargs)
           ^^^^^^^^^^^^^^^^^^^^^^^^^
  File "/home/nvidia/sixwatch/.venv/lib/python3.12/site-packages/polars/lazyframe/frame.py", line 2630, in collect
    return wrap_df(ldf.collect(engine, callback))
                   ^^^^^^^^^^^^^^^^^^^^^^^^^^^^^
polars.exceptions.ColumnNotFoundError: unable to find column "NumCalls"; valid columns: ["IncidentNumber", "DateOfCall", "CalYear", "HourOfCall", "IncidentGroup", "StopCodeDescription", "PropertyCategory", "IncGeo_BoroughName", "IncGeo_WardName", "Easting_rounded", "Northing_rounded", "IncidentStationGround", "FirstPumpArriving_AttendanceTime", "FirstPumpArriving_DeployedFromStation", "SecondPumpArriving_AttendanceTime", "SecondPumpArriving_DeployedFromStation", "NumPumpsAttending", "PumpMinutesRounded"]
Sat Jun  6 05:43:57 PM UTC 2026 patrol exited rc=0 — restarting in 5s
Traceback (most recent call last):
  File "/home/nvidia/sixwatch/agent.py", line 330, in <module>
    main()
  File "/home/nvidia/sixwatch/agent.py", line 326, in main
    patrol(speak=a.speak)
  File "/home/nvidia/sixwatch/agent.py", line 260, in patrol
    notables = d.filter(
               ^^^^^^^^^
  File "/home/nvidia/sixwatch/.venv/lib/python3.12/site-packages/polars/dataframe/frame.py", line 5521, in filter
    .collect(optimizations=QueryOptFlags._eager())
     ^^^^^^^^^^^^^^^^^^^^^^^^^^^^^^^^^^^^^^^^^^^^^
  File "/home/nvidia/sixwatch/.venv/lib/python3.12/site-packages/polars/_utils/deprecation.py", line 97, in wrapper
    return function(*args, **kwargs)
           ^^^^^^^^^^^^^^^^^^^^^^^^^
  File "/home/nvidia/sixwatch/.venv/lib/python3.12/site-packages/polars/lazyframe/opt_flags.py", line 343, in wrapper
    return function(*args, **kwargs)
           ^^^^^^^^^^^^^^^^^^^^^^^^^
  File "/home/nvidia/sixwatch/.venv/lib/python3.12/site-packages/polars/lazyframe/frame.py", line 2630, in collect
    return wrap_df(ldf.collect(engine, callback))
                   ^^^^^^^^^^^^^^^^^^^^^^^^^^^^^
polars.exceptions.ColumnNotFoundError: unable to find column "NumCalls"; valid columns: ["IncidentNumber", "DateOfCall", "CalYear", "HourOfCall", "IncidentGroup", "StopCodeDescription", "PropertyCategory", "IncGeo_BoroughName", "IncGeo_WardName", "Easting_rounded", "Northing_rounded", "IncidentStationGround", "FirstPumpArriving_AttendanceTime", "FirstPumpArriving_DeployedFromStation", "SecondPumpArriving_AttendanceTime", "SecondPumpArriving_DeployedFromStation", "NumPumpsAttending", "PumpMinutesRounded"]
Sat Jun  6 05:44:02 PM UTC 2026 patrol exited rc=0 — restarting in 5s
Traceback (most recent call last):
  File "/home/nvidia/sixwatch/agent.py", line 330, in <module>
    main()
  File "/home/nvidia/sixwatch/agent.py", line 326, in main
    patrol(speak=a.speak)
  File "/home/nvidia/sixwatch/agent.py", line 260, in patrol
    notables = d.filter(
               ^^^^^^^^^
  File "/home/nvidia/sixwatch/.venv/lib/python3.12/site-packages/polars/dataframe/frame.py", line 5521, in filter
    .collect(optimizations=QueryOptFlags._eager())
     ^^^^^^^^^^^^^^^^^^^^^^^^^^^^^^^^^^^^^^^^^^^^^
  File "/home/nvidia/sixwatch/.venv/lib/python3.12/site-packages/polars/_utils/deprecation.py", line 97, in wrapper
    return function(*args, **kwargs)
           ^^^^^^^^^^^^^^^^^^^^^^^^^
  File "/home/nvidia/sixwatch/.venv/lib/python3.12/site-packages/polars/lazyframe/opt_flags.py", line 343, in wrapper
    return function(*args, **kwargs)
           ^^^^^^^^^^^^^^^^^^^^^^^^^
  File "/home/nvidia/sixwatch/.venv/lib/python3.12/site-packages/polars/lazyframe/frame.py", line 2630, in collect
    return wrap_df(ldf.collect(engine, callback))
                   ^^^^^^^^^^^^^^^^^^^^^^^^^^^^^
polars.exceptions.ColumnNotFoundError: unable to find column "NumCalls"; valid columns: ["IncidentNumber", "DateOfCall", "CalYear", "HourOfCall", "IncidentGroup", "StopCodeDescription", "PropertyCategory", "IncGeo_BoroughName", "IncGeo_WardName", "Easting_rounded", "Northing_rounded", "IncidentStationGround", "FirstPumpArriving_AttendanceTime", "FirstPumpArriving_DeployedFromStation", "SecondPumpArriving_AttendanceTime", "SecondPumpArriving_DeployedFromStation", "NumPumpsAttending", "PumpMinutesRounded"]
Sat Jun  6 05:44:08 PM UTC 2026 patrol exited rc=0 — restarting in 5s
Traceback (most recent call last):
  File "/home/nvidia/sixwatch/agent.py", line 330, in <module>
    main()
  File "/home/nvidia/sixwatch/agent.py", line 326, in main
    patrol(speak=a.speak)
  File "/home/nvidia/sixwatch/agent.py", line 260, in patrol
    notables = d.filter(
               ^^^^^^^^^
  File "/home/nvidia/sixwatch/.venv/lib/python3.12/site-packages/polars/dataframe/frame.py", line 5521, in filter
    .collect(optimizations=QueryOptFlags._eager())
     ^^^^^^^^^^^^^^^^^^^^^^^^^^^^^^^^^^^^^^^^^^^^^
  File "/home/nvidia/sixwatch/.venv/lib/python3.12/site-packages/polars/_utils/deprecation.py", line 97, in wrapper
    return function(*args, **kwargs)
           ^^^^^^^^^^^^^^^^^^^^^^^^^
  File "/home/nvidia/sixwatch/.venv/lib/python3.12/site-packages/polars/lazyframe/opt_flags.py", line 343, in wrapper
    return function(*args, **kwargs)
           ^^^^^^^^^^^^^^^^^^^^^^^^^
  File "/home/nvidia/sixwatch/.venv/lib/python3.12/site-packages/polars/lazyframe/frame.py", line 2630, in collect
    return wrap_df(ldf.collect(engine, callback))
                   ^^^^^^^^^^^^^^^^^^^^^^^^^^^^^
polars.exceptions.ColumnNotFoundError: unable to find column "NumCalls"; valid columns: ["IncidentNumber", "DateOfCall", "CalYear", "HourOfCall", "IncidentGroup", "StopCodeDescription", "PropertyCategory", "IncGeo_BoroughName", "IncGeo_WardName", "Easting_rounded", "Northing_rounded", "IncidentStationGround", "FirstPumpArriving_AttendanceTime", "FirstPumpArriving_DeployedFromStation", "SecondPumpArriving_AttendanceTime", "SecondPumpArriving_DeployedFromStation", "NumPumpsAttending", "PumpMinutesRounded"]
Sat Jun  6 05:44:13 PM UTC 2026 patrol exited rc=0 — restarting in 5s
Traceback (most recent call last):
  File "/home/nvidia/sixwatch/agent.py", line 330, in <module>
    main()
  File "/home/nvidia/sixwatch/agent.py", line 326, in main
    patrol(speak=a.speak)
  File "/home/nvidia/sixwatch/agent.py", line 260, in patrol
    notables = d.filter(
               ^^^^^^^^^
  File "/home/nvidia/sixwatch/.venv/lib/python3.12/site-packages/polars/dataframe/frame.py", line 5521, in filter
    .collect(optimizations=QueryOptFlags._eager())
     ^^^^^^^^^^^^^^^^^^^^^^^^^^^^^^^^^^^^^^^^^^^^^
  File "/home/nvidia/sixwatch/.venv/lib/python3.12/site-packages/polars/_utils/deprecation.py", line 97, in wrapper
    return function(*args, **kwargs)
           ^^^^^^^^^^^^^^^^^^^^^^^^^
  File "/home/nvidia/sixwatch/.venv/lib/python3.12/site-packages/polars/lazyframe/opt_flags.py", line 343, in wrapper
    return function(*args, **kwargs)
           ^^^^^^^^^^^^^^^^^^^^^^^^^
  File "/home/nvidia/sixwatch/.venv/lib/python3.12/site-packages/polars/lazyframe/frame.py", line 2630, in collect
    return wrap_df(ldf.collect(engine, callback))
                   ^^^^^^^^^^^^^^^^^^^^^^^^^^^^^
polars.exceptions.ColumnNotFoundError: unable to find column "NumCalls"; valid columns: ["IncidentNumber", "DateOfCall", "CalYear", "HourOfCall", "IncidentGroup", "StopCodeDescription", "PropertyCategory", "IncGeo_BoroughName", "IncGeo_WardName", "Easting_rounded", "Northing_rounded", "IncidentStationGround", "FirstPumpArriving_AttendanceTime", "FirstPumpArriving_DeployedFromStation", "SecondPumpArriving_AttendanceTime", "SecondPumpArriving_DeployedFromStation", "NumPumpsAttending", "PumpMinutesRounded"]
Sat Jun  6 05:44:19 PM UTC 2026 patrol exited rc=0 — restarting in 5s
Traceback (most recent call last):
  File "/home/nvidia/sixwatch/agent.py", line 330, in <module>
    main()
  File "/home/nvidia/sixwatch/agent.py", line 326, in main
    patrol(speak=a.speak)
  File "/home/nvidia/sixwatch/agent.py", line 260, in patrol
    notables = d.filter(
               ^^^^^^^^^
  File "/home/nvidia/sixwatch/.venv/lib/python3.12/site-packages/polars/dataframe/frame.py", line 5521, in filter
    .collect(optimizations=QueryOptFlags._eager())
     ^^^^^^^^^^^^^^^^^^^^^^^^^^^^^^^^^^^^^^^^^^^^^
  File "/home/nvidia/sixwatch/.venv/lib/python3.12/site-packages/polars/_utils/deprecation.py", line 97, in wrapper
    return function(*args, **kwargs)
           ^^^^^^^^^^^^^^^^^^^^^^^^^
  File "/home/nvidia/sixwatch/.venv/lib/python3.12/site-packages/polars/lazyframe/opt_flags.py", line 343, in wrapper
    return function(*args, **kwargs)
           ^^^^^^^^^^^^^^^^^^^^^^^^^
  File "/home/nvidia/sixwatch/.venv/lib/python3.12/site-packages/polars/lazyframe/frame.py", line 2630, in collect
    return wrap_df(ldf.collect(engine, callback))
                   ^^^^^^^^^^^^^^^^^^^^^^^^^^^^^
polars.exceptions.ColumnNotFoundError: unable to find column "NumCalls"; valid columns: ["IncidentNumber", "DateOfCall", "CalYear", "HourOfCall", "IncidentGroup", "StopCodeDescription", "PropertyCategory", "IncGeo_BoroughName", "IncGeo_WardName", "Easting_rounded", "Northing_rounded", "IncidentStationGround", "FirstPumpArriving_AttendanceTime", "FirstPumpArriving_DeployedFromStation", "SecondPumpArriving_AttendanceTime", "SecondPumpArriving_DeployedFromStation", "NumPumpsAttending", "PumpMinutesRounded"]
Sat Jun  6 05:44:24 PM UTC 2026 patrol exited rc=0 — restarting in 5s
Traceback (most recent call last):
  File "/home/nvidia/sixwatch/agent.py", line 330, in <module>
    main()
  File "/home/nvidia/sixwatch/agent.py", line 326, in main
    patrol(speak=a.speak)
  File "/home/nvidia/sixwatch/agent.py", line 260, in patrol
    notables = d.filter(
               ^^^^^^^^^
  File "/home/nvidia/sixwatch/.venv/lib/python3.12/site-packages/polars/dataframe/frame.py", line 5521, in filter
    .collect(optimizations=QueryOptFlags._eager())
     ^^^^^^^^^^^^^^^^^^^^^^^^^^^^^^^^^^^^^^^^^^^^^
  File "/home/nvidia/sixwatch/.venv/lib/python3.12/site-packages/polars/_utils/deprecation.py", line 97, in wrapper
    return function(*args, **kwargs)
           ^^^^^^^^^^^^^^^^^^^^^^^^^
  File "/home/nvidia/sixwatch/.venv/lib/python3.12/site-packages/polars/lazyframe/opt_flags.py", line 343, in wrapper
    return function(*args, **kwargs)
           ^^^^^^^^^^^^^^^^^^^^^^^^^
  File "/home/nvidia/sixwatch/.venv/lib/python3.12/site-packages/polars/lazyframe/frame.py", line 2630, in collect
    return wrap_df(ldf.collect(engine, callback))
                   ^^^^^^^^^^^^^^^^^^^^^^^^^^^^^
polars.exceptions.ColumnNotFoundError: unable to find column "NumCalls"; valid columns: ["IncidentNumber", "DateOfCall", "CalYear", "HourOfCall", "IncidentGroup", "StopCodeDescription", "PropertyCategory", "IncGeo_BoroughName", "IncGeo_WardName", "Easting_rounded", "Northing_rounded", "IncidentStationGround", "FirstPumpArriving_AttendanceTime", "FirstPumpArriving_DeployedFromStation", "SecondPumpArriving_AttendanceTime", "SecondPumpArriving_DeployedFromStation", "NumPumpsAttending", "PumpMinutesRounded"]
Sat Jun  6 05:44:30 PM UTC 2026 patrol exited rc=0 — restarting in 5s
Traceback (most recent call last):
  File "/home/nvidia/sixwatch/agent.py", line 330, in <module>
    main()
  File "/home/nvidia/sixwatch/agent.py", line 326, in main
    patrol(speak=a.speak)
  File "/home/nvidia/sixwatch/agent.py", line 260, in patrol
    notables = d.filter(
               ^^^^^^^^^
  File "/home/nvidia/sixwatch/.venv/lib/python3.12/site-packages/polars/dataframe/frame.py", line 5521, in filter
    .collect(optimizations=QueryOptFlags._eager())
     ^^^^^^^^^^^^^^^^^^^^^^^^^^^^^^^^^^^^^^^^^^^^^
  File "/home/nvidia/sixwatch/.venv/lib/python3.12/site-packages/polars/_utils/deprecation.py", line 97, in wrapper
    return function(*args, **kwargs)
           ^^^^^^^^^^^^^^^^^^^^^^^^^
  File "/home/nvidia/sixwatch/.venv/lib/python3.12/site-packages/polars/lazyframe/opt_flags.py", line 343, in wrapper
    return function(*args, **kwargs)
           ^^^^^^^^^^^^^^^^^^^^^^^^^
  File "/home/nvidia/sixwatch/.venv/lib/python3.12/site-packages/polars/lazyframe/frame.py", line 2630, in collect
    return wrap_df(ldf.collect(engine, callback))
                   ^^^^^^^^^^^^^^^^^^^^^^^^^^^^^
polars.exceptions.ColumnNotFoundError: unable to find column "NumCalls"; valid columns: ["IncidentNumber", "DateOfCall", "CalYear", "HourOfCall", "IncidentGroup", "StopCodeDescription", "PropertyCategory", "IncGeo_BoroughName", "IncGeo_WardName", "Easting_rounded", "Northing_rounded", "IncidentStationGround", "FirstPumpArriving_AttendanceTime", "FirstPumpArriving_DeployedFromStation", "SecondPumpArriving_AttendanceTime", "SecondPumpArriving_DeployedFromStation", "NumPumpsAttending", "PumpMinutesRounded"]
Sat Jun  6 05:44:35 PM UTC 2026 patrol exited rc=0 — restarting in 5s
Traceback (most recent call last):
  File "/home/nvidia/sixwatch/agent.py", line 330, in <module>
    main()
  File "/home/nvidia/sixwatch/agent.py", line 326, in main
    patrol(speak=a.speak)
  File "/home/nvidia/sixwatch/agent.py", line 260, in patrol
    notables = d.filter(
               ^^^^^^^^^
  File "/home/nvidia/sixwatch/.venv/lib/python3.12/site-packages/polars/dataframe/frame.py", line 5521, in filter
    .collect(optimizations=QueryOptFlags._eager())
     ^^^^^^^^^^^^^^^^^^^^^^^^^^^^^^^^^^^^^^^^^^^^^
  File "/home/nvidia/sixwatch/.venv/lib/python3.12/site-packages/polars/_utils/deprecation.py", line 97, in wrapper
    return function(*args, **kwargs)
           ^^^^^^^^^^^^^^^^^^^^^^^^^
  File "/home/nvidia/sixwatch/.venv/lib/python3.12/site-packages/polars/lazyframe/opt_flags.py", line 343, in wrapper
    return function(*args, **kwargs)
           ^^^^^^^^^^^^^^^^^^^^^^^^^
  File "/home/nvidia/sixwatch/.venv/lib/python3.12/site-packages/polars/lazyframe/frame.py", line 2630, in collect
    return wrap_df(ldf.collect(engine, callback))
                   ^^^^^^^^^^^^^^^^^^^^^^^^^^^^^
polars.exceptions.ColumnNotFoundError: unable to find column "NumCalls"; valid columns: ["IncidentNumber", "DateOfCall", "CalYear", "HourOfCall", "IncidentGroup", "StopCodeDescription", "PropertyCategory", "IncGeo_BoroughName", "IncGeo_WardName", "Easting_rounded", "Northing_rounded", "IncidentStationGround", "FirstPumpArriving_AttendanceTime", "FirstPumpArriving_DeployedFromStation", "SecondPumpArriving_AttendanceTime", "SecondPumpArriving_DeployedFromStation", "NumPumpsAttending", "PumpMinutesRounded"]
Sat Jun  6 05:44:41 PM UTC 2026 patrol exited rc=0 — restarting in 5s
Traceback (most recent call last):
  File "/home/nvidia/sixwatch/agent.py", line 330, in <module>
    main()
  File "/home/nvidia/sixwatch/agent.py", line 326, in main
    patrol(speak=a.speak)
  File "/home/nvidia/sixwatch/agent.py", line 260, in patrol
    notables = d.filter(
               ^^^^^^^^^
  File "/home/nvidia/sixwatch/.venv/lib/python3.12/site-packages/polars/dataframe/frame.py", line 5521, in filter
    .collect(optimizations=QueryOptFlags._eager())
     ^^^^^^^^^^^^^^^^^^^^^^^^^^^^^^^^^^^^^^^^^^^^^
  File "/home/nvidia/sixwatch/.venv/lib/python3.12/site-packages/polars/_utils/deprecation.py", line 97, in wrapper
    return function(*args, **kwargs)
           ^^^^^^^^^^^^^^^^^^^^^^^^^
  File "/home/nvidia/sixwatch/.venv/lib/python3.12/site-packages/polars/lazyframe/opt_flags.py", line 343, in wrapper
    return function(*args, **kwargs)
           ^^^^^^^^^^^^^^^^^^^^^^^^^
  File "/home/nvidia/sixwatch/.venv/lib/python3.12/site-packages/polars/lazyframe/frame.py", line 2630, in collect
    return wrap_df(ldf.collect(engine, callback))
                   ^^^^^^^^^^^^^^^^^^^^^^^^^^^^^
polars.exceptions.ColumnNotFoundError: unable to find column "NumCalls"; valid columns: ["IncidentNumber", "DateOfCall", "CalYear", "HourOfCall", "IncidentGroup", "StopCodeDescription", "PropertyCategory", "IncGeo_BoroughName", "IncGeo_WardName", "Easting_rounded", "Northing_rounded", "IncidentStationGround", "FirstPumpArriving_AttendanceTime", "FirstPumpArriving_DeployedFromStation", "SecondPumpArriving_AttendanceTime", "SecondPumpArriving_DeployedFromStation", "NumPumpsAttending", "PumpMinutesRounded"]
Sat Jun  6 05:44:46 PM UTC 2026 patrol exited rc=0 — restarting in 5s
Traceback (most recent call last):
  File "/home/nvidia/sixwatch/agent.py", line 330, in <module>
    main()
  File "/home/nvidia/sixwatch/agent.py", line 326, in main
    patrol(speak=a.speak)
  File "/home/nvidia/sixwatch/agent.py", line 260, in patrol
    notables = d.filter(
               ^^^^^^^^^
  File "/home/nvidia/sixwatch/.venv/lib/python3.12/site-packages/polars/dataframe/frame.py", line 5521, in filter
    .collect(optimizations=QueryOptFlags._eager())
     ^^^^^^^^^^^^^^^^^^^^^^^^^^^^^^^^^^^^^^^^^^^^^
  File "/home/nvidia/sixwatch/.venv/lib/python3.12/site-packages/polars/_utils/deprecation.py", line 97, in wrapper
    return function(*args, **kwargs)
           ^^^^^^^^^^^^^^^^^^^^^^^^^
  File "/home/nvidia/sixwatch/.venv/lib/python3.12/site-packages/polars/lazyframe/opt_flags.py", line 343, in wrapper
    return function(*args, **kwargs)
           ^^^^^^^^^^^^^^^^^^^^^^^^^
  File "/home/nvidia/sixwatch/.venv/lib/python3.12/site-packages/polars/lazyframe/frame.py", line 2630, in collect
    return wrap_df(ldf.collect(engine, callback))
                   ^^^^^^^^^^^^^^^^^^^^^^^^^^^^^
polars.exceptions.ColumnNotFoundError: unable to find column "NumCalls"; valid columns: ["IncidentNumber", "DateOfCall", "CalYear", "HourOfCall", "IncidentGroup", "StopCodeDescription", "PropertyCategory", "IncGeo_BoroughName", "IncGeo_WardName", "Easting_rounded", "Northing_rounded", "IncidentStationGround", "FirstPumpArriving_AttendanceTime", "FirstPumpArriving_DeployedFromStation", "SecondPumpArriving_AttendanceTime", "SecondPumpArriving_DeployedFromStation", "NumPumpsAttending", "PumpMinutesRounded"]
Sat Jun  6 05:44:52 PM UTC 2026 patrol exited rc=0 — restarting in 5s
Traceback (most recent call last):
  File "/home/nvidia/sixwatch/agent.py", line 330, in <module>
    main()
  File "/home/nvidia/sixwatch/agent.py", line 326, in main
    patrol(speak=a.speak)
  File "/home/nvidia/sixwatch/agent.py", line 260, in patrol
    notables = d.filter(
               ^^^^^^^^^
  File "/home/nvidia/sixwatch/.venv/lib/python3.12/site-packages/polars/dataframe/frame.py", line 5521, in filter
    .collect(optimizations=QueryOptFlags._eager())
     ^^^^^^^^^^^^^^^^^^^^^^^^^^^^^^^^^^^^^^^^^^^^^
  File "/home/nvidia/sixwatch/.venv/lib/python3.12/site-packages/polars/_utils/deprecation.py", line 97, in wrapper
    return function(*args, **kwargs)
           ^^^^^^^^^^^^^^^^^^^^^^^^^
  File "/home/nvidia/sixwatch/.venv/lib/python3.12/site-packages/polars/lazyframe/opt_flags.py", line 343, in wrapper
    return function(*args, **kwargs)
           ^^^^^^^^^^^^^^^^^^^^^^^^^
  File "/home/nvidia/sixwatch/.venv/lib/python3.12/site-packages/polars/lazyframe/frame.py", line 2630, in collect
    return wrap_df(ldf.collect(engine, callback))
                   ^^^^^^^^^^^^^^^^^^^^^^^^^^^^^
polars.exceptions.ColumnNotFoundError: unable to find column "NumCalls"; valid columns: ["IncidentNumber", "DateOfCall", "CalYear", "HourOfCall", "IncidentGroup", "StopCodeDescription", "PropertyCategory", "IncGeo_BoroughName", "IncGeo_WardName", "Easting_rounded", "Northing_rounded", "IncidentStationGround", "FirstPumpArriving_AttendanceTime", "FirstPumpArriving_DeployedFromStation", "SecondPumpArriving_AttendanceTime", "SecondPumpArriving_DeployedFromStation", "NumPumpsAttending", "PumpMinutesRounded"]
Sat Jun  6 05:44:57 PM UTC 2026 patrol exited rc=0 — restarting in 5s
Traceback (most recent call last):
  File "/home/nvidia/sixwatch/agent.py", line 330, in <module>
    main()
  File "/home/nvidia/sixwatch/agent.py", line 326, in main
    patrol(speak=a.speak)
  File "/home/nvidia/sixwatch/agent.py", line 260, in patrol
    notables = d.filter(
               ^^^^^^^^^
  File "/home/nvidia/sixwatch/.venv/lib/python3.12/site-packages/polars/dataframe/frame.py", line 5521, in filter
    .collect(optimizations=QueryOptFlags._eager())
     ^^^^^^^^^^^^^^^^^^^^^^^^^^^^^^^^^^^^^^^^^^^^^
  File "/home/nvidia/sixwatch/.venv/lib/python3.12/site-packages/polars/_utils/deprecation.py", line 97, in wrapper
    return function(*args, **kwargs)
           ^^^^^^^^^^^^^^^^^^^^^^^^^
  File "/home/nvidia/sixwatch/.venv/lib/python3.12/site-packages/polars/lazyframe/opt_flags.py", line 343, in wrapper
    return function(*args, **kwargs)
           ^^^^^^^^^^^^^^^^^^^^^^^^^
  File "/home/nvidia/sixwatch/.venv/lib/python3.12/site-packages/polars/lazyframe/frame.py", line 2630, in collect
    return wrap_df(ldf.collect(engine, callback))
                   ^^^^^^^^^^^^^^^^^^^^^^^^^^^^^
polars.exceptions.ColumnNotFoundError: unable to find column "NumCalls"; valid columns: ["IncidentNumber", "DateOfCall", "CalYear", "HourOfCall", "IncidentGroup", "StopCodeDescription", "PropertyCategory", "IncGeo_BoroughName", "IncGeo_WardName", "Easting_rounded", "Northing_rounded", "IncidentStationGround", "FirstPumpArriving_AttendanceTime", "FirstPumpArriving_DeployedFromStation", "SecondPumpArriving_AttendanceTime", "SecondPumpArriving_DeployedFromStation", "NumPumpsAttending", "PumpMinutesRounded"]
Sat Jun  6 05:45:03 PM UTC 2026 patrol exited rc=0 — restarting in 5s
Traceback (most recent call last):
  File "/home/nvidia/sixwatch/agent.py", line 330, in <module>
    main()
  File "/home/nvidia/sixwatch/agent.py", line 326, in main
    patrol(speak=a.speak)
  File "/home/nvidia/sixwatch/agent.py", line 260, in patrol
    notables = d.filter(
               ^^^^^^^^^
  File "/home/nvidia/sixwatch/.venv/lib/python3.12/site-packages/polars/dataframe/frame.py", line 5521, in filter
    .collect(optimizations=QueryOptFlags._eager())
     ^^^^^^^^^^^^^^^^^^^^^^^^^^^^^^^^^^^^^^^^^^^^^
  File "/home/nvidia/sixwatch/.venv/lib/python3.12/site-packages/polars/_utils/deprecation.py", line 97, in wrapper
    return function(*args, **kwargs)
           ^^^^^^^^^^^^^^^^^^^^^^^^^
  File "/home/nvidia/sixwatch/.venv/lib/python3.12/site-packages/polars/lazyframe/opt_flags.py", line 343, in wrapper
    return function(*args, **kwargs)
           ^^^^^^^^^^^^^^^^^^^^^^^^^
  File "/home/nvidia/sixwatch/.venv/lib/python3.12/site-packages/polars/lazyframe/frame.py", line 2630, in collect
    return wrap_df(ldf.collect(engine, callback))
                   ^^^^^^^^^^^^^^^^^^^^^^^^^^^^^
polars.exceptions.ColumnNotFoundError: unable to find column "NumCalls"; valid columns: ["IncidentNumber", "DateOfCall", "CalYear", "HourOfCall", "IncidentGroup", "StopCodeDescription", "PropertyCategory", "IncGeo_BoroughName", "IncGeo_WardName", "Easting_rounded", "Northing_rounded", "IncidentStationGround", "FirstPumpArriving_AttendanceTime", "FirstPumpArriving_DeployedFromStation", "SecondPumpArriving_AttendanceTime", "SecondPumpArriving_DeployedFromStation", "NumPumpsAttending", "PumpMinutesRounded"]
Sat Jun  6 05:45:08 PM UTC 2026 patrol exited rc=0 — restarting in 5s
Traceback (most recent call last):
  File "/home/nvidia/sixwatch/agent.py", line 330, in <module>
    main()
  File "/home/nvidia/sixwatch/agent.py", line 326, in main
    patrol(speak=a.speak)
  File "/home/nvidia/sixwatch/agent.py", line 260, in patrol
    notables = d.filter(
               ^^^^^^^^^
  File "/home/nvidia/sixwatch/.venv/lib/python3.12/site-packages/polars/dataframe/frame.py", line 5521, in filter
    .collect(optimizations=QueryOptFlags._eager())
     ^^^^^^^^^^^^^^^^^^^^^^^^^^^^^^^^^^^^^^^^^^^^^
  File "/home/nvidia/sixwatch/.venv/lib/python3.12/site-packages/polars/_utils/deprecation.py", line 97, in wrapper
    return function(*args, **kwargs)
           ^^^^^^^^^^^^^^^^^^^^^^^^^
  File "/home/nvidia/sixwatch/.venv/lib/python3.12/site-packages/polars/lazyframe/opt_flags.py", line 343, in wrapper
    return function(*args, **kwargs)
           ^^^^^^^^^^^^^^^^^^^^^^^^^
  File "/home/nvidia/sixwatch/.venv/lib/python3.12/site-packages/polars/lazyframe/frame.py", line 2630, in collect
    return wrap_df(ldf.collect(engine, callback))
                   ^^^^^^^^^^^^^^^^^^^^^^^^^^^^^
polars.exceptions.ColumnNotFoundError: unable to find column "NumCalls"; valid columns: ["IncidentNumber", "DateOfCall", "CalYear", "HourOfCall", "IncidentGroup", "StopCodeDescription", "PropertyCategory", "IncGeo_BoroughName", "IncGeo_WardName", "Easting_rounded", "Northing_rounded", "IncidentStationGround", "FirstPumpArriving_AttendanceTime", "FirstPumpArriving_DeployedFromStation", "SecondPumpArriving_AttendanceTime", "SecondPumpArriving_DeployedFromStation", "NumPumpsAttending", "PumpMinutesRounded"]
Sat Jun  6 05:45:14 PM UTC 2026 patrol exited rc=0 — restarting in 5s
Traceback (most recent call last):
  File "/home/nvidia/sixwatch/agent.py", line 330, in <module>
    main()
  File "/home/nvidia/sixwatch/agent.py", line 326, in main
    patrol(speak=a.speak)
  File "/home/nvidia/sixwatch/agent.py", line 260, in patrol
    notables = d.filter(
               ^^^^^^^^^
  File "/home/nvidia/sixwatch/.venv/lib/python3.12/site-packages/polars/dataframe/frame.py", line 5521, in filter
    .collect(optimizations=QueryOptFlags._eager())
     ^^^^^^^^^^^^^^^^^^^^^^^^^^^^^^^^^^^^^^^^^^^^^
  File "/home/nvidia/sixwatch/.venv/lib/python3.12/site-packages/polars/_utils/deprecation.py", line 97, in wrapper
    return function(*args, **kwargs)
           ^^^^^^^^^^^^^^^^^^^^^^^^^
  File "/home/nvidia/sixwatch/.venv/lib/python3.12/site-packages/polars/lazyframe/opt_flags.py", line 343, in wrapper
    return function(*args, **kwargs)
           ^^^^^^^^^^^^^^^^^^^^^^^^^
  File "/home/nvidia/sixwatch/.venv/lib/python3.12/site-packages/polars/lazyframe/frame.py", line 2630, in collect
    return wrap_df(ldf.collect(engine, callback))
                   ^^^^^^^^^^^^^^^^^^^^^^^^^^^^^
polars.exceptions.ColumnNotFoundError: unable to find column "NumCalls"; valid columns: ["IncidentNumber", "DateOfCall", "CalYear", "HourOfCall", "IncidentGroup", "StopCodeDescription", "PropertyCategory", "IncGeo_BoroughName", "IncGeo_WardName", "Easting_rounded", "Northing_rounded", "IncidentStationGround", "FirstPumpArriving_AttendanceTime", "FirstPumpArriving_DeployedFromStation", "SecondPumpArriving_AttendanceTime", "SecondPumpArriving_DeployedFromStation", "NumPumpsAttending", "PumpMinutesRounded"]
Sat Jun  6 05:45:20 PM UTC 2026 patrol exited rc=0 — restarting in 5s
Traceback (most recent call last):
  File "/home/nvidia/sixwatch/agent.py", line 330, in <module>
    main()
  File "/home/nvidia/sixwatch/agent.py", line 326, in main
    patrol(speak=a.speak)
  File "/home/nvidia/sixwatch/agent.py", line 260, in patrol
    notables = d.filter(
               ^^^^^^^^^
  File "/home/nvidia/sixwatch/.venv/lib/python3.12/site-packages/polars/dataframe/frame.py", line 5521, in filter
    .collect(optimizations=QueryOptFlags._eager())
     ^^^^^^^^^^^^^^^^^^^^^^^^^^^^^^^^^^^^^^^^^^^^^
  File "/home/nvidia/sixwatch/.venv/lib/python3.12/site-packages/polars/_utils/deprecation.py", line 97, in wrapper
    return function(*args, **kwargs)
           ^^^^^^^^^^^^^^^^^^^^^^^^^
  File "/home/nvidia/sixwatch/.venv/lib/python3.12/site-packages/polars/lazyframe/opt_flags.py", line 343, in wrapper
    return function(*args, **kwargs)
           ^^^^^^^^^^^^^^^^^^^^^^^^^
  File "/home/nvidia/sixwatch/.venv/lib/python3.12/site-packages/polars/lazyframe/frame.py", line 2630, in collect
    return wrap_df(ldf.collect(engine, callback))
                   ^^^^^^^^^^^^^^^^^^^^^^^^^^^^^
polars.exceptions.ColumnNotFoundError: unable to find column "NumCalls"; valid columns: ["IncidentNumber", "DateOfCall", "CalYear", "HourOfCall", "IncidentGroup", "StopCodeDescription", "PropertyCategory", "IncGeo_BoroughName", "IncGeo_WardName", "Easting_rounded", "Northing_rounded", "IncidentStationGround", "FirstPumpArriving_AttendanceTime", "FirstPumpArriving_DeployedFromStation", "SecondPumpArriving_AttendanceTime", "SecondPumpArriving_DeployedFromStation", "NumPumpsAttending", "PumpMinutesRounded"]
Sat Jun  6 05:45:25 PM UTC 2026 patrol exited rc=0 — restarting in 5s
Traceback (most recent call last):
  File "/home/nvidia/sixwatch/agent.py", line 330, in <module>
    main()
  File "/home/nvidia/sixwatch/agent.py", line 326, in main
    patrol(speak=a.speak)
  File "/home/nvidia/sixwatch/agent.py", line 260, in patrol
    notables = d.filter(
               ^^^^^^^^^
  File "/home/nvidia/sixwatch/.venv/lib/python3.12/site-packages/polars/dataframe/frame.py", line 5521, in filter
    .collect(optimizations=QueryOptFlags._eager())
     ^^^^^^^^^^^^^^^^^^^^^^^^^^^^^^^^^^^^^^^^^^^^^
  File "/home/nvidia/sixwatch/.venv/lib/python3.12/site-packages/polars/_utils/deprecation.py", line 97, in wrapper
    return function(*args, **kwargs)
           ^^^^^^^^^^^^^^^^^^^^^^^^^
  File "/home/nvidia/sixwatch/.venv/lib/python3.12/site-packages/polars/lazyframe/opt_flags.py", line 343, in wrapper
    return function(*args, **kwargs)
           ^^^^^^^^^^^^^^^^^^^^^^^^^
  File "/home/nvidia/sixwatch/.venv/lib/python3.12/site-packages/polars/lazyframe/frame.py", line 2630, in collect
    return wrap_df(ldf.collect(engine, callback))
                   ^^^^^^^^^^^^^^^^^^^^^^^^^^^^^
polars.exceptions.ColumnNotFoundError: unable to find column "NumCalls"; valid columns: ["IncidentNumber", "DateOfCall", "CalYear", "HourOfCall", "IncidentGroup", "StopCodeDescription", "PropertyCategory", "IncGeo_BoroughName", "IncGeo_WardName", "Easting_rounded", "Northing_rounded", "IncidentStationGround", "FirstPumpArriving_AttendanceTime", "FirstPumpArriving_DeployedFromStation", "SecondPumpArriving_AttendanceTime", "SecondPumpArriving_DeployedFromStation", "NumPumpsAttending", "PumpMinutesRounded"]
Sat Jun  6 05:45:31 PM UTC 2026 patrol exited rc=0 — restarting in 5s
Traceback (most recent call last):
  File "/home/nvidia/sixwatch/agent.py", line 330, in <module>
    main()
  File "/home/nvidia/sixwatch/agent.py", line 326, in main
    patrol(speak=a.speak)
  File "/home/nvidia/sixwatch/agent.py", line 260, in patrol
    notables = d.filter(
               ^^^^^^^^^
  File "/home/nvidia/sixwatch/.venv/lib/python3.12/site-packages/polars/dataframe/frame.py", line 5521, in filter
    .collect(optimizations=QueryOptFlags._eager())
     ^^^^^^^^^^^^^^^^^^^^^^^^^^^^^^^^^^^^^^^^^^^^^
  File "/home/nvidia/sixwatch/.venv/lib/python3.12/site-packages/polars/_utils/deprecation.py", line 97, in wrapper
    return function(*args, **kwargs)
           ^^^^^^^^^^^^^^^^^^^^^^^^^
  File "/home/nvidia/sixwatch/.venv/lib/python3.12/site-packages/polars/lazyframe/opt_flags.py", line 343, in wrapper
    return function(*args, **kwargs)
           ^^^^^^^^^^^^^^^^^^^^^^^^^
  File "/home/nvidia/sixwatch/.venv/lib/python3.12/site-packages/polars/lazyframe/frame.py", line 2630, in collect
    return wrap_df(ldf.collect(engine, callback))
                   ^^^^^^^^^^^^^^^^^^^^^^^^^^^^^
polars.exceptions.ColumnNotFoundError: unable to find column "NumCalls"; valid columns: ["IncidentNumber", "DateOfCall", "CalYear", "HourOfCall", "IncidentGroup", "StopCodeDescription", "PropertyCategory", "IncGeo_BoroughName", "IncGeo_WardName", "Easting_rounded", "Northing_rounded", "IncidentStationGround", "FirstPumpArriving_AttendanceTime", "FirstPumpArriving_DeployedFromStation", "SecondPumpArriving_AttendanceTime", "SecondPumpArriving_DeployedFromStation", "NumPumpsAttending", "PumpMinutesRounded"]
Sat Jun  6 05:45:36 PM UTC 2026 patrol exited rc=0 — restarting in 5s
Traceback (most recent call last):
  File "/home/nvidia/sixwatch/agent.py", line 330, in <module>
    main()
  File "/home/nvidia/sixwatch/agent.py", line 326, in main
    patrol(speak=a.speak)
  File "/home/nvidia/sixwatch/agent.py", line 260, in patrol
    notables = d.filter(
               ^^^^^^^^^
  File "/home/nvidia/sixwatch/.venv/lib/python3.12/site-packages/polars/dataframe/frame.py", line 5521, in filter
    .collect(optimizations=QueryOptFlags._eager())
     ^^^^^^^^^^^^^^^^^^^^^^^^^^^^^^^^^^^^^^^^^^^^^
  File "/home/nvidia/sixwatch/.venv/lib/python3.12/site-packages/polars/_utils/deprecation.py", line 97, in wrapper
    return function(*args, **kwargs)
           ^^^^^^^^^^^^^^^^^^^^^^^^^
  File "/home/nvidia/sixwatch/.venv/lib/python3.12/site-packages/polars/lazyframe/opt_flags.py", line 343, in wrapper
    return function(*args, **kwargs)
           ^^^^^^^^^^^^^^^^^^^^^^^^^
  File "/home/nvidia/sixwatch/.venv/lib/python3.12/site-packages/polars/lazyframe/frame.py", line 2630, in collect
    return wrap_df(ldf.collect(engine, callback))
                   ^^^^^^^^^^^^^^^^^^^^^^^^^^^^^
polars.exceptions.ColumnNotFoundError: unable to find column "NumCalls"; valid columns: ["IncidentNumber", "DateOfCall", "CalYear", "HourOfCall", "IncidentGroup", "StopCodeDescription", "PropertyCategory", "IncGeo_BoroughName", "IncGeo_WardName", "Easting_rounded", "Northing_rounded", "IncidentStationGround", "FirstPumpArriving_AttendanceTime", "FirstPumpArriving_DeployedFromStation", "SecondPumpArriving_AttendanceTime", "SecondPumpArriving_DeployedFromStation", "NumPumpsAttending", "PumpMinutesRounded"]
Sat Jun  6 05:45:42 PM UTC 2026 patrol exited rc=0 — restarting in 5s
Traceback (most recent call last):
  File "/home/nvidia/sixwatch/agent.py", line 330, in <module>
    main()
  File "/home/nvidia/sixwatch/agent.py", line 326, in main
    patrol(speak=a.speak)
  File "/home/nvidia/sixwatch/agent.py", line 260, in patrol
    notables = d.filter(
               ^^^^^^^^^
  File "/home/nvidia/sixwatch/.venv/lib/python3.12/site-packages/polars/dataframe/frame.py", line 5521, in filter
    .collect(optimizations=QueryOptFlags._eager())
     ^^^^^^^^^^^^^^^^^^^^^^^^^^^^^^^^^^^^^^^^^^^^^
  File "/home/nvidia/sixwatch/.venv/lib/python3.12/site-packages/polars/_utils/deprecation.py", line 97, in wrapper
    return function(*args, **kwargs)
           ^^^^^^^^^^^^^^^^^^^^^^^^^
  File "/home/nvidia/sixwatch/.venv/lib/python3.12/site-packages/polars/lazyframe/opt_flags.py", line 343, in wrapper
    return function(*args, **kwargs)
           ^^^^^^^^^^^^^^^^^^^^^^^^^
  File "/home/nvidia/sixwatch/.venv/lib/python3.12/site-packages/polars/lazyframe/frame.py", line 2630, in collect
    return wrap_df(ldf.collect(engine, callback))
                   ^^^^^^^^^^^^^^^^^^^^^^^^^^^^^
polars.exceptions.ColumnNotFoundError: unable to find column "NumCalls"; valid columns: ["IncidentNumber", "DateOfCall", "CalYear", "HourOfCall", "IncidentGroup", "StopCodeDescription", "PropertyCategory", "IncGeo_BoroughName", "IncGeo_WardName", "Easting_rounded", "Northing_rounded", "IncidentStationGround", "FirstPumpArriving_AttendanceTime", "FirstPumpArriving_DeployedFromStation", "SecondPumpArriving_AttendanceTime", "SecondPumpArriving_DeployedFromStation", "NumPumpsAttending", "PumpMinutesRounded"]
Sat Jun  6 05:45:47 PM UTC 2026 patrol exited rc=0 — restarting in 5s
Traceback (most recent call last):
  File "/home/nvidia/sixwatch/agent.py", line 330, in <module>
    main()
  File "/home/nvidia/sixwatch/agent.py", line 326, in main
    patrol(speak=a.speak)
  File "/home/nvidia/sixwatch/agent.py", line 260, in patrol
    notables = d.filter(
               ^^^^^^^^^
  File "/home/nvidia/sixwatch/.venv/lib/python3.12/site-packages/polars/dataframe/frame.py", line 5521, in filter
    .collect(optimizations=QueryOptFlags._eager())
     ^^^^^^^^^^^^^^^^^^^^^^^^^^^^^^^^^^^^^^^^^^^^^
  File "/home/nvidia/sixwatch/.venv/lib/python3.12/site-packages/polars/_utils/deprecation.py", line 97, in wrapper
    return function(*args, **kwargs)
           ^^^^^^^^^^^^^^^^^^^^^^^^^
  File "/home/nvidia/sixwatch/.venv/lib/python3.12/site-packages/polars/lazyframe/opt_flags.py", line 343, in wrapper
    return function(*args, **kwargs)
           ^^^^^^^^^^^^^^^^^^^^^^^^^
  File "/home/nvidia/sixwatch/.venv/lib/python3.12/site-packages/polars/lazyframe/frame.py", line 2630, in collect
    return wrap_df(ldf.collect(engine, callback))
                   ^^^^^^^^^^^^^^^^^^^^^^^^^^^^^
polars.exceptions.ColumnNotFoundError: unable to find column "NumCalls"; valid columns: ["IncidentNumber", "DateOfCall", "CalYear", "HourOfCall", "IncidentGroup", "StopCodeDescription", "PropertyCategory", "IncGeo_BoroughName", "IncGeo_WardName", "Easting_rounded", "Northing_rounded", "IncidentStationGround", "FirstPumpArriving_AttendanceTime", "FirstPumpArriving_DeployedFromStation", "SecondPumpArriving_AttendanceTime", "SecondPumpArriving_DeployedFromStation", "NumPumpsAttending", "PumpMinutesRounded"]
Sat Jun  6 05:45:53 PM UTC 2026 patrol exited rc=0 — restarting in 5s
Traceback (most recent call last):
  File "/home/nvidia/sixwatch/agent.py", line 330, in <module>
    main()
  File "/home/nvidia/sixwatch/agent.py", line 326, in main
    patrol(speak=a.speak)
  File "/home/nvidia/sixwatch/agent.py", line 260, in patrol
    notables = d.filter(
               ^^^^^^^^^
  File "/home/nvidia/sixwatch/.venv/lib/python3.12/site-packages/polars/dataframe/frame.py", line 5521, in filter
    .collect(optimizations=QueryOptFlags._eager())
     ^^^^^^^^^^^^^^^^^^^^^^^^^^^^^^^^^^^^^^^^^^^^^
  File "/home/nvidia/sixwatch/.venv/lib/python3.12/site-packages/polars/_utils/deprecation.py", line 97, in wrapper
    return function(*args, **kwargs)
           ^^^^^^^^^^^^^^^^^^^^^^^^^
  File "/home/nvidia/sixwatch/.venv/lib/python3.12/site-packages/polars/lazyframe/opt_flags.py", line 343, in wrapper
    return function(*args, **kwargs)
           ^^^^^^^^^^^^^^^^^^^^^^^^^
  File "/home/nvidia/sixwatch/.venv/lib/python3.12/site-packages/polars/lazyframe/frame.py", line 2630, in collect
    return wrap_df(ldf.collect(engine, callback))
                   ^^^^^^^^^^^^^^^^^^^^^^^^^^^^^
polars.exceptions.ColumnNotFoundError: unable to find column "NumCalls"; valid columns: ["IncidentNumber", "DateOfCall", "CalYear", "HourOfCall", "IncidentGroup", "StopCodeDescription", "PropertyCategory", "IncGeo_BoroughName", "IncGeo_WardName", "Easting_rounded", "Northing_rounded", "IncidentStationGround", "FirstPumpArriving_AttendanceTime", "FirstPumpArriving_DeployedFromStation", "SecondPumpArriving_AttendanceTime", "SecondPumpArriving_DeployedFromStation", "NumPumpsAttending", "PumpMinutesRounded"]
Sat Jun  6 05:45:58 PM UTC 2026 patrol exited rc=0 — restarting in 5s
Traceback (most recent call last):
  File "/home/nvidia/sixwatch/agent.py", line 330, in <module>
    main()
  File "/home/nvidia/sixwatch/agent.py", line 326, in main
    patrol(speak=a.speak)
  File "/home/nvidia/sixwatch/agent.py", line 260, in patrol
    notables = d.filter(
               ^^^^^^^^^
  File "/home/nvidia/sixwatch/.venv/lib/python3.12/site-packages/polars/dataframe/frame.py", line 5521, in filter
    .collect(optimizations=QueryOptFlags._eager())
     ^^^^^^^^^^^^^^^^^^^^^^^^^^^^^^^^^^^^^^^^^^^^^
  File "/home/nvidia/sixwatch/.venv/lib/python3.12/site-packages/polars/_utils/deprecation.py", line 97, in wrapper
    return function(*args, **kwargs)
           ^^^^^^^^^^^^^^^^^^^^^^^^^
  File "/home/nvidia/sixwatch/.venv/lib/python3.12/site-packages/polars/lazyframe/opt_flags.py", line 343, in wrapper
    return function(*args, **kwargs)
           ^^^^^^^^^^^^^^^^^^^^^^^^^
  File "/home/nvidia/sixwatch/.venv/lib/python3.12/site-packages/polars/lazyframe/frame.py", line 2630, in collect
    return wrap_df(ldf.collect(engine, callback))
                   ^^^^^^^^^^^^^^^^^^^^^^^^^^^^^
polars.exceptions.ColumnNotFoundError: unable to find column "NumCalls"; valid columns: ["IncidentNumber", "DateOfCall", "CalYear", "HourOfCall", "IncidentGroup", "StopCodeDescription", "PropertyCategory", "IncGeo_BoroughName", "IncGeo_WardName", "Easting_rounded", "Northing_rounded", "IncidentStationGround", "FirstPumpArriving_AttendanceTime", "FirstPumpArriving_DeployedFromStation", "SecondPumpArriving_AttendanceTime", "SecondPumpArriving_DeployedFromStation", "NumPumpsAttending", "PumpMinutesRounded"]
Sat Jun  6 05:46:04 PM UTC 2026 patrol exited rc=0 — restarting in 5s
Traceback (most recent call last):
  File "/home/nvidia/sixwatch/agent.py", line 330, in <module>
    main()
  File "/home/nvidia/sixwatch/agent.py", line 326, in main
    patrol(speak=a.speak)
  File "/home/nvidia/sixwatch/agent.py", line 260, in patrol
    notables = d.filter(
               ^^^^^^^^^
  File "/home/nvidia/sixwatch/.venv/lib/python3.12/site-packages/polars/dataframe/frame.py", line 5521, in filter
    .collect(optimizations=QueryOptFlags._eager())
     ^^^^^^^^^^^^^^^^^^^^^^^^^^^^^^^^^^^^^^^^^^^^^
  File "/home/nvidia/sixwatch/.venv/lib/python3.12/site-packages/polars/_utils/deprecation.py", line 97, in wrapper
    return function(*args, **kwargs)
           ^^^^^^^^^^^^^^^^^^^^^^^^^
  File "/home/nvidia/sixwatch/.venv/lib/python3.12/site-packages/polars/lazyframe/opt_flags.py", line 343, in wrapper
    return function(*args, **kwargs)
           ^^^^^^^^^^^^^^^^^^^^^^^^^
  File "/home/nvidia/sixwatch/.venv/lib/python3.12/site-packages/polars/lazyframe/frame.py", line 2630, in collect
    return wrap_df(ldf.collect(engine, callback))
                   ^^^^^^^^^^^^^^^^^^^^^^^^^^^^^
polars.exceptions.ColumnNotFoundError: unable to find column "NumCalls"; valid columns: ["IncidentNumber", "DateOfCall", "CalYear", "HourOfCall", "IncidentGroup", "StopCodeDescription", "PropertyCategory", "IncGeo_BoroughName", "IncGeo_WardName", "Easting_rounded", "Northing_rounded", "IncidentStationGround", "FirstPumpArriving_AttendanceTime", "FirstPumpArriving_DeployedFromStation", "SecondPumpArriving_AttendanceTime", "SecondPumpArriving_DeployedFromStation", "NumPumpsAttending", "PumpMinutesRounded"]
Sat Jun  6 05:46:09 PM UTC 2026 patrol exited rc=0 — restarting in 5s
Traceback (most recent call last):
  File "/home/nvidia/sixwatch/agent.py", line 330, in <module>
    main()
  File "/home/nvidia/sixwatch/agent.py", line 326, in main
    patrol(speak=a.speak)
  File "/home/nvidia/sixwatch/agent.py", line 260, in patrol
    notables = d.filter(
               ^^^^^^^^^
  File "/home/nvidia/sixwatch/.venv/lib/python3.12/site-packages/polars/dataframe/frame.py", line 5521, in filter
    .collect(optimizations=QueryOptFlags._eager())
     ^^^^^^^^^^^^^^^^^^^^^^^^^^^^^^^^^^^^^^^^^^^^^
  File "/home/nvidia/sixwatch/.venv/lib/python3.12/site-packages/polars/_utils/deprecation.py", line 97, in wrapper
    return function(*args, **kwargs)
           ^^^^^^^^^^^^^^^^^^^^^^^^^
  File "/home/nvidia/sixwatch/.venv/lib/python3.12/site-packages/polars/lazyframe/opt_flags.py", line 343, in wrapper
    return function(*args, **kwargs)
           ^^^^^^^^^^^^^^^^^^^^^^^^^
  File "/home/nvidia/sixwatch/.venv/lib/python3.12/site-packages/polars/lazyframe/frame.py", line 2630, in collect
    return wrap_df(ldf.collect(engine, callback))
                   ^^^^^^^^^^^^^^^^^^^^^^^^^^^^^
polars.exceptions.ColumnNotFoundError: unable to find column "NumCalls"; valid columns: ["IncidentNumber", "DateOfCall", "CalYear", "HourOfCall", "IncidentGroup", "StopCodeDescription", "PropertyCategory", "IncGeo_BoroughName", "IncGeo_WardName", "Easting_rounded", "Northing_rounded", "IncidentStationGround", "FirstPumpArriving_AttendanceTime", "FirstPumpArriving_DeployedFromStation", "SecondPumpArriving_AttendanceTime", "SecondPumpArriving_DeployedFromStation", "NumPumpsAttending", "PumpMinutesRounded"]
Sat Jun  6 05:46:15 PM UTC 2026 patrol exited rc=0 — restarting in 5s
Traceback (most recent call last):
  File "/home/nvidia/sixwatch/agent.py", line 330, in <module>
    main()
  File "/home/nvidia/sixwatch/agent.py", line 326, in main
    patrol(speak=a.speak)
  File "/home/nvidia/sixwatch/agent.py", line 260, in patrol
    notables = d.filter(
               ^^^^^^^^^
  File "/home/nvidia/sixwatch/.venv/lib/python3.12/site-packages/polars/dataframe/frame.py", line 5521, in filter
    .collect(optimizations=QueryOptFlags._eager())
     ^^^^^^^^^^^^^^^^^^^^^^^^^^^^^^^^^^^^^^^^^^^^^
  File "/home/nvidia/sixwatch/.venv/lib/python3.12/site-packages/polars/_utils/deprecation.py", line 97, in wrapper
    return function(*args, **kwargs)
           ^^^^^^^^^^^^^^^^^^^^^^^^^
  File "/home/nvidia/sixwatch/.venv/lib/python3.12/site-packages/polars/lazyframe/opt_flags.py", line 343, in wrapper
    return function(*args, **kwargs)
           ^^^^^^^^^^^^^^^^^^^^^^^^^
  File "/home/nvidia/sixwatch/.venv/lib/python3.12/site-packages/polars/lazyframe/frame.py", line 2630, in collect
    return wrap_df(ldf.collect(engine, callback))
                   ^^^^^^^^^^^^^^^^^^^^^^^^^^^^^
polars.exceptions.ColumnNotFoundError: unable to find column "NumCalls"; valid columns: ["IncidentNumber", "DateOfCall", "CalYear", "HourOfCall", "IncidentGroup", "StopCodeDescription", "PropertyCategory", "IncGeo_BoroughName", "IncGeo_WardName", "Easting_rounded", "Northing_rounded", "IncidentStationGround", "FirstPumpArriving_AttendanceTime", "FirstPumpArriving_DeployedFromStation", "SecondPumpArriving_AttendanceTime", "SecondPumpArriving_DeployedFromStation", "NumPumpsAttending", "PumpMinutesRounded"]
Sat Jun  6 05:46:20 PM UTC 2026 patrol exited rc=0 — restarting in 5s
Traceback (most recent call last):
  File "/home/nvidia/sixwatch/agent.py", line 330, in <module>
    main()
  File "/home/nvidia/sixwatch/agent.py", line 326, in main
    patrol(speak=a.speak)
  File "/home/nvidia/sixwatch/agent.py", line 260, in patrol
    notables = d.filter(
               ^^^^^^^^^
  File "/home/nvidia/sixwatch/.venv/lib/python3.12/site-packages/polars/dataframe/frame.py", line 5521, in filter
    .collect(optimizations=QueryOptFlags._eager())
     ^^^^^^^^^^^^^^^^^^^^^^^^^^^^^^^^^^^^^^^^^^^^^
  File "/home/nvidia/sixwatch/.venv/lib/python3.12/site-packages/polars/_utils/deprecation.py", line 97, in wrapper
    return function(*args, **kwargs)
           ^^^^^^^^^^^^^^^^^^^^^^^^^
  File "/home/nvidia/sixwatch/.venv/lib/python3.12/site-packages/polars/lazyframe/opt_flags.py", line 343, in wrapper
    return function(*args, **kwargs)
           ^^^^^^^^^^^^^^^^^^^^^^^^^
  File "/home/nvidia/sixwatch/.venv/lib/python3.12/site-packages/polars/lazyframe/frame.py", line 2630, in collect
    return wrap_df(ldf.collect(engine, callback))
                   ^^^^^^^^^^^^^^^^^^^^^^^^^^^^^
polars.exceptions.ColumnNotFoundError: unable to find column "NumCalls"; valid columns: ["IncidentNumber", "DateOfCall", "CalYear", "HourOfCall", "IncidentGroup", "StopCodeDescription", "PropertyCategory", "IncGeo_BoroughName", "IncGeo_WardName", "Easting_rounded", "Northing_rounded", "IncidentStationGround", "FirstPumpArriving_AttendanceTime", "FirstPumpArriving_DeployedFromStation", "SecondPumpArriving_AttendanceTime", "SecondPumpArriving_DeployedFromStation", "NumPumpsAttending", "PumpMinutesRounded"]
Sat Jun  6 05:46:26 PM UTC 2026 patrol exited rc=0 — restarting in 5s
Traceback (most recent call last):
  File "/home/nvidia/sixwatch/agent.py", line 330, in <module>
    main()
  File "/home/nvidia/sixwatch/agent.py", line 326, in main
    patrol(speak=a.speak)
  File "/home/nvidia/sixwatch/agent.py", line 260, in patrol
    notables = d.filter(
               ^^^^^^^^^
  File "/home/nvidia/sixwatch/.venv/lib/python3.12/site-packages/polars/dataframe/frame.py", line 5521, in filter
    .collect(optimizations=QueryOptFlags._eager())
     ^^^^^^^^^^^^^^^^^^^^^^^^^^^^^^^^^^^^^^^^^^^^^
  File "/home/nvidia/sixwatch/.venv/lib/python3.12/site-packages/polars/_utils/deprecation.py", line 97, in wrapper
    return function(*args, **kwargs)
           ^^^^^^^^^^^^^^^^^^^^^^^^^
  File "/home/nvidia/sixwatch/.venv/lib/python3.12/site-packages/polars/lazyframe/opt_flags.py", line 343, in wrapper
    return function(*args, **kwargs)
           ^^^^^^^^^^^^^^^^^^^^^^^^^
  File "/home/nvidia/sixwatch/.venv/lib/python3.12/site-packages/polars/lazyframe/frame.py", line 2630, in collect
    return wrap_df(ldf.collect(engine, callback))
                   ^^^^^^^^^^^^^^^^^^^^^^^^^^^^^
polars.exceptions.ColumnNotFoundError: unable to find column "NumCalls"; valid columns: ["IncidentNumber", "DateOfCall", "CalYear", "HourOfCall", "IncidentGroup", "StopCodeDescription", "PropertyCategory", "IncGeo_BoroughName", "IncGeo_WardName", "Easting_rounded", "Northing_rounded", "IncidentStationGround", "FirstPumpArriving_AttendanceTime", "FirstPumpArriving_DeployedFromStation", "SecondPumpArriving_AttendanceTime", "SecondPumpArriving_DeployedFromStation", "NumPumpsAttending", "PumpMinutesRounded"]
Sat Jun  6 05:46:32 PM UTC 2026 patrol exited rc=0 — restarting in 5s
Traceback (most recent call last):
  File "/home/nvidia/sixwatch/agent.py", line 330, in <module>
    main()
  File "/home/nvidia/sixwatch/agent.py", line 326, in main
    patrol(speak=a.speak)
  File "/home/nvidia/sixwatch/agent.py", line 260, in patrol
    notables = d.filter(
               ^^^^^^^^^
  File "/home/nvidia/sixwatch/.venv/lib/python3.12/site-packages/polars/dataframe/frame.py", line 5521, in filter
    .collect(optimizations=QueryOptFlags._eager())
     ^^^^^^^^^^^^^^^^^^^^^^^^^^^^^^^^^^^^^^^^^^^^^
  File "/home/nvidia/sixwatch/.venv/lib/python3.12/site-packages/polars/_utils/deprecation.py", line 97, in wrapper
    return function(*args, **kwargs)
           ^^^^^^^^^^^^^^^^^^^^^^^^^
  File "/home/nvidia/sixwatch/.venv/lib/python3.12/site-packages/polars/lazyframe/opt_flags.py", line 343, in wrapper
    return function(*args, **kwargs)
           ^^^^^^^^^^^^^^^^^^^^^^^^^
  File "/home/nvidia/sixwatch/.venv/lib/python3.12/site-packages/polars/lazyframe/frame.py", line 2630, in collect
    return wrap_df(ldf.collect(engine, callback))
                   ^^^^^^^^^^^^^^^^^^^^^^^^^^^^^
polars.exceptions.ColumnNotFoundError: unable to find column "NumCalls"; valid columns: ["IncidentNumber", "DateOfCall", "CalYear", "HourOfCall", "IncidentGroup", "StopCodeDescription", "PropertyCategory", "IncGeo_BoroughName", "IncGeo_WardName", "Easting_rounded", "Northing_rounded", "IncidentStationGround", "FirstPumpArriving_AttendanceTime", "FirstPumpArriving_DeployedFromStation", "SecondPumpArriving_AttendanceTime", "SecondPumpArriving_DeployedFromStation", "NumPumpsAttending", "PumpMinutesRounded"]
Sat Jun  6 05:46:37 PM UTC 2026 patrol exited rc=0 — restarting in 5s
Traceback (most recent call last):
  File "/home/nvidia/sixwatch/agent.py", line 330, in <module>
    main()
  File "/home/nvidia/sixwatch/agent.py", line 326, in main
    patrol(speak=a.speak)
  File "/home/nvidia/sixwatch/agent.py", line 260, in patrol
    notables = d.filter(
               ^^^^^^^^^
  File "/home/nvidia/sixwatch/.venv/lib/python3.12/site-packages/polars/dataframe/frame.py", line 5521, in filter
    .collect(optimizations=QueryOptFlags._eager())
     ^^^^^^^^^^^^^^^^^^^^^^^^^^^^^^^^^^^^^^^^^^^^^
  File "/home/nvidia/sixwatch/.venv/lib/python3.12/site-packages/polars/_utils/deprecation.py", line 97, in wrapper
    return function(*args, **kwargs)
           ^^^^^^^^^^^^^^^^^^^^^^^^^
  File "/home/nvidia/sixwatch/.venv/lib/python3.12/site-packages/polars/lazyframe/opt_flags.py", line 343, in wrapper
    return function(*args, **kwargs)
           ^^^^^^^^^^^^^^^^^^^^^^^^^
  File "/home/nvidia/sixwatch/.venv/lib/python3.12/site-packages/polars/lazyframe/frame.py", line 2630, in collect
    return wrap_df(ldf.collect(engine, callback))
                   ^^^^^^^^^^^^^^^^^^^^^^^^^^^^^
polars.exceptions.ColumnNotFoundError: unable to find column "NumCalls"; valid columns: ["IncidentNumber", "DateOfCall", "CalYear", "HourOfCall", "IncidentGroup", "StopCodeDescription", "PropertyCategory", "IncGeo_BoroughName", "IncGeo_WardName", "Easting_rounded", "Northing_rounded", "IncidentStationGround", "FirstPumpArriving_AttendanceTime", "FirstPumpArriving_DeployedFromStation", "SecondPumpArriving_AttendanceTime", "SecondPumpArriving_DeployedFromStation", "NumPumpsAttending", "PumpMinutesRounded"]
Sat Jun  6 05:46:43 PM UTC 2026 patrol exited rc=0 — restarting in 5s
Traceback (most recent call last):
  File "/home/nvidia/sixwatch/agent.py", line 330, in <module>
    main()
  File "/home/nvidia/sixwatch/agent.py", line 326, in main
    patrol(speak=a.speak)
  File "/home/nvidia/sixwatch/agent.py", line 260, in patrol
    notables = d.filter(
               ^^^^^^^^^
  File "/home/nvidia/sixwatch/.venv/lib/python3.12/site-packages/polars/dataframe/frame.py", line 5521, in filter
    .collect(optimizations=QueryOptFlags._eager())
     ^^^^^^^^^^^^^^^^^^^^^^^^^^^^^^^^^^^^^^^^^^^^^
  File "/home/nvidia/sixwatch/.venv/lib/python3.12/site-packages/polars/_utils/deprecation.py", line 97, in wrapper
    return function(*args, **kwargs)
           ^^^^^^^^^^^^^^^^^^^^^^^^^
  File "/home/nvidia/sixwatch/.venv/lib/python3.12/site-packages/polars/lazyframe/opt_flags.py", line 343, in wrapper
    return function(*args, **kwargs)
           ^^^^^^^^^^^^^^^^^^^^^^^^^
  File "/home/nvidia/sixwatch/.venv/lib/python3.12/site-packages/polars/lazyframe/frame.py", line 2630, in collect
    return wrap_df(ldf.collect(engine, callback))
                   ^^^^^^^^^^^^^^^^^^^^^^^^^^^^^
polars.exceptions.ColumnNotFoundError: unable to find column "NumCalls"; valid columns: ["IncidentNumber", "DateOfCall", "CalYear", "HourOfCall", "IncidentGroup", "StopCodeDescription", "PropertyCategory", "IncGeo_BoroughName", "IncGeo_WardName", "Easting_rounded", "Northing_rounded", "IncidentStationGround", "FirstPumpArriving_AttendanceTime", "FirstPumpArriving_DeployedFromStation", "SecondPumpArriving_AttendanceTime", "SecondPumpArriving_DeployedFromStation", "NumPumpsAttending", "PumpMinutesRounded"]
Sat Jun  6 05:46:48 PM UTC 2026 patrol exited rc=0 — restarting in 5s
Traceback (most recent call last):
  File "/home/nvidia/sixwatch/agent.py", line 330, in <module>
    main()
  File "/home/nvidia/sixwatch/agent.py", line 326, in main
    patrol(speak=a.speak)
  File "/home/nvidia/sixwatch/agent.py", line 260, in patrol
    notables = d.filter(
               ^^^^^^^^^
  File "/home/nvidia/sixwatch/.venv/lib/python3.12/site-packages/polars/dataframe/frame.py", line 5521, in filter
    .collect(optimizations=QueryOptFlags._eager())
     ^^^^^^^^^^^^^^^^^^^^^^^^^^^^^^^^^^^^^^^^^^^^^
  File "/home/nvidia/sixwatch/.venv/lib/python3.12/site-packages/polars/_utils/deprecation.py", line 97, in wrapper
    return function(*args, **kwargs)
           ^^^^^^^^^^^^^^^^^^^^^^^^^
  File "/home/nvidia/sixwatch/.venv/lib/python3.12/site-packages/polars/lazyframe/opt_flags.py", line 343, in wrapper
    return function(*args, **kwargs)
           ^^^^^^^^^^^^^^^^^^^^^^^^^
  File "/home/nvidia/sixwatch/.venv/lib/python3.12/site-packages/polars/lazyframe/frame.py", line 2630, in collect
    return wrap_df(ldf.collect(engine, callback))
                   ^^^^^^^^^^^^^^^^^^^^^^^^^^^^^
polars.exceptions.ColumnNotFoundError: unable to find column "NumCalls"; valid columns: ["IncidentNumber", "DateOfCall", "CalYear", "HourOfCall", "IncidentGroup", "StopCodeDescription", "PropertyCategory", "IncGeo_BoroughName", "IncGeo_WardName", "Easting_rounded", "Northing_rounded", "IncidentStationGround", "FirstPumpArriving_AttendanceTime", "FirstPumpArriving_DeployedFromStation", "SecondPumpArriving_AttendanceTime", "SecondPumpArriving_DeployedFromStation", "NumPumpsAttending", "PumpMinutesRounded"]
Sat Jun  6 05:46:54 PM UTC 2026 patrol exited rc=0 — restarting in 5s
Traceback (most recent call last):
  File "/home/nvidia/sixwatch/agent.py", line 330, in <module>
    main()
  File "/home/nvidia/sixwatch/agent.py", line 326, in main
    patrol(speak=a.speak)
  File "/home/nvidia/sixwatch/agent.py", line 260, in patrol
    notables = d.filter(
               ^^^^^^^^^
  File "/home/nvidia/sixwatch/.venv/lib/python3.12/site-packages/polars/dataframe/frame.py", line 5521, in filter
    .collect(optimizations=QueryOptFlags._eager())
     ^^^^^^^^^^^^^^^^^^^^^^^^^^^^^^^^^^^^^^^^^^^^^
  File "/home/nvidia/sixwatch/.venv/lib/python3.12/site-packages/polars/_utils/deprecation.py", line 97, in wrapper
    return function(*args, **kwargs)
           ^^^^^^^^^^^^^^^^^^^^^^^^^
  File "/home/nvidia/sixwatch/.venv/lib/python3.12/site-packages/polars/lazyframe/opt_flags.py", line 343, in wrapper
    return function(*args, **kwargs)
           ^^^^^^^^^^^^^^^^^^^^^^^^^
  File "/home/nvidia/sixwatch/.venv/lib/python3.12/site-packages/polars/lazyframe/frame.py", line 2630, in collect
    return wrap_df(ldf.collect(engine, callback))
                   ^^^^^^^^^^^^^^^^^^^^^^^^^^^^^
polars.exceptions.ColumnNotFoundError: unable to find column "NumCalls"; valid columns: ["IncidentNumber", "DateOfCall", "CalYear", "HourOfCall", "IncidentGroup", "StopCodeDescription", "PropertyCategory", "IncGeo_BoroughName", "IncGeo_WardName", "Easting_rounded", "Northing_rounded", "IncidentStationGround", "FirstPumpArriving_AttendanceTime", "FirstPumpArriving_DeployedFromStation", "SecondPumpArriving_AttendanceTime", "SecondPumpArriving_DeployedFromStation", "NumPumpsAttending", "PumpMinutesRounded"]
Sat Jun  6 05:46:59 PM UTC 2026 patrol exited rc=0 — restarting in 5s
Traceback (most recent call last):
  File "/home/nvidia/sixwatch/agent.py", line 330, in <module>
    main()
  File "/home/nvidia/sixwatch/agent.py", line 326, in main
    patrol(speak=a.speak)
  File "/home/nvidia/sixwatch/agent.py", line 260, in patrol
    notables = d.filter(
               ^^^^^^^^^
  File "/home/nvidia/sixwatch/.venv/lib/python3.12/site-packages/polars/dataframe/frame.py", line 5521, in filter
    .collect(optimizations=QueryOptFlags._eager())
     ^^^^^^^^^^^^^^^^^^^^^^^^^^^^^^^^^^^^^^^^^^^^^
  File "/home/nvidia/sixwatch/.venv/lib/python3.12/site-packages/polars/_utils/deprecation.py", line 97, in wrapper
    return function(*args, **kwargs)
           ^^^^^^^^^^^^^^^^^^^^^^^^^
  File "/home/nvidia/sixwatch/.venv/lib/python3.12/site-packages/polars/lazyframe/opt_flags.py", line 343, in wrapper
    return function(*args, **kwargs)
           ^^^^^^^^^^^^^^^^^^^^^^^^^
  File "/home/nvidia/sixwatch/.venv/lib/python3.12/site-packages/polars/lazyframe/frame.py", line 2630, in collect
    return wrap_df(ldf.collect(engine, callback))
                   ^^^^^^^^^^^^^^^^^^^^^^^^^^^^^
polars.exceptions.ColumnNotFoundError: unable to find column "NumCalls"; valid columns: ["IncidentNumber", "DateOfCall", "CalYear", "HourOfCall", "IncidentGroup", "StopCodeDescription", "PropertyCategory", "IncGeo_BoroughName", "IncGeo_WardName", "Easting_rounded", "Northing_rounded", "IncidentStationGround", "FirstPumpArriving_AttendanceTime", "FirstPumpArriving_DeployedFromStation", "SecondPumpArriving_AttendanceTime", "SecondPumpArriving_DeployedFromStation", "NumPumpsAttending", "PumpMinutesRounded"]
Sat Jun  6 05:47:05 PM UTC 2026 patrol exited rc=0 — restarting in 5s
Traceback (most recent call last):
  File "/home/nvidia/sixwatch/agent.py", line 330, in <module>
    main()
  File "/home/nvidia/sixwatch/agent.py", line 326, in main
    patrol(speak=a.speak)
  File "/home/nvidia/sixwatch/agent.py", line 260, in patrol
    notables = d.filter(
               ^^^^^^^^^
  File "/home/nvidia/sixwatch/.venv/lib/python3.12/site-packages/polars/dataframe/frame.py", line 5521, in filter
    .collect(optimizations=QueryOptFlags._eager())
     ^^^^^^^^^^^^^^^^^^^^^^^^^^^^^^^^^^^^^^^^^^^^^
  File "/home/nvidia/sixwatch/.venv/lib/python3.12/site-packages/polars/_utils/deprecation.py", line 97, in wrapper
    return function(*args, **kwargs)
           ^^^^^^^^^^^^^^^^^^^^^^^^^
  File "/home/nvidia/sixwatch/.venv/lib/python3.12/site-packages/polars/lazyframe/opt_flags.py", line 343, in wrapper
    return function(*args, **kwargs)
           ^^^^^^^^^^^^^^^^^^^^^^^^^
  File "/home/nvidia/sixwatch/.venv/lib/python3.12/site-packages/polars/lazyframe/frame.py", line 2630, in collect
    return wrap_df(ldf.collect(engine, callback))
                   ^^^^^^^^^^^^^^^^^^^^^^^^^^^^^
polars.exceptions.ColumnNotFoundError: unable to find column "NumCalls"; valid columns: ["IncidentNumber", "DateOfCall", "CalYear", "HourOfCall", "IncidentGroup", "StopCodeDescription", "PropertyCategory", "IncGeo_BoroughName", "IncGeo_WardName", "Easting_rounded", "Northing_rounded", "IncidentStationGround", "FirstPumpArriving_AttendanceTime", "FirstPumpArriving_DeployedFromStation", "SecondPumpArriving_AttendanceTime", "SecondPumpArriving_DeployedFromStation", "NumPumpsAttending", "PumpMinutesRounded"]
Sat Jun  6 05:47:10 PM UTC 2026 patrol exited rc=0 — restarting in 5s
Traceback (most recent call last):
  File "/home/nvidia/sixwatch/agent.py", line 330, in <module>
    main()
  File "/home/nvidia/sixwatch/agent.py", line 326, in main
    patrol(speak=a.speak)
  File "/home/nvidia/sixwatch/agent.py", line 260, in patrol
    notables = d.filter(
               ^^^^^^^^^
  File "/home/nvidia/sixwatch/.venv/lib/python3.12/site-packages/polars/dataframe/frame.py", line 5521, in filter
    .collect(optimizations=QueryOptFlags._eager())
     ^^^^^^^^^^^^^^^^^^^^^^^^^^^^^^^^^^^^^^^^^^^^^
  File "/home/nvidia/sixwatch/.venv/lib/python3.12/site-packages/polars/_utils/deprecation.py", line 97, in wrapper
    return function(*args, **kwargs)
           ^^^^^^^^^^^^^^^^^^^^^^^^^
  File "/home/nvidia/sixwatch/.venv/lib/python3.12/site-packages/polars/lazyframe/opt_flags.py", line 343, in wrapper
    return function(*args, **kwargs)
           ^^^^^^^^^^^^^^^^^^^^^^^^^
  File "/home/nvidia/sixwatch/.venv/lib/python3.12/site-packages/polars/lazyframe/frame.py", line 2630, in collect
    return wrap_df(ldf.collect(engine, callback))
                   ^^^^^^^^^^^^^^^^^^^^^^^^^^^^^
polars.exceptions.ColumnNotFoundError: unable to find column "NumCalls"; valid columns: ["IncidentNumber", "DateOfCall", "CalYear", "HourOfCall", "IncidentGroup", "StopCodeDescription", "PropertyCategory", "IncGeo_BoroughName", "IncGeo_WardName", "Easting_rounded", "Northing_rounded", "IncidentStationGround", "FirstPumpArriving_AttendanceTime", "FirstPumpArriving_DeployedFromStation", "SecondPumpArriving_AttendanceTime", "SecondPumpArriving_DeployedFromStation", "NumPumpsAttending", "PumpMinutesRounded"]
Sat Jun  6 05:47:16 PM UTC 2026 patrol exited rc=0 — restarting in 5s
Traceback (most recent call last):
  File "/home/nvidia/sixwatch/agent.py", line 330, in <module>
    main()
  File "/home/nvidia/sixwatch/agent.py", line 326, in main
    patrol(speak=a.speak)
  File "/home/nvidia/sixwatch/agent.py", line 260, in patrol
    notables = d.filter(
               ^^^^^^^^^
  File "/home/nvidia/sixwatch/.venv/lib/python3.12/site-packages/polars/dataframe/frame.py", line 5521, in filter
    .collect(optimizations=QueryOptFlags._eager())
     ^^^^^^^^^^^^^^^^^^^^^^^^^^^^^^^^^^^^^^^^^^^^^
  File "/home/nvidia/sixwatch/.venv/lib/python3.12/site-packages/polars/_utils/deprecation.py", line 97, in wrapper
    return function(*args, **kwargs)
           ^^^^^^^^^^^^^^^^^^^^^^^^^
  File "/home/nvidia/sixwatch/.venv/lib/python3.12/site-packages/polars/lazyframe/opt_flags.py", line 343, in wrapper
    return function(*args, **kwargs)
           ^^^^^^^^^^^^^^^^^^^^^^^^^
  File "/home/nvidia/sixwatch/.venv/lib/python3.12/site-packages/polars/lazyframe/frame.py", line 2630, in collect
    return wrap_df(ldf.collect(engine, callback))
                   ^^^^^^^^^^^^^^^^^^^^^^^^^^^^^
polars.exceptions.ColumnNotFoundError: unable to find column "NumCalls"; valid columns: ["IncidentNumber", "DateOfCall", "CalYear", "HourOfCall", "IncidentGroup", "StopCodeDescription", "PropertyCategory", "IncGeo_BoroughName", "IncGeo_WardName", "Easting_rounded", "Northing_rounded", "IncidentStationGround", "FirstPumpArriving_AttendanceTime", "FirstPumpArriving_DeployedFromStation", "SecondPumpArriving_AttendanceTime", "SecondPumpArriving_DeployedFromStation", "NumPumpsAttending", "PumpMinutesRounded"]
Sat Jun  6 05:47:21 PM UTC 2026 patrol exited rc=0 — restarting in 5s
Traceback (most recent call last):
  File "/home/nvidia/sixwatch/agent.py", line 330, in <module>
    main()
  File "/home/nvidia/sixwatch/agent.py", line 326, in main
    patrol(speak=a.speak)
  File "/home/nvidia/sixwatch/agent.py", line 260, in patrol
    notables = d.filter(
               ^^^^^^^^^
  File "/home/nvidia/sixwatch/.venv/lib/python3.12/site-packages/polars/dataframe/frame.py", line 5521, in filter
    .collect(optimizations=QueryOptFlags._eager())
     ^^^^^^^^^^^^^^^^^^^^^^^^^^^^^^^^^^^^^^^^^^^^^
  File "/home/nvidia/sixwatch/.venv/lib/python3.12/site-packages/polars/_utils/deprecation.py", line 97, in wrapper
    return function(*args, **kwargs)
           ^^^^^^^^^^^^^^^^^^^^^^^^^
  File "/home/nvidia/sixwatch/.venv/lib/python3.12/site-packages/polars/lazyframe/opt_flags.py", line 343, in wrapper
    return function(*args, **kwargs)
           ^^^^^^^^^^^^^^^^^^^^^^^^^
  File "/home/nvidia/sixwatch/.venv/lib/python3.12/site-packages/polars/lazyframe/frame.py", line 2630, in collect
    return wrap_df(ldf.collect(engine, callback))
                   ^^^^^^^^^^^^^^^^^^^^^^^^^^^^^
polars.exceptions.ColumnNotFoundError: unable to find column "NumCalls"; valid columns: ["IncidentNumber", "DateOfCall", "CalYear", "HourOfCall", "IncidentGroup", "StopCodeDescription", "PropertyCategory", "IncGeo_BoroughName", "IncGeo_WardName", "Easting_rounded", "Northing_rounded", "IncidentStationGround", "FirstPumpArriving_AttendanceTime", "FirstPumpArriving_DeployedFromStation", "SecondPumpArriving_AttendanceTime", "SecondPumpArriving_DeployedFromStation", "NumPumpsAttending", "PumpMinutesRounded"]
Sat Jun  6 05:47:27 PM UTC 2026 patrol exited rc=0 — restarting in 5s
Traceback (most recent call last):
  File "/home/nvidia/sixwatch/agent.py", line 330, in <module>
    main()
  File "/home/nvidia/sixwatch/agent.py", line 326, in main
    patrol(speak=a.speak)
  File "/home/nvidia/sixwatch/agent.py", line 260, in patrol
    notables = d.filter(
               ^^^^^^^^^
  File "/home/nvidia/sixwatch/.venv/lib/python3.12/site-packages/polars/dataframe/frame.py", line 5521, in filter
    .collect(optimizations=QueryOptFlags._eager())
     ^^^^^^^^^^^^^^^^^^^^^^^^^^^^^^^^^^^^^^^^^^^^^
  File "/home/nvidia/sixwatch/.venv/lib/python3.12/site-packages/polars/_utils/deprecation.py", line 97, in wrapper
    return function(*args, **kwargs)
           ^^^^^^^^^^^^^^^^^^^^^^^^^
  File "/home/nvidia/sixwatch/.venv/lib/python3.12/site-packages/polars/lazyframe/opt_flags.py", line 343, in wrapper
    return function(*args, **kwargs)
           ^^^^^^^^^^^^^^^^^^^^^^^^^
  File "/home/nvidia/sixwatch/.venv/lib/python3.12/site-packages/polars/lazyframe/frame.py", line 2630, in collect
    return wrap_df(ldf.collect(engine, callback))
                   ^^^^^^^^^^^^^^^^^^^^^^^^^^^^^
polars.exceptions.ColumnNotFoundError: unable to find column "NumCalls"; valid columns: ["IncidentNumber", "DateOfCall", "CalYear", "HourOfCall", "IncidentGroup", "StopCodeDescription", "PropertyCategory", "IncGeo_BoroughName", "IncGeo_WardName", "Easting_rounded", "Northing_rounded", "IncidentStationGround", "FirstPumpArriving_AttendanceTime", "FirstPumpArriving_DeployedFromStation", "SecondPumpArriving_AttendanceTime", "SecondPumpArriving_DeployedFromStation", "NumPumpsAttending", "PumpMinutesRounded"]
Sat Jun  6 05:47:32 PM UTC 2026 patrol exited rc=0 — restarting in 5s
Traceback (most recent call last):
  File "/home/nvidia/sixwatch/agent.py", line 330, in <module>
    main()
  File "/home/nvidia/sixwatch/agent.py", line 326, in main
    patrol(speak=a.speak)
  File "/home/nvidia/sixwatch/agent.py", line 260, in patrol
    notables = d.filter(
               ^^^^^^^^^
  File "/home/nvidia/sixwatch/.venv/lib/python3.12/site-packages/polars/dataframe/frame.py", line 5521, in filter
    .collect(optimizations=QueryOptFlags._eager())
     ^^^^^^^^^^^^^^^^^^^^^^^^^^^^^^^^^^^^^^^^^^^^^
  File "/home/nvidia/sixwatch/.venv/lib/python3.12/site-packages/polars/_utils/deprecation.py", line 97, in wrapper
    return function(*args, **kwargs)
           ^^^^^^^^^^^^^^^^^^^^^^^^^
  File "/home/nvidia/sixwatch/.venv/lib/python3.12/site-packages/polars/lazyframe/opt_flags.py", line 343, in wrapper
    return function(*args, **kwargs)
           ^^^^^^^^^^^^^^^^^^^^^^^^^
  File "/home/nvidia/sixwatch/.venv/lib/python3.12/site-packages/polars/lazyframe/frame.py", line 2630, in collect
    return wrap_df(ldf.collect(engine, callback))
                   ^^^^^^^^^^^^^^^^^^^^^^^^^^^^^
polars.exceptions.ColumnNotFoundError: unable to find column "NumCalls"; valid columns: ["IncidentNumber", "DateOfCall", "CalYear", "HourOfCall", "IncidentGroup", "StopCodeDescription", "PropertyCategory", "IncGeo_BoroughName", "IncGeo_WardName", "Easting_rounded", "Northing_rounded", "IncidentStationGround", "FirstPumpArriving_AttendanceTime", "FirstPumpArriving_DeployedFromStation", "SecondPumpArriving_AttendanceTime", "SecondPumpArriving_DeployedFromStation", "NumPumpsAttending", "PumpMinutesRounded"]
Sat Jun  6 05:47:38 PM UTC 2026 patrol exited rc=0 — restarting in 5s
Traceback (most recent call last):
  File "/home/nvidia/sixwatch/agent.py", line 330, in <module>
    main()
  File "/home/nvidia/sixwatch/agent.py", line 326, in main
    patrol(speak=a.speak)
  File "/home/nvidia/sixwatch/agent.py", line 260, in patrol
    notables = d.filter(
               ^^^^^^^^^
  File "/home/nvidia/sixwatch/.venv/lib/python3.12/site-packages/polars/dataframe/frame.py", line 5521, in filter
    .collect(optimizations=QueryOptFlags._eager())
     ^^^^^^^^^^^^^^^^^^^^^^^^^^^^^^^^^^^^^^^^^^^^^
  File "/home/nvidia/sixwatch/.venv/lib/python3.12/site-packages/polars/_utils/deprecation.py", line 97, in wrapper
    return function(*args, **kwargs)
           ^^^^^^^^^^^^^^^^^^^^^^^^^
  File "/home/nvidia/sixwatch/.venv/lib/python3.12/site-packages/polars/lazyframe/opt_flags.py", line 343, in wrapper
    return function(*args, **kwargs)
           ^^^^^^^^^^^^^^^^^^^^^^^^^
  File "/home/nvidia/sixwatch/.venv/lib/python3.12/site-packages/polars/lazyframe/frame.py", line 2630, in collect
    return wrap_df(ldf.collect(engine, callback))
                   ^^^^^^^^^^^^^^^^^^^^^^^^^^^^^
polars.exceptions.ColumnNotFoundError: unable to find column "NumCalls"; valid columns: ["IncidentNumber", "DateOfCall", "CalYear", "HourOfCall", "IncidentGroup", "StopCodeDescription", "PropertyCategory", "IncGeo_BoroughName", "IncGeo_WardName", "Easting_rounded", "Northing_rounded", "IncidentStationGround", "FirstPumpArriving_AttendanceTime", "FirstPumpArriving_DeployedFromStation", "SecondPumpArriving_AttendanceTime", "SecondPumpArriving_DeployedFromStation", "NumPumpsAttending", "PumpMinutesRounded"]
Sat Jun  6 05:47:44 PM UTC 2026 patrol exited rc=0 — restarting in 5s
Traceback (most recent call last):
  File "/home/nvidia/sixwatch/agent.py", line 330, in <module>
    main()
  File "/home/nvidia/sixwatch/agent.py", line 326, in main
    patrol(speak=a.speak)
  File "/home/nvidia/sixwatch/agent.py", line 260, in patrol
    notables = d.filter(
               ^^^^^^^^^
  File "/home/nvidia/sixwatch/.venv/lib/python3.12/site-packages/polars/dataframe/frame.py", line 5521, in filter
    .collect(optimizations=QueryOptFlags._eager())
     ^^^^^^^^^^^^^^^^^^^^^^^^^^^^^^^^^^^^^^^^^^^^^
  File "/home/nvidia/sixwatch/.venv/lib/python3.12/site-packages/polars/_utils/deprecation.py", line 97, in wrapper
    return function(*args, **kwargs)
           ^^^^^^^^^^^^^^^^^^^^^^^^^
  File "/home/nvidia/sixwatch/.venv/lib/python3.12/site-packages/polars/lazyframe/opt_flags.py", line 343, in wrapper
    return function(*args, **kwargs)
           ^^^^^^^^^^^^^^^^^^^^^^^^^
  File "/home/nvidia/sixwatch/.venv/lib/python3.12/site-packages/polars/lazyframe/frame.py", line 2630, in collect
    return wrap_df(ldf.collect(engine, callback))
                   ^^^^^^^^^^^^^^^^^^^^^^^^^^^^^
polars.exceptions.ColumnNotFoundError: unable to find column "NumCalls"; valid columns: ["IncidentNumber", "DateOfCall", "CalYear", "HourOfCall", "IncidentGroup", "StopCodeDescription", "PropertyCategory", "IncGeo_BoroughName", "IncGeo_WardName", "Easting_rounded", "Northing_rounded", "IncidentStationGround", "FirstPumpArriving_AttendanceTime", "FirstPumpArriving_DeployedFromStation", "SecondPumpArriving_AttendanceTime", "SecondPumpArriving_DeployedFromStation", "NumPumpsAttending", "PumpMinutesRounded"]
Sat Jun  6 05:47:49 PM UTC 2026 patrol exited rc=0 — restarting in 5s
Traceback (most recent call last):
  File "/home/nvidia/sixwatch/agent.py", line 330, in <module>
    main()
  File "/home/nvidia/sixwatch/agent.py", line 326, in main
    patrol(speak=a.speak)
  File "/home/nvidia/sixwatch/agent.py", line 260, in patrol
    notables = d.filter(
               ^^^^^^^^^
  File "/home/nvidia/sixwatch/.venv/lib/python3.12/site-packages/polars/dataframe/frame.py", line 5521, in filter
    .collect(optimizations=QueryOptFlags._eager())
     ^^^^^^^^^^^^^^^^^^^^^^^^^^^^^^^^^^^^^^^^^^^^^
  File "/home/nvidia/sixwatch/.venv/lib/python3.12/site-packages/polars/_utils/deprecation.py", line 97, in wrapper
    return function(*args, **kwargs)
           ^^^^^^^^^^^^^^^^^^^^^^^^^
  File "/home/nvidia/sixwatch/.venv/lib/python3.12/site-packages/polars/lazyframe/opt_flags.py", line 343, in wrapper
    return function(*args, **kwargs)
           ^^^^^^^^^^^^^^^^^^^^^^^^^
  File "/home/nvidia/sixwatch/.venv/lib/python3.12/site-packages/polars/lazyframe/frame.py", line 2630, in collect
    return wrap_df(ldf.collect(engine, callback))
                   ^^^^^^^^^^^^^^^^^^^^^^^^^^^^^
polars.exceptions.ColumnNotFoundError: unable to find column "NumCalls"; valid columns: ["IncidentNumber", "DateOfCall", "CalYear", "HourOfCall", "IncidentGroup", "StopCodeDescription", "PropertyCategory", "IncGeo_BoroughName", "IncGeo_WardName", "Easting_rounded", "Northing_rounded", "IncidentStationGround", "FirstPumpArriving_AttendanceTime", "FirstPumpArriving_DeployedFromStation", "SecondPumpArriving_AttendanceTime", "SecondPumpArriving_DeployedFromStation", "NumPumpsAttending", "PumpMinutesRounded"]
Sat Jun  6 05:47:55 PM UTC 2026 patrol exited rc=0 — restarting in 5s
Traceback (most recent call last):
  File "/home/nvidia/sixwatch/agent.py", line 330, in <module>
    main()
  File "/home/nvidia/sixwatch/agent.py", line 326, in main
    patrol(speak=a.speak)
  File "/home/nvidia/sixwatch/agent.py", line 260, in patrol
    notables = d.filter(
               ^^^^^^^^^
  File "/home/nvidia/sixwatch/.venv/lib/python3.12/site-packages/polars/dataframe/frame.py", line 5521, in filter
    .collect(optimizations=QueryOptFlags._eager())
     ^^^^^^^^^^^^^^^^^^^^^^^^^^^^^^^^^^^^^^^^^^^^^
  File "/home/nvidia/sixwatch/.venv/lib/python3.12/site-packages/polars/_utils/deprecation.py", line 97, in wrapper
    return function(*args, **kwargs)
           ^^^^^^^^^^^^^^^^^^^^^^^^^
  File "/home/nvidia/sixwatch/.venv/lib/python3.12/site-packages/polars/lazyframe/opt_flags.py", line 343, in wrapper
    return function(*args, **kwargs)
           ^^^^^^^^^^^^^^^^^^^^^^^^^
  File "/home/nvidia/sixwatch/.venv/lib/python3.12/site-packages/polars/lazyframe/frame.py", line 2630, in collect
    return wrap_df(ldf.collect(engine, callback))
                   ^^^^^^^^^^^^^^^^^^^^^^^^^^^^^
polars.exceptions.ColumnNotFoundError: unable to find column "NumCalls"; valid columns: ["IncidentNumber", "DateOfCall", "CalYear", "HourOfCall", "IncidentGroup", "StopCodeDescription", "PropertyCategory", "IncGeo_BoroughName", "IncGeo_WardName", "Easting_rounded", "Northing_rounded", "IncidentStationGround", "FirstPumpArriving_AttendanceTime", "FirstPumpArriving_DeployedFromStation", "SecondPumpArriving_AttendanceTime", "SecondPumpArriving_DeployedFromStation", "NumPumpsAttending", "PumpMinutesRounded"]
Sat Jun  6 05:48:00 PM UTC 2026 patrol exited rc=0 — restarting in 5s
Traceback (most recent call last):
  File "/home/nvidia/sixwatch/agent.py", line 330, in <module>
    main()
  File "/home/nvidia/sixwatch/agent.py", line 326, in main
    patrol(speak=a.speak)
  File "/home/nvidia/sixwatch/agent.py", line 260, in patrol
    notables = d.filter(
               ^^^^^^^^^
  File "/home/nvidia/sixwatch/.venv/lib/python3.12/site-packages/polars/dataframe/frame.py", line 5521, in filter
    .collect(optimizations=QueryOptFlags._eager())
     ^^^^^^^^^^^^^^^^^^^^^^^^^^^^^^^^^^^^^^^^^^^^^
  File "/home/nvidia/sixwatch/.venv/lib/python3.12/site-packages/polars/_utils/deprecation.py", line 97, in wrapper
    return function(*args, **kwargs)
           ^^^^^^^^^^^^^^^^^^^^^^^^^
  File "/home/nvidia/sixwatch/.venv/lib/python3.12/site-packages/polars/lazyframe/opt_flags.py", line 343, in wrapper
    return function(*args, **kwargs)
           ^^^^^^^^^^^^^^^^^^^^^^^^^
  File "/home/nvidia/sixwatch/.venv/lib/python3.12/site-packages/polars/lazyframe/frame.py", line 2630, in collect
    return wrap_df(ldf.collect(engine, callback))
                   ^^^^^^^^^^^^^^^^^^^^^^^^^^^^^
polars.exceptions.ColumnNotFoundError: unable to find column "NumCalls"; valid columns: ["IncidentNumber", "DateOfCall", "CalYear", "HourOfCall", "IncidentGroup", "StopCodeDescription", "PropertyCategory", "IncGeo_BoroughName", "IncGeo_WardName", "Easting_rounded", "Northing_rounded", "IncidentStationGround", "FirstPumpArriving_AttendanceTime", "FirstPumpArriving_DeployedFromStation", "SecondPumpArriving_AttendanceTime", "SecondPumpArriving_DeployedFromStation", "NumPumpsAttending", "PumpMinutesRounded"]
Sat Jun  6 05:48:06 PM UTC 2026 patrol exited rc=0 — restarting in 5s
Traceback (most recent call last):
  File "/home/nvidia/sixwatch/agent.py", line 330, in <module>
    main()
  File "/home/nvidia/sixwatch/agent.py", line 326, in main
    patrol(speak=a.speak)
  File "/home/nvidia/sixwatch/agent.py", line 260, in patrol
    notables = d.filter(
               ^^^^^^^^^
  File "/home/nvidia/sixwatch/.venv/lib/python3.12/site-packages/polars/dataframe/frame.py", line 5521, in filter
    .collect(optimizations=QueryOptFlags._eager())
     ^^^^^^^^^^^^^^^^^^^^^^^^^^^^^^^^^^^^^^^^^^^^^
  File "/home/nvidia/sixwatch/.venv/lib/python3.12/site-packages/polars/_utils/deprecation.py", line 97, in wrapper
    return function(*args, **kwargs)
           ^^^^^^^^^^^^^^^^^^^^^^^^^
  File "/home/nvidia/sixwatch/.venv/lib/python3.12/site-packages/polars/lazyframe/opt_flags.py", line 343, in wrapper
    return function(*args, **kwargs)
           ^^^^^^^^^^^^^^^^^^^^^^^^^
  File "/home/nvidia/sixwatch/.venv/lib/python3.12/site-packages/polars/lazyframe/frame.py", line 2630, in collect
    return wrap_df(ldf.collect(engine, callback))
                   ^^^^^^^^^^^^^^^^^^^^^^^^^^^^^
polars.exceptions.ColumnNotFoundError: unable to find column "NumCalls"; valid columns: ["IncidentNumber", "DateOfCall", "CalYear", "HourOfCall", "IncidentGroup", "StopCodeDescription", "PropertyCategory", "IncGeo_BoroughName", "IncGeo_WardName", "Easting_rounded", "Northing_rounded", "IncidentStationGround", "FirstPumpArriving_AttendanceTime", "FirstPumpArriving_DeployedFromStation", "SecondPumpArriving_AttendanceTime", "SecondPumpArriving_DeployedFromStation", "NumPumpsAttending", "PumpMinutesRounded"]
Sat Jun  6 05:48:11 PM UTC 2026 patrol exited rc=0 — restarting in 5s
Traceback (most recent call last):
  File "/home/nvidia/sixwatch/agent.py", line 330, in <module>
    main()
  File "/home/nvidia/sixwatch/agent.py", line 326, in main
    patrol(speak=a.speak)
  File "/home/nvidia/sixwatch/agent.py", line 260, in patrol
    notables = d.filter(
               ^^^^^^^^^
  File "/home/nvidia/sixwatch/.venv/lib/python3.12/site-packages/polars/dataframe/frame.py", line 5521, in filter
    .collect(optimizations=QueryOptFlags._eager())
     ^^^^^^^^^^^^^^^^^^^^^^^^^^^^^^^^^^^^^^^^^^^^^
  File "/home/nvidia/sixwatch/.venv/lib/python3.12/site-packages/polars/_utils/deprecation.py", line 97, in wrapper
    return function(*args, **kwargs)
           ^^^^^^^^^^^^^^^^^^^^^^^^^
  File "/home/nvidia/sixwatch/.venv/lib/python3.12/site-packages/polars/lazyframe/opt_flags.py", line 343, in wrapper
    return function(*args, **kwargs)
           ^^^^^^^^^^^^^^^^^^^^^^^^^
  File "/home/nvidia/sixwatch/.venv/lib/python3.12/site-packages/polars/lazyframe/frame.py", line 2630, in collect
    return wrap_df(ldf.collect(engine, callback))
                   ^^^^^^^^^^^^^^^^^^^^^^^^^^^^^
polars.exceptions.ColumnNotFoundError: unable to find column "NumCalls"; valid columns: ["IncidentNumber", "DateOfCall", "CalYear", "HourOfCall", "IncidentGroup", "StopCodeDescription", "PropertyCategory", "IncGeo_BoroughName", "IncGeo_WardName", "Easting_rounded", "Northing_rounded", "IncidentStationGround", "FirstPumpArriving_AttendanceTime", "FirstPumpArriving_DeployedFromStation", "SecondPumpArriving_AttendanceTime", "SecondPumpArriving_DeployedFromStation", "NumPumpsAttending", "PumpMinutesRounded"]
Sat Jun  6 05:48:17 PM UTC 2026 patrol exited rc=0 — restarting in 5s
Traceback (most recent call last):
  File "/home/nvidia/sixwatch/agent.py", line 330, in <module>
    main()
  File "/home/nvidia/sixwatch/agent.py", line 326, in main
    patrol(speak=a.speak)
  File "/home/nvidia/sixwatch/agent.py", line 260, in patrol
    notables = d.filter(
               ^^^^^^^^^
  File "/home/nvidia/sixwatch/.venv/lib/python3.12/site-packages/polars/dataframe/frame.py", line 5521, in filter
    .collect(optimizations=QueryOptFlags._eager())
     ^^^^^^^^^^^^^^^^^^^^^^^^^^^^^^^^^^^^^^^^^^^^^
  File "/home/nvidia/sixwatch/.venv/lib/python3.12/site-packages/polars/_utils/deprecation.py", line 97, in wrapper
    return function(*args, **kwargs)
           ^^^^^^^^^^^^^^^^^^^^^^^^^
  File "/home/nvidia/sixwatch/.venv/lib/python3.12/site-packages/polars/lazyframe/opt_flags.py", line 343, in wrapper
    return function(*args, **kwargs)
           ^^^^^^^^^^^^^^^^^^^^^^^^^
  File "/home/nvidia/sixwatch/.venv/lib/python3.12/site-packages/polars/lazyframe/frame.py", line 2630, in collect
    return wrap_df(ldf.collect(engine, callback))
                   ^^^^^^^^^^^^^^^^^^^^^^^^^^^^^
polars.exceptions.ColumnNotFoundError: unable to find column "NumCalls"; valid columns: ["IncidentNumber", "DateOfCall", "CalYear", "HourOfCall", "IncidentGroup", "StopCodeDescription", "PropertyCategory", "IncGeo_BoroughName", "IncGeo_WardName", "Easting_rounded", "Northing_rounded", "IncidentStationGround", "FirstPumpArriving_AttendanceTime", "FirstPumpArriving_DeployedFromStation", "SecondPumpArriving_AttendanceTime", "SecondPumpArriving_DeployedFromStation", "NumPumpsAttending", "PumpMinutesRounded"]
Sat Jun  6 05:48:22 PM UTC 2026 patrol exited rc=0 — restarting in 5s
Traceback (most recent call last):
  File "/home/nvidia/sixwatch/agent.py", line 330, in <module>
    main()
  File "/home/nvidia/sixwatch/agent.py", line 326, in main
    patrol(speak=a.speak)
  File "/home/nvidia/sixwatch/agent.py", line 260, in patrol
    notables = d.filter(
               ^^^^^^^^^
  File "/home/nvidia/sixwatch/.venv/lib/python3.12/site-packages/polars/dataframe/frame.py", line 5521, in filter
    .collect(optimizations=QueryOptFlags._eager())
     ^^^^^^^^^^^^^^^^^^^^^^^^^^^^^^^^^^^^^^^^^^^^^
  File "/home/nvidia/sixwatch/.venv/lib/python3.12/site-packages/polars/_utils/deprecation.py", line 97, in wrapper
    return function(*args, **kwargs)
           ^^^^^^^^^^^^^^^^^^^^^^^^^
  File "/home/nvidia/sixwatch/.venv/lib/python3.12/site-packages/polars/lazyframe/opt_flags.py", line 343, in wrapper
    return function(*args, **kwargs)
           ^^^^^^^^^^^^^^^^^^^^^^^^^
  File "/home/nvidia/sixwatch/.venv/lib/python3.12/site-packages/polars/lazyframe/frame.py", line 2630, in collect
    return wrap_df(ldf.collect(engine, callback))
                   ^^^^^^^^^^^^^^^^^^^^^^^^^^^^^
polars.exceptions.ColumnNotFoundError: unable to find column "NumCalls"; valid columns: ["IncidentNumber", "DateOfCall", "CalYear", "HourOfCall", "IncidentGroup", "StopCodeDescription", "PropertyCategory", "IncGeo_BoroughName", "IncGeo_WardName", "Easting_rounded", "Northing_rounded", "IncidentStationGround", "FirstPumpArriving_AttendanceTime", "FirstPumpArriving_DeployedFromStation", "SecondPumpArriving_AttendanceTime", "SecondPumpArriving_DeployedFromStation", "NumPumpsAttending", "PumpMinutesRounded"]
Sat Jun  6 05:48:28 PM UTC 2026 patrol exited rc=0 — restarting in 5s
Traceback (most recent call last):
  File "/home/nvidia/sixwatch/agent.py", line 330, in <module>
    main()
  File "/home/nvidia/sixwatch/agent.py", line 326, in main
    patrol(speak=a.speak)
  File "/home/nvidia/sixwatch/agent.py", line 260, in patrol
    notables = d.filter(
               ^^^^^^^^^
  File "/home/nvidia/sixwatch/.venv/lib/python3.12/site-packages/polars/dataframe/frame.py", line 5521, in filter
    .collect(optimizations=QueryOptFlags._eager())
     ^^^^^^^^^^^^^^^^^^^^^^^^^^^^^^^^^^^^^^^^^^^^^
  File "/home/nvidia/sixwatch/.venv/lib/python3.12/site-packages/polars/_utils/deprecation.py", line 97, in wrapper
    return function(*args, **kwargs)
           ^^^^^^^^^^^^^^^^^^^^^^^^^
  File "/home/nvidia/sixwatch/.venv/lib/python3.12/site-packages/polars/lazyframe/opt_flags.py", line 343, in wrapper
    return function(*args, **kwargs)
           ^^^^^^^^^^^^^^^^^^^^^^^^^
  File "/home/nvidia/sixwatch/.venv/lib/python3.12/site-packages/polars/lazyframe/frame.py", line 2630, in collect
    return wrap_df(ldf.collect(engine, callback))
                   ^^^^^^^^^^^^^^^^^^^^^^^^^^^^^
polars.exceptions.ColumnNotFoundError: unable to find column "NumCalls"; valid columns: ["IncidentNumber", "DateOfCall", "CalYear", "HourOfCall", "IncidentGroup", "StopCodeDescription", "PropertyCategory", "IncGeo_BoroughName", "IncGeo_WardName", "Easting_rounded", "Northing_rounded", "IncidentStationGround", "FirstPumpArriving_AttendanceTime", "FirstPumpArriving_DeployedFromStation", "SecondPumpArriving_AttendanceTime", "SecondPumpArriving_DeployedFromStation", "NumPumpsAttending", "PumpMinutesRounded"]
Sat Jun  6 05:48:33 PM UTC 2026 patrol exited rc=0 — restarting in 5s
Traceback (most recent call last):
  File "/home/nvidia/sixwatch/agent.py", line 330, in <module>
    main()
  File "/home/nvidia/sixwatch/agent.py", line 326, in main
    patrol(speak=a.speak)
  File "/home/nvidia/sixwatch/agent.py", line 260, in patrol
    notables = d.filter(
               ^^^^^^^^^
  File "/home/nvidia/sixwatch/.venv/lib/python3.12/site-packages/polars/dataframe/frame.py", line 5521, in filter
    .collect(optimizations=QueryOptFlags._eager())
     ^^^^^^^^^^^^^^^^^^^^^^^^^^^^^^^^^^^^^^^^^^^^^
  File "/home/nvidia/sixwatch/.venv/lib/python3.12/site-packages/polars/_utils/deprecation.py", line 97, in wrapper
    return function(*args, **kwargs)
           ^^^^^^^^^^^^^^^^^^^^^^^^^
  File "/home/nvidia/sixwatch/.venv/lib/python3.12/site-packages/polars/lazyframe/opt_flags.py", line 343, in wrapper
    return function(*args, **kwargs)
           ^^^^^^^^^^^^^^^^^^^^^^^^^
  File "/home/nvidia/sixwatch/.venv/lib/python3.12/site-packages/polars/lazyframe/frame.py", line 2630, in collect
    return wrap_df(ldf.collect(engine, callback))
                   ^^^^^^^^^^^^^^^^^^^^^^^^^^^^^
polars.exceptions.ColumnNotFoundError: unable to find column "NumCalls"; valid columns: ["IncidentNumber", "DateOfCall", "CalYear", "HourOfCall", "IncidentGroup", "StopCodeDescription", "PropertyCategory", "IncGeo_BoroughName", "IncGeo_WardName", "Easting_rounded", "Northing_rounded", "IncidentStationGround", "FirstPumpArriving_AttendanceTime", "FirstPumpArriving_DeployedFromStation", "SecondPumpArriving_AttendanceTime", "SecondPumpArriving_DeployedFromStation", "NumPumpsAttending", "PumpMinutesRounded"]
Sat Jun  6 05:48:39 PM UTC 2026 patrol exited rc=0 — restarting in 5s
Traceback (most recent call last):
  File "/home/nvidia/sixwatch/agent.py", line 330, in <module>
    main()
  File "/home/nvidia/sixwatch/agent.py", line 326, in main
    patrol(speak=a.speak)
  File "/home/nvidia/sixwatch/agent.py", line 260, in patrol
    notables = d.filter(
               ^^^^^^^^^
  File "/home/nvidia/sixwatch/.venv/lib/python3.12/site-packages/polars/dataframe/frame.py", line 5521, in filter
    .collect(optimizations=QueryOptFlags._eager())
     ^^^^^^^^^^^^^^^^^^^^^^^^^^^^^^^^^^^^^^^^^^^^^
  File "/home/nvidia/sixwatch/.venv/lib/python3.12/site-packages/polars/_utils/deprecation.py", line 97, in wrapper
    return function(*args, **kwargs)
           ^^^^^^^^^^^^^^^^^^^^^^^^^
  File "/home/nvidia/sixwatch/.venv/lib/python3.12/site-packages/polars/lazyframe/opt_flags.py", line 343, in wrapper
    return function(*args, **kwargs)
           ^^^^^^^^^^^^^^^^^^^^^^^^^
  File "/home/nvidia/sixwatch/.venv/lib/python3.12/site-packages/polars/lazyframe/frame.py", line 2630, in collect
    return wrap_df(ldf.collect(engine, callback))
                   ^^^^^^^^^^^^^^^^^^^^^^^^^^^^^
polars.exceptions.ColumnNotFoundError: unable to find column "NumCalls"; valid columns: ["IncidentNumber", "DateOfCall", "CalYear", "HourOfCall", "IncidentGroup", "StopCodeDescription", "PropertyCategory", "IncGeo_BoroughName", "IncGeo_WardName", "Easting_rounded", "Northing_rounded", "IncidentStationGround", "FirstPumpArriving_AttendanceTime", "FirstPumpArriving_DeployedFromStation", "SecondPumpArriving_AttendanceTime", "SecondPumpArriving_DeployedFromStation", "NumPumpsAttending", "PumpMinutesRounded"]
Sat Jun  6 05:48:45 PM UTC 2026 patrol exited rc=0 — restarting in 5s
Traceback (most recent call last):
  File "/home/nvidia/sixwatch/agent.py", line 330, in <module>
    main()
  File "/home/nvidia/sixwatch/agent.py", line 326, in main
    patrol(speak=a.speak)
  File "/home/nvidia/sixwatch/agent.py", line 260, in patrol
    notables = d.filter(
               ^^^^^^^^^
  File "/home/nvidia/sixwatch/.venv/lib/python3.12/site-packages/polars/dataframe/frame.py", line 5521, in filter
    .collect(optimizations=QueryOptFlags._eager())
     ^^^^^^^^^^^^^^^^^^^^^^^^^^^^^^^^^^^^^^^^^^^^^
  File "/home/nvidia/sixwatch/.venv/lib/python3.12/site-packages/polars/_utils/deprecation.py", line 97, in wrapper
    return function(*args, **kwargs)
           ^^^^^^^^^^^^^^^^^^^^^^^^^
  File "/home/nvidia/sixwatch/.venv/lib/python3.12/site-packages/polars/lazyframe/opt_flags.py", line 343, in wrapper
    return function(*args, **kwargs)
           ^^^^^^^^^^^^^^^^^^^^^^^^^
  File "/home/nvidia/sixwatch/.venv/lib/python3.12/site-packages/polars/lazyframe/frame.py", line 2630, in collect
    return wrap_df(ldf.collect(engine, callback))
                   ^^^^^^^^^^^^^^^^^^^^^^^^^^^^^
polars.exceptions.ColumnNotFoundError: unable to find column "NumCalls"; valid columns: ["IncidentNumber", "DateOfCall", "CalYear", "HourOfCall", "IncidentGroup", "StopCodeDescription", "PropertyCategory", "IncGeo_BoroughName", "IncGeo_WardName", "Easting_rounded", "Northing_rounded", "IncidentStationGround", "FirstPumpArriving_AttendanceTime", "FirstPumpArriving_DeployedFromStation", "SecondPumpArriving_AttendanceTime", "SecondPumpArriving_DeployedFromStation", "NumPumpsAttending", "PumpMinutesRounded"]
Sat Jun  6 05:48:50 PM UTC 2026 patrol exited rc=0 — restarting in 5s
Traceback (most recent call last):
  File "/home/nvidia/sixwatch/agent.py", line 330, in <module>
    main()
  File "/home/nvidia/sixwatch/agent.py", line 326, in main
    patrol(speak=a.speak)
  File "/home/nvidia/sixwatch/agent.py", line 260, in patrol
    notables = d.filter(
               ^^^^^^^^^
  File "/home/nvidia/sixwatch/.venv/lib/python3.12/site-packages/polars/dataframe/frame.py", line 5521, in filter
    .collect(optimizations=QueryOptFlags._eager())
     ^^^^^^^^^^^^^^^^^^^^^^^^^^^^^^^^^^^^^^^^^^^^^
  File "/home/nvidia/sixwatch/.venv/lib/python3.12/site-packages/polars/_utils/deprecation.py", line 97, in wrapper
    return function(*args, **kwargs)
           ^^^^^^^^^^^^^^^^^^^^^^^^^
  File "/home/nvidia/sixwatch/.venv/lib/python3.12/site-packages/polars/lazyframe/opt_flags.py", line 343, in wrapper
    return function(*args, **kwargs)
           ^^^^^^^^^^^^^^^^^^^^^^^^^
  File "/home/nvidia/sixwatch/.venv/lib/python3.12/site-packages/polars/lazyframe/frame.py", line 2630, in collect
    return wrap_df(ldf.collect(engine, callback))
                   ^^^^^^^^^^^^^^^^^^^^^^^^^^^^^
polars.exceptions.ColumnNotFoundError: unable to find column "NumCalls"; valid columns: ["IncidentNumber", "DateOfCall", "CalYear", "HourOfCall", "IncidentGroup", "StopCodeDescription", "PropertyCategory", "IncGeo_BoroughName", "IncGeo_WardName", "Easting_rounded", "Northing_rounded", "IncidentStationGround", "FirstPumpArriving_AttendanceTime", "FirstPumpArriving_DeployedFromStation", "SecondPumpArriving_AttendanceTime", "SecondPumpArriving_DeployedFromStation", "NumPumpsAttending", "PumpMinutesRounded"]
Sat Jun  6 05:48:56 PM UTC 2026 patrol exited rc=0 — restarting in 5s
Traceback (most recent call last):
  File "/home/nvidia/sixwatch/agent.py", line 330, in <module>
    main()
  File "/home/nvidia/sixwatch/agent.py", line 326, in main
    patrol(speak=a.speak)
  File "/home/nvidia/sixwatch/agent.py", line 260, in patrol
    notables = d.filter(
               ^^^^^^^^^
  File "/home/nvidia/sixwatch/.venv/lib/python3.12/site-packages/polars/dataframe/frame.py", line 5521, in filter
    .collect(optimizations=QueryOptFlags._eager())
     ^^^^^^^^^^^^^^^^^^^^^^^^^^^^^^^^^^^^^^^^^^^^^
  File "/home/nvidia/sixwatch/.venv/lib/python3.12/site-packages/polars/_utils/deprecation.py", line 97, in wrapper
    return function(*args, **kwargs)
           ^^^^^^^^^^^^^^^^^^^^^^^^^
  File "/home/nvidia/sixwatch/.venv/lib/python3.12/site-packages/polars/lazyframe/opt_flags.py", line 343, in wrapper
    return function(*args, **kwargs)
           ^^^^^^^^^^^^^^^^^^^^^^^^^
  File "/home/nvidia/sixwatch/.venv/lib/python3.12/site-packages/polars/lazyframe/frame.py", line 2630, in collect
    return wrap_df(ldf.collect(engine, callback))
                   ^^^^^^^^^^^^^^^^^^^^^^^^^^^^^
polars.exceptions.ColumnNotFoundError: unable to find column "NumCalls"; valid columns: ["IncidentNumber", "DateOfCall", "CalYear", "HourOfCall", "IncidentGroup", "StopCodeDescription", "PropertyCategory", "IncGeo_BoroughName", "IncGeo_WardName", "Easting_rounded", "Northing_rounded", "IncidentStationGround", "FirstPumpArriving_AttendanceTime", "FirstPumpArriving_DeployedFromStation", "SecondPumpArriving_AttendanceTime", "SecondPumpArriving_DeployedFromStation", "NumPumpsAttending", "PumpMinutesRounded"]
Sat Jun  6 05:49:01 PM UTC 2026 patrol exited rc=0 — restarting in 5s
Traceback (most recent call last):
  File "/home/nvidia/sixwatch/agent.py", line 330, in <module>
    main()
  File "/home/nvidia/sixwatch/agent.py", line 326, in main
    patrol(speak=a.speak)
  File "/home/nvidia/sixwatch/agent.py", line 260, in patrol
    notables = d.filter(
               ^^^^^^^^^
  File "/home/nvidia/sixwatch/.venv/lib/python3.12/site-packages/polars/dataframe/frame.py", line 5521, in filter
    .collect(optimizations=QueryOptFlags._eager())
     ^^^^^^^^^^^^^^^^^^^^^^^^^^^^^^^^^^^^^^^^^^^^^
  File "/home/nvidia/sixwatch/.venv/lib/python3.12/site-packages/polars/_utils/deprecation.py", line 97, in wrapper
    return function(*args, **kwargs)
           ^^^^^^^^^^^^^^^^^^^^^^^^^
  File "/home/nvidia/sixwatch/.venv/lib/python3.12/site-packages/polars/lazyframe/opt_flags.py", line 343, in wrapper
    return function(*args, **kwargs)
           ^^^^^^^^^^^^^^^^^^^^^^^^^
  File "/home/nvidia/sixwatch/.venv/lib/python3.12/site-packages/polars/lazyframe/frame.py", line 2630, in collect
    return wrap_df(ldf.collect(engine, callback))
                   ^^^^^^^^^^^^^^^^^^^^^^^^^^^^^
polars.exceptions.ColumnNotFoundError: unable to find column "NumCalls"; valid columns: ["IncidentNumber", "DateOfCall", "CalYear", "HourOfCall", "IncidentGroup", "StopCodeDescription", "PropertyCategory", "IncGeo_BoroughName", "IncGeo_WardName", "Easting_rounded", "Northing_rounded", "IncidentStationGround", "FirstPumpArriving_AttendanceTime", "FirstPumpArriving_DeployedFromStation", "SecondPumpArriving_AttendanceTime", "SecondPumpArriving_DeployedFromStation", "NumPumpsAttending", "PumpMinutesRounded"]
Sat Jun  6 05:49:07 PM UTC 2026 patrol exited rc=0 — restarting in 5s
Traceback (most recent call last):
  File "/home/nvidia/sixwatch/agent.py", line 330, in <module>
    main()
  File "/home/nvidia/sixwatch/agent.py", line 326, in main
    patrol(speak=a.speak)
  File "/home/nvidia/sixwatch/agent.py", line 260, in patrol
    notables = d.filter(
               ^^^^^^^^^
  File "/home/nvidia/sixwatch/.venv/lib/python3.12/site-packages/polars/dataframe/frame.py", line 5521, in filter
    .collect(optimizations=QueryOptFlags._eager())
     ^^^^^^^^^^^^^^^^^^^^^^^^^^^^^^^^^^^^^^^^^^^^^
  File "/home/nvidia/sixwatch/.venv/lib/python3.12/site-packages/polars/_utils/deprecation.py", line 97, in wrapper
    return function(*args, **kwargs)
           ^^^^^^^^^^^^^^^^^^^^^^^^^
  File "/home/nvidia/sixwatch/.venv/lib/python3.12/site-packages/polars/lazyframe/opt_flags.py", line 343, in wrapper
    return function(*args, **kwargs)
           ^^^^^^^^^^^^^^^^^^^^^^^^^
  File "/home/nvidia/sixwatch/.venv/lib/python3.12/site-packages/polars/lazyframe/frame.py", line 2630, in collect
    return wrap_df(ldf.collect(engine, callback))
                   ^^^^^^^^^^^^^^^^^^^^^^^^^^^^^
polars.exceptions.ColumnNotFoundError: unable to find column "NumCalls"; valid columns: ["IncidentNumber", "DateOfCall", "CalYear", "HourOfCall", "IncidentGroup", "StopCodeDescription", "PropertyCategory", "IncGeo_BoroughName", "IncGeo_WardName", "Easting_rounded", "Northing_rounded", "IncidentStationGround", "FirstPumpArriving_AttendanceTime", "FirstPumpArriving_DeployedFromStation", "SecondPumpArriving_AttendanceTime", "SecondPumpArriving_DeployedFromStation", "NumPumpsAttending", "PumpMinutesRounded"]
Sat Jun  6 05:49:12 PM UTC 2026 patrol exited rc=0 — restarting in 5s
Traceback (most recent call last):
  File "/home/nvidia/sixwatch/agent.py", line 330, in <module>
    main()
  File "/home/nvidia/sixwatch/agent.py", line 326, in main
    patrol(speak=a.speak)
  File "/home/nvidia/sixwatch/agent.py", line 260, in patrol
    notables = d.filter(
               ^^^^^^^^^
  File "/home/nvidia/sixwatch/.venv/lib/python3.12/site-packages/polars/dataframe/frame.py", line 5521, in filter
    .collect(optimizations=QueryOptFlags._eager())
     ^^^^^^^^^^^^^^^^^^^^^^^^^^^^^^^^^^^^^^^^^^^^^
  File "/home/nvidia/sixwatch/.venv/lib/python3.12/site-packages/polars/_utils/deprecation.py", line 97, in wrapper
    return function(*args, **kwargs)
           ^^^^^^^^^^^^^^^^^^^^^^^^^
  File "/home/nvidia/sixwatch/.venv/lib/python3.12/site-packages/polars/lazyframe/opt_flags.py", line 343, in wrapper
    return function(*args, **kwargs)
           ^^^^^^^^^^^^^^^^^^^^^^^^^
  File "/home/nvidia/sixwatch/.venv/lib/python3.12/site-packages/polars/lazyframe/frame.py", line 2630, in collect
    return wrap_df(ldf.collect(engine, callback))
                   ^^^^^^^^^^^^^^^^^^^^^^^^^^^^^
polars.exceptions.ColumnNotFoundError: unable to find column "NumCalls"; valid columns: ["IncidentNumber", "DateOfCall", "CalYear", "HourOfCall", "IncidentGroup", "StopCodeDescription", "PropertyCategory", "IncGeo_BoroughName", "IncGeo_WardName", "Easting_rounded", "Northing_rounded", "IncidentStationGround", "FirstPumpArriving_AttendanceTime", "FirstPumpArriving_DeployedFromStation", "SecondPumpArriving_AttendanceTime", "SecondPumpArriving_DeployedFromStation", "NumPumpsAttending", "PumpMinutesRounded"]
Sat Jun  6 05:49:18 PM UTC 2026 patrol exited rc=0 — restarting in 5s
Traceback (most recent call last):
  File "/home/nvidia/sixwatch/agent.py", line 330, in <module>
    main()
  File "/home/nvidia/sixwatch/agent.py", line 326, in main
    patrol(speak=a.speak)
  File "/home/nvidia/sixwatch/agent.py", line 260, in patrol
    notables = d.filter(
               ^^^^^^^^^
  File "/home/nvidia/sixwatch/.venv/lib/python3.12/site-packages/polars/dataframe/frame.py", line 5521, in filter
    .collect(optimizations=QueryOptFlags._eager())
     ^^^^^^^^^^^^^^^^^^^^^^^^^^^^^^^^^^^^^^^^^^^^^
  File "/home/nvidia/sixwatch/.venv/lib/python3.12/site-packages/polars/_utils/deprecation.py", line 97, in wrapper
    return function(*args, **kwargs)
           ^^^^^^^^^^^^^^^^^^^^^^^^^
  File "/home/nvidia/sixwatch/.venv/lib/python3.12/site-packages/polars/lazyframe/opt_flags.py", line 343, in wrapper
    return function(*args, **kwargs)
           ^^^^^^^^^^^^^^^^^^^^^^^^^
  File "/home/nvidia/sixwatch/.venv/lib/python3.12/site-packages/polars/lazyframe/frame.py", line 2630, in collect
    return wrap_df(ldf.collect(engine, callback))
                   ^^^^^^^^^^^^^^^^^^^^^^^^^^^^^
polars.exceptions.ColumnNotFoundError: unable to find column "NumCalls"; valid columns: ["IncidentNumber", "DateOfCall", "CalYear", "HourOfCall", "IncidentGroup", "StopCodeDescription", "PropertyCategory", "IncGeo_BoroughName", "IncGeo_WardName", "Easting_rounded", "Northing_rounded", "IncidentStationGround", "FirstPumpArriving_AttendanceTime", "FirstPumpArriving_DeployedFromStation", "SecondPumpArriving_AttendanceTime", "SecondPumpArriving_DeployedFromStation", "NumPumpsAttending", "PumpMinutesRounded"]
Sat Jun  6 05:49:24 PM UTC 2026 patrol exited rc=0 — restarting in 5s
Traceback (most recent call last):
  File "/home/nvidia/sixwatch/agent.py", line 330, in <module>
    main()
  File "/home/nvidia/sixwatch/agent.py", line 326, in main
    patrol(speak=a.speak)
  File "/home/nvidia/sixwatch/agent.py", line 260, in patrol
    notables = d.filter(
               ^^^^^^^^^
  File "/home/nvidia/sixwatch/.venv/lib/python3.12/site-packages/polars/dataframe/frame.py", line 5521, in filter
    .collect(optimizations=QueryOptFlags._eager())
     ^^^^^^^^^^^^^^^^^^^^^^^^^^^^^^^^^^^^^^^^^^^^^
  File "/home/nvidia/sixwatch/.venv/lib/python3.12/site-packages/polars/_utils/deprecation.py", line 97, in wrapper
    return function(*args, **kwargs)
           ^^^^^^^^^^^^^^^^^^^^^^^^^
  File "/home/nvidia/sixwatch/.venv/lib/python3.12/site-packages/polars/lazyframe/opt_flags.py", line 343, in wrapper
    return function(*args, **kwargs)
           ^^^^^^^^^^^^^^^^^^^^^^^^^
  File "/home/nvidia/sixwatch/.venv/lib/python3.12/site-packages/polars/lazyframe/frame.py", line 2630, in collect
    return wrap_df(ldf.collect(engine, callback))
                   ^^^^^^^^^^^^^^^^^^^^^^^^^^^^^
polars.exceptions.ColumnNotFoundError: unable to find column "NumCalls"; valid columns: ["IncidentNumber", "DateOfCall", "CalYear", "HourOfCall", "IncidentGroup", "StopCodeDescription", "PropertyCategory", "IncGeo_BoroughName", "IncGeo_WardName", "Easting_rounded", "Northing_rounded", "IncidentStationGround", "FirstPumpArriving_AttendanceTime", "FirstPumpArriving_DeployedFromStation", "SecondPumpArriving_AttendanceTime", "SecondPumpArriving_DeployedFromStation", "NumPumpsAttending", "PumpMinutesRounded"]
Sat Jun  6 05:49:29 PM UTC 2026 patrol exited rc=0 — restarting in 5s
Traceback (most recent call last):
  File "/home/nvidia/sixwatch/agent.py", line 330, in <module>
    main()
  File "/home/nvidia/sixwatch/agent.py", line 326, in main
    patrol(speak=a.speak)
  File "/home/nvidia/sixwatch/agent.py", line 260, in patrol
    notables = d.filter(
               ^^^^^^^^^
  File "/home/nvidia/sixwatch/.venv/lib/python3.12/site-packages/polars/dataframe/frame.py", line 5521, in filter
    .collect(optimizations=QueryOptFlags._eager())
     ^^^^^^^^^^^^^^^^^^^^^^^^^^^^^^^^^^^^^^^^^^^^^
  File "/home/nvidia/sixwatch/.venv/lib/python3.12/site-packages/polars/_utils/deprecation.py", line 97, in wrapper
    return function(*args, **kwargs)
           ^^^^^^^^^^^^^^^^^^^^^^^^^
  File "/home/nvidia/sixwatch/.venv/lib/python3.12/site-packages/polars/lazyframe/opt_flags.py", line 343, in wrapper
    return function(*args, **kwargs)
           ^^^^^^^^^^^^^^^^^^^^^^^^^
  File "/home/nvidia/sixwatch/.venv/lib/python3.12/site-packages/polars/lazyframe/frame.py", line 2630, in collect
    return wrap_df(ldf.collect(engine, callback))
                   ^^^^^^^^^^^^^^^^^^^^^^^^^^^^^
polars.exceptions.ColumnNotFoundError: unable to find column "NumCalls"; valid columns: ["IncidentNumber", "DateOfCall", "CalYear", "HourOfCall", "IncidentGroup", "StopCodeDescription", "PropertyCategory", "IncGeo_BoroughName", "IncGeo_WardName", "Easting_rounded", "Northing_rounded", "IncidentStationGround", "FirstPumpArriving_AttendanceTime", "FirstPumpArriving_DeployedFromStation", "SecondPumpArriving_AttendanceTime", "SecondPumpArriving_DeployedFromStation", "NumPumpsAttending", "PumpMinutesRounded"]
Sat Jun  6 05:49:35 PM UTC 2026 patrol exited rc=0 — restarting in 5s
Traceback (most recent call last):
  File "/home/nvidia/sixwatch/agent.py", line 330, in <module>
    main()
  File "/home/nvidia/sixwatch/agent.py", line 326, in main
    patrol(speak=a.speak)
  File "/home/nvidia/sixwatch/agent.py", line 260, in patrol
    notables = d.filter(
               ^^^^^^^^^
  File "/home/nvidia/sixwatch/.venv/lib/python3.12/site-packages/polars/dataframe/frame.py", line 5521, in filter
    .collect(optimizations=QueryOptFlags._eager())
     ^^^^^^^^^^^^^^^^^^^^^^^^^^^^^^^^^^^^^^^^^^^^^
  File "/home/nvidia/sixwatch/.venv/lib/python3.12/site-packages/polars/_utils/deprecation.py", line 97, in wrapper
    return function(*args, **kwargs)
           ^^^^^^^^^^^^^^^^^^^^^^^^^
  File "/home/nvidia/sixwatch/.venv/lib/python3.12/site-packages/polars/lazyframe/opt_flags.py", line 343, in wrapper
    return function(*args, **kwargs)
           ^^^^^^^^^^^^^^^^^^^^^^^^^
  File "/home/nvidia/sixwatch/.venv/lib/python3.12/site-packages/polars/lazyframe/frame.py", line 2630, in collect
    return wrap_df(ldf.collect(engine, callback))
                   ^^^^^^^^^^^^^^^^^^^^^^^^^^^^^
polars.exceptions.ColumnNotFoundError: unable to find column "NumCalls"; valid columns: ["IncidentNumber", "DateOfCall", "CalYear", "HourOfCall", "IncidentGroup", "StopCodeDescription", "PropertyCategory", "IncGeo_BoroughName", "IncGeo_WardName", "Easting_rounded", "Northing_rounded", "IncidentStationGround", "FirstPumpArriving_AttendanceTime", "FirstPumpArriving_DeployedFromStation", "SecondPumpArriving_AttendanceTime", "SecondPumpArriving_DeployedFromStation", "NumPumpsAttending", "PumpMinutesRounded"]
Sat Jun  6 05:49:40 PM UTC 2026 patrol exited rc=0 — restarting in 5s
Traceback (most recent call last):
  File "/home/nvidia/sixwatch/agent.py", line 330, in <module>
    main()
  File "/home/nvidia/sixwatch/agent.py", line 326, in main
    patrol(speak=a.speak)
  File "/home/nvidia/sixwatch/agent.py", line 260, in patrol
    notables = d.filter(
               ^^^^^^^^^
  File "/home/nvidia/sixwatch/.venv/lib/python3.12/site-packages/polars/dataframe/frame.py", line 5521, in filter
    .collect(optimizations=QueryOptFlags._eager())
     ^^^^^^^^^^^^^^^^^^^^^^^^^^^^^^^^^^^^^^^^^^^^^
  File "/home/nvidia/sixwatch/.venv/lib/python3.12/site-packages/polars/_utils/deprecation.py", line 97, in wrapper
    return function(*args, **kwargs)
           ^^^^^^^^^^^^^^^^^^^^^^^^^
  File "/home/nvidia/sixwatch/.venv/lib/python3.12/site-packages/polars/lazyframe/opt_flags.py", line 343, in wrapper
    return function(*args, **kwargs)
           ^^^^^^^^^^^^^^^^^^^^^^^^^
  File "/home/nvidia/sixwatch/.venv/lib/python3.12/site-packages/polars/lazyframe/frame.py", line 2630, in collect
    return wrap_df(ldf.collect(engine, callback))
                   ^^^^^^^^^^^^^^^^^^^^^^^^^^^^^
polars.exceptions.ColumnNotFoundError: unable to find column "NumCalls"; valid columns: ["IncidentNumber", "DateOfCall", "CalYear", "HourOfCall", "IncidentGroup", "StopCodeDescription", "PropertyCategory", "IncGeo_BoroughName", "IncGeo_WardName", "Easting_rounded", "Northing_rounded", "IncidentStationGround", "FirstPumpArriving_AttendanceTime", "FirstPumpArriving_DeployedFromStation", "SecondPumpArriving_AttendanceTime", "SecondPumpArriving_DeployedFromStation", "NumPumpsAttending", "PumpMinutesRounded"]
Sat Jun  6 05:49:46 PM UTC 2026 patrol exited rc=0 — restarting in 5s
Traceback (most recent call last):
  File "/home/nvidia/sixwatch/agent.py", line 330, in <module>
    main()
  File "/home/nvidia/sixwatch/agent.py", line 326, in main
    patrol(speak=a.speak)
  File "/home/nvidia/sixwatch/agent.py", line 260, in patrol
    notables = d.filter(
               ^^^^^^^^^
  File "/home/nvidia/sixwatch/.venv/lib/python3.12/site-packages/polars/dataframe/frame.py", line 5521, in filter
    .collect(optimizations=QueryOptFlags._eager())
     ^^^^^^^^^^^^^^^^^^^^^^^^^^^^^^^^^^^^^^^^^^^^^
  File "/home/nvidia/sixwatch/.venv/lib/python3.12/site-packages/polars/_utils/deprecation.py", line 97, in wrapper
    return function(*args, **kwargs)
           ^^^^^^^^^^^^^^^^^^^^^^^^^
  File "/home/nvidia/sixwatch/.venv/lib/python3.12/site-packages/polars/lazyframe/opt_flags.py", line 343, in wrapper
    return function(*args, **kwargs)
           ^^^^^^^^^^^^^^^^^^^^^^^^^
  File "/home/nvidia/sixwatch/.venv/lib/python3.12/site-packages/polars/lazyframe/frame.py", line 2630, in collect
    return wrap_df(ldf.collect(engine, callback))
                   ^^^^^^^^^^^^^^^^^^^^^^^^^^^^^
polars.exceptions.ColumnNotFoundError: unable to find column "NumCalls"; valid columns: ["IncidentNumber", "DateOfCall", "CalYear", "HourOfCall", "IncidentGroup", "StopCodeDescription", "PropertyCategory", "IncGeo_BoroughName", "IncGeo_WardName", "Easting_rounded", "Northing_rounded", "IncidentStationGround", "FirstPumpArriving_AttendanceTime", "FirstPumpArriving_DeployedFromStation", "SecondPumpArriving_AttendanceTime", "SecondPumpArriving_DeployedFromStation", "NumPumpsAttending", "PumpMinutesRounded"]
Sat Jun  6 05:49:51 PM UTC 2026 patrol exited rc=0 — restarting in 5s
