{"type":"FeatureCollection","crs":{"type":"name","properties":{"name":"EPSG:4326"}},"features":[{"type":"Feature","geometry":{"type":"Polygon","coordinates":[[[-0.09536,51.51749],[-0.09602,51.51608],[-0.09695,51.51634],[-0.0969,51.51679],[-0.09852,51.51663],[-0.0985,51.51728],[-0.09701,51.51802],[-0.09757,51.52118],[-0.09738,51.52159],[-0.09551,51.52172],[-0.09525,51.52054],[-0.09432,51.52069],[-0.09439,51.51984],[-0.0952,51.51891],[-0.09532,51.51835],[-0.09493,51.51818],[-0.09536,51.51749]]]},"properties":{"WD22NM":"Aldersgate","LAD22NM":"City of London"}},{"type":"Feature","geometry":{"type":"Polygon","coordinates":[[[-0.07789,51.51582],[-0.07575,51.51465],[-0.07812,51.51362],[-0.07758,51.51338],[-0.07674,51.51385],[-0.0761,51.51375],[-0.07828,51.5128],[-0.07712,51.51186],[-0.07751,51.51152],[-0.07918,51.51183],[-0.07954,51.5123],[-0.08021,51.51211],[-0.08033,51.51258],[-0.08219,51.51265],[-0.08075,51.51483],[-0.07996,51.51541],[-0.07942,51.51577],[-0.07907,51.51557],[-0.07847,51.51605],[-0.07789,51.51582]]]},"properties":{"WD22NM":"Aldgate","LAD22NM":"City of London"}},{"type":"Feature","geometry":{"type":"Polygon","coordinates":[[[-0.09119,51.51808],[-0.08953,51.51747],[-0.08993,51.51579],[-0.091,51.51582],[-0.09105,51.51541],[-0.09187,51.51543],[-0.09175,51.5159],[-0.09229,51.51591],[-0.09278,51.51521],[-0.09602,51.51608],[-0.09536,51.51749],[-0.09416,51.51769],[-0.09307,51.51853],[-0.09119,51.51808]]]},"properties":{"WD22NM":"Bassishaw","LAD22NM":"City of London"}},{"type":"Feature","geometry":{"type":"Polygon","coordinates":[[[-0.08032,51.50808],[-0.08546,51.50861],[-0.08521,51.50943],[-0.08444,51.50934],[-0.08398,51.51065],[-0.08323,51.5106],[-0.08304,51.51157],[-0.08156,51.51171],[-0.08151,51.51133],[-0.0801,51.51141],[-0.08064,51.50973],[-0.08179,51.51012],[-0.08228,51.50955],[-0.07999,51.50854],[-0.08032,51.50808]]]},"properties":{"WD22NM":"Billingsgate","LAD22NM":"City of London"}},{"type":"Feature","geometry":{"type":"Polygon","coordinates":[[[-0.07853,51.52151],[-0.07941,51.51889],[-0.0781,51.51898],[-0.07817,51.51847],[-0.07688,51.51663],[-0.07789,51.51582],[-0.07847,51.51605],[-0.07907,51.51557],[-0.07942,51.51577],[-0.07996,51.51541],[-0.08103,51.5159],[-0.08119,51.51502],[-0.08247,51.51537],[-0.08164,51.51614],[-0.08354,51.51639],[-0.0831,51.51757],[-0.08444,51.51778],[-0.08423,51.5182],[-0.0862,51.51881],[-0.08519,51.52034],[-0.08312,51.51985],[-0.08177,51.52075],[-0.08104,51.52197],[-0.07853,51.52151]]]},"properties":{"WD22NM":"Bishopsgate","LAD22NM":"City of London"}},{"type":"Feature","geometry":{"type":"Polygon","coordinates":[[[-0.09868,51.51536],[-0.0963,51.51448],[-0.09446,51.51418],[-0.09513,51.51266],[-0.09652,51.5129],[-0.09668,51.5119],[-0.0972,51.5119],[-0.09846,51.51195],[-0.09841,51.51294],[-0.0991,51.51297],[-0.09908,51.51329],[-0.09704,51.51345],[-0.09723,51.51447],[-0.09982,51.51398],[-0.10017,51.51333],[-0.10082,51.51343],[-0.10106,51.5131],[-0.10052,51.51584],[-0.09868,51.51536]]]},"properties":{"WD22NM":"Bread Street","LAD22NM":"City of London"}},{"type":"Feature","geometry":{"type":"Polygon","coordinates":[[[-0.08304,51.51157],[-0.08323,51.5106],[-0.08398,51.51065],[-0.08444,51.50934],[-0.08521,51.50943],[-0.08546,51.50861],[-0.08547,51.50861],[-0.08709,51.50899],[-0.08852,51.50897],[-0.08795,51.51023],[-0.08599,51.5103],[-0.08513,51.51192],[-0.08304,51.51157]]]},"properties":{"WD22NM":"Bridge","LAD22NM":"City of London"}},{"type":"Feature","geometry":{"type":"Polygon","coordinates":[[[-0.08354,51.51639],[-0.08452,51.51526],[-0.08547,51.51484],[-0.08889,51.51471],[-0.08932,51.51569],[-0.08795,51.51565],[-0.08762,51.51712],[-0.08561,51.51685],[-0.08444,51.51778],[-0.0831,51.51757],[-0.08354,51.51639]]]},"properties":{"WD22NM":"Broad Street","LAD22NM":"City of London"}},{"type":"Feature","geometry":{"type":"Polygon","coordinates":[[[-0.08513,51.51192],[-0.08599,51.5103],[-0.08795,51.51023],[-0.08844,51.51046],[-0.08799,51.51118],[-0.08938,51.51144],[-0.08837,51.51279],[-0.08513,51.51192]]]},"properties":{"WD22NM":"Candlewick","LAD22NM":"City of London"}},{"type":"Feature","geometry":{"type":"MultiPolygon","coordinates":[[[[-0.10415,51.50854],[-0.10468,51.50841],[-0.10468,51.50861],[-0.10415,51.50854]]],[[[-0.10446,51.51457],[-0.10394,51.51178],[-0.10177,51.51211],[-0.10106,51.5131],[-0.10082,51.51343],[-0.10017,51.51333],[-0.09982,51.51398],[-0.09723,51.51447],[-0.09704,51.51345],[-0.09908,51.51329],[-0.0991,51.51297],[-0.09841,51.51294],[-0.09846,51.51195],[-0.09966,51.51172],[-0.09981,51.51082],[-0.09987,51.51083],[-0.10846,51.51087],[-0.10847,51.51087],[-0.10846,51.5142],[-0.10942,51.51413],[-0.10963,51.51478],[-0.10897,51.51594],[-0.10897,51.51778],[-0.1078,51.51764],[-0.10664,51.51665],[-0.10622,51.51566],[-0.10446,51.51457]]]]},"properties":{"WD22NM":"Castle Baynard","LAD22NM":"City of London"}},{"type":"Feature","geometry":{"type":"Polygon","coordinates":[[[-0.09602,51.51608],[-0.09278,51.51521],[-0.09229,51.51591],[-0.09175,51.5159],[-0.09187,51.51543],[-0.09105,51.51541],[-0.09108,51.51499],[-0.09178,51.51445],[-0.09084,51.51433],[-0.09116,51.51365],[-0.09446,51.51418],[-0.0963,51.51448],[-0.09868,51.51536],[-0.09852,51.51663],[-0.0969,51.51679],[-0.09695,51.51634],[-0.09602,51.51608]]]},"properties":{"WD22NM":"Cheap","LAD22NM":"City of London"}},{"type":"Feature","geometry":{"type":"Polygon","coordinates":[[[-0.0862,51.51881],[-0.08423,51.5182],[-0.08444,51.51778],[-0.08561,51.51685],[-0.08762,51.51712],[-0.08795,51.51565],[-0.08932,51.51569],[-0.08889,51.51471],[-0.09108,51.51499],[-0.09105,51.51541],[-0.091,51.51582],[-0.08993,51.51579],[-0.08953,51.51747],[-0.09119,51.51808],[-0.08996,51.51992],[-0.09083,51.52017],[-0.09106,51.51973],[-0.09246,51.52007],[-0.09235,51.52104],[-0.08967,51.52072],[-0.08998,51.51997],[-0.0862,51.51881]]]},"properties":{"WD22NM":"Coleman Street","LAD22NM":"City of London"}},{"type":"Feature","geometry":{"type":"Polygon","coordinates":[[[-0.09116,51.51365],[-0.08972,51.5134],[-0.09063,51.51315],[-0.09009,51.51284],[-0.09072,51.5117],[-0.09201,51.512],[-0.09513,51.51266],[-0.09446,51.51418],[-0.09116,51.51365]]]},"properties":{"WD22NM":"Cordwainer","LAD22NM":"City of London"}},{"type":"Feature","geometry":{"type":"Polygon","coordinates":[[[-0.08247,51.51537],[-0.08381,51.51419],[-0.08432,51.51303],[-0.0852,51.51307],[-0.08532,51.51278],[-0.08631,51.51303],[-0.08617,51.51336],[-0.08692,51.51334],[-0.08894,51.5134],[-0.08639,51.51411],[-0.08547,51.51484],[-0.08452,51.51526],[-0.08354,51.51639],[-0.08164,51.51614],[-0.08247,51.51537]]]},"properties":{"WD22NM":"Cornhill","LAD22NM":"City of London"}},{"type":"Feature","geometry":{"type":"Polygon","coordinates":[[[-0.09235,51.52104],[-0.09246,51.52007],[-0.09106,51.51973],[-0.09083,51.52017],[-0.08996,51.51992],[-0.09119,51.51808],[-0.09307,51.51853],[-0.09416,51.51769],[-0.09536,51.51749],[-0.09493,51.51818],[-0.09532,51.51835],[-0.0952,51.51891],[-0.09439,51.51984],[-0.09432,51.52069],[-0.09525,51.52054],[-0.09551,51.52172],[-0.09738,51.52159],[-0.09794,51.52288],[-0.09676,51.52332],[-0.09644,51.52282],[-0.09506,51.52314],[-0.09432,51.52148],[-0.09249,51.52149],[-0.09235,51.52104]]]},"properties":{"WD22NM":"Cripplegate","LAD22NM":"City of London"}},{"type":"Feature","geometry":{"type":"Polygon","coordinates":[[[-0.09072,51.5117],[-0.08938,51.51144],[-0.08799,51.51118],[-0.08844,51.51046],[-0.08795,51.51023],[-0.08852,51.50897],[-0.08864,51.50897],[-0.09187,51.50941],[-0.09123,51.51051],[-0.09256,51.51076],[-0.09201,51.512],[-0.09072,51.5117]]]},"properties":{"WD22NM":"Dowgate","LAD22NM":"City of London"}},{"type":"Feature","geometry":{"type":"Polygon","coordinates":[[[-0.09852,51.51663],[-0.09868,51.51536],[-0.10052,51.51584],[-0.10106,51.5131],[-0.10177,51.51211],[-0.10394,51.51178],[-0.10446,51.51457],[-0.10622,51.51566],[-0.10664,51.51665],[-0.10618,51.51755],[-0.10506,51.51724],[-0.10515,51.51766],[-0.10473,51.5177],[-0.10303,51.51706],[-0.10294,51.51657],[-0.10197,51.51627],[-0.10165,51.51678],[-0.09862,51.51666],[-0.09868,51.51744],[-0.10111,51.51883],[-0.09966,51.5194],[-0.10025,51.52013],[-0.09765,51.52072],[-0.09757,51.52118],[-0.09701,51.51802],[-0.0985,51.51728],[-0.09852,51.51663]]]},"properties":{"WD22NM":"Farringdon Within","LAD22NM":"City of London"}},{"type":"Feature","geometry":{"type":"Polygon","coordinates":[[[-0.10664,51.51665],[-0.1078,51.51764],[-0.10897,51.51778],[-0.10897,51.51594],[-0.10963,51.51478],[-0.10942,51.51413],[-0.10846,51.5142],[-0.10847,51.51087],[-0.11148,51.51083],[-0.1115,51.51164],[-0.11239,51.51277],[-0.11171,51.5132],[-0.11195,51.51369],[-0.11108,51.51383],[-0.11158,51.51534],[-0.1138,51.51826],[-0.10781,51.51777],[-0.10532,51.51854],[-0.10175,51.51968],[-0.10025,51.52013],[-0.09966,51.5194],[-0.10111,51.51883],[-0.09868,51.51744],[-0.09862,51.51666],[-0.10165,51.51678],[-0.10197,51.51627],[-0.10294,51.51657],[-0.10303,51.51706],[-0.10473,51.5177],[-0.10515,51.51766],[-0.10506,51.51724],[-0.10618,51.51755],[-0.10664,51.51665]]]},"properties":{"WD22NM":"Farringdon Without","LAD22NM":"City of London"}},{"type":"Feature","geometry":{"type":"Polygon","coordinates":[[[-0.08432,51.51303],[-0.08239,51.51246],[-0.08219,51.51265],[-0.08033,51.51258],[-0.08021,51.51211],[-0.08156,51.51171],[-0.08304,51.51157],[-0.08513,51.51192],[-0.08837,51.51279],[-0.08866,51.51316],[-0.08712,51.51269],[-0.08692,51.51334],[-0.08617,51.51336],[-0.08631,51.51303],[-0.08532,51.51278],[-0.0852,51.51307],[-0.08432,51.51303]]]},"properties":{"WD22NM":"Langbourn","LAD22NM":"City of London"}},{"type":"Feature","geometry":{"type":"Polygon","coordinates":[[[-0.07996,51.51541],[-0.08075,51.51483],[-0.08219,51.51265],[-0.08239,51.51246],[-0.08432,51.51303],[-0.08381,51.51419],[-0.08247,51.51537],[-0.08119,51.51502],[-0.08103,51.5159],[-0.07996,51.51541]]]},"properties":{"WD22NM":"Lime Street","LAD22NM":"City of London"}},{"type":"Feature","geometry":{"type":"Polygon","coordinates":[[[-0.074,51.51448],[-0.07305,51.51181],[-0.07386,51.51174],[-0.07395,51.51212],[-0.07457,51.51206],[-0.07464,51.51231],[-0.07403,51.51237],[-0.07422,51.51279],[-0.07482,51.51271],[-0.07417,51.51323],[-0.07438,51.51373],[-0.07506,51.51363],[-0.0752,51.51408],[-0.0761,51.51375],[-0.07674,51.51385],[-0.07758,51.51338],[-0.07812,51.51362],[-0.07575,51.51465],[-0.07789,51.51582],[-0.07688,51.51663],[-0.074,51.51448]]]},"properties":{"WD22NM":"Portsoken","LAD22NM":"City of London"}},{"type":"Feature","geometry":{"type":"Polygon","coordinates":[[[-0.0972,51.5119],[-0.09708,51.51151],[-0.09535,51.51114],[-0.09516,51.51184],[-0.09471,51.51181],[-0.0946,51.51114],[-0.09523,51.51018],[-0.09518,51.51062],[-0.09614,51.51027],[-0.09981,51.51082],[-0.09966,51.51172],[-0.09846,51.51195],[-0.0972,51.5119]]]},"properties":{"WD22NM":"Queenhithe","LAD22NM":"City of London"}},{"type":"Feature","geometry":{"type":"Polygon","coordinates":[[[-0.07305,51.51181],[-0.07281,51.51024],[-0.07454,51.50995],[-0.07552,51.50974],[-0.07621,51.51056],[-0.07786,51.51009],[-0.07881,51.50946],[-0.07907,51.50906],[-0.0787,51.50883],[-0.07946,51.50782],[-0.07947,51.50783],[-0.08031,51.50808],[-0.08032,51.50808],[-0.07999,51.50854],[-0.08228,51.50955],[-0.08179,51.51012],[-0.08064,51.50973],[-0.0801,51.51141],[-0.08151,51.51133],[-0.08156,51.51171],[-0.08021,51.51211],[-0.07954,51.5123],[-0.07918,51.51183],[-0.07751,51.51152],[-0.07712,51.51186],[-0.07828,51.5128],[-0.0761,51.51375],[-0.0752,51.51408],[-0.07506,51.51363],[-0.07438,51.51373],[-0.07417,51.51323],[-0.07482,51.51271],[-0.07422,51.51279],[-0.07403,51.51237],[-0.07464,51.51231],[-0.07457,51.51206],[-0.07395,51.51212],[-0.07386,51.51174],[-0.07305,51.51181]]]},"properties":{"WD22NM":"Tower","LAD22NM":"City of London"}},{"type":"Feature","geometry":{"type":"Polygon","coordinates":[[[-0.09513,51.51266],[-0.09201,51.512],[-0.09256,51.51076],[-0.09123,51.51051],[-0.09187,51.50941],[-0.09192,51.50942],[-0.09523,51.51018],[-0.0946,51.51114],[-0.09471,51.51181],[-0.09516,51.51184],[-0.09535,51.51114],[-0.09708,51.51151],[-0.0972,51.5119],[-0.09668,51.5119],[-0.09652,51.5129],[-0.09513,51.51266]]]},"properties":{"WD22NM":"Vintry","LAD22NM":"City of London"}},{"type":"Feature","geometry":{"type":"Polygon","coordinates":[[[-0.08889,51.51471],[-0.08547,51.51484],[-0.08639,51.51411],[-0.08894,51.5134],[-0.08692,51.51334],[-0.08712,51.51269],[-0.08866,51.51316],[-0.08837,51.51279],[-0.08938,51.51144],[-0.09072,51.5117],[-0.09009,51.51284],[-0.09063,51.51315],[-0.08972,51.5134],[-0.09116,51.51365],[-0.09084,51.51433],[-0.09178,51.51445],[-0.09108,51.51499],[-0.08889,51.51471]]]},"properties":{"WD22NM":"Walbrook","LAD22NM":"City of London"}},{"type":"Feature","geometry":{"type":"Polygon","coordinates":[[[-0.03704,51.52425],[-0.04089,51.5227],[-0.05001,51.52107],[-0.05635,51.51983],[-0.05618,51.52096],[-0.05496,51.523],[-0.05488,51.52411],[-0.05583,51.52932],[-0.05219,51.53033],[-0.04904,51.53365],[-0.04629,51.53274],[-0.04293,51.5311],[-0.03921,51.52629],[-0.03704,51.52425]]]},"properties":{"WD22NM":"Bethnal Green","LAD22NM":"Tower Hamlets"}},{"type":"Feature","geometry":{"type":"Polygon","coordinates":[[[-0.00309,51.49078],[-0.00472,51.49074],[-0.00585,51.49095],[-0.00562,51.49163],[-0.00696,51.49297],[-0.00785,51.49246],[-0.00969,51.49305],[-0.01054,51.49367],[-0.01159,51.4933],[-0.01733,51.49352],[-0.01651,51.49997],[-0.01621,51.49994],[-0.01543,51.50414],[-0.01274,51.50436],[-0.01184,51.50491],[-0.01064,51.50605],[-0.01064,51.50735],[-0.00545,51.50794],[-0.00384,51.50872],[-0.00197,51.51042],[0.00178,51.51095],[0.00176,51.51091],[0.00281,51.51039],[0.00433,51.5106],[0.00554,51.51352],[0.00594,51.51393],[0.00669,51.51392],[0.00739,51.51273],[0.00558,51.51003],[0.00635,51.50937],[0.00896,51.50884],[0.00879,51.50737],[0.0058,51.50827],[0.00368,51.50838],[0.00347,51.50802],[0.00299,51.50824],[-0.00173,51.50748],[-0.00343,51.50662],[-0.00539,51.50503],[-0.00577,51.50514],[-0.00559,51.5048],[-0.00722,51.50312],[-0.00751,51.502],[-0.00763,51.50151],[-0.00866,51.50135],[-0.00774,51.5008],[-0.00728,51.49831],[-0.00696,51.49834],[-0.00561,51.49584],[-0.00621,51.49561],[-0.00542,51.49464],[-0.00476,51.49454],[-0.0033,51.49227],[-0.00306,51.49088],[-0.00309,51.49078]]]},"properties":{"WD22NM":"Blackwall & Cubitt Town","LAD22NM":"Tower Hamlets"}},{"type":"Feature","geometry":{"type":"Polygon","coordinates":[[[-0.01655,51.54333],[-0.01609,51.54248],[-0.0166,51.54139],[-0.0177,51.54096],[-0.01786,51.54017],[-0.01889,51.53934],[-0.01944,51.53826],[-0.02127,51.53701],[-0.02095,51.53628],[-0.01966,51.53559],[-0.01895,51.53414],[-0.01807,51.53344],[-0.01801,51.53222],[-0.01715,51.53132],[-0.01368,51.52985],[-0.01791,51.52831],[-0.02101,51.52793],[-0.02279,51.53038],[-0.02988,51.5294],[-0.03254,51.53249],[-0.03405,51.53495],[-0.03363,51.53507],[-0.03494,51.53663],[-0.03716,51.53799],[-0.04074,51.53812],[-0.03742,51.54128],[-0.03715,51.54141],[-0.03773,51.5418],[-0.03318,51.54469],[-0.02955,51.54309],[-0.02899,51.54227],[-0.02558,51.54334],[-0.01985,51.54358],[-0.01655,51.54333]]]},"properties":{"WD22NM":"Bow East","LAD22NM":"Tower Hamlets"}},{"type":"Feature","geometry":{"type":"Polygon","coordinates":[[[-0.02101,51.52793],[-0.03017,51.5261],[-0.03704,51.52425],[-0.03921,51.52629],[-0.04293,51.5311],[-0.04629,51.53274],[-0.04904,51.53365],[-0.05286,51.53494],[-0.05238,51.53593],[-0.05091,51.53646],[-0.0497,51.53635],[-0.04716,51.53545],[-0.04497,51.53578],[-0.04149,51.53744],[-0.04074,51.53812],[-0.03716,51.53799],[-0.03494,51.53663],[-0.03363,51.53507],[-0.03405,51.53495],[-0.03254,51.53249],[-0.02988,51.5294],[-0.02279,51.53038],[-0.02101,51.52793]]]},"properties":{"WD22NM":"Bow West","LAD22NM":"Tower Hamlets"}},{"type":"Feature","geometry":{"type":"Polygon","coordinates":[[[-0.0078,51.52534],[-0.00782,51.52532],[-0.01339,51.52446],[-0.02102,51.5245],[-0.02261,51.52407],[-0.02394,51.52318],[-0.02526,51.52505],[-0.02905,51.52408],[-0.03017,51.5261],[-0.02101,51.52793],[-0.01791,51.52831],[-0.01368,51.52985],[-0.01069,51.52928],[-0.01027,51.52848],[-0.00864,51.52756],[-0.00753,51.52624],[-0.0078,51.52534]]]},"properties":{"WD22NM":"Bromley North","LAD22NM":"Tower Hamlets"}},{"type":"Feature","geometry":{"type":"Polygon","coordinates":[[[-0.00809,51.52384],[-0.00907,51.5224],[-0.01161,51.52069],[-0.02161,51.51657],[-0.02371,51.51923],[-0.02731,51.52074],[-0.02394,51.52318],[-0.02261,51.52407],[-0.02102,51.5245],[-0.01339,51.52446],[-0.00782,51.52532],[-0.00809,51.52384]]]},"properties":{"WD22NM":"Bromley South","LAD22NM":"Tower Hamlets"}},{"type":"Feature","geometry":{"type":"Polygon","coordinates":[[[-0.01064,51.50735],[-0.01064,51.50605],[-0.01184,51.50491],[-0.01274,51.50436],[-0.01543,51.50414],[-0.01621,51.49994],[-0.01651,51.49997],[-0.01733,51.49352],[-0.02662,51.49394],[-0.02623,51.49401],[-0.02763,51.49425],[-0.02787,51.49468],[-0.02741,51.50181],[-0.02719,51.50233],[-0.02675,51.50334],[-0.02846,51.50567],[-0.02863,51.50499],[-0.02893,51.50539],[-0.02858,51.50528],[-0.02852,51.50566],[-0.02845,51.50572],[-0.0301,51.50742],[-0.03041,51.50724],[-0.03048,51.50728],[-0.03048,51.50728],[-0.02953,51.5079],[-0.02727,51.50791],[-0.02665,51.509],[-0.02549,51.50974],[-0.02416,51.50898],[-0.01866,51.50777],[-0.01425,51.50741],[-0.0107,51.50758],[-0.01064,51.50735]]]},"properties":{"WD22NM":"Canary Wharf","LAD22NM":"Tower Hamlets"}},{"type":"Feature","geometry":{"type":"Polygon","coordinates":[[[-0.00309,51.49078],[-0.00369,51.48898],[-0.00444,51.48828],[-0.00513,51.48861],[-0.00462,51.48814],[-0.00667,51.48708],[-0.0115,51.48614],[-0.01638,51.48614],[-0.02098,51.48733],[-0.02382,51.48895],[-0.0257,51.4907],[-0.02733,51.49351],[-0.02724,51.49381],[-0.02662,51.49394],[-0.01733,51.49352],[-0.01159,51.4933],[-0.01054,51.49367],[-0.00969,51.49305],[-0.00785,51.49246],[-0.00696,51.49297],[-0.00562,51.49163],[-0.00585,51.49095],[-0.00472,51.49074],[-0.00309,51.49078]]]},"properties":{"WD22NM":"Island Gardens","LAD22NM":"Tower Hamlets"}},{"type":"Feature","geometry":{"type":"Polygon","coordinates":[[[-0.00786,51.52303],[-0.00864,51.52183],[-0.00935,51.52182],[-0.00917,51.5199],[-0.00672,51.5183],[-0.00597,51.51642],[-0.00513,51.51624],[-0.00437,51.51641],[-0.00345,51.51761],[-0.00259,51.51779],[0.00267,51.51552],[0.00359,51.51455],[0.00356,51.51449],[0.00215,51.51407],[0.0007,51.5129],[-0.00665,51.5116],[-0.02098,51.51081],[-0.01999,51.51228],[-0.02192,51.51232],[-0.02193,51.51378],[-0.0245,51.51378],[-0.02367,51.51457],[-0.02331,51.5159],[-0.02161,51.51657],[-0.01161,51.52069],[-0.00907,51.5224],[-0.00809,51.52384],[-0.00786,51.52303]]]},"properties":{"WD22NM":"Lansbury","LAD22NM":"Tower Hamlets"}},{"type":"Feature","geometry":{"type":"Polygon","coordinates":[[[-0.03647,51.5126],[-0.03013,51.5124],[-0.02811,51.51187],[-0.02549,51.50974],[-0.02665,51.509],[-0.02727,51.50791],[-0.02953,51.5079],[-0.03048,51.50728],[-0.03152,51.50784],[-0.02986,51.50891],[-0.0316,51.50821],[-0.0326,51.50824],[-0.03316,51.50868],[-0.03559,51.50907],[-0.03592,51.50938],[-0.03733,51.50936],[-0.03692,51.50998],[-0.0378,51.5095],[-0.04188,51.50978],[-0.0419,51.5106],[-0.03969,51.51133],[-0.03892,51.5127],[-0.03647,51.5126]]]},"properties":{"WD22NM":"Limehouse","LAD22NM":"Tower Hamlets"}},{"type":"Feature","geometry":{"type":"Polygon","coordinates":[[[-0.02394,51.52318],[-0.02731,51.52074],[-0.02371,51.51923],[-0.02161,51.51657],[-0.02331,51.5159],[-0.02367,51.51457],[-0.0245,51.51378],[-0.02193,51.51378],[-0.02192,51.51232],[-0.01999,51.51228],[-0.02098,51.51081],[-0.02811,51.51187],[-0.03013,51.5124],[-0.03647,51.5126],[-0.03383,51.51614],[-0.03376,51.51676],[-0.03617,51.51897],[-0.03654,51.52323],[-0.03704,51.52425],[-0.03017,51.5261],[-0.02905,51.52408],[-0.02526,51.52505],[-0.02394,51.52318]]]},"properties":{"WD22NM":"Mile End","LAD22NM":"Tower Hamlets"}},{"type":"Feature","geometry":{"type":"Polygon","coordinates":[[[0.00178,51.51095],[-0.00197,51.51042],[-0.00384,51.50872],[-0.00545,51.50794],[-0.01064,51.50735],[-0.0107,51.50758],[-0.01425,51.50741],[-0.01866,51.50777],[-0.02416,51.50898],[-0.02549,51.50974],[-0.02811,51.51187],[-0.02098,51.51081],[-0.00665,51.5116],[0.0007,51.5129],[0.00215,51.51407],[0.00356,51.51449],[0.00178,51.51095]]]},"properties":{"WD22NM":"Poplar","LAD22NM":"Tower Hamlets"}},{"type":"Feature","geometry":{"type":"Polygon","coordinates":[[[-0.03647,51.5126],[-0.03892,51.5127],[-0.04181,51.51295],[-0.04146,51.51573],[-0.04263,51.51679],[-0.04269,51.51776],[-0.04527,51.51835],[-0.04492,51.51872],[-0.0458,51.51961],[-0.04678,51.51963],[-0.04756,51.51997],[-0.04801,51.52066],[-0.04835,51.52049],[-0.04928,51.52088],[-0.04979,51.52076],[-0.05001,51.52107],[-0.04089,51.5227],[-0.03704,51.52425],[-0.03654,51.52323],[-0.03617,51.51897],[-0.03376,51.51676],[-0.03383,51.51614],[-0.03647,51.5126]]]},"properties":{"WD22NM":"St Dunstan's","LAD22NM":"Tower Hamlets"}},{"type":"Feature","geometry":{"type":"Polygon","coordinates":[[[-0.04188,51.50978],[-0.04211,51.5098],[-0.04606,51.50936],[-0.04913,51.50801],[-0.04969,51.50808],[-0.0494,51.50785],[-0.05042,51.50759],[-0.05616,51.50388],[-0.05947,51.50287],[-0.05963,51.50283],[-0.06084,51.50281],[-0.06103,51.5029],[-0.06163,51.50318],[-0.06258,51.5031],[-0.06518,51.50373],[-0.06535,51.50349],[-0.06522,51.50374],[-0.06808,51.50448],[-0.06807,51.50488],[-0.06867,51.50454],[-0.07057,51.50536],[-0.07119,51.50517],[-0.07127,51.50578],[-0.07377,51.5062],[-0.07476,51.50671],[-0.07939,51.5078],[-0.07946,51.50782],[-0.0787,51.50883],[-0.07907,51.50906],[-0.07881,51.50946],[-0.07786,51.51009],[-0.07621,51.51056],[-0.07552,51.50974],[-0.07454,51.50995],[-0.07321,51.50889],[-0.07132,51.5083],[-0.06661,51.50933],[-0.06049,51.50944],[-0.0575,51.50972],[-0.04754,51.50981],[-0.0419,51.5106],[-0.04188,51.50978]]]},"properties":{"WD22NM":"St Katharine's & Wapping","LAD22NM":"Tower Hamlets"}},{"type":"Feature","geometry":{"type":"Polygon","coordinates":[[[-0.0573,51.53442],[-0.05468,51.53515],[-0.05286,51.53494],[-0.04904,51.53365],[-0.05219,51.53033],[-0.05583,51.52932],[-0.05488,51.52411],[-0.05496,51.523],[-0.05618,51.52096],[-0.05768,51.52104],[-0.05804,51.52176],[-0.06125,51.52118],[-0.06199,51.52368],[-0.06399,51.52358],[-0.06539,51.52973],[-0.06625,51.53123],[-0.06518,51.53315],[-0.06501,51.5329],[-0.06219,51.53326],[-0.06286,51.53492],[-0.06243,51.53553],[-0.06007,51.5342],[-0.05876,51.5341],[-0.0573,51.53442]]]},"properties":{"WD22NM":"St Peter's","LAD22NM":"Tower Hamlets"}},{"type":"Feature","geometry":{"type":"Polygon","coordinates":[[[-0.0557,51.51435],[-0.04644,51.51321],[-0.04181,51.51295],[-0.03892,51.5127],[-0.03969,51.51133],[-0.0419,51.5106],[-0.04754,51.50981],[-0.0575,51.50972],[-0.06049,51.50944],[-0.06188,51.51476],[-0.0557,51.51435]]]},"properties":{"WD22NM":"Shadwell","LAD22NM":"Tower Hamlets"}},{"type":"Feature","geometry":{"type":"Polygon","coordinates":[[[-0.05618,51.52096],[-0.05635,51.51983],[-0.06563,51.5177],[-0.074,51.51448],[-0.07688,51.51663],[-0.07817,51.51847],[-0.0781,51.51898],[-0.07941,51.51889],[-0.07853,51.52151],[-0.07825,51.5219],[-0.07646,51.52205],[-0.07612,51.52237],[-0.06399,51.52358],[-0.06199,51.52368],[-0.06125,51.52118],[-0.05804,51.52176],[-0.05768,51.52104],[-0.05618,51.52096]]]},"properties":{"WD22NM":"Spitalfields & Banglatown","LAD22NM":"Tower Hamlets"}},{"type":"Feature","geometry":{"type":"Polygon","coordinates":[[[-0.04181,51.51295],[-0.04644,51.51321],[-0.0557,51.51435],[-0.05514,51.51764],[-0.05635,51.51983],[-0.05001,51.52107],[-0.04979,51.52076],[-0.04928,51.52088],[-0.04835,51.52049],[-0.04801,51.52066],[-0.04756,51.51997],[-0.04678,51.51963],[-0.0458,51.51961],[-0.04492,51.51872],[-0.04527,51.51835],[-0.04269,51.51776],[-0.04263,51.51679],[-0.04146,51.51573],[-0.04181,51.51295]]]},"properties":{"WD22NM":"Stepney Green","LAD22NM":"Tower Hamlets"}},{"type":"Feature","geometry":{"type":"Polygon","coordinates":[[[-0.06399,51.52358],[-0.07612,51.52237],[-0.07574,51.52368],[-0.07593,51.52434],[-0.07646,51.52431],[-0.07664,51.52635],[-0.0763,51.52714],[-0.07727,51.52731],[-0.07572,51.52836],[-0.07458,51.52985],[-0.07283,51.53066],[-0.06625,51.53123],[-0.06539,51.52973],[-0.06399,51.52358]]]},"properties":{"WD22NM":"Weavers","LAD22NM":"Tower Hamlets"}},{"type":"Feature","geometry":{"type":"Polygon","coordinates":[[[-0.0557,51.51435],[-0.06188,51.51476],[-0.06049,51.50944],[-0.06661,51.50933],[-0.07132,51.5083],[-0.07321,51.50889],[-0.07454,51.50995],[-0.07281,51.51024],[-0.07305,51.51181],[-0.074,51.51448],[-0.06563,51.5177],[-0.05635,51.51983],[-0.05514,51.51764],[-0.0557,51.51435]]]},"properties":{"WD22NM":"Whitechapel","LAD22NM":"Tower Hamlets"}},{"type":"Feature","geometry":{"type":"Polygon","coordinates":[[[-0.09244,51.56392],[-0.09169,51.56195],[-0.09172,51.56023],[-0.09601,51.56123],[-0.09856,51.56084],[-0.09957,51.56156],[-0.10437,51.56478],[-0.10403,51.56497],[-0.09807,51.56911],[-0.09761,51.56887],[-0.09809,51.56849],[-0.09677,51.56814],[-0.09702,51.56762],[-0.09644,51.56732],[-0.09607,51.5676],[-0.09523,51.56717],[-0.09407,51.56716],[-0.09244,51.56392]]]},"properties":{"WD22NM":"Brownswood","LAD22NM":"Hackney"}},{"type":"Feature","geometry":{"type":"Polygon","coordinates":[[[-0.05815,51.56301],[-0.06032,51.56248],[-0.06457,51.56297],[-0.06681,51.56232],[-0.0716,51.56285],[-0.0732,51.56341],[-0.07308,51.56539],[-0.07284,51.57028],[-0.06852,51.5701],[-0.06852,51.57074],[-0.06611,51.57073],[-0.06529,51.57109],[-0.06213,51.56907],[-0.06041,51.56681],[-0.05995,51.56473],[-0.05815,51.56301]]]},"properties":{"WD22NM":"Cazenove","LAD22NM":"Hackney"}},{"type":"Feature","geometry":{"type":"Polygon","coordinates":[[[-0.0792,51.55514],[-0.07941,51.5537],[-0.079,51.55261],[-0.07941,51.55165],[-0.08026,51.55191],[-0.08548,51.55216],[-0.08753,51.55282],[-0.08856,51.55395],[-0.08927,51.55374],[-0.09038,51.55415],[-0.09039,51.55758],[-0.09172,51.56023],[-0.09169,51.56195],[-0.09244,51.56392],[-0.09177,51.56408],[-0.08471,51.56585],[-0.08382,51.56429],[-0.08022,51.56212],[-0.08015,51.56155],[-0.08057,51.5615],[-0.08021,51.56],[-0.08115,51.55961],[-0.08095,51.55778],[-0.07886,51.55763],[-0.0792,51.55514]]]},"properties":{"WD22NM":"Clissold","LAD22NM":"Hackney"}},{"type":"Feature","geometry":{"type":"Polygon","coordinates":[[[-0.06449,51.54407],[-0.07606,51.54415],[-0.07567,51.54613],[-0.07681,51.54608],[-0.07635,51.54635],[-0.07641,51.54732],[-0.07772,51.54947],[-0.0755,51.55051],[-0.07254,51.55115],[-0.07154,51.55073],[-0.06851,51.55116],[-0.06833,51.5499],[-0.0678,51.54991],[-0.06765,51.54827],[-0.0686,51.54813],[-0.06897,51.54765],[-0.06522,51.54745],[-0.06453,51.54616],[-0.06384,51.54611],[-0.06349,51.54545],[-0.06463,51.54538],[-0.06449,51.54407]]]},"properties":{"WD22NM":"Dalston","LAD22NM":"Hackney"}},{"type":"Feature","geometry":{"type":"Polygon","coordinates":[[[-0.07681,51.54608],[-0.07567,51.54613],[-0.07606,51.54415],[-0.07672,51.53902],[-0.07775,51.53866],[-0.07815,51.53665],[-0.08421,51.53749],[-0.08659,51.53726],[-0.08656,51.53737],[-0.08363,51.54507],[-0.08381,51.54659],[-0.07681,51.54608]]]},"properties":{"WD22NM":"De Beauvoir","LAD22NM":"Hackney"}},{"type":"Feature","geometry":{"type":"Polygon","coordinates":[[[-0.05601,51.55217],[-0.05494,51.54962],[-0.05437,51.54975],[-0.0532,51.54789],[-0.05192,51.54812],[-0.05129,51.54732],[-0.05502,51.54711],[-0.05536,51.54364],[-0.05769,51.54337],[-0.05984,51.54364],[-0.06258,51.54332],[-0.06291,51.54411],[-0.06449,51.54407],[-0.06463,51.54538],[-0.06349,51.54545],[-0.06384,51.54611],[-0.06453,51.54616],[-0.06522,51.54745],[-0.06897,51.54765],[-0.0686,51.54813],[-0.06765,51.54827],[-0.0678,51.54991],[-0.06833,51.5499],[-0.06851,51.55116],[-0.06391,51.55191],[-0.05619,51.55297],[-0.05601,51.55217]]]},"properties":{"WD22NM":"Hackney Central","LAD22NM":"Hackney"}},{"type":"Feature","geometry":{"type":"Polygon","coordinates":[[[-0.05734,51.56183],[-0.05589,51.55877],[-0.05568,51.55659],[-0.05293,51.55278],[-0.05601,51.55217],[-0.05619,51.55297],[-0.06391,51.55191],[-0.06543,51.55332],[-0.06665,51.55548],[-0.06813,51.55559],[-0.07088,51.56217],[-0.0716,51.56285],[-0.06681,51.56232],[-0.06457,51.56297],[-0.06032,51.56248],[-0.05815,51.56301],[-0.05734,51.56183]]]},"properties":{"WD22NM":"Hackney Downs","LAD22NM":"Hackney"}},{"type":"Feature","geometry":{"type":"Polygon","coordinates":[[[-0.01716,51.55168],[-0.01714,51.55158],[-0.01897,51.5516],[-0.01891,51.55048],[-0.01743,51.54754],[-0.01655,51.54333],[-0.01985,51.54358],[-0.02558,51.54334],[-0.02899,51.54227],[-0.02955,51.54309],[-0.03318,51.54469],[-0.03773,51.5418],[-0.03715,51.54141],[-0.03742,51.54128],[-0.04738,51.54113],[-0.04884,51.54161],[-0.04884,51.54249],[-0.04837,51.54286],[-0.04718,51.54352],[-0.04612,51.54503],[-0.04167,51.54525],[-0.04201,51.54706],[-0.04016,51.54699],[-0.04097,51.54874],[-0.03332,51.55024],[-0.02964,51.55165],[-0.0218,51.55205],[-0.02063,51.55176],[-0.01956,51.55257],[-0.01849,51.55181],[-0.01716,51.55168]]]},"properties":{"WD22NM":"Hackney Wick","LAD22NM":"Hackney"}},{"type":"Feature","geometry":{"type":"Polygon","coordinates":[[[-0.06243,51.53553],[-0.06286,51.53492],[-0.06219,51.53326],[-0.06501,51.5329],[-0.06518,51.53315],[-0.06625,51.53123],[-0.07283,51.53066],[-0.07458,51.52985],[-0.07572,51.52836],[-0.07787,51.52878],[-0.07705,51.53142],[-0.07686,51.53648],[-0.07815,51.53665],[-0.07775,51.53866],[-0.07672,51.53902],[-0.07674,51.53842],[-0.07312,51.53855],[-0.07406,51.5392],[-0.07021,51.53905],[-0.07024,51.53871],[-0.06573,51.53885],[-0.06591,51.5386],[-0.06249,51.53665],[-0.06183,51.53657],[-0.06243,51.53553]]]},"properties":{"WD22NM":"Haggerston","LAD22NM":"Hackney"}},{"type":"Feature","geometry":{"type":"Polygon","coordinates":[[[-0.04404,51.55201],[-0.04208,51.54865],[-0.04097,51.54874],[-0.04016,51.54699],[-0.04201,51.54706],[-0.04167,51.54525],[-0.04612,51.54503],[-0.04718,51.54352],[-0.04837,51.54286],[-0.04927,51.54323],[-0.05193,51.54259],[-0.05525,51.54223],[-0.05536,51.54364],[-0.05502,51.54711],[-0.05129,51.54732],[-0.05192,51.54812],[-0.0532,51.54789],[-0.05437,51.54975],[-0.05494,51.54962],[-0.05601,51.55217],[-0.05293,51.55278],[-0.05166,51.55135],[-0.04932,51.5519],[-0.04907,51.55152],[-0.04612,51.55181],[-0.04604,51.5515],[-0.04454,51.55165],[-0.04404,51.55201]]]},"properties":{"WD22NM":"Homerton","LAD22NM":"Hackney"}},{"type":"Feature","geometry":{"type":"Polygon","coordinates":[[[-0.07815,51.53665],[-0.07686,51.53648],[-0.07705,51.53142],[-0.07787,51.52878],[-0.07572,51.52836],[-0.07727,51.52731],[-0.0763,51.52714],[-0.07664,51.52635],[-0.07646,51.52431],[-0.07593,51.52434],[-0.07574,51.52368],[-0.07612,51.52237],[-0.07646,51.52205],[-0.07825,51.5219],[-0.07853,51.52151],[-0.08104,51.52197],[-0.08177,51.52075],[-0.08312,51.51985],[-0.08519,51.52034],[-0.0842,51.5239],[-0.08511,51.52393],[-0.08542,51.52451],[-0.08472,51.52542],[-0.085,51.5262],[-0.08372,51.52655],[-0.0836,51.52907],[-0.08292,51.53056],[-0.08301,51.5332],[-0.0862,51.53315],[-0.08631,51.53375],[-0.08767,51.53335],[-0.08966,51.53601],[-0.08659,51.53726],[-0.08421,51.53749],[-0.07815,51.53665]]]},"properties":{"WD22NM":"Hoxton East & Shoreditch","LAD22NM":"Hackney"}},{"type":"Feature","geometry":{"type":"Polygon","coordinates":[[[-0.085,51.5262],[-0.08677,51.52579],[-0.08741,51.52596],[-0.08863,51.52739],[-0.09149,51.5282],[-0.09538,51.5292],[-0.09509,51.53005],[-0.09701,51.53298],[-0.09314,51.53439],[-0.08966,51.53601],[-0.08767,51.53335],[-0.08631,51.53375],[-0.0862,51.53315],[-0.08301,51.5332],[-0.08292,51.53056],[-0.0836,51.52907],[-0.08372,51.52655],[-0.085,51.5262]]]},"properties":{"WD22NM":"Hoxton West","LAD22NM":"Hackney"}},{"type":"Feature","geometry":{"type":"Polygon","coordinates":[[[-0.03003,51.56137],[-0.02852,51.56107],[-0.02586,51.55992],[-0.02435,51.55866],[-0.02394,51.55737],[-0.02301,51.55727],[-0.01844,51.55518],[-0.01748,51.55339],[-0.01716,51.55168],[-0.01849,51.55181],[-0.01956,51.55257],[-0.02063,51.55176],[-0.0218,51.55205],[-0.02964,51.55165],[-0.03332,51.55024],[-0.04097,51.54874],[-0.04208,51.54865],[-0.04404,51.55201],[-0.04367,51.55232],[-0.04588,51.55686],[-0.04642,51.557],[-0.04428,51.56103],[-0.04513,51.56179],[-0.04236,51.56137],[-0.04005,51.56178],[-0.03881,51.56116],[-0.03639,51.56151],[-0.03328,51.56062],[-0.03003,51.56137]]]},"properties":{"WD22NM":"King's Park","LAD22NM":"Hackney"}},{"type":"Feature","geometry":{"type":"Polygon","coordinates":[[[-0.04513,51.56179],[-0.04428,51.56103],[-0.04642,51.557],[-0.04588,51.55686],[-0.04367,51.55232],[-0.04404,51.55201],[-0.04454,51.55165],[-0.04604,51.5515],[-0.04612,51.55181],[-0.04907,51.55152],[-0.04932,51.5519],[-0.05166,51.55135],[-0.05293,51.55278],[-0.05568,51.55659],[-0.05589,51.55877],[-0.05734,51.56183],[-0.05648,51.56197],[-0.05508,51.56316],[-0.05115,51.56773],[-0.0467,51.56438],[-0.04719,51.56266],[-0.0457,51.56225],[-0.04513,51.56179]]]},"properties":{"WD22NM":"Lea Bridge","LAD22NM":"Hackney"}},{"type":"Feature","geometry":{"type":"Polygon","coordinates":[[[-0.05536,51.54364],[-0.05525,51.54223],[-0.05524,51.54074],[-0.05708,51.53838],[-0.0573,51.53442],[-0.05876,51.5341],[-0.06007,51.5342],[-0.06243,51.53553],[-0.06183,51.53657],[-0.06249,51.53665],[-0.06591,51.5386],[-0.06573,51.53885],[-0.07024,51.53871],[-0.07021,51.53905],[-0.07406,51.5392],[-0.07312,51.53855],[-0.07674,51.53842],[-0.07672,51.53902],[-0.07606,51.54415],[-0.06449,51.54407],[-0.06291,51.54411],[-0.06258,51.54332],[-0.05984,51.54364],[-0.05769,51.54337],[-0.05536,51.54364]]]},"properties":{"WD22NM":"London Fields","LAD22NM":"Hackney"}},{"type":"Feature","geometry":{"type":"Polygon","coordinates":[[[-0.06391,51.55191],[-0.06851,51.55116],[-0.07154,51.55073],[-0.07254,51.55115],[-0.0755,51.55051],[-0.07772,51.54947],[-0.07941,51.55165],[-0.079,51.55261],[-0.07941,51.5537],[-0.0792,51.55514],[-0.07475,51.55472],[-0.0747,51.55496],[-0.07386,51.55497],[-0.07363,51.55458],[-0.06837,51.55452],[-0.06908,51.5553],[-0.06813,51.55559],[-0.06665,51.55548],[-0.06543,51.55332],[-0.06391,51.55191]]]},"properties":{"WD22NM":"Shacklewell","LAD22NM":"Hackney"}},{"type":"Feature","geometry":{"type":"Polygon","coordinates":[[[-0.05115,51.56773],[-0.05508,51.56316],[-0.05648,51.56197],[-0.05734,51.56183],[-0.05815,51.56301],[-0.05995,51.56473],[-0.06041,51.56681],[-0.06213,51.56907],[-0.06529,51.57109],[-0.06611,51.57073],[-0.06852,51.57074],[-0.06852,51.5701],[-0.07284,51.57028],[-0.07265,51.57242],[-0.07786,51.57302],[-0.07678,51.57432],[-0.07624,51.57494],[-0.07576,51.57549],[-0.0753,51.57533],[-0.07442,51.57568],[-0.07239,51.57563],[-0.06672,51.57636],[-0.06675,51.57662],[-0.06116,51.57779],[-0.05841,51.57253],[-0.05637,51.5708],[-0.05427,51.5702],[-0.05313,51.56857],[-0.05115,51.56773]]]},"properties":{"WD22NM":"Springfield","LAD22NM":"Hackney"}},{"type":"Feature","geometry":{"type":"Polygon","coordinates":[[[-0.07678,51.57432],[-0.07786,51.57302],[-0.07265,51.57242],[-0.07284,51.57028],[-0.07308,51.56539],[-0.07442,51.56555],[-0.07633,51.56679],[-0.07847,51.56723],[-0.08471,51.56585],[-0.09177,51.56408],[-0.09183,51.56529],[-0.08813,51.56766],[-0.08778,51.56954],[-0.08409,51.57005],[-0.0832,51.57066],[-0.08299,51.57135],[-0.08229,51.57136],[-0.08117,51.57016],[-0.07972,51.57053],[-0.08003,51.57166],[-0.07859,51.57465],[-0.07678,51.57432]]]},"properties":{"WD22NM":"Stamford Hill West","LAD22NM":"Hackney"}},{"type":"Feature","geometry":{"type":"Polygon","coordinates":[[[-0.07308,51.56539],[-0.0732,51.56341],[-0.0716,51.56285],[-0.07088,51.56217],[-0.06813,51.55559],[-0.06908,51.5553],[-0.06837,51.55452],[-0.07363,51.55458],[-0.07386,51.55497],[-0.0747,51.55496],[-0.07475,51.55472],[-0.0792,51.55514],[-0.07886,51.55763],[-0.08095,51.55778],[-0.08115,51.55961],[-0.08021,51.56],[-0.08057,51.5615],[-0.08015,51.56155],[-0.08022,51.56212],[-0.08382,51.56429],[-0.08471,51.56585],[-0.07847,51.56723],[-0.07633,51.56679],[-0.07442,51.56555],[-0.07308,51.56539]]]},"properties":{"WD22NM":"Stoke Newington","LAD22NM":"Hackney"}},{"type":"Feature","geometry":{"type":"Polygon","coordinates":[[[-0.04837,51.54286],[-0.04884,51.54249],[-0.04884,51.54161],[-0.04738,51.54113],[-0.03742,51.54128],[-0.04074,51.53812],[-0.04149,51.53744],[-0.04497,51.53578],[-0.04716,51.53545],[-0.0497,51.53635],[-0.05091,51.53646],[-0.05238,51.53593],[-0.05286,51.53494],[-0.05468,51.53515],[-0.0573,51.53442],[-0.05708,51.53838],[-0.05524,51.54074],[-0.05525,51.54223],[-0.05193,51.54259],[-0.04927,51.54323],[-0.04837,51.54286]]]},"properties":{"WD22NM":"Victoria","LAD22NM":"Hackney"}},{"type":"Feature","geometry":{"type":"Polygon","coordinates":[[[-0.07624,51.57494],[-0.07678,51.57432],[-0.07859,51.57465],[-0.08003,51.57166],[-0.07972,51.57053],[-0.08117,51.57016],[-0.08229,51.57136],[-0.08299,51.57135],[-0.0832,51.57066],[-0.08409,51.57005],[-0.08778,51.56954],[-0.08813,51.56766],[-0.09183,51.56529],[-0.09177,51.56408],[-0.09244,51.56392],[-0.09407,51.56716],[-0.09523,51.56717],[-0.09607,51.5676],[-0.09644,51.56732],[-0.09702,51.56762],[-0.09677,51.56814],[-0.09809,51.56849],[-0.09761,51.56887],[-0.09807,51.56911],[-0.09603,51.57066],[-0.09764,51.57365],[-0.09659,51.57382],[-0.09468,51.57359],[-0.09356,51.57398],[-0.09136,51.57401],[-0.08996,51.57439],[-0.08685,51.57429],[-0.08721,51.5747],[-0.08566,51.57504],[-0.08085,51.57564],[-0.07624,51.57494]]]},"properties":{"WD22NM":"Woodberry Down","LAD22NM":"Hackney"}},{"type":"Feature","geometry":{"type":"Polygon","coordinates":[[[-0.18948,51.49468],[-0.1911,51.49473],[-0.19563,51.4945],[-0.2003,51.4928],[-0.20181,51.49185],[-0.20308,51.49337],[-0.20192,51.49402],[-0.20469,51.49626],[-0.20584,51.49665],[-0.19849,51.49909],[-0.19311,51.50103],[-0.19016,51.49865],[-0.19016,51.49812],[-0.18936,51.49813],[-0.18894,51.49628],[-0.18846,51.49636],[-0.18948,51.49468]]]},"properties":{"WD22NM":"Abingdon","LAD22NM":"Kensington and Chelsea"}},{"type":"Feature","geometry":{"type":"Polygon","coordinates":[[[-0.15582,51.49473],[-0.16092,51.49442],[-0.16074,51.4937],[-0.1629,51.49288],[-0.16633,51.49082],[-0.16966,51.493],[-0.17165,51.49188],[-0.17386,51.49362],[-0.17498,51.49365],[-0.17594,51.49325],[-0.17671,51.494],[-0.17733,51.49396],[-0.17765,51.49543],[-0.17903,51.49531],[-0.17955,51.49778],[-0.17354,51.49822],[-0.16839,51.49902],[-0.16762,51.4983],[-0.16578,51.49924],[-0.16548,51.4987],[-0.16257,51.50029],[-0.161,51.50159],[-0.15845,51.50225],[-0.15785,51.49902],[-0.15607,51.49776],[-0.15529,51.49507],[-0.15582,51.49473]]]},"properties":{"WD22NM":"Brompton & Hans Town","LAD22NM":"Kensington and Chelsea"}},{"type":"Feature","geometry":{"type":"Polygon","coordinates":[[[-0.18423,51.50179],[-0.18882,51.50238],[-0.19088,51.50198],[-0.19311,51.50103],[-0.19849,51.49909],[-0.20378,51.50769],[-0.20308,51.50789],[-0.20056,51.50858],[-0.19691,51.50895],[-0.19212,51.50987],[-0.18908,51.51012],[-0.18791,51.51018],[-0.18423,51.50179]]]},"properties":{"WD22NM":"Campden","LAD22NM":"Kensington and Chelsea"}},{"type":"Feature","geometry":{"type":"Polygon","coordinates":[[[-0.16377,51.48364],[-0.16378,51.48364],[-0.17576,51.48162],[-0.17768,51.48035],[-0.17751,51.4801],[-0.17926,51.47799],[-0.18082,51.47792],[-0.18216,51.47739],[-0.18372,51.47743],[-0.18385,51.47743],[-0.18388,51.47744],[-0.18652,51.47987],[-0.17736,51.48311],[-0.17664,51.48405],[-0.17011,51.48696],[-0.16829,51.48485],[-0.16531,51.48617],[-0.16377,51.48364]]]},"properties":{"WD22NM":"Chelsea Riverside","LAD22NM":"Kensington and Chelsea"}},{"type":"Feature","geometry":{"type":"Polygon","coordinates":[[[-0.20374,51.52062],[-0.20146,51.5178],[-0.20072,51.51798],[-0.19992,51.51685],[-0.19918,51.51455],[-0.1989,51.5129],[-0.20117,51.51201],[-0.20156,51.51218],[-0.20421,51.51138],[-0.20416,51.5111],[-0.20519,51.51078],[-0.20901,51.51602],[-0.21024,51.51774],[-0.20757,51.5185],[-0.2044,51.52065],[-0.20402,51.52085],[-0.20374,51.52062]]]},"properties":{"WD22NM":"Colville","LAD22NM":"Kensington and Chelsea"}},{"type":"Feature","geometry":{"type":"Polygon","coordinates":[[[-0.17165,51.49188],[-0.1791,51.4871],[-0.18124,51.48873],[-0.18392,51.49218],[-0.18796,51.49093],[-0.18854,51.49162],[-0.19115,51.49417],[-0.1911,51.49473],[-0.18948,51.49468],[-0.17903,51.49531],[-0.17765,51.49543],[-0.17733,51.49396],[-0.17671,51.494],[-0.17594,51.49325],[-0.17498,51.49365],[-0.17386,51.49362],[-0.17165,51.49188]]]},"properties":{"WD22NM":"Courtfield","LAD22NM":"Kensington and Chelsea"}},{"type":"Feature","geometry":{"type":"Polygon","coordinates":[[[-0.216,51.52793],[-0.21555,51.52672],[-0.21287,51.52231],[-0.21863,51.52126],[-0.21728,51.51895],[-0.22513,51.5202],[-0.22654,51.51958],[-0.22828,51.5211],[-0.22671,51.52198],[-0.2266,51.5248],[-0.22717,51.52479],[-0.22739,51.52789],[-0.2287,51.52988],[-0.22848,51.53035],[-0.22757,51.53016],[-0.22766,51.52992],[-0.22542,51.53017],[-0.22378,51.52997],[-0.21795,51.52864],[-0.216,51.52793]]]},"properties":{"WD22NM":"Dalgarno","LAD22NM":"Kensington and Chelsea"}},{"type":"Feature","geometry":{"type":"Polygon","coordinates":[[[-0.18854,51.49162],[-0.19116,51.49079],[-0.19013,51.48952],[-0.19596,51.48737],[-0.19642,51.48721],[-0.1982,51.48807],[-0.20236,51.49167],[-0.20181,51.49185],[-0.2003,51.4928],[-0.19563,51.4945],[-0.1911,51.49473],[-0.19115,51.49417],[-0.18854,51.49162]]]},"properties":{"WD22NM":"Earl's Court","LAD22NM":"Kensington and Chelsea"}},{"type":"Feature","geometry":{"type":"Polygon","coordinates":[[[-0.2073,51.52624],[-0.20588,51.52574],[-0.20386,51.52346],[-0.20161,51.52274],[-0.20062,51.52071],[-0.20264,51.5209],[-0.20374,51.52062],[-0.20402,51.52085],[-0.2044,51.52065],[-0.20757,51.5185],[-0.21024,51.51774],[-0.21287,51.52231],[-0.21555,51.52672],[-0.21267,51.52687],[-0.2073,51.52624]]]},"properties":{"WD22NM":"Golborne","LAD22NM":"Kensington and Chelsea"}},{"type":"Feature","geometry":{"type":"Polygon","coordinates":[[[-0.19849,51.49909],[-0.20584,51.49665],[-0.20469,51.49626],[-0.20192,51.49402],[-0.20308,51.49337],[-0.20736,51.49615],[-0.20798,51.49602],[-0.21025,51.49813],[-0.21411,51.50077],[-0.21502,51.50219],[-0.21699,51.50447],[-0.21701,51.5045],[-0.20378,51.50769],[-0.19849,51.49909]]]},"properties":{"WD22NM":"Holland","LAD22NM":"Kensington and Chelsea"}},{"type":"Feature","geometry":{"type":"Polygon","coordinates":[[[-0.20519,51.51078],[-0.20308,51.50789],[-0.20378,51.50769],[-0.21701,51.5045],[-0.21797,51.50615],[-0.21594,51.5064],[-0.21612,51.50752],[-0.21518,51.50765],[-0.21552,51.50839],[-0.21169,51.50917],[-0.21129,51.51005],[-0.20955,51.51054],[-0.21183,51.51367],[-0.21078,51.515],[-0.20901,51.51602],[-0.20519,51.51078]]]},"properties":{"WD22NM":"Norland","LAD22NM":"Kensington and Chelsea"}},{"type":"Feature","geometry":{"type":"Polygon","coordinates":[[[-0.20901,51.51602],[-0.21078,51.515],[-0.21183,51.51367],[-0.20955,51.51054],[-0.21129,51.51005],[-0.21169,51.50917],[-0.21552,51.50839],[-0.2158,51.50912],[-0.21682,51.50945],[-0.21719,51.51039],[-0.21803,51.51023],[-0.21786,51.50976],[-0.21926,51.50958],[-0.22025,51.51173],[-0.22245,51.51541],[-0.21653,51.51591],[-0.21024,51.51774],[-0.20901,51.51602]]]},"properties":{"WD22NM":"Notting Dale","LAD22NM":"Kensington and Chelsea"}},{"type":"Feature","geometry":{"type":"Polygon","coordinates":[[[-0.19212,51.50987],[-0.19691,51.50895],[-0.20056,51.50858],[-0.20308,51.50789],[-0.20519,51.51078],[-0.20416,51.5111],[-0.20421,51.51138],[-0.20156,51.51218],[-0.20117,51.51201],[-0.1989,51.5129],[-0.19918,51.51455],[-0.19505,51.51503],[-0.19404,51.51176],[-0.19296,51.51181],[-0.19212,51.50987]]]},"properties":{"WD22NM":"Pembridge","LAD22NM":"Kensington and Chelsea"}},{"type":"Feature","geometry":{"type":"Polygon","coordinates":[[[-0.18423,51.50179],[-0.18031,51.50146],[-0.17955,51.49778],[-0.17903,51.49531],[-0.18948,51.49468],[-0.18846,51.49636],[-0.18894,51.49628],[-0.18936,51.49813],[-0.19016,51.49812],[-0.19016,51.49865],[-0.19311,51.50103],[-0.19088,51.50198],[-0.18882,51.50238],[-0.18423,51.50179]]]},"properties":{"WD22NM":"Queen's Gate","LAD22NM":"Kensington and Chelsea"}},{"type":"Feature","geometry":{"type":"Polygon","coordinates":[[[-0.1791,51.4871],[-0.18583,51.48307],[-0.18826,51.48096],[-0.19077,51.48317],[-0.1936,51.48581],[-0.19596,51.48737],[-0.19013,51.48952],[-0.19116,51.49079],[-0.18854,51.49162],[-0.18796,51.49093],[-0.18392,51.49218],[-0.18124,51.48873],[-0.1791,51.4871]]]},"properties":{"WD22NM":"Redcliffe","LAD22NM":"Kensington and Chelsea"}},{"type":"Feature","geometry":{"type":"Polygon","coordinates":[[[-0.15002,51.48546],[-0.16377,51.48364],[-0.16531,51.48617],[-0.16829,51.48485],[-0.17011,51.48696],[-0.16495,51.48899],[-0.16633,51.49082],[-0.1629,51.49288],[-0.16074,51.4937],[-0.16092,51.49442],[-0.15582,51.49473],[-0.15599,51.4945],[-0.15499,51.49385],[-0.15598,51.49322],[-0.15479,51.49196],[-0.1558,51.49145],[-0.15517,51.49005],[-0.15585,51.48961],[-0.15017,51.48609],[-0.15002,51.48546]]]},"properties":{"WD22NM":"Royal Hospital","LAD22NM":"Kensington and Chelsea"}},{"type":"Feature","geometry":{"type":"Polygon","coordinates":[[[-0.21024,51.51774],[-0.21653,51.51591],[-0.22245,51.51541],[-0.22654,51.51958],[-0.22513,51.5202],[-0.21728,51.51895],[-0.21863,51.52126],[-0.21287,51.52231],[-0.21024,51.51774]]]},"properties":{"WD22NM":"St. Helen's","LAD22NM":"Kensington and Chelsea"}},{"type":"Feature","geometry":{"type":"Polygon","coordinates":[[[-0.16633,51.49082],[-0.16495,51.48899],[-0.17011,51.48696],[-0.17664,51.48405],[-0.17736,51.48311],[-0.18652,51.47987],[-0.18826,51.48096],[-0.18583,51.48307],[-0.1791,51.4871],[-0.17165,51.49188],[-0.16966,51.493],[-0.16633,51.49082]]]},"properties":{"WD22NM":"Stanley","LAD22NM":"Kensington and Chelsea"}},{"type":"Feature","geometry":{"type":"Polygon","coordinates":[[[-0.10468,51.50861],[-0.10468,51.50841],[-0.10415,51.50854],[-0.09611,51.50838],[-0.09208,51.50723],[-0.08815,51.50691],[-0.08852,51.50604],[-0.09174,51.50322],[-0.09323,51.50121],[-0.09724,51.49893],[-0.09882,51.49754],[-0.10061,51.5007],[-0.10571,51.50106],[-0.10667,51.50123],[-0.10647,51.50157],[-0.10592,51.50203],[-0.10608,51.50252],[-0.10676,51.50221],[-0.10739,51.50304],[-0.1064,51.50337],[-0.10649,51.50506],[-0.10734,51.50707],[-0.10817,51.50692],[-0.10871,51.50777],[-0.10886,51.50843],[-0.10472,51.50856],[-0.10468,51.50862],[-0.10468,51.50861]]]},"properties":{"WD22NM":"Borough & Bankside","LAD22NM":"Southwark"}},{"type":"Feature","geometry":{"type":"Polygon","coordinates":[[[-0.09031,51.48047],[-0.08826,51.47993],[-0.08648,51.47881],[-0.08701,51.47854],[-0.08593,51.47776],[-0.08577,51.47716],[-0.09059,51.47641],[-0.0904,51.47578],[-0.0923,51.47554],[-0.09175,51.47416],[-0.09054,51.47395],[-0.09001,51.47327],[-0.09301,51.47203],[-0.09363,51.47173],[-0.09414,51.47067],[-0.09598,51.46987],[-0.09883,51.47187],[-0.09936,51.47264],[-0.10065,51.47445],[-0.09997,51.47687],[-0.10357,51.47836],[-0.09987,51.47934],[-0.10038,51.4803],[-0.10196,51.48097],[-0.09567,51.48375],[-0.0942,51.48364],[-0.09452,51.48265],[-0.0944,51.48143],[-0.0938,51.48144],[-0.09397,51.48112],[-0.09337,51.48098],[-0.09338,51.48123],[-0.09153,51.48138],[-0.09161,51.48065],[-0.09064,51.48029],[-0.09031,51.48047]]]},"properties":{"WD22NM":"Camberwell Green","LAD22NM":"Southwark"}},{"type":"Feature","geometry":{"type":"Polygon","coordinates":[[[-0.07405,51.46896],[-0.0766,51.4683],[-0.07802,51.46721],[-0.07858,51.46612],[-0.07882,51.46388],[-0.08276,51.45872],[-0.08568,51.45605],[-0.08771,51.4546],[-0.0889,51.45529],[-0.08981,51.45641],[-0.09073,51.45626],[-0.09027,51.4571],[-0.08937,51.45709],[-0.08779,51.45804],[-0.09062,51.4601],[-0.09154,51.45978],[-0.09225,51.46106],[-0.09066,51.46332],[-0.09006,51.46583],[-0.09115,51.4676],[-0.08652,51.46898],[-0.08267,51.4696],[-0.07405,51.46896]]]},"properties":{"WD22NM":"Champion Hill","LAD22NM":"Southwark"}},{"type":"Feature","geometry":{"type":"Polygon","coordinates":[[[-0.08529,51.49395],[-0.08671,51.49423],[-0.09433,51.49415],[-0.09981,51.49506],[-0.10007,51.49589],[-0.09882,51.49754],[-0.09724,51.49893],[-0.09323,51.50121],[-0.09174,51.50322],[-0.08839,51.50217],[-0.08924,51.50073],[-0.08399,51.49849],[-0.0814,51.49794],[-0.0823,51.49694],[-0.0819,51.49665],[-0.08482,51.49469],[-0.08529,51.49395]]]},"properties":{"WD22NM":"Chaucer","LAD22NM":"Southwark"}},{"type":"Feature","geometry":{"type":"Polygon","coordinates":[[[-0.05757,51.45032],[-0.0618,51.4478],[-0.06306,51.44618],[-0.06372,51.44423],[-0.06592,51.44437],[-0.06561,51.44543],[-0.06721,51.44572],[-0.06852,51.44581],[-0.07054,51.44525],[-0.07121,51.44554],[-0.07548,51.45021],[-0.07279,51.45218],[-0.07206,51.45486],[-0.06942,51.45441],[-0.06601,51.45904],[-0.06278,51.45428],[-0.05757,51.45032]]]},"properties":{"WD22NM":"Dulwich Hill","LAD22NM":"Southwark"}},{"type":"Feature","geometry":{"type":"Polygon","coordinates":[[[-0.08568,51.45605],[-0.08469,51.45571],[-0.08424,51.45596],[-0.08347,51.45494],[-0.08155,51.45397],[-0.07896,51.45349],[-0.07747,51.45351],[-0.07548,51.45021],[-0.07121,51.44554],[-0.07197,51.44495],[-0.07207,51.4435],[-0.07319,51.4436],[-0.07689,51.44264],[-0.08422,51.44189],[-0.08822,51.4409],[-0.0929,51.44108],[-0.09443,51.44324],[-0.09507,51.44541],[-0.09604,51.44673],[-0.09913,51.44897],[-0.09996,51.45027],[-0.10076,51.45034],[-0.10145,51.45221],[-0.10108,51.45393],[-0.09581,51.45742],[-0.09495,51.45879],[-0.09225,51.46106],[-0.09154,51.45978],[-0.09062,51.4601],[-0.08779,51.45804],[-0.08937,51.45709],[-0.09027,51.4571],[-0.09073,51.45626],[-0.08981,51.45641],[-0.0889,51.45529],[-0.08771,51.4546],[-0.08568,51.45605]]]},"properties":{"WD22NM":"Dulwich Village","LAD22NM":"Southwark"}},{"type":"Feature","geometry":{"type":"Polygon","coordinates":[[[-0.06372,51.44423],[-0.06384,51.44253],[-0.065,51.44116],[-0.06403,51.44085],[-0.06343,51.43754],[-0.06439,51.43704],[-0.06581,51.43463],[-0.06668,51.43392],[-0.0695,51.43268],[-0.07219,51.43246],[-0.07284,51.43208],[-0.07502,51.42918],[-0.07392,51.42615],[-0.07494,51.4257],[-0.07829,51.4206],[-0.07922,51.42087],[-0.07891,51.42157],[-0.07983,51.42213],[-0.08088,51.42186],[-0.08173,51.42338],[-0.08346,51.423],[-0.08403,51.42569],[-0.08519,51.4273],[-0.08608,51.42782],[-0.08591,51.4285],[-0.0882,51.42934],[-0.08935,51.43202],[-0.09102,51.43755],[-0.0929,51.44108],[-0.08822,51.4409],[-0.08422,51.44189],[-0.07689,51.44264],[-0.07319,51.4436],[-0.07207,51.4435],[-0.07197,51.44495],[-0.07121,51.44554],[-0.07054,51.44525],[-0.06852,51.44581],[-0.06721,51.44572],[-0.06561,51.44543],[-0.06592,51.44437],[-0.06372,51.44423]]]},"properties":{"WD22NM":"Dulwich Wood","LAD22NM":"Southwark"}},{"type":"Feature","geometry":{"type":"Polygon","coordinates":[[[-0.07795,51.48888],[-0.07546,51.48756],[-0.07615,51.48701],[-0.07659,51.48504],[-0.07779,51.4851],[-0.07794,51.48434],[-0.07593,51.48412],[-0.07584,51.48442],[-0.07409,51.48437],[-0.07395,51.48262],[-0.07404,51.48223],[-0.0756,51.48215],[-0.07578,51.48243],[-0.07571,51.48214],[-0.08379,51.48165],[-0.08555,51.48152],[-0.0855,51.48131],[-0.08762,51.48165],[-0.08749,51.48138],[-0.08872,51.48046],[-0.08921,51.48075],[-0.09031,51.48047],[-0.09064,51.48029],[-0.09161,51.48065],[-0.09153,51.48138],[-0.09338,51.48123],[-0.09337,51.48098],[-0.09397,51.48112],[-0.0938,51.48144],[-0.0944,51.48143],[-0.09452,51.48265],[-0.0942,51.48364],[-0.09567,51.48375],[-0.09599,51.48566],[-0.09312,51.48641],[-0.09331,51.48666],[-0.09277,51.48686],[-0.09318,51.48737],[-0.09137,51.48794],[-0.091,51.4874],[-0.09046,51.48754],[-0.0906,51.48776],[-0.08787,51.48851],[-0.08898,51.48954],[-0.0866,51.48932],[-0.08109,51.49076],[-0.07795,51.48888]]]},"properties":{"WD22NM":"Faraday","LAD22NM":"Southwark"}},{"type":"Feature","geometry":{"type":"Polygon","coordinates":[[[-0.06666,51.46239],[-0.06601,51.45904],[-0.06942,51.45441],[-0.07206,51.45486],[-0.07279,51.45218],[-0.07548,51.45021],[-0.07747,51.45351],[-0.07896,51.45349],[-0.08155,51.45397],[-0.08347,51.45494],[-0.08424,51.45596],[-0.08469,51.45571],[-0.08568,51.45605],[-0.08276,51.45872],[-0.07882,51.46388],[-0.07836,51.4637],[-0.07776,51.46393],[-0.07719,51.46202],[-0.07643,51.46198],[-0.07564,51.46274],[-0.07213,51.46307],[-0.07231,51.46361],[-0.07039,51.46398],[-0.07029,51.46375],[-0.06982,51.46383],[-0.06952,51.46331],[-0.0693,51.46197],[-0.06666,51.46239]]]},"properties":{"WD22NM":"Goose Green","LAD22NM":"Southwark"}},{"type":"Feature","geometry":{"type":"Polygon","coordinates":[[[-0.07612,51.50441],[-0.07749,51.50235],[-0.07012,51.49877],[-0.07058,51.49846],[-0.07283,51.49812],[-0.07394,51.498],[-0.07319,51.49576],[-0.07647,51.49502],[-0.07829,51.49315],[-0.07979,51.49218],[-0.08156,51.49283],[-0.08355,51.49268],[-0.08529,51.49395],[-0.08482,51.49469],[-0.0819,51.49665],[-0.0823,51.49694],[-0.0814,51.49794],[-0.08399,51.49849],[-0.08924,51.50073],[-0.08839,51.50217],[-0.09174,51.50322],[-0.08852,51.50604],[-0.08815,51.50691],[-0.08815,51.50691],[-0.08808,51.50691],[-0.08613,51.50655],[-0.08469,51.50662],[-0.08114,51.50594],[-0.07612,51.50441],[-0.07612,51.50441]]]},"properties":{"WD22NM":"London Bridge & West Bermondsey","LAD22NM":"Southwark"}},{"type":"Feature","geometry":{"type":"Polygon","coordinates":[[[-0.09599,51.48566],[-0.09567,51.48375],[-0.10196,51.48097],[-0.10038,51.4803],[-0.09987,51.47934],[-0.10357,51.47836],[-0.10821,51.48029],[-0.10404,51.4809],[-0.10602,51.4827],[-0.10562,51.48294],[-0.10719,51.48365],[-0.10636,51.4849],[-0.10846,51.48585],[-0.10327,51.49126],[-0.10178,51.4923],[-0.1009,51.49165],[-0.09919,51.49221],[-0.09877,51.49029],[-0.09599,51.48566]]]},"properties":{"WD22NM":"Newington","LAD22NM":"Southwark"}},{"type":"Feature","geometry":{"type":"Polygon","coordinates":[[[-0.05725,51.50085],[-0.05722,51.50073],[-0.05651,51.50058],[-0.05552,51.4994],[-0.05581,51.49892],[-0.0587,51.49881],[-0.0586,51.49838],[-0.05931,51.49833],[-0.05832,51.49509],[-0.05895,51.49479],[-0.0579,51.49432],[-0.05759,51.49447],[-0.05411,51.49175],[-0.05114,51.49163],[-0.05529,51.49016],[-0.07283,51.49812],[-0.07058,51.49846],[-0.07012,51.49877],[-0.07749,51.50235],[-0.07612,51.50441],[-0.07272,51.5036],[-0.07178,51.50308],[-0.07087,51.50257],[-0.07349,51.50049],[-0.07078,51.50221],[-0.06736,51.50123],[-0.06719,51.50144],[-0.06379,51.50063],[-0.05725,51.50085]]]},"properties":{"WD22NM":"North Bermondsey","LAD22NM":"Southwark"}},{"type":"Feature","geometry":{"type":"Polygon","coordinates":[[[-0.08529,51.49395],[-0.08355,51.49268],[-0.08109,51.49076],[-0.0866,51.48932],[-0.08898,51.48954],[-0.08787,51.48851],[-0.0906,51.48776],[-0.09046,51.48754],[-0.091,51.4874],[-0.09137,51.48794],[-0.09318,51.48737],[-0.09277,51.48686],[-0.09331,51.48666],[-0.09312,51.48641],[-0.09599,51.48566],[-0.09877,51.49029],[-0.09919,51.49221],[-0.1009,51.49165],[-0.10178,51.4923],[-0.10037,51.49334],[-0.10066,51.4947],[-0.09981,51.49506],[-0.09433,51.49415],[-0.08671,51.49423],[-0.08529,51.49395]]]},"properties":{"WD22NM":"North Walworth","LAD22NM":"Southwark"}},{"type":"Feature","geometry":{"type":"Polygon","coordinates":[[[-0.05268,51.47801],[-0.05273,51.47293],[-0.05166,51.46975],[-0.05226,51.46921],[-0.05086,51.46758],[-0.0513,51.46737],[-0.05055,51.46679],[-0.05086,51.46664],[-0.04818,51.4659],[-0.04851,51.46563],[-0.04746,51.46512],[-0.04825,51.46514],[-0.0503,51.46611],[-0.0507,51.46597],[-0.04736,51.46126],[-0.05011,51.4595],[-0.05574,51.46276],[-0.05693,51.46248],[-0.05812,51.46271],[-0.06048,51.46432],[-0.05969,51.46443],[-0.06002,51.46507],[-0.05944,51.46535],[-0.05994,51.46691],[-0.06114,51.46909],[-0.06377,51.47011],[-0.06425,51.47161],[-0.06385,51.47401],[-0.06467,51.47398],[-0.06334,51.47611],[-0.06095,51.47667],[-0.05866,51.47744],[-0.05611,51.47737],[-0.05588,51.47767],[-0.05498,51.47743],[-0.05424,51.47858],[-0.05268,51.47801]]]},"properties":{"WD22NM":"Nunhead & Queen's Road","LAD22NM":"Southwark"}},{"type":"Feature","geometry":{"type":"Polygon","coordinates":[[[-0.05396,51.48794],[-0.05282,51.48647],[-0.05292,51.48601],[-0.05353,51.4858],[-0.05307,51.48516],[-0.05279,51.48265],[-0.05424,51.47858],[-0.05498,51.47743],[-0.05588,51.47767],[-0.05611,51.47737],[-0.05866,51.47744],[-0.06095,51.47667],[-0.06302,51.47927],[-0.06884,51.47815],[-0.07103,51.47747],[-0.07303,51.48178],[-0.07293,51.48273],[-0.07395,51.48262],[-0.07409,51.48437],[-0.07584,51.48442],[-0.07593,51.48412],[-0.07794,51.48434],[-0.07779,51.4851],[-0.07659,51.48504],[-0.07615,51.48701],[-0.07546,51.48756],[-0.07795,51.48888],[-0.07624,51.49035],[-0.07479,51.48918],[-0.06843,51.48812],[-0.0657,51.48713],[-0.06159,51.48727],[-0.05834,51.48807],[-0.0578,51.4885],[-0.05568,51.48839],[-0.05396,51.48794]]]},"properties":{"WD22NM":"Old Kent Road","LAD22NM":"Southwark"}},{"type":"Feature","geometry":{"type":"Polygon","coordinates":[[[-0.06095,51.47667],[-0.06334,51.47611],[-0.06467,51.47398],[-0.06784,51.47396],[-0.07072,51.47334],[-0.07511,51.47425],[-0.07741,51.47425],[-0.07853,51.47602],[-0.08097,51.47746],[-0.08075,51.47767],[-0.08252,51.48046],[-0.08406,51.48069],[-0.08379,51.48165],[-0.07571,51.48214],[-0.07578,51.48243],[-0.0756,51.48215],[-0.07404,51.48223],[-0.07395,51.48262],[-0.07293,51.48273],[-0.07303,51.48178],[-0.07103,51.47747],[-0.06884,51.47815],[-0.06302,51.47927],[-0.06095,51.47667]]]},"properties":{"WD22NM":"Peckham","LAD22NM":"Southwark"}},{"type":"Feature","geometry":{"type":"Polygon","coordinates":[[[-0.04746,51.46512],[-0.04597,51.46397],[-0.04521,51.4622],[-0.04522,51.45941],[-0.04613,51.45696],[-0.04461,51.45658],[-0.04162,51.45499],[-0.04613,51.44987],[-0.04906,51.45011],[-0.05376,51.44871],[-0.05754,51.45034],[-0.05757,51.45032],[-0.06278,51.45428],[-0.06601,51.45904],[-0.06666,51.46239],[-0.06361,51.46308],[-0.06048,51.46432],[-0.05812,51.46271],[-0.05693,51.46248],[-0.05574,51.46276],[-0.05011,51.4595],[-0.04736,51.46126],[-0.0507,51.46597],[-0.0503,51.46611],[-0.04825,51.46514],[-0.04746,51.46512]]]},"properties":{"WD22NM":"Peckham Rye","LAD22NM":"Southwark"}},{"type":"Feature","geometry":{"type":"Polygon","coordinates":[[[-0.04053,51.49279],[-0.04005,51.49217],[-0.04103,51.49183],[-0.04032,51.49106],[-0.04248,51.49024],[-0.0422,51.49004],[-0.04447,51.49011],[-0.04473,51.49044],[-0.04599,51.49028],[-0.04654,51.49034],[-0.04654,51.49075],[-0.05144,51.48944],[-0.05193,51.48914],[-0.05008,51.48834],[-0.05052,51.48791],[-0.05529,51.49016],[-0.05114,51.49163],[-0.05411,51.49175],[-0.05759,51.49447],[-0.0579,51.49432],[-0.05895,51.49479],[-0.05832,51.49509],[-0.05931,51.49833],[-0.0586,51.49838],[-0.0587,51.49881],[-0.05581,51.49892],[-0.05552,51.4994],[-0.05651,51.50058],[-0.05722,51.50073],[-0.05725,51.50085],[-0.05124,51.50274],[-0.05072,51.5029],[-0.04878,51.50403],[-0.04917,51.50436],[-0.04876,51.50444],[-0.04876,51.50444],[-0.04828,51.5044],[-0.04804,51.5043],[-0.04758,51.50355],[-0.04517,51.50466],[-0.04303,51.50376],[-0.04233,51.50444],[-0.0418,51.50444],[-0.03924,51.50307],[-0.0397,51.50247],[-0.03853,51.50198],[-0.03951,51.50101],[-0.04039,51.50142],[-0.04111,51.50118],[-0.04286,51.49885],[-0.04472,51.49955],[-0.0461,51.49817],[-0.04575,51.4975],[-0.04591,51.49567],[-0.0453,51.49514],[-0.0443,51.4949],[-0.04547,51.4938],[-0.04492,51.49362],[-0.04416,51.49244],[-0.0433,51.4921],[-0.04053,51.49279]]]},"properties":{"WD22NM":"Rotherhithe","LAD22NM":"Southwark"}},{"type":"Feature","geometry":{"type":"Polygon","coordinates":[[[-0.06467,51.47398],[-0.06385,51.47401],[-0.06425,51.47161],[-0.06377,51.47011],[-0.06114,51.46909],[-0.05994,51.46691],[-0.05944,51.46535],[-0.06002,51.46507],[-0.05969,51.46443],[-0.06048,51.46432],[-0.06361,51.46308],[-0.06666,51.46239],[-0.0693,51.46197],[-0.06952,51.46331],[-0.06982,51.46383],[-0.07029,51.46375],[-0.07039,51.46398],[-0.07231,51.46361],[-0.07213,51.46307],[-0.07564,51.46274],[-0.07643,51.46198],[-0.07719,51.46202],[-0.07776,51.46393],[-0.07836,51.4637],[-0.07882,51.46388],[-0.07858,51.46612],[-0.07802,51.46721],[-0.0766,51.4683],[-0.07405,51.46896],[-0.07367,51.46902],[-0.07431,51.47171],[-0.07539,51.47158],[-0.07585,51.47268],[-0.0777,51.47241],[-0.07835,51.47416],[-0.07741,51.47425],[-0.07511,51.47425],[-0.07072,51.47334],[-0.06784,51.47396],[-0.06467,51.47398]]]},"properties":{"WD22NM":"Rye Lane","LAD22NM":"Southwark"}},{"type":"Feature","geometry":{"type":"Polygon","coordinates":[[[-0.09882,51.49754],[-0.10007,51.49589],[-0.09981,51.49506],[-0.10066,51.4947],[-0.10037,51.49334],[-0.10178,51.4923],[-0.10327,51.49126],[-0.10485,51.49353],[-0.11093,51.49547],[-0.11147,51.49646],[-0.11026,51.49676],[-0.10827,51.50044],[-0.10647,51.50157],[-0.10667,51.50123],[-0.10571,51.50106],[-0.10061,51.5007],[-0.09882,51.49754]]]},"properties":{"WD22NM":"St George's","LAD22NM":"Southwark"}},{"type":"Feature","geometry":{"type":"Polygon","coordinates":[[[-0.07741,51.47425],[-0.07835,51.47416],[-0.0777,51.47241],[-0.07585,51.47268],[-0.07539,51.47158],[-0.07431,51.47171],[-0.07367,51.46902],[-0.07405,51.46896],[-0.08267,51.4696],[-0.08652,51.46898],[-0.09115,51.4676],[-0.09276,51.46987],[-0.09301,51.47203],[-0.09001,51.47327],[-0.09054,51.47395],[-0.09175,51.47416],[-0.0923,51.47554],[-0.0904,51.47578],[-0.09059,51.47641],[-0.08577,51.47716],[-0.08593,51.47776],[-0.08701,51.47854],[-0.08648,51.47881],[-0.08826,51.47993],[-0.09031,51.48047],[-0.08921,51.48075],[-0.08872,51.48046],[-0.08749,51.48138],[-0.08762,51.48165],[-0.0855,51.48131],[-0.08555,51.48152],[-0.08379,51.48165],[-0.08406,51.48069],[-0.08252,51.48046],[-0.08075,51.47767],[-0.08097,51.47746],[-0.07853,51.47602],[-0.07741,51.47425]]]},"properties":{"WD22NM":"St Giles","LAD22NM":"Southwark"}},{"type":"Feature","geometry":{"type":"Polygon","coordinates":[[[-0.05529,51.49016],[-0.05052,51.48791],[-0.0526,51.48756],[-0.05396,51.48794],[-0.05568,51.48839],[-0.0578,51.4885],[-0.05834,51.48807],[-0.06159,51.48727],[-0.0657,51.48713],[-0.06843,51.48812],[-0.07479,51.48918],[-0.07624,51.49035],[-0.07795,51.48888],[-0.08109,51.49076],[-0.08355,51.49268],[-0.08156,51.49283],[-0.07979,51.49218],[-0.07829,51.49315],[-0.07647,51.49502],[-0.07319,51.49576],[-0.07394,51.498],[-0.07283,51.49812],[-0.05529,51.49016]]]},"properties":{"WD22NM":"South Bermondsey","LAD22NM":"Southwark"}},{"type":"Feature","geometry":{"type":"MultiPolygon","coordinates":[[[[-0.04855,51.50452],[-0.04828,51.5044],[-0.04876,51.50444],[-0.04876,51.50444],[-0.04867,51.50449],[-0.04855,51.50452]]],[[[-0.03726,51.50723],[-0.03731,51.50642],[-0.03679,51.50713],[-0.03419,51.5063],[-0.03306,51.50509],[-0.03302,51.50436],[-0.03232,51.50435],[-0.03233,51.50242],[-0.03235,51.50011],[-0.03273,51.50009],[-0.03249,51.49828],[-0.03294,51.49694],[-0.03255,51.49601],[-0.03396,51.49568],[-0.03385,51.49547],[-0.03253,51.49567],[-0.03266,51.4944],[-0.03325,51.49414],[-0.03264,51.49413],[-0.0324,51.49311],[-0.03729,51.49222],[-0.03929,51.49296],[-0.04053,51.49279],[-0.0433,51.4921],[-0.04416,51.49244],[-0.04492,51.49362],[-0.04547,51.4938],[-0.0443,51.4949],[-0.0453,51.49514],[-0.04591,51.49567],[-0.04575,51.4975],[-0.0461,51.49817],[-0.04472,51.49955],[-0.04286,51.49885],[-0.04111,51.50118],[-0.04039,51.50142],[-0.03951,51.50101],[-0.03853,51.50198],[-0.0397,51.50247],[-0.03924,51.50307],[-0.0418,51.50444],[-0.04233,51.50444],[-0.04303,51.50376],[-0.04517,51.50466],[-0.04758,51.50355],[-0.04804,51.5043],[-0.04771,51.50416],[-0.04801,51.50477],[-0.04698,51.50536],[-0.04605,51.50515],[-0.04654,51.50566],[-0.04573,51.50613],[-0.04532,51.50592],[-0.04437,51.50695],[-0.0413,51.50749],[-0.03726,51.50723]]]]},"properties":{"WD22NM":"Surrey Docks","LAD22NM":"Southwark"}},{"type":"Feature","geometry":{"type":"Polygon","coordinates":[[[0.18086,51.47076],[0.18092,51.46926],[0.18037,51.4692],[0.18016,51.46792],[0.17803,51.46797],[0.17788,51.46527],[0.18141,51.46518],[0.18196,51.46422],[0.18234,51.46373],[0.18054,51.46292],[0.17955,51.46185],[0.17927,51.46203],[0.17891,51.4616],[0.17946,51.46135],[0.17682,51.45914],[0.17632,51.45968],[0.17569,51.45976],[0.17378,51.45928],[0.17341,51.45876],[0.17222,51.45921],[0.17081,51.45819],[0.16789,51.45894],[0.16607,51.45903],[0.16553,51.45953],[0.16193,51.46073],[0.16081,51.46051],[0.16052,51.46093],[0.16039,51.4612],[0.15937,51.461],[0.15928,51.46132],[0.15889,51.46124],[0.1583,51.46228],[0.15897,51.46267],[0.1586,51.46322],[0.15795,51.46312],[0.15627,51.46408],[0.15746,51.46487],[0.15611,51.46488],[0.15774,51.46616],[0.15844,51.46828],[0.15739,51.47008],[0.15781,51.47055],[0.16172,51.47119],[0.16201,51.47164],[0.16284,51.47178],[0.16455,51.47187],[0.16456,51.47144],[0.16741,51.47151],[0.16773,51.47308],[0.16869,51.47301],[0.16991,51.47244],[0.17156,51.47241],[0.17394,51.47359],[0.17668,51.47406],[0.17638,51.47278],[0.17791,51.47283],[0.17798,51.47197],[0.17964,51.47196],[0.17957,51.47073],[0.18086,51.47076]]]},"properties":{"WD22NM":"Barnehurst","LAD22NM":"Bexley"}},{"type":"Feature","geometry":{"type":"Polygon","coordinates":[[[0.17198,51.49473],[0.16703,51.49325],[0.16715,51.49364],[0.1664,51.49396],[0.16312,51.49202],[0.16857,51.48735],[0.16785,51.48705],[0.16629,51.48767],[0.16527,51.48711],[0.15745,51.4857],[0.15598,51.48576],[0.15592,51.4861],[0.15283,51.4854],[0.15298,51.4845],[0.1523,51.4844],[0.15374,51.48117],[0.14996,51.4803],[0.14546,51.47977],[0.14315,51.47905],[0.14265,51.47925],[0.14282,51.47961],[0.13964,51.48004],[0.1394,51.48067],[0.13822,51.48055],[0.13778,51.48262],[0.13597,51.48215],[0.13561,51.48267],[0.13467,51.48219],[0.13439,51.48282],[0.13189,51.48198],[0.13044,51.48228],[0.13022,51.48339],[0.12778,51.48381],[0.12678,51.48382],[0.1263,51.48238],[0.12383,51.48249],[0.12204,51.48299],[0.1213,51.49111],[0.1492,51.4921],[0.14973,51.49427],[0.15234,51.49478],[0.15323,51.49627],[0.15315,51.49756],[0.14884,51.49844],[0.15152,51.50168],[0.1493,51.50215],[0.14901,51.50272],[0.15137,51.50632],[0.15284,51.50637],[0.15395,51.50605],[0.16034,51.50548],[0.16449,51.50454],[0.16658,51.50345],[0.17002,51.50006],[0.17087,51.49883],[0.17165,51.49772],[0.17198,51.49473],[0.17198,51.49473]]]},"properties":{"WD22NM":"Belvedere","LAD22NM":"Bexley"}},{"type":"Feature","geometry":{"type":"Polygon","coordinates":[[[0.15739,51.47008],[0.15844,51.46828],[0.15774,51.46616],[0.15611,51.46488],[0.15746,51.46487],[0.15627,51.46408],[0.15795,51.46312],[0.1586,51.46322],[0.15897,51.46267],[0.1583,51.46228],[0.15889,51.46124],[0.15928,51.46132],[0.15937,51.461],[0.16039,51.4612],[0.16052,51.46093],[0.16032,51.45987],[0.1611,51.46009],[0.16188,51.45921],[0.16227,51.45769],[0.16399,51.45732],[0.16541,51.45599],[0.16593,51.45481],[0.16518,51.45389],[0.16478,51.45396],[0.16452,51.45342],[0.16414,51.4534],[0.16372,51.45386],[0.16154,51.45395],[0.15802,51.45461],[0.15763,51.45584],[0.15656,51.4559],[0.15643,51.45506],[0.156,51.45506],[0.15592,51.4546],[0.15495,51.45482],[0.15421,51.45352],[0.15221,51.45382],[0.15214,51.45193],[0.15519,51.4505],[0.15673,51.44889],[0.15692,51.44815],[0.15618,51.44669],[0.15354,51.4477],[0.15067,51.44827],[0.14262,51.44831],[0.13976,51.44849],[0.13251,51.44825],[0.13396,51.44986],[0.13643,51.45148],[0.1364,51.45179],[0.13731,51.45184],[0.13738,51.4528],[0.13695,51.45322],[0.13729,51.45347],[0.13691,51.45361],[0.13672,51.45484],[0.13706,51.45542],[0.13648,51.45545],[0.13671,51.45631],[0.13651,51.45685],[0.13596,51.45692],[0.13627,51.45854],[0.13721,51.45844],[0.13722,51.45981],[0.1376,51.45979],[0.13728,51.46002],[0.13762,51.46016],[0.13638,51.46024],[0.13644,51.46094],[0.13755,51.46085],[0.13842,51.46123],[0.13798,51.46217],[0.1381,51.46358],[0.13877,51.46502],[0.1396,51.46483],[0.13976,51.46513],[0.14029,51.46684],[0.13957,51.46706],[0.14017,51.46703],[0.14107,51.46787],[0.14171,51.46758],[0.1425,51.46818],[0.14282,51.46851],[0.14216,51.46874],[0.14328,51.47015],[0.1447,51.47156],[0.14461,51.47341],[0.14707,51.4737],[0.14727,51.4735],[0.14715,51.47233],[0.14645,51.47227],[0.14619,51.47158],[0.15005,51.47097],[0.15051,51.47049],[0.15133,51.47069],[0.15152,51.4712],[0.15226,51.47085],[0.15322,51.47092],[0.15334,51.47068],[0.15335,51.47092],[0.15421,51.47096],[0.15429,51.47023],[0.15512,51.46996],[0.15556,51.47017],[0.15739,51.47008]]]},"properties":{"WD22NM":"Bexleyheath","LAD22NM":"Bexley"}},{"type":"Feature","geometry":{"type":"Polygon","coordinates":[[[0.1052,51.4517],[0.10468,51.45077],[0.10624,51.45051],[0.10615,51.45018],[0.10521,51.45032],[0.10505,51.44989],[0.10237,51.45024],[0.10192,51.4499],[0.10226,51.44938],[0.10298,51.44923],[0.10242,51.44878],[0.10317,51.44749],[0.10315,51.44702],[0.10205,51.44705],[0.10397,51.44611],[0.10409,51.44561],[0.1031,51.44583],[0.10246,51.44546],[0.10157,51.44409],[0.10266,51.44221],[0.10371,51.44133],[0.10762,51.44206],[0.10717,51.44055],[0.10593,51.44046],[0.10597,51.43978],[0.10489,51.43975],[0.10495,51.4388],[0.10802,51.43971],[0.10987,51.43944],[0.11055,51.4387],[0.11002,51.43763],[0.1089,51.43675],[0.10725,51.43682],[0.10535,51.43643],[0.10525,51.43683],[0.1031,51.4367],[0.10352,51.43558],[0.10333,51.43432],[0.1077,51.43416],[0.10783,51.43393],[0.09982,51.43433],[0.07846,51.43712],[0.07883,51.43814],[0.08085,51.44038],[0.08181,51.43997],[0.08446,51.44198],[0.08299,51.44273],[0.08302,51.44342],[0.08473,51.4426],[0.08631,51.44324],[0.08743,51.44328],[0.08637,51.44531],[0.08741,51.44574],[0.08811,51.44726],[0.08787,51.4487],[0.08686,51.45043],[0.08574,51.45645],[0.1052,51.4517]]]},"properties":{"WD22NM":"Blackfen & Lamorbey","LAD22NM":"Bexley"}},{"type":"Feature","geometry":{"type":"Polygon","coordinates":[[[0.11565,51.4503],[0.12004,51.44931],[0.13251,51.44825],[0.13976,51.44849],[0.14262,51.44831],[0.14283,51.44738],[0.13617,51.44532],[0.13653,51.44516],[0.13529,51.44454],[0.13131,51.44351],[0.13068,51.43862],[0.13156,51.43856],[0.13143,51.43817],[0.13234,51.43782],[0.13104,51.4363],[0.13149,51.43614],[0.12647,51.43542],[0.10783,51.43393],[0.1077,51.43416],[0.10333,51.43432],[0.10352,51.43558],[0.1031,51.4367],[0.10525,51.43683],[0.10535,51.43643],[0.10725,51.43682],[0.1089,51.43675],[0.11002,51.43763],[0.11055,51.4387],[0.10987,51.43944],[0.10802,51.43971],[0.10495,51.4388],[0.10489,51.43975],[0.10597,51.43978],[0.10593,51.44046],[0.10717,51.44055],[0.10762,51.44206],[0.10371,51.44133],[0.10266,51.44221],[0.10157,51.44409],[0.10246,51.44546],[0.1031,51.44583],[0.10409,51.44561],[0.10397,51.44611],[0.10205,51.44705],[0.10315,51.44702],[0.10317,51.44749],[0.10242,51.44878],[0.10298,51.44923],[0.10226,51.44938],[0.10192,51.4499],[0.10237,51.45024],[0.10505,51.44989],[0.10521,51.45032],[0.10615,51.45018],[0.10624,51.45051],[0.10468,51.45077],[0.1052,51.4517],[0.11565,51.4503]]]},"properties":{"WD22NM":"Blendon & Penhill","LAD22NM":"Bexley"}},{"type":"Feature","geometry":{"type":"MultiPolygon","coordinates":[[[[0.19929,51.45842],[0.199,51.45812],[0.19856,51.4583],[0.19929,51.45842]]],[[[0.19469,51.46279],[0.19698,51.46029],[0.19734,51.46056],[0.20025,51.4606],[0.20133,51.45951],[0.20083,51.45843],[0.19907,51.45858],[0.19838,51.45839],[0.19725,51.45759],[0.19756,51.4575],[0.19837,51.45824],[0.19889,51.45799],[0.19802,51.45701],[0.19958,51.45838],[0.20305,51.45795],[0.20324,51.45761],[0.20261,51.45623],[0.20384,51.45598],[0.2034,51.45439],[0.20272,51.45393],[0.20203,51.4541],[0.20139,51.45385],[0.20023,51.4526],[0.19972,51.45271],[0.19914,51.45214],[0.19796,51.45183],[0.19764,51.452],[0.19746,51.45178],[0.19599,51.45178],[0.19589,51.45237],[0.19551,51.45202],[0.19505,51.45214],[0.19495,51.45182],[0.19418,51.45166],[0.19385,51.45195],[0.19302,51.4517],[0.19208,51.45084],[0.19101,51.44879],[0.18885,51.44913],[0.18843,51.44862],[0.18764,51.4487],[0.18746,51.44687],[0.18428,51.44466],[0.18366,51.4448],[0.18108,51.44418],[0.18089,51.44352],[0.17958,51.44312],[0.17873,51.44348],[0.17602,51.44201],[0.17381,51.44298],[0.1728,51.44303],[0.17285,51.44325],[0.1709,51.4412],[0.16783,51.44281],[0.15952,51.44512],[0.15618,51.44669],[0.15692,51.44815],[0.15673,51.44889],[0.15519,51.4505],[0.15214,51.45193],[0.15221,51.45382],[0.15421,51.45352],[0.15495,51.45482],[0.15592,51.4546],[0.156,51.45506],[0.15643,51.45506],[0.15656,51.4559],[0.15763,51.45584],[0.15802,51.45461],[0.16154,51.45395],[0.16372,51.45386],[0.16414,51.4534],[0.16452,51.45342],[0.16478,51.45396],[0.16518,51.45389],[0.16593,51.45481],[0.16541,51.45599],[0.16399,51.45732],[0.16227,51.45769],[0.16188,51.45921],[0.1611,51.46009],[0.16032,51.45987],[0.16052,51.46093],[0.16081,51.46051],[0.16193,51.46073],[0.16553,51.45953],[0.16607,51.45903],[0.16789,51.45894],[0.17081,51.45819],[0.17222,51.45921],[0.17341,51.45876],[0.17378,51.45928],[0.17569,51.45976],[0.17632,51.45968],[0.17682,51.45914],[0.17946,51.46135],[0.17891,51.4616],[0.17927,51.46203],[0.17955,51.46185],[0.18054,51.46292],[0.18234,51.46373],[0.18196,51.46422],[0.19101,51.46405],[0.19269,51.46379],[0.19469,51.46279]]]]},"properties":{"WD22NM":"Crayford","LAD22NM":"Bexley"}},{"type":"Feature","geometry":{"type":"Polygon","coordinates":[[[0.14328,51.47015],[0.14216,51.46874],[0.14282,51.46851],[0.1425,51.46818],[0.14171,51.46758],[0.14107,51.46787],[0.14017,51.46703],[0.13957,51.46706],[0.14029,51.46684],[0.13976,51.46513],[0.1396,51.46483],[0.13877,51.46502],[0.1381,51.46358],[0.13798,51.46217],[0.13842,51.46123],[0.13755,51.46085],[0.13644,51.46094],[0.13638,51.46024],[0.13762,51.46016],[0.13728,51.46002],[0.1376,51.45979],[0.13722,51.45981],[0.13721,51.45844],[0.13627,51.45854],[0.13596,51.45692],[0.13651,51.45685],[0.13671,51.45631],[0.13648,51.45545],[0.13706,51.45542],[0.13672,51.45484],[0.13691,51.45361],[0.13729,51.45347],[0.13695,51.45322],[0.13738,51.4528],[0.13731,51.45184],[0.1364,51.45179],[0.13643,51.45148],[0.13396,51.44986],[0.13251,51.44825],[0.12004,51.44931],[0.11565,51.4503],[0.11602,51.4505],[0.11903,51.45023],[0.11918,51.45073],[0.12125,51.4509],[0.12161,51.4512],[0.12225,51.45097],[0.12288,51.45187],[0.12288,51.45552],[0.12209,51.45625],[0.12121,51.45646],[0.12189,51.45655],[0.12242,51.45922],[0.12381,51.45946],[0.12393,51.46034],[0.12332,51.46048],[0.12424,51.46216],[0.1222,51.4628],[0.1226,51.46393],[0.12344,51.46635],[0.1203,51.46653],[0.12036,51.46701],[0.11712,51.46732],[0.11723,51.46771],[0.11774,51.46766],[0.11814,51.46976],[0.12016,51.46957],[0.12023,51.47026],[0.12074,51.47026],[0.12068,51.46953],[0.12386,51.46901],[0.1237,51.4685],[0.12473,51.4684],[0.12534,51.46874],[0.12909,51.4684],[0.12967,51.47066],[0.13095,51.4707],[0.1309,51.47027],[0.13305,51.47027],[0.13411,51.46996],[0.13601,51.47187],[0.13662,51.47197],[0.13736,51.47169],[0.13787,51.47203],[0.13838,51.47179],[0.13899,51.472],[0.14089,51.47067],[0.14328,51.47015]]]},"properties":{"WD22NM":"Crook Log","LAD22NM":"Bexley"}},{"type":"Feature","geometry":{"type":"Polygon","coordinates":[[[0.11248,51.47342],[0.11532,51.47249],[0.11764,51.47229],[0.11887,51.47249],[0.11883,51.47139],[0.12002,51.47125],[0.12023,51.47026],[0.12016,51.46957],[0.11814,51.46976],[0.11774,51.46766],[0.11723,51.46771],[0.11712,51.46732],[0.12036,51.46701],[0.1203,51.46653],[0.12344,51.46635],[0.1226,51.46393],[0.11255,51.46417],[0.1051,51.46491],[0.102,51.46486],[0.09886,51.46424],[0.08835,51.46071],[0.08294,51.45983],[0.08226,51.46113],[0.08263,51.46361],[0.08214,51.46476],[0.08231,51.46664],[0.08324,51.46648],[0.08481,51.46873],[0.08705,51.46997],[0.08912,51.47045],[0.09133,51.47208],[0.0932,51.47295],[0.09449,51.47327],[0.09658,51.47326],[0.09825,51.47545],[0.10026,51.47523],[0.10201,51.47446],[0.10251,51.47492],[0.10335,51.47459],[0.1049,51.47553],[0.1052,51.47524],[0.10565,51.47546],[0.10618,51.47502],[0.10819,51.47612],[0.11199,51.47307],[0.11248,51.47342]]]},"properties":{"WD22NM":"East Wickham","LAD22NM":"Bexley"}},{"type":"Feature","geometry":{"type":"Polygon","coordinates":[[[0.1866,51.48043],[0.18658,51.48039],[0.18619,51.47881],[0.18377,51.47929],[0.18295,51.47889],[0.18231,51.478],[0.18213,51.47626],[0.18151,51.47623],[0.18086,51.47076],[0.17957,51.47073],[0.17964,51.47196],[0.17798,51.47197],[0.17791,51.47283],[0.17638,51.47278],[0.17668,51.47406],[0.17493,51.47688],[0.17552,51.47704],[0.17531,51.47779],[0.17218,51.47658],[0.17204,51.47676],[0.17061,51.47649],[0.16962,51.47685],[0.16846,51.47834],[0.16793,51.47817],[0.16861,51.47725],[0.16823,51.47692],[0.16693,51.47653],[0.16679,51.47674],[0.16571,51.47669],[0.16585,51.47711],[0.16417,51.4773],[0.16426,51.47768],[0.16129,51.47826],[0.16183,51.47909],[0.16155,51.47921],[0.16118,51.47888],[0.15955,51.47947],[0.15817,51.47961],[0.15893,51.4808],[0.1589,51.48169],[0.15763,51.4815],[0.1574,51.47981],[0.15492,51.47945],[0.15421,51.47943],[0.15399,51.47972],[0.15374,51.48117],[0.1523,51.4844],[0.15298,51.4845],[0.15283,51.4854],[0.15592,51.4861],[0.15598,51.48576],[0.15745,51.4857],[0.16527,51.48711],[0.16629,51.48767],[0.16785,51.48705],[0.16857,51.48735],[0.16312,51.49202],[0.1664,51.49396],[0.16715,51.49364],[0.16703,51.49325],[0.17198,51.49473],[0.17198,51.49469],[0.1725,51.48883],[0.17353,51.48736],[0.17413,51.48678],[0.17454,51.48693],[0.17529,51.4861],[0.17489,51.48597],[0.17518,51.48526],[0.17607,51.48525],[0.17809,51.48354],[0.17763,51.48318],[0.17787,51.48302],[0.17834,51.48338],[0.18332,51.48115],[0.1866,51.48043]]]},"properties":{"WD22NM":"Erith","LAD22NM":"Bexley"}},{"type":"Feature","geometry":{"type":"Polygon","coordinates":[[[0.1226,51.46393],[0.1222,51.4628],[0.12424,51.46216],[0.12332,51.46048],[0.12393,51.46034],[0.12381,51.45946],[0.12242,51.45922],[0.12189,51.45655],[0.12121,51.45646],[0.12209,51.45625],[0.12288,51.45552],[0.12288,51.45187],[0.12225,51.45097],[0.12161,51.4512],[0.12125,51.4509],[0.11918,51.45073],[0.11903,51.45023],[0.11602,51.4505],[0.11565,51.4503],[0.1052,51.4517],[0.08574,51.45645],[0.08141,51.45779],[0.07885,51.45915],[0.08294,51.45983],[0.08835,51.46071],[0.09886,51.46424],[0.102,51.46486],[0.1051,51.46491],[0.11255,51.46417],[0.1226,51.46393]]]},"properties":{"WD22NM":"Falconwood & Welling","LAD22NM":"Bexley"}},{"type":"Feature","geometry":{"type":"Polygon","coordinates":[[[0.09982,51.43433],[0.09975,51.43342],[0.10138,51.4335],[0.10155,51.43291],[0.1021,51.43291],[0.10195,51.43182],[0.10122,51.4314],[0.10171,51.43043],[0.10115,51.43042],[0.10044,51.42807],[0.09881,51.42816],[0.09889,51.42686],[0.09912,51.42645],[0.09968,51.42647],[0.09967,51.42589],[0.09926,51.42592],[0.09899,51.42533],[0.10006,51.42539],[0.10026,51.42518],[0.1004,51.42372],[0.09987,51.42371],[0.09893,51.42193],[0.09599,51.42226],[0.09574,51.42045],[0.09513,51.42008],[0.08922,51.42399],[0.08321,51.42987],[0.08117,51.43064],[0.07537,51.43199],[0.07467,51.43215],[0.0761,51.43328],[0.07569,51.43362],[0.0764,51.43401],[0.07591,51.43446],[0.07652,51.43485],[0.07498,51.43587],[0.07658,51.43687],[0.07784,51.43644],[0.07846,51.43712],[0.09982,51.43433]]]},"properties":{"WD22NM":"Longlands","LAD22NM":"Bexley"}},{"type":"Feature","geometry":{"type":"Polygon","coordinates":[[[0.17668,51.47406],[0.17394,51.47359],[0.17156,51.47241],[0.16991,51.47244],[0.16869,51.47301],[0.16773,51.47308],[0.16741,51.47151],[0.16456,51.47144],[0.16455,51.47187],[0.16284,51.47178],[0.16201,51.47164],[0.16172,51.47119],[0.15781,51.47055],[0.15739,51.47008],[0.15556,51.47017],[0.15512,51.46996],[0.15429,51.47023],[0.15421,51.47096],[0.15335,51.47092],[0.15334,51.47068],[0.15322,51.47092],[0.15226,51.47085],[0.15152,51.4712],[0.15133,51.47069],[0.15051,51.47049],[0.15005,51.47097],[0.14619,51.47158],[0.14645,51.47227],[0.14715,51.47233],[0.14727,51.4735],[0.14707,51.4737],[0.14461,51.47341],[0.1437,51.47582],[0.14468,51.47622],[0.14448,51.47643],[0.14498,51.47671],[0.14397,51.47828],[0.14445,51.47853],[0.14315,51.47905],[0.14546,51.47977],[0.14996,51.4803],[0.15374,51.48117],[0.15399,51.47972],[0.15421,51.47943],[0.15492,51.47945],[0.1574,51.47981],[0.15763,51.4815],[0.1589,51.48169],[0.15893,51.4808],[0.15817,51.47961],[0.15955,51.47947],[0.16118,51.47888],[0.16155,51.47921],[0.16183,51.47909],[0.16129,51.47826],[0.16426,51.47768],[0.16417,51.4773],[0.16585,51.47711],[0.16571,51.47669],[0.16679,51.47674],[0.16693,51.47653],[0.16823,51.47692],[0.16861,51.47725],[0.16793,51.47817],[0.16846,51.47834],[0.16962,51.47685],[0.17061,51.47649],[0.17204,51.47676],[0.17218,51.47658],[0.17531,51.47779],[0.17552,51.47704],[0.17493,51.47688],[0.17668,51.47406]]]},"properties":{"WD22NM":"Northumberland Heath","LAD22NM":"Bexley"}},{"type":"Feature","geometry":{"type":"Polygon","coordinates":[[[0.15618,51.44669],[0.15952,51.44512],[0.16783,51.44281],[0.1709,51.4412],[0.16871,51.43748],[0.16669,51.43505],[0.16685,51.43207],[0.1661,51.43143],[0.16669,51.4313],[0.16621,51.43028],[0.16559,51.43035],[0.16422,51.42855],[0.16383,51.42861],[0.16392,51.42893],[0.1607,51.42967],[0.15984,51.4292],[0.15909,51.43022],[0.15863,51.43013],[0.15588,51.43088],[0.1553,51.42898],[0.15376,51.42752],[0.15313,51.42232],[0.15285,51.4217],[0.15116,51.42043],[0.15464,51.41847],[0.15409,51.41776],[0.15106,51.41762],[0.15115,51.41506],[0.14916,51.41244],[0.14975,51.41166],[0.15377,51.41127],[0.15293,51.40871],[0.1516,51.40868],[0.14931,51.40914],[0.14899,51.40862],[0.14887,51.40843],[0.13921,51.41159],[0.13284,51.41425],[0.12827,51.41496],[0.12652,51.41467],[0.12665,51.41508],[0.1236,51.41616],[0.12252,51.41684],[0.12325,51.41716],[0.12403,51.4169],[0.12503,51.41839],[0.12413,51.4188],[0.12488,51.41981],[0.1222,51.42073],[0.12102,51.41937],[0.1204,51.41941],[0.12055,51.41965],[0.11987,51.41993],[0.12129,51.4211],[0.12201,51.42094],[0.12233,51.42139],[0.12082,51.42177],[0.118,51.42352],[0.11977,51.42501],[0.11964,51.42557],[0.11801,51.42581],[0.11683,51.42546],[0.12121,51.42914],[0.12451,51.42772],[0.12727,51.43024],[0.13148,51.42947],[0.13283,51.43278],[0.13496,51.43419],[0.13149,51.43614],[0.13104,51.4363],[0.13234,51.43782],[0.13143,51.43817],[0.13156,51.43856],[0.13068,51.43862],[0.13131,51.44351],[0.13529,51.44454],[0.13653,51.44516],[0.13617,51.44532],[0.14283,51.44738],[0.14262,51.44831],[0.15067,51.44827],[0.15354,51.4477],[0.15618,51.44669]]]},"properties":{"WD22NM":"St Mary's & St James","LAD22NM":"Bexley"}},{"type":"Feature","geometry":{"type":"Polygon","coordinates":[[[0.12652,51.41467],[0.12543,51.41478],[0.11992,51.4134],[0.11312,51.41291],[0.1076,51.41409],[0.10449,51.41522],[0.09513,51.42008],[0.09574,51.42045],[0.09599,51.42226],[0.09893,51.42193],[0.09987,51.42371],[0.1004,51.42372],[0.10026,51.42518],[0.10006,51.42539],[0.09899,51.42533],[0.09926,51.42592],[0.09967,51.42589],[0.09968,51.42647],[0.09912,51.42645],[0.09889,51.42686],[0.09881,51.42816],[0.10044,51.42807],[0.10115,51.43042],[0.10171,51.43043],[0.10122,51.4314],[0.10195,51.43182],[0.1021,51.43291],[0.10155,51.43291],[0.10138,51.4335],[0.09975,51.43342],[0.09982,51.43433],[0.10783,51.43393],[0.12647,51.43542],[0.13149,51.43614],[0.13496,51.43419],[0.13283,51.43278],[0.13148,51.42947],[0.12727,51.43024],[0.12451,51.42772],[0.12121,51.42914],[0.11683,51.42546],[0.11801,51.42581],[0.11964,51.42557],[0.11977,51.42501],[0.118,51.42352],[0.12082,51.42177],[0.12233,51.42139],[0.12201,51.42094],[0.12129,51.4211],[0.11987,51.41993],[0.12055,51.41965],[0.1204,51.41941],[0.12102,51.41937],[0.1222,51.42073],[0.12488,51.41981],[0.12413,51.4188],[0.12503,51.41839],[0.12403,51.4169],[0.12325,51.41716],[0.12252,51.41684],[0.1236,51.41616],[0.12665,51.41508],[0.12652,51.41467]]]},"properties":{"WD22NM":"Sidcup","LAD22NM":"Bexley"}},{"type":"Feature","geometry":{"type":"MultiPolygon","coordinates":[[[[0.2018,51.48003],[0.20205,51.47902],[0.20104,51.47883],[0.2001,51.47842],[0.19869,51.47833],[0.20013,51.47891],[0.20052,51.47975],[0.20112,51.47952],[0.20063,51.47981],[0.2013,51.48016],[0.2018,51.48003]]],[[[0.21168,51.48271],[0.21767,51.48041],[0.21672,51.48017],[0.21599,51.47949],[0.21642,51.47747],[0.21624,51.47809],[0.21627,51.47747],[0.21566,51.47686],[0.2119,51.47583],[0.21127,51.47528],[0.21136,51.47323],[0.20886,51.47175],[0.20816,51.47084],[0.21101,51.46843],[0.21095,51.46735],[0.20998,51.46557],[0.21024,51.4625],[0.2075,51.4616],[0.20444,51.45998],[0.20261,51.45835],[0.20085,51.45843],[0.20083,51.45843],[0.20133,51.45951],[0.20025,51.4606],[0.19734,51.46056],[0.19698,51.46029],[0.19469,51.46279],[0.19269,51.46379],[0.19101,51.46405],[0.18196,51.46422],[0.18141,51.46518],[0.17788,51.46527],[0.17803,51.46797],[0.18016,51.46792],[0.18037,51.4692],[0.18092,51.46926],[0.18086,51.47076],[0.18151,51.47623],[0.18213,51.47626],[0.18231,51.478],[0.18295,51.47889],[0.18377,51.47929],[0.18619,51.47881],[0.18658,51.48039],[0.1866,51.48043],[0.18661,51.48043],[0.19031,51.47973],[0.19045,51.47903],[0.19085,51.47975],[0.19272,51.47977],[0.19302,51.47938],[0.19381,51.47932],[0.19551,51.47968],[0.19596,51.47946],[0.19728,51.47965],[0.19751,51.47947],[0.19708,51.47926],[0.19857,51.47968],[0.19894,51.47943],[0.19828,51.47932],[0.19786,51.47879],[0.1978,51.4788],[0.19744,51.47844],[0.19892,51.47926],[0.19929,51.48009],[0.20058,51.48007],[0.20012,51.47895],[0.19917,51.47862],[0.19937,51.47892],[0.19859,51.4783],[0.19965,51.47832],[0.20009,51.47838],[0.20064,51.47853],[0.20104,51.4788],[0.20215,51.47899],[0.20186,51.48019],[0.20322,51.48035],[0.20209,51.48028],[0.20226,51.4806],[0.20479,51.48084],[0.20286,51.4796],[0.20507,51.48089],[0.20555,51.48045],[0.20631,51.48072],[0.20635,51.48128],[0.20922,51.48182],[0.20961,51.48164],[0.21035,51.48248],[0.21168,51.48271]]]]},"properties":{"WD22NM":"Slade Green & Northend","LAD22NM":"Bexley"}},{"type":"Feature","geometry":{"type":"Polygon","coordinates":[[[0.15137,51.50632],[0.14901,51.50272],[0.1493,51.50215],[0.15152,51.50168],[0.14884,51.49844],[0.15315,51.49756],[0.15323,51.49627],[0.15234,51.49478],[0.14973,51.49427],[0.1492,51.4921],[0.1213,51.49111],[0.12098,51.5008],[0.12053,51.51109],[0.12021,51.51145],[0.12022,51.51145],[0.12505,51.51299],[0.12894,51.51322],[0.13222,51.51227],[0.13726,51.51001],[0.13746,51.51021],[0.14686,51.50667],[0.14792,51.50682],[0.148,51.50645],[0.14854,51.50645],[0.14945,51.50587],[0.14979,51.50586],[0.14991,51.5064],[0.15132,51.50631],[0.15137,51.50632]]]},"properties":{"WD22NM":"Thamesmead East","LAD22NM":"Bexley"}},{"type":"Feature","geometry":{"type":"Polygon","coordinates":[[[0.14315,51.47905],[0.14445,51.47853],[0.14397,51.47828],[0.14498,51.47671],[0.14448,51.47643],[0.14468,51.47622],[0.1437,51.47582],[0.14461,51.47341],[0.1447,51.47156],[0.14328,51.47015],[0.14089,51.47067],[0.13899,51.472],[0.13838,51.47179],[0.13787,51.47203],[0.13736,51.47169],[0.13662,51.47197],[0.13601,51.47187],[0.13411,51.46996],[0.13305,51.47027],[0.1309,51.47027],[0.13095,51.4707],[0.12967,51.47066],[0.12909,51.4684],[0.12534,51.46874],[0.12473,51.4684],[0.1237,51.4685],[0.12386,51.46901],[0.12068,51.46953],[0.12074,51.47026],[0.12023,51.47026],[0.12002,51.47125],[0.11883,51.47139],[0.11887,51.47249],[0.11764,51.47229],[0.11532,51.47249],[0.11248,51.47342],[0.11401,51.47517],[0.11554,51.4762],[0.11847,51.4789],[0.1209,51.47845],[0.12419,51.47685],[0.12204,51.48299],[0.12383,51.48249],[0.1263,51.48238],[0.12678,51.48382],[0.12778,51.48381],[0.13022,51.48339],[0.13044,51.48228],[0.13189,51.48198],[0.13439,51.48282],[0.13467,51.48219],[0.13561,51.48267],[0.13597,51.48215],[0.13778,51.48262],[0.13822,51.48055],[0.1394,51.48067],[0.13964,51.48004],[0.14282,51.47961],[0.14265,51.47925],[0.14315,51.47905]]]},"properties":{"WD22NM":"West Heath","LAD22NM":"Bexley"}},{"type":"Feature","geometry":{"type":"Polygon","coordinates":[[[0.14194,51.59656],[0.1376,51.59389],[0.12958,51.59005],[0.13102,51.58752],[0.12639,51.58673],[0.12726,51.58393],[0.12766,51.58388],[0.12808,51.58286],[0.12776,51.58164],[0.11754,51.58237],[0.11351,51.5825],[0.10944,51.58205],[0.10578,51.58107],[0.09694,51.5767],[0.09416,51.57574],[0.08407,51.5736],[0.07938,51.57426],[0.07454,51.5751],[0.07525,51.57663],[0.07474,51.5767],[0.07489,51.57705],[0.07518,51.57736],[0.07562,51.57722],[0.07744,51.57899],[0.07694,51.57918],[0.07717,51.57945],[0.07799,51.5796],[0.07816,51.58016],[0.07886,51.5799],[0.07964,51.58044],[0.0808,51.58026],[0.08215,51.5825],[0.07943,51.5835],[0.08001,51.58416],[0.07823,51.58494],[0.0795,51.5862],[0.08054,51.58709],[0.08083,51.58805],[0.08377,51.58796],[0.08482,51.58762],[0.08558,51.58693],[0.08881,51.58666],[0.09104,51.59543],[0.10952,51.60066],[0.11437,51.6021],[0.12911,51.60848],[0.13253,51.60584],[0.13652,51.60382],[0.14194,51.59656]]]},"properties":{"WD22NM":"Aldborough","LAD22NM":"Redbridge"}},{"type":"Feature","geometry":{"type":"Polygon","coordinates":[[[0.0795,51.5862],[0.07823,51.58494],[0.08001,51.58416],[0.07943,51.5835],[0.08215,51.5825],[0.0808,51.58026],[0.07964,51.58044],[0.07886,51.5799],[0.07816,51.58016],[0.07799,51.5796],[0.07717,51.57945],[0.07694,51.57918],[0.07744,51.57899],[0.07562,51.57722],[0.07518,51.57736],[0.07489,51.57705],[0.07474,51.5767],[0.07525,51.57663],[0.07454,51.5751],[0.06751,51.57631],[0.062,51.57662],[0.05705,51.57644],[0.05687,51.57784],[0.0552,51.58049],[0.07011,51.58748],[0.0732,51.58891],[0.07585,51.58789],[0.07557,51.58753],[0.07594,51.58734],[0.0795,51.5862]]]},"properties":{"WD22NM":"Barkingside","LAD22NM":"Redbridge"}},{"type":"Feature","geometry":{"type":"Polygon","coordinates":[[[0.05371,51.61828],[0.05439,51.6176],[0.05421,51.61672],[0.05343,51.61634],[0.052,51.61681],[0.05018,51.61639],[0.04848,51.61498],[0.04809,51.61332],[0.04892,51.61357],[0.05263,51.61202],[0.0607,51.60828],[0.06255,51.60708],[0.063,51.60691],[0.06401,51.60722],[0.06597,51.60632],[0.07282,51.60469],[0.07214,51.60296],[0.07339,51.6025],[0.07395,51.6026],[0.07479,51.60068],[0.07632,51.59969],[0.07652,51.59841],[0.07762,51.59796],[0.07741,51.59692],[0.07621,51.59711],[0.07418,51.59746],[0.0741,51.59726],[0.06669,51.59861],[0.06578,51.59907],[0.05657,51.60107],[0.05624,51.60109],[0.05389,51.5984],[0.04668,51.59979],[0.04556,51.59976],[0.04272,51.59923],[0.04223,51.59961],[0.04376,51.60049],[0.04359,51.60103],[0.04305,51.60072],[0.04224,51.60115],[0.03223,51.60362],[0.03509,51.60854],[0.04079,51.61573],[0.04371,51.61694],[0.04786,51.61741],[0.0531,51.61842],[0.05371,51.61828]]]},"properties":{"WD22NM":"Bridge","LAD22NM":"Redbridge"}},{"type":"Feature","geometry":{"type":"Polygon","coordinates":[[[0.12776,51.58164],[0.13256,51.58131],[0.13356,51.57995],[0.13082,51.57937],[0.13164,51.57709],[0.12919,51.57631],[0.12945,51.57395],[0.1301,51.57306],[0.13091,51.57334],[0.13158,51.57183],[0.12991,51.57154],[0.13003,51.57073],[0.13042,51.57067],[0.13046,51.57028],[0.12966,51.56811],[0.11925,51.56665],[0.11913,51.56843],[0.11904,51.56928],[0.12022,51.57061],[0.11926,51.57179],[0.11855,51.57237],[0.11693,51.57292],[0.11671,51.57333],[0.11328,51.57412],[0.1142,51.57678],[0.11554,51.57896],[0.11613,51.57883],[0.11663,51.57995],[0.11538,51.58022],[0.11651,51.58071],[0.11754,51.58237],[0.12776,51.58164]]]},"properties":{"WD22NM":"Chadwell","LAD22NM":"Redbridge"}},{"type":"Feature","geometry":{"type":"Polygon","coordinates":[[[0.03223,51.60362],[0.04224,51.60115],[0.04305,51.60072],[0.04359,51.60103],[0.04376,51.60049],[0.04223,51.59961],[0.04272,51.59923],[0.04556,51.59976],[0.04188,51.59749],[0.03919,51.59492],[0.03757,51.59418],[0.03763,51.59392],[0.03515,51.59396],[0.03144,51.5954],[0.02615,51.59636],[0.02393,51.59632],[0.01733,51.59528],[0.01255,51.59536],[0.01293,51.59906],[0.01641,51.60394],[0.01915,51.60779],[0.01958,51.60761],[0.02007,51.6074],[0.02098,51.60863],[0.02193,51.60834],[0.02391,51.60756],[0.02667,51.6051],[0.03223,51.60362]]]},"properties":{"WD22NM":"Churchfields","LAD22NM":"Redbridge"}},{"type":"Feature","geometry":{"type":"Polygon","coordinates":[[[0.07011,51.58748],[0.0552,51.58049],[0.05687,51.57784],[0.05705,51.57644],[0.04428,51.57594],[0.04054,51.5814],[0.0399,51.58419],[0.0398,51.58777],[0.03724,51.59185],[0.03776,51.59249],[0.0378,51.59366],[0.04561,51.59154],[0.04886,51.5901],[0.04954,51.59055],[0.05013,51.59026],[0.05288,51.59144],[0.06325,51.59112],[0.07011,51.58748]]]},"properties":{"WD22NM":"Clayhall","LAD22NM":"Redbridge"}},{"type":"Feature","geometry":{"type":"Polygon","coordinates":[[[0.08547,51.559],[0.08602,51.55586],[0.08869,51.55124],[0.08621,51.55069],[0.08214,51.54977],[0.08163,51.55067],[0.08231,51.55083],[0.08214,51.55115],[0.07519,51.54959],[0.07309,51.55369],[0.07141,51.55577],[0.07144,51.55645],[0.08079,51.55983],[0.08188,51.56],[0.08224,51.5592],[0.08547,51.559]]]},"properties":{"WD22NM":"Clementswood","LAD22NM":"Redbridge"}},{"type":"Feature","geometry":{"type":"Polygon","coordinates":[[[0.06751,51.57631],[0.06936,51.57497],[0.06828,51.57421],[0.06633,51.57462],[0.06578,51.5735],[0.06639,51.57331],[0.06547,51.57214],[0.06654,51.57141],[0.06657,51.57067],[0.06706,51.57085],[0.06728,51.57064],[0.06823,51.56926],[0.0645,51.56797],[0.06475,51.56763],[0.06316,51.56654],[0.06271,51.56672],[0.06224,51.56605],[0.06182,51.56624],[0.05815,51.56299],[0.05691,51.56254],[0.04982,51.57075],[0.04565,51.57432],[0.04428,51.57594],[0.05705,51.57644],[0.062,51.57662],[0.06751,51.57631]]]},"properties":{"WD22NM":"Cranbrook","LAD22NM":"Redbridge"}},{"type":"Feature","geometry":{"type":"Polygon","coordinates":[[[0.10952,51.60066],[0.09104,51.59543],[0.08881,51.58666],[0.08558,51.58693],[0.08482,51.58762],[0.08377,51.58796],[0.08083,51.58805],[0.08198,51.59011],[0.08525,51.5937],[0.07481,51.59558],[0.07499,51.59585],[0.07553,51.59573],[0.07621,51.59711],[0.07741,51.59692],[0.07762,51.59796],[0.07652,51.59841],[0.07632,51.59969],[0.07479,51.60068],[0.07395,51.6026],[0.07339,51.6025],[0.07214,51.60296],[0.07282,51.60469],[0.07917,51.60705],[0.08448,51.60636],[0.08715,51.60447],[0.08892,51.60485],[0.08893,51.60518],[0.08963,51.60552],[0.09258,51.6062],[0.09171,51.60748],[0.09187,51.60821],[0.09265,51.60948],[0.09372,51.60975],[0.09424,51.61065],[0.09469,51.61075],[0.09509,51.60886],[0.09363,51.60402],[0.1051,51.60665],[0.10527,51.60636],[0.10491,51.60628],[0.10594,51.60451],[0.10638,51.60461],[0.10952,51.60066]]]},"properties":{"WD22NM":"Fairlop","LAD22NM":"Redbridge"}},{"type":"Feature","geometry":{"type":"Polygon","coordinates":[[[0.07621,51.59711],[0.07553,51.59573],[0.07499,51.59585],[0.07481,51.59558],[0.08525,51.5937],[0.08198,51.59011],[0.08083,51.58805],[0.08054,51.58709],[0.0795,51.5862],[0.07594,51.58734],[0.07557,51.58753],[0.07585,51.58789],[0.0732,51.58891],[0.07011,51.58748],[0.06325,51.59112],[0.05288,51.59144],[0.05013,51.59026],[0.04954,51.59055],[0.04886,51.5901],[0.04561,51.59154],[0.0378,51.59366],[0.03763,51.59392],[0.03757,51.59418],[0.03919,51.59492],[0.04188,51.59749],[0.04556,51.59976],[0.04668,51.59979],[0.05389,51.5984],[0.05624,51.60109],[0.05657,51.60107],[0.06578,51.59907],[0.06669,51.59861],[0.0741,51.59726],[0.07418,51.59746],[0.07621,51.59711]]]},"properties":{"WD22NM":"Fullwell","LAD22NM":"Redbridge"}},{"type":"Feature","geometry":{"type":"Polygon","coordinates":[[[0.12966,51.56811],[0.12932,51.56653],[0.12768,51.56616],[0.12503,51.56434],[0.11905,51.56305],[0.11888,51.56273],[0.11974,51.56251],[0.11749,51.55918],[0.12049,51.55857],[0.1189,51.55737],[0.11709,51.55742],[0.11708,51.55691],[0.11327,51.55727],[0.11274,51.55653],[0.11475,51.55532],[0.11236,51.55351],[0.11195,51.55267],[0.11114,51.55248],[0.10842,51.5527],[0.10832,51.55216],[0.10746,51.552],[0.10867,51.55456],[0.10782,51.55635],[0.10937,51.55815],[0.10955,51.56077],[0.09847,51.55856],[0.09927,51.56094],[0.09374,51.55982],[0.09157,51.56246],[0.09209,51.56258],[0.0918,51.56292],[0.0914,51.56286],[0.0919,51.56342],[0.09542,51.56381],[0.0976,51.56402],[0.11913,51.56843],[0.11925,51.56665],[0.12966,51.56811]]]},"properties":{"WD22NM":"Goodmayes","LAD22NM":"Redbridge"}},{"type":"Feature","geometry":{"type":"Polygon","coordinates":[[[0.14821,51.59897],[0.1466,51.59944],[0.14194,51.59656],[0.13652,51.60382],[0.13253,51.60584],[0.12911,51.60848],[0.11437,51.6021],[0.10952,51.60066],[0.10638,51.60461],[0.10594,51.60451],[0.10491,51.60628],[0.10527,51.60636],[0.1051,51.60665],[0.09363,51.60402],[0.09509,51.60886],[0.09469,51.61075],[0.09364,51.61248],[0.09228,51.61357],[0.09807,51.61542],[0.10017,51.61272],[0.10341,51.61345],[0.10384,51.61255],[0.10963,51.61396],[0.11672,51.61692],[0.11861,51.61537],[0.11931,51.61537],[0.1242,51.61751],[0.1261,51.61964],[0.12888,51.6207],[0.12919,51.62144],[0.13581,51.62355],[0.13818,51.62355],[0.1445,51.61668],[0.1455,51.61456],[0.1475,51.61235],[0.14871,51.60868],[0.14861,51.60449],[0.14951,51.60291],[0.14821,51.59897]]]},"properties":{"WD22NM":"Hainault","LAD22NM":"Redbridge"}},{"type":"Feature","geometry":{"type":"MultiPolygon","coordinates":[[[[0.0658,51.55677],[0.06499,51.55641],[0.06362,51.55731],[0.06328,51.55759],[0.06412,51.55779],[0.0658,51.55677],[0.0658,51.55677]]],[[[0.0833,51.56481],[0.08413,51.56447],[0.0863,51.56499],[0.0866,51.56536],[0.08807,51.56548],[0.09044,51.56507],[0.09023,51.56468],[0.09109,51.56447],[0.09106,51.56333],[0.0919,51.56342],[0.0914,51.56286],[0.0918,51.56292],[0.09209,51.56258],[0.09157,51.56246],[0.09374,51.55982],[0.09037,51.55893],[0.08547,51.559],[0.08224,51.5592],[0.08188,51.56],[0.08079,51.55983],[0.07144,51.55645],[0.06985,51.5573],[0.06866,51.55714],[0.06754,51.55753],[0.06595,51.55683],[0.06595,51.55683],[0.06428,51.55783],[0.07029,51.55922],[0.06902,51.56151],[0.07182,51.56252],[0.0724,51.56182],[0.07651,51.56344],[0.0806,51.56537],[0.08135,51.56654],[0.08373,51.56609],[0.0833,51.56481]]]]},"properties":{"WD22NM":"Ilford Town","LAD22NM":"Redbridge"}},{"type":"Feature","geometry":{"type":"MultiPolygon","coordinates":[[[[0.06758,51.55466],[0.06833,51.55143],[0.06925,51.55029],[0.06872,51.54902],[0.06942,51.54633],[0.06934,51.54415],[0.06835,51.54439],[0.06874,51.54754],[0.06782,51.55306],[0.06697,51.55303],[0.06661,51.55473],[0.06499,51.55641],[0.0658,51.55677],[0.06587,51.55672],[0.06758,51.55466]]],[[[0.06754,51.55753],[0.06866,51.55714],[0.06985,51.5573],[0.07144,51.55645],[0.07141,51.55577],[0.07309,51.55369],[0.07519,51.54959],[0.08214,51.55115],[0.08231,51.55083],[0.08163,51.55067],[0.08214,51.54977],[0.08621,51.55069],[0.0867,51.54931],[0.08752,51.54949],[0.0885,51.54774],[0.08589,51.54734],[0.08166,51.54558],[0.08151,51.54517],[0.08007,51.54477],[0.07796,51.54405],[0.07749,51.54457],[0.07703,51.54438],[0.07681,51.54458],[0.07555,51.54401],[0.07196,51.54381],[0.07181,51.54356],[0.06971,51.54407],[0.06967,51.54645],[0.06898,51.54898],[0.06946,51.55038],[0.06861,51.55138],[0.06798,51.5543],[0.06601,51.55679],[0.06595,51.55683],[0.06754,51.55753]]]]},"properties":{"WD22NM":"Loxford","LAD22NM":"Redbridge"}},{"type":"Feature","geometry":{"type":"Polygon","coordinates":[[[0.10746,51.552],[0.10613,51.55094],[0.10432,51.54984],[0.09977,51.54843],[0.09352,51.54586],[0.09227,51.54864],[0.0926,51.54965],[0.0917,51.54911],[0.09154,51.5483],[0.0885,51.54774],[0.08752,51.54949],[0.0867,51.54931],[0.08621,51.55069],[0.08869,51.55124],[0.08602,51.55586],[0.08547,51.559],[0.09037,51.55893],[0.09374,51.55982],[0.09927,51.56094],[0.09847,51.55856],[0.10955,51.56077],[0.10937,51.55815],[0.10782,51.55635],[0.10867,51.55456],[0.10746,51.552]]]},"properties":{"WD22NM":"Mayfield","LAD22NM":"Redbridge"}},{"type":"Feature","geometry":{"type":"Polygon","coordinates":[[[0.02181,51.62883],[0.02459,51.62752],[0.02683,51.62591],[0.02908,51.62511],[0.02896,51.62467],[0.03073,51.62364],[0.03052,51.62329],[0.03147,51.6231],[0.03278,51.62224],[0.03748,51.61833],[0.03755,51.6179],[0.04021,51.61641],[0.04001,51.6161],[0.04079,51.61573],[0.03509,51.60854],[0.03223,51.60362],[0.02667,51.6051],[0.02391,51.60756],[0.02193,51.60834],[0.02098,51.60863],[0.02007,51.6074],[0.01958,51.60761],[0.01927,51.60824],[0.0214,51.61114],[0.02126,51.61227],[0.01628,51.61685],[0.00871,51.61907],[0.01453,51.6189],[0.01474,51.61975],[0.01434,51.6203],[0.01584,51.62091],[0.01622,51.62178],[0.01706,51.62198],[0.01705,51.62234],[0.01759,51.62231],[0.01849,51.6228],[0.01886,51.62324],[0.01849,51.62354],[0.01908,51.62368],[0.01861,51.62416],[0.01903,51.62429],[0.02009,51.62643],[0.01994,51.62701],[0.02058,51.62734],[0.02099,51.62891],[0.02181,51.62883]]]},"properties":{"WD22NM":"Monkhams","LAD22NM":"Redbridge"}},{"type":"Feature","geometry":{"type":"Polygon","coordinates":[[[0.09542,51.56381],[0.0919,51.56342],[0.09106,51.56333],[0.09109,51.56447],[0.09023,51.56468],[0.09044,51.56507],[0.08807,51.56548],[0.0866,51.56536],[0.0863,51.56499],[0.08413,51.56447],[0.0833,51.56481],[0.08373,51.56609],[0.08135,51.56654],[0.08152,51.56882],[0.07681,51.57128],[0.07938,51.57426],[0.08407,51.5736],[0.09416,51.57574],[0.09694,51.5767],[0.10578,51.58107],[0.10944,51.58205],[0.10836,51.58121],[0.10648,51.57836],[0.10733,51.57459],[0.10584,51.57346],[0.10561,51.57242],[0.09882,51.57279],[0.09894,51.57133],[0.09637,51.57148],[0.09647,51.57105],[0.09574,51.57111],[0.09551,51.57016],[0.09611,51.57015],[0.09577,51.5694],[0.09404,51.56572],[0.093,51.56559],[0.09293,51.56495],[0.09521,51.56438],[0.09542,51.56381]]]},"properties":{"WD22NM":"Newbury","LAD22NM":"Redbridge"}},{"type":"Feature","geometry":{"type":"Polygon","coordinates":[[[0.11754,51.58237],[0.11651,51.58071],[0.11538,51.58022],[0.11663,51.57995],[0.11613,51.57883],[0.11554,51.57896],[0.1142,51.57678],[0.11328,51.57412],[0.11671,51.57333],[0.11693,51.57292],[0.11855,51.57237],[0.11926,51.57179],[0.12022,51.57061],[0.11904,51.56928],[0.11913,51.56843],[0.0976,51.56402],[0.09542,51.56381],[0.09521,51.56438],[0.09293,51.56495],[0.093,51.56559],[0.09404,51.56572],[0.09577,51.5694],[0.09611,51.57015],[0.09551,51.57016],[0.09574,51.57111],[0.09647,51.57105],[0.09637,51.57148],[0.09894,51.57133],[0.09882,51.57279],[0.10561,51.57242],[0.10584,51.57346],[0.10733,51.57459],[0.10648,51.57836],[0.10836,51.58121],[0.10944,51.58205],[0.11351,51.5825],[0.11754,51.58237]]]},"properties":{"WD22NM":"Seven Kings","LAD22NM":"Redbridge"}},{"type":"Feature","geometry":{"type":"Polygon","coordinates":[[[0.03763,51.59392],[0.0378,51.59366],[0.03776,51.59249],[0.03724,51.59185],[0.0398,51.58777],[0.0399,51.58419],[0.03918,51.58427],[0.03915,51.58463],[0.03725,51.58484],[0.0359,51.58565],[0.03468,51.58594],[0.03369,51.58555],[0.03392,51.58518],[0.03081,51.58429],[0.03118,51.58382],[0.02997,51.58349],[0.02915,51.58471],[0.02606,51.58526],[0.02629,51.58555],[0.02568,51.58551],[0.02494,51.58446],[0.02408,51.58462],[0.02451,51.58531],[0.02363,51.58517],[0.0234,51.58548],[0.02088,51.58552],[0.02074,51.58514],[0.01967,51.58512],[0.01981,51.5855],[0.01838,51.58567],[0.01834,51.58526],[0.01738,51.58529],[0.0175,51.58603],[0.01652,51.58611],[0.01421,51.58699],[0.01295,51.58696],[0.01212,51.59215],[0.01255,51.59536],[0.01733,51.59528],[0.02393,51.59632],[0.02615,51.59636],[0.03144,51.5954],[0.03515,51.59396],[0.03763,51.59392]]]},"properties":{"WD22NM":"South Woodford","LAD22NM":"Redbridge"}},{"type":"Feature","geometry":{"type":"MultiPolygon","coordinates":[[[[0.06412,51.55779],[0.06328,51.55759],[0.06257,51.55807],[0.06272,51.55808],[0.06407,51.55782],[0.06412,51.55779]]],[[[0.07938,51.57426],[0.07681,51.57128],[0.08152,51.56882],[0.08135,51.56654],[0.0806,51.56537],[0.07651,51.56344],[0.0724,51.56182],[0.07182,51.56252],[0.06902,51.56151],[0.07029,51.55922],[0.06428,51.55783],[0.06422,51.55786],[0.06326,51.55825],[0.06258,51.5582],[0.0624,51.55818],[0.05927,51.56025],[0.05691,51.56254],[0.05815,51.56299],[0.06182,51.56624],[0.06224,51.56605],[0.06271,51.56672],[0.06316,51.56654],[0.06475,51.56763],[0.0645,51.56797],[0.06823,51.56926],[0.06728,51.57064],[0.06706,51.57085],[0.06657,51.57067],[0.06654,51.57141],[0.06547,51.57214],[0.06639,51.57331],[0.06578,51.5735],[0.06633,51.57462],[0.06828,51.57421],[0.06936,51.57497],[0.06751,51.57631],[0.07454,51.5751],[0.07938,51.57426]]]]},"properties":{"WD22NM":"Valentines","LAD22NM":"Redbridge"}},{"type":"Feature","geometry":{"type":"Polygon","coordinates":[[[0.04428,51.57594],[0.04565,51.57432],[0.04982,51.57075],[0.05691,51.56254],[0.05927,51.56025],[0.0624,51.55818],[0.06193,51.55812],[0.06095,51.55848],[0.05806,51.56075],[0.0574,51.56085],[0.06073,51.55842],[0.06188,51.558],[0.06257,51.55807],[0.06328,51.55759],[0.06362,51.55731],[0.06008,51.55647],[0.0583,51.55785],[0.05715,51.55811],[0.0569,51.55872],[0.05636,51.55858],[0.05573,51.55934],[0.05449,51.55965],[0.05412,51.56086],[0.05153,51.5622],[0.05035,51.56399],[0.04196,51.56145],[0.04288,51.55837],[0.04437,51.5576],[0.04633,51.55481],[0.03543,51.55525],[0.0322,51.55458],[0.02537,51.55406],[0.0253,51.55555],[0.02379,51.55553],[0.02332,51.55683],[0.0226,51.5567],[0.0225,51.55617],[0.02037,51.55627],[0.01716,51.5588],[0.0161,51.55929],[0.01478,51.55944],[0.01422,51.56133],[0.01427,51.56351],[0.01446,51.5656],[0.01754,51.56564],[0.01885,51.56631],[0.01902,51.56702],[0.01769,51.57],[0.01827,51.57013],[0.01916,51.56985],[0.02519,51.56972],[0.02733,51.57081],[0.03176,51.57142],[0.02878,51.57408],[0.028,51.57564],[0.02908,51.57607],[0.03608,51.5773],[0.04056,51.57608],[0.04428,51.57594]]]},"properties":{"WD22NM":"Wanstead Park","LAD22NM":"Redbridge"}},{"type":"Feature","geometry":{"type":"Polygon","coordinates":[[[0.0399,51.58419],[0.04054,51.5814],[0.04428,51.57594],[0.04056,51.57608],[0.03608,51.5773],[0.02908,51.57607],[0.028,51.57564],[0.02878,51.57408],[0.03176,51.57142],[0.02733,51.57081],[0.02519,51.56972],[0.01916,51.56985],[0.01891,51.57235],[0.01804,51.57202],[0.0175,51.57259],[0.01649,51.57289],[0.01741,51.57441],[0.01744,51.57746],[0.01526,51.58171],[0.01569,51.58186],[0.01527,51.58251],[0.01553,51.58338],[0.01493,51.5834],[0.0134,51.58379],[0.01295,51.58696],[0.01421,51.58699],[0.01652,51.58611],[0.0175,51.58603],[0.01738,51.58529],[0.01834,51.58526],[0.01838,51.58567],[0.01981,51.5855],[0.01967,51.58512],[0.02074,51.58514],[0.02088,51.58552],[0.0234,51.58548],[0.02363,51.58517],[0.02451,51.58531],[0.02408,51.58462],[0.02494,51.58446],[0.02568,51.58551],[0.02629,51.58555],[0.02606,51.58526],[0.02915,51.58471],[0.02997,51.58349],[0.03118,51.58382],[0.03081,51.58429],[0.03392,51.58518],[0.03369,51.58555],[0.03468,51.58594],[0.0359,51.58565],[0.03725,51.58484],[0.03915,51.58463],[0.03918,51.58427],[0.0399,51.58419]]]},"properties":{"WD22NM":"Wanstead Village","LAD22NM":"Redbridge"}},{"type":"Feature","geometry":{"type":"Polygon","coordinates":[[[-0.05999,51.37634],[-0.06377,51.37556],[-0.06875,51.37434],[-0.07156,51.37418],[-0.0733,51.37426],[-0.07482,51.37486],[-0.07695,51.37511],[-0.08091,51.37511],[-0.08083,51.37579],[-0.08017,51.37577],[-0.07998,51.37898],[-0.08198,51.37938],[-0.08148,51.38008],[-0.07771,51.38269],[-0.07443,51.3841],[-0.07126,51.385],[-0.07083,51.38453],[-0.06454,51.38746],[-0.06292,51.38584],[-0.06222,51.38633],[-0.05735,51.38455],[-0.05767,51.38405],[-0.05736,51.38365],[-0.05795,51.38342],[-0.05743,51.3822],[-0.0592,51.38144],[-0.06043,51.38233],[-0.06147,51.38157],[-0.06344,51.38201],[-0.06255,51.37984],[-0.05999,51.37634]]]},"properties":{"WD22NM":"Addiscombe East","LAD22NM":"Croydon"}},{"type":"Feature","geometry":{"type":"Polygon","coordinates":[[[-0.07126,51.385],[-0.07443,51.3841],[-0.07771,51.38269],[-0.08148,51.38008],[-0.08198,51.37938],[-0.07998,51.37898],[-0.08017,51.37577],[-0.08083,51.37579],[-0.08091,51.37511],[-0.08205,51.37345],[-0.08325,51.37289],[-0.09282,51.37206],[-0.09226,51.37761],[-0.09055,51.38112],[-0.08731,51.38486],[-0.08468,51.38689],[-0.08415,51.38656],[-0.07953,51.3894],[-0.07904,51.38912],[-0.08077,51.38793],[-0.07975,51.38718],[-0.07926,51.38727],[-0.07793,51.3863],[-0.07355,51.38701],[-0.07247,51.38593],[-0.07161,51.38573],[-0.07126,51.385]]]},"properties":{"WD22NM":"Addiscombe West","LAD22NM":"Croydon"}},{"type":"Feature","geometry":{"type":"Polygon","coordinates":[[[-0.09311,51.39504],[-0.09313,51.39498],[-0.09368,51.39403],[-0.09559,51.39353],[-0.10394,51.38893],[-0.10711,51.39028],[-0.1072,51.39136],[-0.1107,51.39473],[-0.10842,51.3958],[-0.10976,51.39595],[-0.11224,51.39568],[-0.11315,51.39704],[-0.11525,51.3962],[-0.11859,51.4019],[-0.11376,51.4029],[-0.10994,51.40531],[-0.0982,51.39724],[-0.09311,51.39504]]]},"properties":{"WD22NM":"Bensham Manor","LAD22NM":"Croydon"}},{"type":"Feature","geometry":{"type":"Polygon","coordinates":[[[-0.10539,51.38792],[-0.10502,51.38672],[-0.10537,51.3852],[-0.10424,51.38387],[-0.0985,51.38276],[-0.10028,51.38151],[-0.10272,51.3781],[-0.10372,51.37919],[-0.10521,51.37852],[-0.10424,51.37809],[-0.10777,51.37774],[-0.10838,51.37754],[-0.108,51.37709],[-0.11064,51.37709],[-0.11366,51.37606],[-0.11528,51.37715],[-0.11578,51.37803],[-0.11896,51.37823],[-0.11816,51.37737],[-0.12075,51.37648],[-0.12669,51.37706],[-0.12805,51.3805],[-0.13027,51.38222],[-0.12863,51.38249],[-0.12951,51.38529],[-0.12874,51.38565],[-0.13063,51.38627],[-0.12947,51.38718],[-0.13323,51.38955],[-0.13261,51.39013],[-0.12107,51.38538],[-0.11567,51.38568],[-0.1111,51.38721],[-0.11067,51.38647],[-0.10539,51.38792]]]},"properties":{"WD22NM":"Broad Green","LAD22NM":"Croydon"}},{"type":"Feature","geometry":{"type":"Polygon","coordinates":[[[-0.12827,51.32227],[-0.12979,51.32086],[-0.13056,51.32083],[-0.13023,51.31948],[-0.12877,51.3176],[-0.13048,51.31714],[-0.12961,51.31652],[-0.12926,51.31504],[-0.1305,51.31453],[-0.1315,51.31474],[-0.13271,51.31634],[-0.13329,51.3165],[-0.13603,51.31566],[-0.1362,51.31356],[-0.13886,51.31116],[-0.14111,51.30715],[-0.14074,51.30714],[-0.14092,51.3066],[-0.14235,51.30649],[-0.14167,51.3039],[-0.14219,51.30398],[-0.14209,51.30288],[-0.14262,51.30289],[-0.14267,51.30222],[-0.14356,51.30126],[-0.14442,51.30054],[-0.14485,51.30071],[-0.14563,51.29983],[-0.14845,51.3007],[-0.1495,51.3007],[-0.14981,51.3002],[-0.15102,51.30072],[-0.15336,51.30168],[-0.15532,51.30127],[-0.15668,51.30359],[-0.15774,51.30443],[-0.15502,51.30579],[-0.15451,51.30645],[-0.15642,51.30645],[-0.15716,51.30671],[-0.15432,51.31032],[-0.15623,51.31042],[-0.15833,51.31099],[-0.15717,51.31339],[-0.15931,51.31596],[-0.15958,51.3171],[-0.16048,51.31687],[-0.16118,51.31752],[-0.16188,51.31963],[-0.15654,51.32151],[-0.15271,51.323],[-0.15206,51.32227],[-0.15057,51.32217],[-0.14901,51.32279],[-0.14793,51.32268],[-0.14556,51.3235],[-0.14425,51.32591],[-0.14443,51.32648],[-0.1493,51.32876],[-0.14404,51.33067],[-0.13888,51.33256],[-0.13819,51.33117],[-0.13489,51.32942],[-0.12992,51.32814],[-0.12979,51.32688],[-0.13046,51.32649],[-0.12858,51.32564],[-0.12965,51.32467],[-0.12827,51.32227]]]},"properties":{"WD22NM":"Coulsdon Town","LAD22NM":"Croydon"}},{"type":"Feature","geometry":{"type":"Polygon","coordinates":[[[-0.07856,51.41988],[-0.08106,51.41731],[-0.08074,51.41602],[-0.08039,51.41554],[-0.0765,51.41444],[-0.07515,51.41354],[-0.07273,51.41269],[-0.07352,51.41047],[-0.07283,51.40848],[-0.07838,51.40586],[-0.07928,51.40626],[-0.08213,51.4049],[-0.08535,51.40714],[-0.08852,51.4061],[-0.08879,51.40655],[-0.08954,51.40641],[-0.08935,51.40738],[-0.08981,51.40817],[-0.09424,51.40974],[-0.09473,51.4096],[-0.09439,51.41003],[-0.09523,51.41011],[-0.09559,51.41034],[-0.09434,51.41109],[-0.09894,51.41332],[-0.09984,51.41304],[-0.10074,51.41313],[-0.10174,51.4141],[-0.10111,51.41628],[-0.1004,51.41633],[-0.10024,51.4168],[-0.10211,51.41709],[-0.10244,51.41788],[-0.10375,51.41805],[-0.10352,51.41876],[-0.10652,51.41939],[-0.10596,51.42259],[-0.09685,51.42268],[-0.09486,51.42282],[-0.0927,51.42255],[-0.08834,51.42001],[-0.08628,51.41928],[-0.08322,51.41974],[-0.07856,51.41988]]]},"properties":{"WD22NM":"Crystal Palace & Upper Norwood","LAD22NM":"Croydon"}},{"type":"Feature","geometry":{"type":"Polygon","coordinates":[[[-0.09055,51.38112],[-0.09226,51.37761],[-0.09282,51.37206],[-0.09302,51.36672],[-0.09896,51.36768],[-0.09886,51.36451],[-0.10304,51.36828],[-0.10475,51.36925],[-0.10661,51.37136],[-0.10694,51.37226],[-0.10671,51.3751],[-0.108,51.37709],[-0.10838,51.37754],[-0.10777,51.37774],[-0.10424,51.37809],[-0.10521,51.37852],[-0.10372,51.37919],[-0.10272,51.3781],[-0.10028,51.38151],[-0.0985,51.38276],[-0.09055,51.38112]]]},"properties":{"WD22NM":"Fairfield","LAD22NM":"Croydon"}},{"type":"Feature","geometry":{"type":"Polygon","coordinates":[[[-0.10282,51.3288],[-0.10119,51.32795],[-0.10119,51.32741],[-0.09957,51.32756],[-0.09868,51.32727],[-0.09488,51.32551],[-0.09469,51.32505],[-0.09375,51.32464],[-0.09272,51.32487],[-0.08893,51.32306],[-0.08593,51.31958],[-0.08224,51.31695],[-0.08366,51.31665],[-0.08359,51.31638],[-0.0848,51.31587],[-0.08189,51.31261],[-0.08193,51.31065],[-0.08658,51.30886],[-0.0884,51.3076],[-0.08883,51.30722],[-0.08873,51.3051],[-0.08971,51.30397],[-0.09072,51.30395],[-0.09117,51.30339],[-0.09088,51.30318],[-0.09117,51.30147],[-0.09439,51.30061],[-0.09603,51.30152],[-0.09738,51.30111],[-0.09724,51.3003],[-0.1018,51.30329],[-0.10257,51.30469],[-0.10218,51.3057],[-0.10385,51.30731],[-0.10726,51.30677],[-0.10925,51.30795],[-0.10717,51.30908],[-0.1122,51.31236],[-0.11263,51.31356],[-0.11399,51.31478],[-0.11454,51.31517],[-0.11524,51.31482],[-0.11657,51.31593],[-0.11717,51.31709],[-0.11686,51.31851],[-0.11721,51.31941],[-0.12027,51.32382],[-0.12154,51.32565],[-0.12085,51.32589],[-0.12187,51.32751],[-0.1177,51.32875],[-0.11546,51.3268],[-0.11391,51.32745],[-0.1136,51.32712],[-0.11257,51.32743],[-0.11209,51.32698],[-0.11089,51.32741],[-0.10987,51.32835],[-0.10877,51.32882],[-0.10911,51.32912],[-0.10842,51.32952],[-0.10847,51.33007],[-0.1055,51.3277],[-0.10282,51.3288]]]},"properties":{"WD22NM":"Kenley","LAD22NM":"Croydon"}},{"type":"Feature","geometry":{"type":"Polygon","coordinates":[[[-0.00531,51.35258],[-0.00656,51.35327],[-0.00917,51.35356],[-0.00851,51.35223],[-0.01028,51.35068],[-0.01072,51.34812],[-0.01332,51.34842],[-0.01579,51.34832],[-0.01813,51.34785],[-0.02056,51.34692],[-0.02164,51.34708],[-0.02233,51.34803],[-0.02504,51.35234],[-0.02856,51.3544],[-0.03056,51.3556],[-0.02948,51.35634],[-0.02638,51.35795],[-0.02526,51.35721],[-0.01826,51.36125],[-0.01562,51.35887],[-0.0131,51.35721],[-0.01186,51.35728],[-0.00866,51.35583],[-0.00531,51.35258]]]},"properties":{"WD22NM":"New Addington North","LAD22NM":"Croydon"}},{"type":"Feature","geometry":{"type":"Polygon","coordinates":[[[-0.00531,51.35258],[-0.0046,51.34956],[-0.00289,51.34552],[0.00087,51.33359],[0.0023,51.33249],[0.00331,51.33216],[0.00292,51.33034],[0.00221,51.32977],[0.00229,51.32914],[-0.0005,51.32878],[-0.00168,51.33031],[-0.00721,51.33339],[-0.00712,51.3337],[-0.00914,51.33391],[-0.01087,51.33363],[-0.01251,51.33451],[-0.01225,51.33507],[-0.01157,51.33527],[-0.0118,51.33543],[-0.01334,51.33497],[-0.01479,51.3359],[-0.01496,51.33611],[-0.01424,51.33659],[-0.01557,51.33661],[-0.01682,51.3376],[-0.01675,51.3379],[-0.01746,51.3381],[-0.01859,51.33954],[-0.02083,51.34092],[-0.02025,51.34148],[-0.02222,51.34148],[-0.02245,51.34266],[-0.02851,51.34775],[-0.02619,51.34744],[-0.02233,51.34803],[-0.02164,51.34708],[-0.02056,51.34692],[-0.01813,51.34785],[-0.01579,51.34832],[-0.01332,51.34842],[-0.01072,51.34812],[-0.01028,51.35068],[-0.00851,51.35223],[-0.00917,51.35356],[-0.00656,51.35327],[-0.00531,51.35258]]]},"properties":{"WD22NM":"New Addington South","LAD22NM":"Croydon"}},{"type":"Feature","geometry":{"type":"Polygon","coordinates":[[[-0.10999,51.40535],[-0.10994,51.40531],[-0.11376,51.4029],[-0.11859,51.4019],[-0.12184,51.40071],[-0.12539,51.39882],[-0.12796,51.4017],[-0.13048,51.40328],[-0.13151,51.40493],[-0.13245,51.40841],[-0.13193,51.40846],[-0.13206,51.40917],[-0.13129,51.40922],[-0.13126,51.4095],[-0.12945,51.40957],[-0.12845,51.41101],[-0.12817,51.41094],[-0.12772,51.41232],[-0.12683,51.4127],[-0.12082,51.41095],[-0.11551,51.40875],[-0.10999,51.40535]]]},"properties":{"WD22NM":"Norbury & Pollards Hill","LAD22NM":"Croydon"}},{"type":"Feature","geometry":{"type":"Polygon","coordinates":[[[-0.10596,51.42259],[-0.10652,51.41939],[-0.10352,51.41876],[-0.10375,51.41805],[-0.10244,51.41788],[-0.10211,51.41709],[-0.10024,51.4168],[-0.1004,51.41633],[-0.10111,51.41628],[-0.10174,51.4141],[-0.10074,51.41313],[-0.09984,51.41304],[-0.09894,51.41332],[-0.09434,51.41109],[-0.09559,51.41034],[-0.09523,51.41011],[-0.09945,51.4082],[-0.10532,51.40747],[-0.10999,51.40535],[-0.11551,51.40875],[-0.12082,51.41095],[-0.12683,51.4127],[-0.12624,51.41293],[-0.12577,51.41263],[-0.12445,51.41337],[-0.12408,51.4146],[-0.12249,51.41503],[-0.11981,51.4188],[-0.11559,51.42063],[-0.11262,51.42324],[-0.10926,51.42318],[-0.10596,51.42259]]]},"properties":{"WD22NM":"Norbury Park","LAD22NM":"Croydon"}},{"type":"Feature","geometry":{"type":"Polygon","coordinates":[[[-0.09724,51.3003],[-0.09578,51.2996],[-0.09432,51.29935],[-0.10114,51.29629],[-0.103,51.29586],[-0.11105,51.29225],[-0.11482,51.29243],[-0.11459,51.29153],[-0.11512,51.29146],[-0.11573,51.29073],[-0.11698,51.28937],[-0.11778,51.28709],[-0.12429,51.28676],[-0.12606,51.28838],[-0.12628,51.28953],[-0.13053,51.29312],[-0.13146,51.29471],[-0.13111,51.29547],[-0.13443,51.29838],[-0.13633,51.29827],[-0.13731,51.30078],[-0.14096,51.29956],[-0.14283,51.29998],[-0.14356,51.30126],[-0.14267,51.30222],[-0.14262,51.30289],[-0.14209,51.30288],[-0.14219,51.30398],[-0.14167,51.3039],[-0.14235,51.30649],[-0.14092,51.3066],[-0.14074,51.30714],[-0.14111,51.30715],[-0.13886,51.31116],[-0.1362,51.31356],[-0.13603,51.31566],[-0.13329,51.3165],[-0.13271,51.31634],[-0.1315,51.31474],[-0.1305,51.31453],[-0.12926,51.31504],[-0.12961,51.31652],[-0.13048,51.31714],[-0.12877,51.3176],[-0.13023,51.31948],[-0.13056,51.32083],[-0.12979,51.32086],[-0.12827,51.32227],[-0.12812,51.32119],[-0.12561,51.32108],[-0.1241,51.3218],[-0.12113,51.32241],[-0.12069,51.3228],[-0.1207,51.3237],[-0.12027,51.32382],[-0.11721,51.31941],[-0.11686,51.31851],[-0.11717,51.31709],[-0.11657,51.31593],[-0.11524,51.31482],[-0.11454,51.31517],[-0.11399,51.31478],[-0.11263,51.31356],[-0.1122,51.31236],[-0.10717,51.30908],[-0.10925,51.30795],[-0.10726,51.30677],[-0.10385,51.30731],[-0.10218,51.3057],[-0.10257,51.30469],[-0.1018,51.30329],[-0.09724,51.3003]]]},"properties":{"WD22NM":"Old Coulsdon","LAD22NM":"Croydon"}},{"type":"Feature","geometry":{"type":"Polygon","coordinates":[[[-0.06886,51.36274],[-0.07288,51.363],[-0.07876,51.364],[-0.08279,51.36425],[-0.09302,51.36672],[-0.09282,51.37206],[-0.08325,51.37289],[-0.08205,51.37345],[-0.08091,51.37511],[-0.07695,51.37511],[-0.07482,51.37486],[-0.0733,51.37426],[-0.07156,51.37418],[-0.06875,51.37434],[-0.06377,51.37556],[-0.06346,51.3726],[-0.06416,51.37258],[-0.06413,51.37191],[-0.06464,51.37186],[-0.06447,51.37126],[-0.06619,51.37111],[-0.0657,51.36942],[-0.06773,51.36892],[-0.067,51.36815],[-0.06891,51.36762],[-0.06839,51.36594],[-0.06734,51.36623],[-0.06661,51.36557],[-0.06851,51.36421],[-0.06758,51.36335],[-0.06886,51.36274]]]},"properties":{"WD22NM":"Park Hill & Whitgift","LAD22NM":"Croydon"}},{"type":"Feature","geometry":{"type":"Polygon","coordinates":[[[-0.11729,51.34568],[-0.11718,51.34504],[-0.11403,51.34571],[-0.11128,51.34626],[-0.11087,51.34528],[-0.11126,51.34442],[-0.11387,51.34218],[-0.11239,51.3411],[-0.11408,51.34023],[-0.11269,51.33935],[-0.11241,51.33875],[-0.11127,51.33849],[-0.11111,51.33772],[-0.10834,51.33804],[-0.10632,51.33731],[-0.1066,51.33721],[-0.10507,51.33431],[-0.10469,51.33237],[-0.10252,51.32981],[-0.10152,51.32923],[-0.10282,51.3288],[-0.1055,51.3277],[-0.10847,51.33007],[-0.10842,51.32952],[-0.10911,51.32912],[-0.10877,51.32882],[-0.10987,51.32835],[-0.11089,51.32741],[-0.11209,51.32698],[-0.11257,51.32743],[-0.1136,51.32712],[-0.11391,51.32745],[-0.11546,51.3268],[-0.1177,51.32875],[-0.12187,51.32751],[-0.12085,51.32589],[-0.12154,51.32565],[-0.12027,51.32382],[-0.1207,51.3237],[-0.12069,51.3228],[-0.12113,51.32241],[-0.1241,51.3218],[-0.12561,51.32108],[-0.12812,51.32119],[-0.12827,51.32227],[-0.12965,51.32467],[-0.12858,51.32564],[-0.13046,51.32649],[-0.12979,51.32688],[-0.12992,51.32814],[-0.13489,51.32942],[-0.13819,51.33117],[-0.13888,51.33256],[-0.14404,51.33067],[-0.14515,51.33154],[-0.14559,51.33243],[-0.14752,51.33878],[-0.1445,51.3395],[-0.14428,51.34022],[-0.14344,51.34056],[-0.14457,51.34209],[-0.14419,51.34229],[-0.14153,51.34341],[-0.13671,51.34476],[-0.13633,51.34479],[-0.13624,51.34441],[-0.13249,51.3443],[-0.13287,51.34544],[-0.1311,51.34547],[-0.13141,51.34602],[-0.12897,51.34659],[-0.12884,51.34727],[-0.12835,51.34745],[-0.12753,51.34744],[-0.12732,51.34719],[-0.12683,51.34486],[-0.1259,51.34524],[-0.11891,51.34551],[-0.11864,51.3458],[-0.11729,51.34568]]]},"properties":{"WD22NM":"Purley & Woodcote","LAD22NM":"Croydon"}},{"type":"Feature","geometry":{"type":"Polygon","coordinates":[[[-0.09289,51.34999],[-0.09471,51.346],[-0.09976,51.33954],[-0.10038,51.33788],[-0.10053,51.3354],[-0.10017,51.33393],[-0.09892,51.33359],[-0.09381,51.33054],[-0.09365,51.32955],[-0.09147,51.32871],[-0.09125,51.32794],[-0.09091,51.32798],[-0.09118,51.32787],[-0.08999,51.32675],[-0.08928,51.32692],[-0.0892,51.32654],[-0.08848,51.32621],[-0.08783,51.32688],[-0.08657,51.32677],[-0.08219,51.32789],[-0.08297,51.32766],[-0.08219,51.32677],[-0.08503,51.32565],[-0.08376,51.32479],[-0.08893,51.32306],[-0.09272,51.32487],[-0.09375,51.32464],[-0.09469,51.32505],[-0.09488,51.32551],[-0.09868,51.32727],[-0.09957,51.32756],[-0.10119,51.32741],[-0.10119,51.32795],[-0.10282,51.3288],[-0.10152,51.32923],[-0.10252,51.32981],[-0.10469,51.33237],[-0.10507,51.33431],[-0.1066,51.33721],[-0.10632,51.33731],[-0.10834,51.33804],[-0.11111,51.33772],[-0.11127,51.33849],[-0.11241,51.33875],[-0.11269,51.33935],[-0.11408,51.34023],[-0.11239,51.3411],[-0.11387,51.34218],[-0.11126,51.34442],[-0.11087,51.34528],[-0.11128,51.34626],[-0.11403,51.34571],[-0.11425,51.34745],[-0.11362,51.34882],[-0.11136,51.34875],[-0.11082,51.35223],[-0.10996,51.35361],[-0.10863,51.35404],[-0.10598,51.35376],[-0.10613,51.35308],[-0.1048,51.35288],[-0.10572,51.35085],[-0.10535,51.35078],[-0.10663,51.34892],[-0.1054,51.34864],[-0.10521,51.34735],[-0.10472,51.34707],[-0.10357,51.34736],[-0.10328,51.34718],[-0.10136,51.34947],[-0.09754,51.34815],[-0.09566,51.35052],[-0.09289,51.34999]]]},"properties":{"WD22NM":"Purley Oaks & Riddlesdown","LAD22NM":"Croydon"}},{"type":"Feature","geometry":{"type":"Polygon","coordinates":[[[-0.07811,51.3484],[-0.07176,51.34672],[-0.06764,51.34411],[-0.06828,51.34325],[-0.06933,51.34288],[-0.06832,51.34224],[-0.06937,51.34198],[-0.06893,51.34084],[-0.06973,51.34046],[-0.06913,51.34001],[-0.06626,51.33937],[-0.06384,51.33947],[-0.0625,51.33885],[-0.06221,51.33758],[-0.06171,51.33755],[-0.05918,51.33556],[-0.05844,51.33328],[-0.05881,51.33084],[-0.05521,51.32482],[-0.05625,51.32166],[-0.05839,51.32038],[-0.06066,51.32006],[-0.06208,51.3192],[-0.06399,51.31864],[-0.07003,51.31889],[-0.07102,51.32123],[-0.07512,51.3202],[-0.07892,51.31977],[-0.07883,51.31809],[-0.08019,51.31782],[-0.08154,51.3167],[-0.08221,51.31696],[-0.08224,51.31695],[-0.08593,51.31958],[-0.08893,51.32306],[-0.08376,51.32479],[-0.08503,51.32565],[-0.08219,51.32677],[-0.08297,51.32766],[-0.08219,51.32789],[-0.08657,51.32677],[-0.08783,51.32688],[-0.08848,51.32621],[-0.0892,51.32654],[-0.08928,51.32692],[-0.08999,51.32675],[-0.09118,51.32787],[-0.09091,51.32798],[-0.09125,51.32794],[-0.09147,51.32871],[-0.09365,51.32955],[-0.09381,51.33054],[-0.09892,51.33359],[-0.10017,51.33393],[-0.10053,51.3354],[-0.10038,51.33788],[-0.09976,51.33954],[-0.09471,51.346],[-0.09289,51.34999],[-0.0923,51.35339],[-0.09197,51.35339],[-0.09143,51.35263],[-0.09067,51.35237],[-0.09085,51.3518],[-0.08833,51.35082],[-0.08762,51.35173],[-0.08539,51.35122],[-0.0852,51.35167],[-0.08436,51.35172],[-0.07811,51.3484]]]},"properties":{"WD22NM":"Sanderstead","LAD22NM":"Croydon"}},{"type":"Feature","geometry":{"type":"Polygon","coordinates":[[[-0.08731,51.38486],[-0.09055,51.38112],[-0.0985,51.38276],[-0.10424,51.38387],[-0.10537,51.3852],[-0.10502,51.38672],[-0.10539,51.38792],[-0.10369,51.38867],[-0.10394,51.38893],[-0.09559,51.39353],[-0.09368,51.39403],[-0.09313,51.39498],[-0.08966,51.39299],[-0.08723,51.39002],[-0.08654,51.38806],[-0.08731,51.38486]]]},"properties":{"WD22NM":"Selhurst","LAD22NM":"Croydon"}},{"type":"Feature","geometry":{"type":"Polygon","coordinates":[[[-0.01976,51.36362],[-0.01891,51.36279],[-0.01826,51.36125],[-0.02526,51.35721],[-0.02638,51.35795],[-0.02948,51.35634],[-0.03056,51.3556],[-0.02856,51.3544],[-0.031,51.35346],[-0.03133,51.35381],[-0.03313,51.35321],[-0.03139,51.34971],[-0.03169,51.34917],[-0.03505,51.34786],[-0.03746,51.35158],[-0.03806,51.35188],[-0.04428,51.34876],[-0.04877,51.3478],[-0.04841,51.3471],[-0.04984,51.3468],[-0.04987,51.34652],[-0.04739,51.34516],[-0.05289,51.3422],[-0.05745,51.34603],[-0.06913,51.34001],[-0.06973,51.34046],[-0.06893,51.34084],[-0.06937,51.34198],[-0.06832,51.34224],[-0.06933,51.34288],[-0.06828,51.34325],[-0.06764,51.34411],[-0.07176,51.34672],[-0.07811,51.3484],[-0.07684,51.34916],[-0.07595,51.34901],[-0.07418,51.34982],[-0.07713,51.35297],[-0.0715,51.35569],[-0.07088,51.35557],[-0.07042,51.35641],[-0.06784,51.35594],[-0.06381,51.35653],[-0.06325,51.35625],[-0.06218,51.35754],[-0.06111,51.35782],[-0.06067,51.35905],[-0.06137,51.35913],[-0.06127,51.35975],[-0.05721,51.35911],[-0.05571,51.35858],[-0.05521,51.35888],[-0.0555,51.35946],[-0.05489,51.35944],[-0.05441,51.35993],[-0.05501,51.36014],[-0.05495,51.36057],[-0.04985,51.3618],[-0.04737,51.36185],[-0.04548,51.36088],[-0.04475,51.36119],[-0.04217,51.36091],[-0.03431,51.36403],[-0.03192,51.36305],[-0.03111,51.36354],[-0.03089,51.36302],[-0.02561,51.36439],[-0.02532,51.3642],[-0.02356,51.36529],[-0.02225,51.36588],[-0.01976,51.36362]]]},"properties":{"WD22NM":"Selsdon & Addington Village","LAD22NM":"Croydon"}},{"type":"Feature","geometry":{"type":"Polygon","coordinates":[[[-0.02233,51.34803],[-0.02619,51.34744],[-0.02851,51.34775],[-0.02245,51.34266],[-0.02222,51.34148],[-0.02025,51.34148],[-0.02083,51.34092],[-0.01859,51.33954],[-0.01746,51.3381],[-0.01675,51.3379],[-0.01682,51.3376],[-0.01557,51.33661],[-0.01424,51.33659],[-0.01496,51.33611],[-0.01479,51.3359],[-0.01334,51.33497],[-0.0118,51.33543],[-0.01157,51.33527],[-0.01225,51.33507],[-0.01251,51.33451],[-0.01087,51.33363],[-0.01066,51.33309],[-0.01189,51.33289],[-0.0136,51.33153],[-0.01433,51.3298],[-0.01594,51.33201],[-0.01703,51.3329],[-0.01778,51.33293],[-0.02056,51.33714],[-0.02206,51.3381],[-0.02596,51.33856],[-0.03068,51.33752],[-0.03277,51.33744],[-0.03449,51.33808],[-0.03789,51.3387],[-0.03982,51.33723],[-0.04197,51.33381],[-0.04655,51.33348],[-0.04847,51.33279],[-0.05026,51.33264],[-0.05007,51.33205],[-0.05104,51.33159],[-0.05108,51.33085],[-0.04875,51.32872],[-0.04907,51.32861],[-0.04783,51.32651],[-0.04787,51.32525],[-0.04977,51.32527],[-0.05127,51.32344],[-0.05131,51.32245],[-0.05248,51.32238],[-0.05488,51.32126],[-0.05625,51.32166],[-0.05521,51.32482],[-0.05881,51.33084],[-0.05844,51.33328],[-0.05918,51.33556],[-0.06171,51.33755],[-0.06221,51.33758],[-0.0625,51.33885],[-0.06384,51.33947],[-0.06626,51.33937],[-0.06913,51.34001],[-0.05745,51.34603],[-0.05289,51.3422],[-0.04739,51.34516],[-0.04987,51.34652],[-0.04984,51.3468],[-0.04841,51.3471],[-0.04877,51.3478],[-0.04428,51.34876],[-0.03806,51.35188],[-0.03746,51.35158],[-0.03505,51.34786],[-0.03169,51.34917],[-0.03139,51.34971],[-0.03313,51.35321],[-0.03133,51.35381],[-0.031,51.35346],[-0.02856,51.3544],[-0.02504,51.35234],[-0.02233,51.34803]]]},"properties":{"WD22NM":"Selsdon Vale & Forestdale","LAD22NM":"Croydon"}},{"type":"Feature","geometry":{"type":"Polygon","coordinates":[[[-0.03677,51.377],[-0.04949,51.37462],[-0.04817,51.37165],[-0.04919,51.37148],[-0.04976,51.37247],[-0.05059,51.37241],[-0.05069,51.37269],[-0.05397,51.37252],[-0.05499,51.37301],[-0.05545,51.37378],[-0.05636,51.37368],[-0.05783,51.37516],[-0.05999,51.37634],[-0.06255,51.37984],[-0.06344,51.38201],[-0.06147,51.38157],[-0.06043,51.38233],[-0.0592,51.38144],[-0.05743,51.3822],[-0.05795,51.38342],[-0.05736,51.38365],[-0.05767,51.38405],[-0.05735,51.38455],[-0.06222,51.38633],[-0.06292,51.38584],[-0.06454,51.38746],[-0.05348,51.39492],[-0.0517,51.394],[-0.05169,51.39358],[-0.04774,51.39304],[-0.0468,51.39184],[-0.04621,51.392],[-0.04468,51.3905],[-0.04275,51.38945],[-0.0365,51.38846],[-0.03787,51.38323],[-0.0369,51.37895],[-0.03633,51.379],[-0.03677,51.377]]]},"properties":{"WD22NM":"Shirley North","LAD22NM":"Croydon"}},{"type":"Feature","geometry":{"type":"Polygon","coordinates":[[[-0.02356,51.36529],[-0.02532,51.3642],[-0.02561,51.36439],[-0.03089,51.36302],[-0.03111,51.36354],[-0.03192,51.36305],[-0.03431,51.36403],[-0.04217,51.36091],[-0.04475,51.36119],[-0.04548,51.36088],[-0.04737,51.36185],[-0.04985,51.3618],[-0.05495,51.36057],[-0.05501,51.36014],[-0.05441,51.35993],[-0.05489,51.35944],[-0.0555,51.35946],[-0.05521,51.35888],[-0.05571,51.35858],[-0.05721,51.35911],[-0.06127,51.35975],[-0.06414,51.36078],[-0.06509,51.36187],[-0.06886,51.36274],[-0.06758,51.36335],[-0.06851,51.36421],[-0.06661,51.36557],[-0.06734,51.36623],[-0.06839,51.36594],[-0.06891,51.36762],[-0.067,51.36815],[-0.06773,51.36892],[-0.0657,51.36942],[-0.06619,51.37111],[-0.06447,51.37126],[-0.06464,51.37186],[-0.06413,51.37191],[-0.06416,51.37258],[-0.06346,51.3726],[-0.06377,51.37556],[-0.05999,51.37634],[-0.05783,51.37516],[-0.05636,51.37368],[-0.05545,51.37378],[-0.05499,51.37301],[-0.05397,51.37252],[-0.05069,51.37269],[-0.05059,51.37241],[-0.04976,51.37247],[-0.04919,51.37148],[-0.04817,51.37165],[-0.04949,51.37462],[-0.03677,51.377],[-0.02973,51.37734],[-0.02824,51.3782],[-0.02801,51.37936],[-0.02679,51.37937],[-0.02613,51.37645],[-0.02357,51.37222],[-0.02378,51.37132],[-0.02309,51.36701],[-0.02447,51.36678],[-0.02356,51.36529]]]},"properties":{"WD22NM":"Shirley South","LAD22NM":"Croydon"}},{"type":"Feature","geometry":{"type":"Polygon","coordinates":[[[-0.09302,51.36672],[-0.08279,51.36425],[-0.07876,51.364],[-0.07288,51.363],[-0.06886,51.36274],[-0.06509,51.36187],[-0.06414,51.36078],[-0.06127,51.35975],[-0.06137,51.35913],[-0.06067,51.35905],[-0.06111,51.35782],[-0.06218,51.35754],[-0.06325,51.35625],[-0.06381,51.35653],[-0.06784,51.35594],[-0.07042,51.35641],[-0.07088,51.35557],[-0.0715,51.35569],[-0.07713,51.35297],[-0.07418,51.34982],[-0.07595,51.34901],[-0.07684,51.34916],[-0.07811,51.3484],[-0.08436,51.35172],[-0.0852,51.35167],[-0.08539,51.35122],[-0.08762,51.35173],[-0.08833,51.35082],[-0.09085,51.3518],[-0.09067,51.35237],[-0.09143,51.35263],[-0.09197,51.35339],[-0.0923,51.35339],[-0.09289,51.34999],[-0.09566,51.35052],[-0.09754,51.34815],[-0.10136,51.34947],[-0.10328,51.34718],[-0.10357,51.34736],[-0.10472,51.34707],[-0.10521,51.34735],[-0.1054,51.34864],[-0.10663,51.34892],[-0.10535,51.35078],[-0.10572,51.35085],[-0.1048,51.35288],[-0.10613,51.35308],[-0.10598,51.35376],[-0.10863,51.35404],[-0.1068,51.35469],[-0.10693,51.3563],[-0.10766,51.35738],[-0.10489,51.35809],[-0.10395,51.35765],[-0.10361,51.35804],[-0.09938,51.35845],[-0.0992,51.35763],[-0.09779,51.35769],[-0.09818,51.36225],[-0.09886,51.36451],[-0.09896,51.36768],[-0.09302,51.36672]]]},"properties":{"WD22NM":"South Croydon","LAD22NM":"Croydon"}},{"type":"Feature","geometry":{"type":"Polygon","coordinates":[[[-0.06857,51.40384],[-0.06639,51.40258],[-0.06447,51.40204],[-0.06461,51.40172],[-0.06376,51.40156],[-0.06309,51.40095],[-0.06569,51.39982],[-0.06653,51.39979],[-0.06677,51.39942],[-0.06636,51.39881],[-0.06704,51.39854],[-0.06758,51.39898],[-0.06824,51.39882],[-0.06823,51.39842],[-0.06896,51.39857],[-0.07091,51.3976],[-0.07055,51.39738],[-0.07085,51.39722],[-0.07363,51.39903],[-0.0755,51.39522],[-0.07824,51.39154],[-0.08468,51.38689],[-0.08731,51.38486],[-0.08654,51.38806],[-0.08723,51.39002],[-0.08966,51.39299],[-0.09313,51.39498],[-0.09311,51.39504],[-0.09248,51.39638],[-0.09281,51.3975],[-0.09181,51.39801],[-0.08689,51.39911],[-0.08592,51.39961],[-0.08146,51.40424],[-0.08213,51.4049],[-0.07928,51.40626],[-0.07838,51.40586],[-0.07283,51.40848],[-0.07018,51.40626],[-0.06857,51.40384]]]},"properties":{"WD22NM":"South Norwood","LAD22NM":"Croydon"}},{"type":"Feature","geometry":{"type":"Polygon","coordinates":[[[-0.08213,51.4049],[-0.08146,51.40424],[-0.08592,51.39961],[-0.08689,51.39911],[-0.09181,51.39801],[-0.09281,51.3975],[-0.09248,51.39638],[-0.09311,51.39504],[-0.0982,51.39724],[-0.10994,51.40531],[-0.10999,51.40535],[-0.10532,51.40747],[-0.09945,51.4082],[-0.09523,51.41011],[-0.09439,51.41003],[-0.09473,51.4096],[-0.09424,51.40974],[-0.08981,51.40817],[-0.08935,51.40738],[-0.08954,51.40641],[-0.08879,51.40655],[-0.08852,51.4061],[-0.08535,51.40714],[-0.08213,51.4049]]]},"properties":{"WD22NM":"Thornton Heath","LAD22NM":"Croydon"}},{"type":"Feature","geometry":{"type":"Polygon","coordinates":[[[-0.108,51.37709],[-0.10671,51.3751],[-0.10694,51.37226],[-0.10661,51.37136],[-0.10475,51.36925],[-0.10304,51.36828],[-0.09886,51.36451],[-0.09818,51.36225],[-0.09779,51.35769],[-0.0992,51.35763],[-0.09938,51.35845],[-0.10361,51.35804],[-0.10395,51.35765],[-0.10489,51.35809],[-0.10766,51.35738],[-0.10693,51.3563],[-0.1068,51.35469],[-0.10863,51.35404],[-0.10996,51.35361],[-0.11082,51.35223],[-0.11136,51.34875],[-0.11362,51.34882],[-0.11425,51.34745],[-0.11403,51.34571],[-0.11718,51.34504],[-0.11729,51.34568],[-0.11689,51.34575],[-0.11697,51.34666],[-0.11734,51.34665],[-0.11909,51.35314],[-0.12015,51.35304],[-0.1214,51.35773],[-0.12417,51.35743],[-0.12469,51.35887],[-0.12343,51.35915],[-0.12331,51.35892],[-0.12183,51.35906],[-0.1229,51.35992],[-0.12182,51.35999],[-0.12203,51.36098],[-0.12136,51.36106],[-0.12141,51.36234],[-0.1209,51.36331],[-0.12128,51.36473],[-0.12234,51.36453],[-0.12408,51.36539],[-0.12207,51.36581],[-0.12331,51.37119],[-0.12474,51.37294],[-0.12472,51.37366],[-0.12782,51.37475],[-0.12665,51.37491],[-0.12684,51.37548],[-0.12581,51.3756],[-0.12669,51.37706],[-0.12075,51.37648],[-0.11816,51.37737],[-0.11896,51.37823],[-0.11578,51.37803],[-0.11528,51.37715],[-0.11366,51.37606],[-0.11064,51.37709],[-0.108,51.37709]]]},"properties":{"WD22NM":"Waddon","LAD22NM":"Croydon"}},{"type":"Feature","geometry":{"type":"Polygon","coordinates":[[[-0.10394,51.38893],[-0.10369,51.38867],[-0.10539,51.38792],[-0.11067,51.38647],[-0.1111,51.38721],[-0.11567,51.38568],[-0.12107,51.38538],[-0.13261,51.39013],[-0.13435,51.39089],[-0.13431,51.39092],[-0.12873,51.39348],[-0.12966,51.39365],[-0.12413,51.39761],[-0.12461,51.3981],[-0.1257,51.39831],[-0.12539,51.39882],[-0.12184,51.40071],[-0.11859,51.4019],[-0.11525,51.3962],[-0.11315,51.39704],[-0.11224,51.39568],[-0.10976,51.39595],[-0.10842,51.3958],[-0.1107,51.39473],[-0.1072,51.39136],[-0.10711,51.39028],[-0.10394,51.38893]]]},"properties":{"WD22NM":"West Thornton","LAD22NM":"Croydon"}},{"type":"Feature","geometry":{"type":"Polygon","coordinates":[[[-0.05041,51.39802],[-0.05095,51.39713],[-0.05348,51.39492],[-0.06454,51.38746],[-0.07083,51.38453],[-0.07126,51.385],[-0.07161,51.38573],[-0.07247,51.38593],[-0.07355,51.38701],[-0.07793,51.3863],[-0.07926,51.38727],[-0.07975,51.38718],[-0.08077,51.38793],[-0.07904,51.38912],[-0.07953,51.3894],[-0.08415,51.38656],[-0.08468,51.38689],[-0.07824,51.39154],[-0.0755,51.39522],[-0.07363,51.39903],[-0.07085,51.39722],[-0.07055,51.39738],[-0.07091,51.3976],[-0.06896,51.39857],[-0.06823,51.39842],[-0.06824,51.39882],[-0.06758,51.39898],[-0.06704,51.39854],[-0.06636,51.39881],[-0.06677,51.39942],[-0.06653,51.39979],[-0.06569,51.39982],[-0.06309,51.40095],[-0.06376,51.40156],[-0.06216,51.40153],[-0.06016,51.39955],[-0.06056,51.39912],[-0.05939,51.39925],[-0.05683,51.4005],[-0.05296,51.40146],[-0.05063,51.39956],[-0.0521,51.39829],[-0.05083,51.39772],[-0.05041,51.39802]]]},"properties":{"WD22NM":"Woodside","LAD22NM":"Croydon"}},{"type":"Feature","geometry":{"type":"Polygon","coordinates":[[[-0.2865,51.54557],[-0.28287,51.544],[-0.27682,51.54195],[-0.27601,51.54168],[-0.27753,51.53999],[-0.27927,51.53898],[-0.28182,51.53811],[-0.28246,51.53867],[-0.28673,51.53676],[-0.29327,51.53497],[-0.29515,51.53489],[-0.2958,51.5353],[-0.29657,51.53524],[-0.29953,51.53325],[-0.30271,51.53198],[-0.30748,51.53307],[-0.30623,51.53423],[-0.30594,51.53943],[-0.3047,51.53986],[-0.30851,51.5432],[-0.30798,51.54443],[-0.30887,51.54522],[-0.3071,51.54533],[-0.30858,51.54645],[-0.31147,51.54756],[-0.31254,51.54903],[-0.31242,51.54927],[-0.30687,51.54638],[-0.30333,51.54214],[-0.29922,51.54047],[-0.29792,51.54138],[-0.29686,51.54412],[-0.29418,51.54308],[-0.29155,51.54479],[-0.29124,51.54461],[-0.29016,51.54524],[-0.28869,51.54432],[-0.2865,51.54557]]]},"properties":{"WD22NM":"Alperton","LAD22NM":"Brent"}},{"type":"Feature","geometry":{"type":"Polygon","coordinates":[[[-0.26537,51.55893],[-0.27276,51.56183],[-0.27904,51.56326],[-0.28346,51.56518],[-0.28813,51.56895],[-0.29032,51.57207],[-0.29009,51.57377],[-0.28905,51.57469],[-0.28131,51.57885],[-0.27983,51.57881],[-0.27779,51.5797],[-0.27337,51.57231],[-0.27184,51.5704],[-0.26752,51.56812],[-0.26533,51.5662],[-0.2655,51.56575],[-0.26137,51.56393],[-0.26212,51.56324],[-0.26168,51.56289],[-0.26174,51.56207],[-0.26235,51.56172],[-0.26482,51.56147],[-0.26437,51.56037],[-0.26537,51.55893]]]},"properties":{"WD22NM":"Barnhill","LAD22NM":"Brent"}},{"type":"Feature","geometry":{"type":"Polygon","coordinates":[[[-0.20352,51.54678],[-0.20344,51.54671],[-0.20191,51.54529],[-0.20765,51.54259],[-0.215,51.53706],[-0.21861,51.5394],[-0.22146,51.53809],[-0.22179,51.53739],[-0.22247,51.53722],[-0.22213,51.53694],[-0.22619,51.53629],[-0.22644,51.53693],[-0.22676,51.53692],[-0.22683,51.53654],[-0.22734,51.53647],[-0.22721,51.53613],[-0.22895,51.5362],[-0.22966,51.53648],[-0.22938,51.53681],[-0.23054,51.53721],[-0.22745,51.54091],[-0.22792,51.54136],[-0.23046,51.54136],[-0.23305,51.54188],[-0.23246,51.54281],[-0.23252,51.54387],[-0.2319,51.54438],[-0.23221,51.54564],[-0.22928,51.54564],[-0.22932,51.54652],[-0.22777,51.54699],[-0.22536,51.54626],[-0.22465,51.54647],[-0.2246,51.5462],[-0.22127,51.5465],[-0.22088,51.54717],[-0.21842,51.5487],[-0.2089,51.54723],[-0.20352,51.54678]]]},"properties":{"WD22NM":"Brondesbury Park","LAD22NM":"Brent"}},{"type":"Feature","geometry":{"type":"Polygon","coordinates":[[[-0.21348,51.55519],[-0.20371,51.54696],[-0.20352,51.54678],[-0.2089,51.54723],[-0.21842,51.5487],[-0.21974,51.5489],[-0.21944,51.54955],[-0.22036,51.54971],[-0.22019,51.54996],[-0.21931,51.54981],[-0.21749,51.55268],[-0.21862,51.55273],[-0.21992,51.55337],[-0.22681,51.55363],[-0.22802,51.55407],[-0.22882,51.55491],[-0.23062,51.5548],[-0.23101,51.55592],[-0.23061,51.55688],[-0.23141,51.55757],[-0.22856,51.55853],[-0.22345,51.56114],[-0.22063,51.56167],[-0.21863,51.55942],[-0.21348,51.55519]]]},"properties":{"WD22NM":"Cricklewood & Mapesbury","LAD22NM":"Brent"}},{"type":"Feature","geometry":{"type":"Polygon","coordinates":[[[-0.23223,51.57097],[-0.22879,51.56797],[-0.22546,51.56587],[-0.22063,51.56167],[-0.22345,51.56114],[-0.22856,51.55853],[-0.23141,51.55757],[-0.24243,51.55506],[-0.24711,51.55331],[-0.25084,51.55102],[-0.25021,51.55204],[-0.25046,51.55311],[-0.25139,51.55391],[-0.25313,51.55466],[-0.25262,51.55566],[-0.25359,51.558],[-0.25347,51.55988],[-0.2508,51.56465],[-0.24888,51.56588],[-0.24528,51.5671],[-0.24631,51.56833],[-0.247,51.56862],[-0.24737,51.56896],[-0.24653,51.56903],[-0.24603,51.56984],[-0.24653,51.56987],[-0.24598,51.57096],[-0.24669,51.57157],[-0.24602,51.57219],[-0.24522,51.57192],[-0.24426,51.57257],[-0.24362,51.57233],[-0.24199,51.57281],[-0.24135,51.57266],[-0.24108,51.57212],[-0.23994,51.57239],[-0.23997,51.57209],[-0.23884,51.57225],[-0.23799,51.57177],[-0.23815,51.5721],[-0.2377,51.57212],[-0.23764,51.57247],[-0.2359,51.57231],[-0.23538,51.57257],[-0.23562,51.57227],[-0.23456,51.57177],[-0.23342,51.57198],[-0.23223,51.57097]]]},"properties":{"WD22NM":"Dollis Hill","LAD22NM":"Brent"}},{"type":"Feature","geometry":{"type":"Polygon","coordinates":[[[-0.23054,51.53721],[-0.22938,51.53681],[-0.22966,51.53648],[-0.22895,51.5362],[-0.22721,51.53613],[-0.22734,51.53647],[-0.22683,51.53654],[-0.22564,51.53326],[-0.23355,51.53289],[-0.23382,51.53233],[-0.2344,51.53264],[-0.23733,51.53202],[-0.24341,51.53179],[-0.24629,51.53275],[-0.24734,51.53352],[-0.25075,51.53418],[-0.25112,51.5339],[-0.25232,51.53414],[-0.25564,51.53399],[-0.25655,51.53789],[-0.25659,51.54105],[-0.25214,51.53942],[-0.25161,51.5401],[-0.25219,51.54028],[-0.25197,51.54067],[-0.24821,51.54208],[-0.24751,51.54332],[-0.24571,51.54341],[-0.24558,51.5415],[-0.24417,51.54147],[-0.24321,51.54028],[-0.24248,51.54028],[-0.24153,51.53897],[-0.23926,51.53931],[-0.23828,51.53906],[-0.23803,51.5399],[-0.23588,51.53925],[-0.23099,51.53668],[-0.23054,51.53721]]]},"properties":{"WD22NM":"Harlesden & Kensal Green","LAD22NM":"Brent"}},{"type":"Feature","geometry":{"type":"Polygon","coordinates":[[[-0.28245,51.58505],[-0.28021,51.58166],[-0.2795,51.5817],[-0.28022,51.58003],[-0.28131,51.57885],[-0.28905,51.57469],[-0.29009,51.57377],[-0.29032,51.57207],[-0.28813,51.56895],[-0.29474,51.57192],[-0.29471,51.57214],[-0.29501,51.57202],[-0.30844,51.57648],[-0.31263,51.57757],[-0.31952,51.57855],[-0.32667,51.5786],[-0.32068,51.58026],[-0.31706,51.58211],[-0.31305,51.58426],[-0.30679,51.58656],[-0.30407,51.58716],[-0.30077,51.58724],[-0.28245,51.58505]]]},"properties":{"WD22NM":"Kenton","LAD22NM":"Brent"}},{"type":"Feature","geometry":{"type":"Polygon","coordinates":[[[-0.19146,51.53629],[-0.19301,51.53399],[-0.19235,51.53321],[-0.19287,51.53214],[-0.19654,51.52766],[-0.19734,51.5279],[-0.19777,51.5279],[-0.19805,51.52862],[-0.19792,51.52994],[-0.19827,51.53045],[-0.20108,51.53191],[-0.20166,51.53256],[-0.20302,51.5329],[-0.20434,51.53392],[-0.19926,51.535],[-0.20111,51.53693],[-0.20212,51.53777],[-0.20261,51.53779],[-0.20406,51.54078],[-0.20765,51.54259],[-0.20191,51.54529],[-0.19146,51.53629]]]},"properties":{"WD22NM":"Kilburn","LAD22NM":"Brent"}},{"type":"Feature","geometry":{"type":"Polygon","coordinates":[[[-0.25977,51.5942],[-0.2574,51.59203],[-0.2531,51.58905],[-0.24949,51.58557],[-0.24826,51.58437],[-0.25171,51.58338],[-0.25365,51.58249],[-0.25852,51.58229],[-0.26281,51.58305],[-0.26582,51.58422],[-0.27389,51.58593],[-0.27258,51.58644],[-0.27115,51.58652],[-0.27018,51.5874],[-0.2703,51.58802],[-0.26596,51.5896],[-0.26578,51.5921],[-0.26788,51.59439],[-0.26742,51.59451],[-0.26771,51.59488],[-0.26234,51.59634],[-0.25977,51.5942]]]},"properties":{"WD22NM":"Kingsbury","LAD22NM":"Brent"}},{"type":"Feature","geometry":{"type":"Polygon","coordinates":[[[-0.31263,51.57757],[-0.30392,51.56297],[-0.30469,51.56238],[-0.30928,51.56207],[-0.30896,51.56036],[-0.31025,51.56025],[-0.31068,51.56252],[-0.31383,51.56288],[-0.31684,51.56227],[-0.31609,51.5614],[-0.31723,51.56075],[-0.31788,51.5611],[-0.31971,51.56066],[-0.31958,51.56032],[-0.32105,51.5595],[-0.32042,51.55937],[-0.32039,51.55886],[-0.32102,51.55872],[-0.32198,51.55741],[-0.32713,51.55915],[-0.33119,51.56146],[-0.32976,51.56236],[-0.32823,51.56251],[-0.32865,51.56594],[-0.32962,51.56621],[-0.32972,51.56709],[-0.32505,51.56826],[-0.32515,51.56844],[-0.32213,51.56966],[-0.32472,51.57318],[-0.32541,51.57604],[-0.32659,51.5783],[-0.32667,51.5786],[-0.31952,51.57855],[-0.31263,51.57757]]]},"properties":{"WD22NM":"Northwick Park","LAD22NM":"Brent"}},{"type":"Feature","geometry":{"type":"Polygon","coordinates":[[[-0.28813,51.56895],[-0.28346,51.56518],[-0.27904,51.56326],[-0.28066,51.56226],[-0.28568,51.56464],[-0.28642,51.56421],[-0.288,51.56397],[-0.29012,51.56251],[-0.29277,51.56201],[-0.29597,51.56185],[-0.299,51.56253],[-0.30392,51.56297],[-0.31263,51.57757],[-0.30844,51.57648],[-0.29501,51.57202],[-0.29471,51.57214],[-0.29474,51.57192],[-0.28813,51.56895]]]},"properties":{"WD22NM":"Preston","LAD22NM":"Brent"}},{"type":"Feature","geometry":{"type":"Polygon","coordinates":[[[-0.20302,51.5329],[-0.20305,51.5329],[-0.20762,51.53282],[-0.21103,51.53196],[-0.21518,51.53139],[-0.21508,51.53026],[-0.21586,51.52973],[-0.216,51.52793],[-0.21795,51.52864],[-0.22378,51.52997],[-0.22542,51.53017],[-0.22766,51.52992],[-0.22757,51.53016],[-0.22848,51.53035],[-0.23137,51.53109],[-0.23382,51.53233],[-0.23355,51.53289],[-0.22564,51.53326],[-0.22683,51.53654],[-0.22676,51.53692],[-0.22644,51.53693],[-0.22619,51.53629],[-0.22213,51.53694],[-0.22247,51.53722],[-0.22179,51.53739],[-0.22146,51.53809],[-0.21861,51.5394],[-0.215,51.53706],[-0.20765,51.54259],[-0.20406,51.54078],[-0.20261,51.53779],[-0.20212,51.53777],[-0.20111,51.53693],[-0.19926,51.535],[-0.20434,51.53392],[-0.20302,51.5329]]]},"properties":{"WD22NM":"Queens Park","LAD22NM":"Brent"}},{"type":"Feature","geometry":{"type":"Polygon","coordinates":[[[-0.26234,51.59634],[-0.26771,51.59488],[-0.26742,51.59451],[-0.26788,51.59439],[-0.26578,51.5921],[-0.26596,51.5896],[-0.2703,51.58802],[-0.27018,51.5874],[-0.27115,51.58652],[-0.27258,51.58644],[-0.27389,51.58593],[-0.26582,51.58422],[-0.2666,51.58379],[-0.26685,51.58268],[-0.26925,51.58175],[-0.27082,51.58145],[-0.27374,51.58147],[-0.27564,51.58095],[-0.27779,51.5797],[-0.27983,51.57881],[-0.28131,51.57885],[-0.28022,51.58003],[-0.2795,51.5817],[-0.28021,51.58166],[-0.28245,51.58505],[-0.28225,51.58574],[-0.28334,51.58888],[-0.28463,51.59101],[-0.28658,51.59227],[-0.28907,51.59291],[-0.2904,51.59357],[-0.28706,51.59456],[-0.28626,51.59495],[-0.28577,51.59475],[-0.28559,51.5952],[-0.28331,51.59575],[-0.27649,51.59652],[-0.27695,51.5969],[-0.27298,51.59837],[-0.27112,51.59832],[-0.26713,51.60037],[-0.26234,51.59634]]]},"properties":{"WD22NM":"Queensbury","LAD22NM":"Brent"}},{"type":"Feature","geometry":{"type":"Polygon","coordinates":[[[-0.23221,51.54564],[-0.2319,51.54438],[-0.23252,51.54387],[-0.23246,51.54281],[-0.23305,51.54188],[-0.23046,51.54136],[-0.22792,51.54136],[-0.22745,51.54091],[-0.23054,51.53721],[-0.23099,51.53668],[-0.23588,51.53925],[-0.23803,51.5399],[-0.23828,51.53906],[-0.23926,51.53931],[-0.24153,51.53897],[-0.24248,51.54028],[-0.24321,51.54028],[-0.24417,51.54147],[-0.24558,51.5415],[-0.24571,51.54341],[-0.24751,51.54332],[-0.24821,51.54208],[-0.25197,51.54067],[-0.25219,51.54028],[-0.25161,51.5401],[-0.25214,51.53942],[-0.25659,51.54105],[-0.25597,51.54382],[-0.25475,51.54651],[-0.25321,51.54873],[-0.25084,51.55102],[-0.24711,51.55331],[-0.24299,51.55254],[-0.24253,51.5522],[-0.2417,51.55104],[-0.23914,51.54915],[-0.23902,51.54889],[-0.24065,51.54825],[-0.23946,51.54719],[-0.23821,51.54811],[-0.23603,51.54725],[-0.23276,51.54708],[-0.23213,51.5469],[-0.23295,51.54615],[-0.23259,51.54559],[-0.23221,51.54564]]]},"properties":{"WD22NM":"Roundwood","LAD22NM":"Brent"}},{"type":"Feature","geometry":{"type":"Polygon","coordinates":[[[-0.25313,51.55466],[-0.25139,51.55391],[-0.25046,51.55311],[-0.25021,51.55204],[-0.25084,51.55102],[-0.25321,51.54873],[-0.25475,51.54651],[-0.25597,51.54382],[-0.25659,51.54105],[-0.25655,51.53789],[-0.25564,51.53399],[-0.25603,51.53395],[-0.25643,51.53494],[-0.25779,51.53534],[-0.26041,51.53454],[-0.26335,51.53268],[-0.26483,51.53219],[-0.26485,51.53164],[-0.26659,51.53051],[-0.269,51.52974],[-0.26965,51.53],[-0.27039,51.52977],[-0.27057,51.53005],[-0.27144,51.52995],[-0.27717,51.52923],[-0.28046,51.52841],[-0.28294,51.52884],[-0.28573,51.52918],[-0.28937,51.53167],[-0.28402,51.53352],[-0.28352,51.53282],[-0.28149,51.53324],[-0.28093,51.53258],[-0.27899,51.53321],[-0.27845,51.53457],[-0.27777,51.53507],[-0.28182,51.53811],[-0.27927,51.53898],[-0.27753,51.53999],[-0.27601,51.54168],[-0.27682,51.54195],[-0.27478,51.54388],[-0.27253,51.54488],[-0.27138,51.54632],[-0.27158,51.54706],[-0.2691,51.54877],[-0.26904,51.55068],[-0.26589,51.55314],[-0.26696,51.55418],[-0.26634,51.55552],[-0.26681,51.55634],[-0.26813,51.55645],[-0.26874,51.55698],[-0.26794,51.55718],[-0.26768,51.55817],[-0.26565,51.55884],[-0.25996,51.55663],[-0.25313,51.55466]]]},"properties":{"WD22NM":"Stonebridge","LAD22NM":"Brent"}},{"type":"Feature","geometry":{"type":"Polygon","coordinates":[[[-0.30204,51.55976],[-0.30333,51.55953],[-0.30343,51.55439],[-0.3149,51.5543],[-0.31369,51.5528],[-0.31389,51.55166],[-0.31242,51.54927],[-0.31254,51.54903],[-0.31776,51.55162],[-0.327,51.55501],[-0.33556,51.55658],[-0.33489,51.55783],[-0.33396,51.55771],[-0.3339,51.55888],[-0.33119,51.56146],[-0.32713,51.55915],[-0.32198,51.55741],[-0.32102,51.55872],[-0.32039,51.55886],[-0.32042,51.55937],[-0.32105,51.5595],[-0.31958,51.56032],[-0.31971,51.56066],[-0.31788,51.5611],[-0.31723,51.56075],[-0.31609,51.5614],[-0.31684,51.56227],[-0.31383,51.56288],[-0.31068,51.56252],[-0.31025,51.56025],[-0.30896,51.56036],[-0.30928,51.56207],[-0.30469,51.56238],[-0.30392,51.56297],[-0.30204,51.55976]]]},"properties":{"WD22NM":"Sudbury","LAD22NM":"Brent"}},{"type":"Feature","geometry":{"type":"Polygon","coordinates":[[[-0.27682,51.54195],[-0.28287,51.544],[-0.2865,51.54557],[-0.29069,51.54779],[-0.28987,51.54866],[-0.28756,51.54825],[-0.28729,51.54941],[-0.28656,51.54938],[-0.28686,51.54975],[-0.28368,51.55089],[-0.28398,51.55117],[-0.2835,51.55134],[-0.28503,51.55271],[-0.28659,51.55351],[-0.2865,51.55433],[-0.27852,51.55423],[-0.26634,51.55552],[-0.26696,51.55418],[-0.26589,51.55314],[-0.26904,51.55068],[-0.2691,51.54877],[-0.27158,51.54706],[-0.27138,51.54632],[-0.27253,51.54488],[-0.27478,51.54388],[-0.27682,51.54195]]]},"properties":{"WD22NM":"Tokyngton","LAD22NM":"Brent"}},{"type":"Feature","geometry":{"type":"Polygon","coordinates":[[[-0.25171,51.58338],[-0.25431,51.58159],[-0.25461,51.57967],[-0.2526,51.57493],[-0.25133,51.57314],[-0.25311,51.57244],[-0.25249,51.57151],[-0.2494,51.56891],[-0.24868,51.56855],[-0.247,51.56862],[-0.24631,51.56833],[-0.24528,51.5671],[-0.24888,51.56588],[-0.2508,51.56465],[-0.25347,51.55988],[-0.25359,51.558],[-0.25262,51.55566],[-0.25313,51.55466],[-0.25996,51.55663],[-0.26565,51.55884],[-0.26537,51.55893],[-0.26437,51.56037],[-0.26482,51.56147],[-0.26235,51.56172],[-0.26174,51.56207],[-0.26168,51.56289],[-0.26212,51.56324],[-0.26137,51.56393],[-0.2655,51.56575],[-0.26533,51.5662],[-0.26752,51.56812],[-0.27184,51.5704],[-0.27337,51.57231],[-0.27779,51.5797],[-0.27564,51.58095],[-0.27374,51.58147],[-0.27082,51.58145],[-0.26925,51.58175],[-0.26685,51.58268],[-0.2666,51.58379],[-0.26582,51.58422],[-0.26281,51.58305],[-0.25852,51.58229],[-0.25365,51.58249],[-0.25171,51.58338]]]},"properties":{"WD22NM":"Welsh Harp","LAD22NM":"Brent"}},{"type":"Feature","geometry":{"type":"Polygon","coordinates":[[[-0.29069,51.54779],[-0.2865,51.54557],[-0.28869,51.54432],[-0.29016,51.54524],[-0.29124,51.54461],[-0.29155,51.54479],[-0.29418,51.54308],[-0.29686,51.54412],[-0.29792,51.54138],[-0.29922,51.54047],[-0.30333,51.54214],[-0.30687,51.54638],[-0.31242,51.54927],[-0.31389,51.55166],[-0.31369,51.5528],[-0.3149,51.5543],[-0.30343,51.55439],[-0.30333,51.55953],[-0.30204,51.55976],[-0.29947,51.55565],[-0.29726,51.55297],[-0.29562,51.55183],[-0.29513,51.55193],[-0.29561,51.55139],[-0.29069,51.54779]]]},"properties":{"WD22NM":"Wembley Central","LAD22NM":"Brent"}},{"type":"Feature","geometry":{"type":"Polygon","coordinates":[[[-0.28066,51.56226],[-0.28299,51.56091],[-0.28476,51.55902],[-0.2861,51.55713],[-0.2865,51.55433],[-0.28659,51.55351],[-0.28503,51.55271],[-0.2835,51.55134],[-0.28398,51.55117],[-0.28368,51.55089],[-0.28686,51.54975],[-0.28656,51.54938],[-0.28729,51.54941],[-0.28756,51.54825],[-0.28987,51.54866],[-0.29069,51.54779],[-0.29561,51.55139],[-0.29513,51.55193],[-0.29562,51.55183],[-0.29726,51.55297],[-0.29947,51.55565],[-0.30204,51.55976],[-0.30392,51.56297],[-0.299,51.56253],[-0.29597,51.56185],[-0.29277,51.56201],[-0.29012,51.56251],[-0.288,51.56397],[-0.28642,51.56421],[-0.28568,51.56464],[-0.28066,51.56226]]]},"properties":{"WD22NM":"Wembley Hill","LAD22NM":"Brent"}},{"type":"Feature","geometry":{"type":"Polygon","coordinates":[[[-0.26537,51.55893],[-0.26565,51.55884],[-0.26768,51.55817],[-0.26794,51.55718],[-0.26874,51.55698],[-0.26813,51.55645],[-0.26681,51.55634],[-0.26634,51.55552],[-0.27852,51.55423],[-0.2865,51.55433],[-0.2861,51.55713],[-0.28476,51.55902],[-0.28299,51.56091],[-0.28066,51.56226],[-0.27904,51.56326],[-0.27276,51.56183],[-0.26537,51.55893]]]},"properties":{"WD22NM":"Wembley Park","LAD22NM":"Brent"}},{"type":"Feature","geometry":{"type":"Polygon","coordinates":[[[-0.21842,51.5487],[-0.22088,51.54717],[-0.22127,51.5465],[-0.2246,51.5462],[-0.22465,51.54647],[-0.22536,51.54626],[-0.22777,51.54699],[-0.22932,51.54652],[-0.22928,51.54564],[-0.23221,51.54564],[-0.23259,51.54559],[-0.23295,51.54615],[-0.23213,51.5469],[-0.23276,51.54708],[-0.23603,51.54725],[-0.23821,51.54811],[-0.23946,51.54719],[-0.24065,51.54825],[-0.23902,51.54889],[-0.23914,51.54915],[-0.2417,51.55104],[-0.24253,51.5522],[-0.24299,51.55254],[-0.24711,51.55331],[-0.24243,51.55506],[-0.23141,51.55757],[-0.23061,51.55688],[-0.23101,51.55592],[-0.23062,51.5548],[-0.22882,51.55491],[-0.22802,51.55407],[-0.22681,51.55363],[-0.21992,51.55337],[-0.21862,51.55273],[-0.21749,51.55268],[-0.21931,51.54981],[-0.22019,51.54996],[-0.22036,51.54971],[-0.21944,51.54955],[-0.21974,51.5489],[-0.21842,51.5487]]]},"properties":{"WD22NM":"Willesden Green","LAD22NM":"Brent"}},{"type":"Feature","geometry":{"type":"Polygon","coordinates":[[[-0.33157,51.54215],[-0.33179,51.5413],[-0.33096,51.53967],[-0.32996,51.53972],[-0.32974,51.53841],[-0.33446,51.53953],[-0.33597,51.53943],[-0.33711,51.53902],[-0.33797,51.53829],[-0.33825,51.53742],[-0.33699,51.53442],[-0.34553,51.53597],[-0.34596,51.53522],[-0.34504,51.53502],[-0.34455,51.53389],[-0.34342,51.53275],[-0.34276,51.53294],[-0.34293,51.53246],[-0.34397,51.53219],[-0.34354,51.53169],[-0.34514,51.53123],[-0.34441,51.52972],[-0.34493,51.52884],[-0.34469,51.52812],[-0.34543,51.52751],[-0.34738,51.52768],[-0.34894,51.52717],[-0.35231,51.52748],[-0.3503,51.53095],[-0.35257,51.53185],[-0.35086,51.53313],[-0.35213,51.53363],[-0.35138,51.53485],[-0.34981,51.53491],[-0.34965,51.53522],[-0.35108,51.53545],[-0.35013,51.53678],[-0.36193,51.53929],[-0.36576,51.53983],[-0.36525,51.54108],[-0.36273,51.54276],[-0.36146,51.54418],[-0.35997,51.54467],[-0.35566,51.54528],[-0.35741,51.54617],[-0.35726,51.54675],[-0.35559,51.54715],[-0.35507,51.54664],[-0.35346,51.54767],[-0.35554,51.54874],[-0.35763,51.54799],[-0.35776,51.54839],[-0.35438,51.55109],[-0.35581,51.55293],[-0.35412,51.55307],[-0.35406,51.55282],[-0.35113,51.55224],[-0.35099,51.55266],[-0.34957,51.55249],[-0.34968,51.55207],[-0.3464,51.5521],[-0.34146,51.55293],[-0.33918,51.55349],[-0.33902,51.55389],[-0.33775,51.55402],[-0.33906,51.55213],[-0.34134,51.546],[-0.33865,51.5462],[-0.3377,51.54568],[-0.33593,51.54298],[-0.3344,51.54243],[-0.33157,51.54215]]]},"properties":{"WD22NM":"Central Greenford","LAD22NM":"Ealing"}},{"type":"Feature","geometry":{"type":"Polygon","coordinates":[[[-0.35719,51.52382],[-0.3576,51.52313],[-0.35401,51.52255],[-0.35443,51.52115],[-0.35361,51.52113],[-0.35296,51.52183],[-0.35112,51.52158],[-0.34844,51.51886],[-0.34828,51.5178],[-0.34928,51.51666],[-0.34916,51.51625],[-0.34822,51.51573],[-0.34909,51.51434],[-0.35075,51.51418],[-0.35083,51.51357],[-0.34979,51.51315],[-0.34996,51.51262],[-0.35173,51.51228],[-0.35056,51.51134],[-0.34606,51.51158],[-0.34379,51.511],[-0.35472,51.50941],[-0.36649,51.5113],[-0.37144,51.51069],[-0.37556,51.51122],[-0.37553,51.51163],[-0.37621,51.51176],[-0.37953,51.51181],[-0.37974,51.51329],[-0.38012,51.51329],[-0.37977,51.51686],[-0.3762,51.51665],[-0.37552,51.51602],[-0.37236,51.51576],[-0.37194,51.51674],[-0.36921,51.51659],[-0.36823,51.51867],[-0.36429,51.52337],[-0.36431,51.52473],[-0.36308,51.52517],[-0.36239,51.52586],[-0.35944,51.52472],[-0.3598,51.5243],[-0.35719,51.52382]]]},"properties":{"WD22NM":"Dormers Wells","LAD22NM":"Ealing"}},{"type":"Feature","geometry":{"type":"Polygon","coordinates":[[[-0.29913,51.51495],[-0.29898,51.51382],[-0.29695,51.51312],[-0.29744,51.51245],[-0.29718,51.51169],[-0.30034,51.51163],[-0.30023,51.5111],[-0.30557,51.51041],[-0.3054,51.51096],[-0.30708,51.51144],[-0.30719,51.5121],[-0.30896,51.51186],[-0.30921,51.51255],[-0.3135,51.51184],[-0.31433,51.51371],[-0.31967,51.51336],[-0.3197,51.51353],[-0.32261,51.51714],[-0.32304,51.52081],[-0.31722,51.52127],[-0.31613,51.52197],[-0.31144,51.5213],[-0.30848,51.52282],[-0.30698,51.52184],[-0.30566,51.52243],[-0.30297,51.52273],[-0.30199,51.52319],[-0.29875,51.52307],[-0.29875,51.52089],[-0.29941,51.51891],[-0.29849,51.51879],[-0.29898,51.518],[-0.29849,51.51774],[-0.29998,51.51644],[-0.30083,51.51601],[-0.30135,51.51612],[-0.30159,51.51562],[-0.29919,51.51544],[-0.29913,51.51495]]]},"properties":{"WD22NM":"Ealing Broadway","LAD22NM":"Ealing"}},{"type":"Feature","geometry":{"type":"Polygon","coordinates":[[[-0.28296,51.50836],[-0.28303,51.50616],[-0.28387,51.50648],[-0.28342,51.50506],[-0.28044,51.50314],[-0.28076,51.50285],[-0.28571,51.50078],[-0.28679,51.50066],[-0.29403,51.50156],[-0.30069,51.49934],[-0.30581,51.49833],[-0.30694,51.50295],[-0.30685,51.50419],[-0.30556,51.50487],[-0.30516,51.50564],[-0.30557,51.51041],[-0.30023,51.5111],[-0.30034,51.51163],[-0.29718,51.51169],[-0.29744,51.51245],[-0.29695,51.51312],[-0.29898,51.51382],[-0.29913,51.51495],[-0.28847,51.51499],[-0.28242,51.51515],[-0.28236,51.51444],[-0.283,51.51442],[-0.28299,51.51353],[-0.28197,51.5094],[-0.28278,51.5094],[-0.28296,51.50836]]]},"properties":{"WD22NM":"Ealing Common","LAD22NM":"Ealing"}},{"type":"Feature","geometry":{"type":"Polygon","coordinates":[[[-0.24898,51.51389],[-0.24663,51.51125],[-0.24507,51.50677],[-0.24512,51.50674],[-0.24649,51.50673],[-0.2637,51.50651],[-0.26274,51.50895],[-0.26342,51.50915],[-0.26346,51.51068],[-0.26426,51.51061],[-0.26416,51.51264],[-0.26489,51.51262],[-0.26532,51.51376],[-0.26989,51.51336],[-0.26785,51.51612],[-0.26646,51.51692],[-0.26641,51.51731],[-0.2598,51.51908],[-0.2518,51.52211],[-0.25028,51.52016],[-0.2507,51.51948],[-0.25058,51.51854],[-0.24898,51.51389]]]},"properties":{"WD22NM":"East Acton","LAD22NM":"Ealing"}},{"type":"Feature","geometry":{"type":"Polygon","coordinates":[[[-0.36576,51.53983],[-0.36193,51.53929],[-0.35013,51.53678],[-0.35108,51.53545],[-0.34965,51.53522],[-0.34981,51.53491],[-0.35138,51.53485],[-0.35213,51.53363],[-0.35086,51.53313],[-0.35257,51.53185],[-0.3503,51.53095],[-0.35231,51.52748],[-0.34894,51.52717],[-0.34949,51.52658],[-0.3489,51.5242],[-0.35079,51.52236],[-0.35112,51.52158],[-0.35296,51.52183],[-0.35361,51.52113],[-0.35443,51.52115],[-0.35401,51.52255],[-0.3576,51.52313],[-0.35719,51.52382],[-0.3564,51.52455],[-0.35732,51.52544],[-0.35595,51.52672],[-0.35863,51.52758],[-0.35871,51.52823],[-0.36027,51.52824],[-0.36063,51.52769],[-0.36118,51.52784],[-0.36135,51.52759],[-0.36193,51.52773],[-0.36173,51.52823],[-0.36365,51.52853],[-0.3637,51.5293],[-0.36329,51.52956],[-0.3645,51.53088],[-0.36725,51.53221],[-0.37471,51.53282],[-0.37636,51.52889],[-0.38098,51.52942],[-0.37988,51.53052],[-0.37884,51.53281],[-0.38039,51.53274],[-0.3788,51.5364],[-0.37725,51.53613],[-0.3771,51.53797],[-0.37521,51.53768],[-0.37463,51.53914],[-0.37595,51.53884],[-0.37693,51.53986],[-0.377,51.54084],[-0.37618,51.54234],[-0.36938,51.54039],[-0.36576,51.53983]]]},"properties":{"WD22NM":"Greenford Broadway","LAD22NM":"Ealing"}},{"type":"Feature","geometry":{"type":"Polygon","coordinates":[[[-0.28182,51.53811],[-0.27777,51.53507],[-0.27845,51.53457],[-0.27899,51.53321],[-0.28093,51.53258],[-0.28149,51.53324],[-0.28352,51.53282],[-0.28402,51.53352],[-0.28937,51.53167],[-0.28573,51.52918],[-0.28294,51.52884],[-0.28415,51.52697],[-0.28358,51.52352],[-0.28098,51.52348],[-0.28057,51.52152],[-0.28117,51.52107],[-0.28114,51.52052],[-0.28033,51.52008],[-0.2798,51.52046],[-0.27847,51.51974],[-0.28412,51.51582],[-0.28589,51.51524],[-0.28847,51.51499],[-0.29913,51.51495],[-0.29919,51.51544],[-0.30159,51.51562],[-0.30135,51.51612],[-0.30083,51.51601],[-0.29998,51.51644],[-0.29849,51.51774],[-0.29898,51.518],[-0.29849,51.51879],[-0.29941,51.51891],[-0.29875,51.52089],[-0.29875,51.52307],[-0.30199,51.52319],[-0.30297,51.52273],[-0.30566,51.52243],[-0.30698,51.52184],[-0.30848,51.52282],[-0.30831,51.52372],[-0.30937,51.52863],[-0.30991,51.52857],[-0.31001,51.52888],[-0.3124,51.52866],[-0.31268,51.52994],[-0.31233,51.53048],[-0.31156,51.53051],[-0.31132,51.52977],[-0.30939,51.52973],[-0.30828,51.53152],[-0.30708,51.53176],[-0.30346,51.5315],[-0.30271,51.53198],[-0.29953,51.53325],[-0.29657,51.53524],[-0.2958,51.5353],[-0.29515,51.53489],[-0.29327,51.53497],[-0.28673,51.53676],[-0.28246,51.53867],[-0.28182,51.53811]]]},"properties":{"WD22NM":"Hanger Hill","LAD22NM":"Ealing"}},{"type":"Feature","geometry":{"type":"Polygon","coordinates":[[[-0.31967,51.51336],[-0.31947,51.51088],[-0.32795,51.50957],[-0.32917,51.5096],[-0.32627,51.50422],[-0.33144,51.50266],[-0.33022,51.50175],[-0.33327,51.50009],[-0.33234,51.49948],[-0.33166,51.49989],[-0.33053,51.49953],[-0.32742,51.49603],[-0.32995,51.49508],[-0.33124,51.49555],[-0.33534,51.49621],[-0.33922,51.49845],[-0.34259,51.50164],[-0.34434,51.50275],[-0.34354,51.50332],[-0.34559,51.50509],[-0.34542,51.5054],[-0.34369,51.50584],[-0.34364,51.50696],[-0.34294,51.50793],[-0.3429,51.50942],[-0.34379,51.511],[-0.33647,51.51198],[-0.3197,51.51353],[-0.31967,51.51336]]]},"properties":{"WD22NM":"Hanwell Broadway","LAD22NM":"Ealing"}},{"type":"Feature","geometry":{"type":"Polygon","coordinates":[[[-0.35719,51.52382],[-0.3598,51.5243],[-0.35944,51.52472],[-0.36239,51.52586],[-0.36308,51.52517],[-0.36431,51.52473],[-0.36429,51.52337],[-0.36823,51.51867],[-0.36921,51.51659],[-0.37194,51.51674],[-0.37236,51.51576],[-0.37552,51.51602],[-0.3762,51.51665],[-0.37977,51.51686],[-0.38249,51.51726],[-0.38343,51.51749],[-0.38176,51.51864],[-0.37616,51.52492],[-0.37636,51.52889],[-0.37471,51.53282],[-0.36725,51.53221],[-0.3645,51.53088],[-0.36329,51.52956],[-0.3637,51.5293],[-0.36365,51.52853],[-0.36173,51.52823],[-0.36193,51.52773],[-0.36135,51.52759],[-0.36118,51.52784],[-0.36063,51.52769],[-0.36027,51.52824],[-0.35871,51.52823],[-0.35863,51.52758],[-0.35595,51.52672],[-0.35732,51.52544],[-0.3564,51.52455],[-0.35719,51.52382]]]},"properties":{"WD22NM":"Lady Margaret","LAD22NM":"Ealing"}},{"type":"Feature","geometry":{"type":"Polygon","coordinates":[[[-0.25564,51.53399],[-0.25232,51.53414],[-0.25112,51.5339],[-0.25075,51.53418],[-0.24734,51.53352],[-0.24629,51.53275],[-0.24697,51.53179],[-0.24525,51.53121],[-0.24693,51.53073],[-0.24962,51.52908],[-0.25044,51.52834],[-0.25004,51.5282],[-0.2506,51.52778],[-0.25027,51.52719],[-0.25251,51.52509],[-0.2518,51.52211],[-0.2598,51.51908],[-0.26641,51.51731],[-0.26646,51.51692],[-0.26785,51.51612],[-0.26989,51.51336],[-0.26532,51.51376],[-0.26489,51.51262],[-0.26416,51.51264],[-0.26426,51.51061],[-0.26884,51.51027],[-0.26899,51.5107],[-0.2695,51.51068],[-0.27181,51.51029],[-0.27241,51.50982],[-0.27487,51.51088],[-0.27432,51.51023],[-0.2749,51.51008],[-0.27452,51.50938],[-0.2752,51.50934],[-0.27502,51.50835],[-0.27775,51.50839],[-0.27776,51.50798],[-0.2791,51.50793],[-0.28296,51.50836],[-0.28278,51.5094],[-0.28197,51.5094],[-0.28299,51.51353],[-0.283,51.51442],[-0.28236,51.51444],[-0.28242,51.51515],[-0.28847,51.51499],[-0.28589,51.51524],[-0.28412,51.51582],[-0.27847,51.51974],[-0.2798,51.52046],[-0.28033,51.52008],[-0.28114,51.52052],[-0.28117,51.52107],[-0.28057,51.52152],[-0.28098,51.52348],[-0.28358,51.52352],[-0.28415,51.52697],[-0.28294,51.52884],[-0.28046,51.52841],[-0.27717,51.52923],[-0.27144,51.52995],[-0.27057,51.53005],[-0.27039,51.52977],[-0.26965,51.53],[-0.269,51.52974],[-0.26659,51.53051],[-0.26485,51.53164],[-0.26483,51.53219],[-0.26335,51.53268],[-0.26041,51.53454],[-0.25779,51.53534],[-0.25643,51.53494],[-0.25603,51.53395],[-0.25564,51.53399]]]},"properties":{"WD22NM":"North Acton","LAD22NM":"Ealing"}},{"type":"Feature","geometry":{"type":"Polygon","coordinates":[[[-0.33556,51.55658],[-0.327,51.55501],[-0.31776,51.55162],[-0.31254,51.54903],[-0.31147,51.54756],[-0.30858,51.54645],[-0.3071,51.54533],[-0.30887,51.54522],[-0.30798,51.54443],[-0.30851,51.5432],[-0.31018,51.54444],[-0.31196,51.54469],[-0.31927,51.54322],[-0.3221,51.54184],[-0.32302,51.54182],[-0.32265,51.54253],[-0.32352,51.54382],[-0.32572,51.54293],[-0.32542,51.54248],[-0.32693,51.543],[-0.32877,51.54266],[-0.32825,51.54203],[-0.32907,51.54172],[-0.33003,51.54169],[-0.33157,51.54215],[-0.3344,51.54243],[-0.33593,51.54298],[-0.3377,51.54568],[-0.33865,51.5462],[-0.34134,51.546],[-0.33906,51.55213],[-0.33775,51.55402],[-0.33902,51.55389],[-0.33918,51.55349],[-0.34146,51.55293],[-0.3464,51.5521],[-0.34968,51.55207],[-0.34957,51.55249],[-0.35099,51.55266],[-0.35113,51.55224],[-0.35406,51.55282],[-0.35412,51.55307],[-0.35581,51.55293],[-0.35637,51.55276],[-0.35658,51.55357],[-0.3576,51.55365],[-0.35935,51.55443],[-0.3601,51.55436],[-0.35981,51.55511],[-0.36175,51.55619],[-0.36233,51.55728],[-0.34753,51.55969],[-0.34396,51.55779],[-0.3383,51.55723],[-0.33556,51.55658]]]},"properties":{"WD22NM":"North Greenford","LAD22NM":"Ealing"}},{"type":"Feature","geometry":{"type":"Polygon","coordinates":[[[-0.33647,51.51198],[-0.34379,51.511],[-0.34606,51.51158],[-0.35056,51.51134],[-0.35173,51.51228],[-0.34996,51.51262],[-0.34979,51.51315],[-0.35083,51.51357],[-0.35075,51.51418],[-0.34909,51.51434],[-0.34822,51.51573],[-0.34916,51.51625],[-0.34928,51.51666],[-0.34828,51.5178],[-0.34844,51.51886],[-0.35112,51.52158],[-0.35079,51.52236],[-0.3489,51.5242],[-0.34949,51.52658],[-0.34894,51.52717],[-0.34738,51.52768],[-0.34543,51.52751],[-0.3421,51.52751],[-0.34029,51.52816],[-0.33991,51.52787],[-0.33866,51.52827],[-0.33694,51.52791],[-0.3341,51.52836],[-0.33357,51.52725],[-0.33462,51.52704],[-0.33187,51.52146],[-0.33225,51.52139],[-0.33191,51.52064],[-0.33141,51.52058],[-0.33086,51.51688],[-0.33026,51.51692],[-0.32971,51.51468],[-0.3302,51.5137],[-0.33137,51.51293],[-0.33647,51.51198]]]},"properties":{"WD22NM":"North Hanwell","LAD22NM":"Ealing"}},{"type":"Feature","geometry":{"type":"Polygon","coordinates":[[[-0.30694,51.50295],[-0.30581,51.49833],[-0.30069,51.49934],[-0.29992,51.49781],[-0.29753,51.49489],[-0.30109,51.49442],[-0.30133,51.49523],[-0.30583,51.49618],[-0.30542,51.49454],[-0.30838,51.49359],[-0.3119,51.49197],[-0.31392,51.49359],[-0.31439,51.49345],[-0.31508,51.49396],[-0.31445,51.49436],[-0.31571,51.49535],[-0.31527,51.49556],[-0.31577,51.4959],[-0.31919,51.49422],[-0.32341,51.4959],[-0.324,51.49577],[-0.32474,51.49601],[-0.32614,51.49503],[-0.32742,51.49603],[-0.33053,51.49953],[-0.33166,51.49989],[-0.33234,51.49948],[-0.33327,51.50009],[-0.33022,51.50175],[-0.33144,51.50266],[-0.32627,51.50422],[-0.32615,51.50396],[-0.32242,51.50533],[-0.31711,51.49954],[-0.31672,51.49968],[-0.31698,51.49996],[-0.31528,51.50053],[-0.31529,51.50111],[-0.30694,51.50295]]]},"properties":{"WD22NM":"Northfield","LAD22NM":"Ealing"}},{"type":"Feature","geometry":{"type":"Polygon","coordinates":[[[-0.35581,51.55293],[-0.35438,51.55109],[-0.35776,51.54839],[-0.35763,51.54799],[-0.35554,51.54874],[-0.35346,51.54767],[-0.35507,51.54664],[-0.35559,51.54715],[-0.35726,51.54675],[-0.35741,51.54617],[-0.35566,51.54528],[-0.35997,51.54467],[-0.36146,51.54418],[-0.36273,51.54276],[-0.36525,51.54108],[-0.36576,51.53983],[-0.36938,51.54039],[-0.37618,51.54234],[-0.38697,51.54599],[-0.39499,51.54804],[-0.39497,51.54876],[-0.39392,51.5487],[-0.38525,51.55117],[-0.37767,51.55469],[-0.37779,51.55499],[-0.37584,51.55306],[-0.37389,51.55391],[-0.37334,51.55403],[-0.37283,51.55372],[-0.36982,51.55459],[-0.36697,51.555],[-0.36657,51.55532],[-0.36252,51.55603],[-0.36233,51.55728],[-0.36175,51.55619],[-0.35981,51.55511],[-0.3601,51.55436],[-0.35935,51.55443],[-0.3576,51.55365],[-0.35658,51.55357],[-0.35637,51.55276],[-0.35581,51.55293]]]},"properties":{"WD22NM":"Northolt Mandeville","LAD22NM":"Ealing"}},{"type":"Feature","geometry":{"type":"Polygon","coordinates":[[[-0.37618,51.54234],[-0.377,51.54084],[-0.37693,51.53986],[-0.37595,51.53884],[-0.37463,51.53914],[-0.37521,51.53768],[-0.3771,51.53797],[-0.37725,51.53613],[-0.3788,51.5364],[-0.38039,51.53274],[-0.37884,51.53281],[-0.37988,51.53052],[-0.38098,51.52942],[-0.38652,51.53039],[-0.38709,51.52956],[-0.38926,51.5308],[-0.39232,51.5314],[-0.41106,51.53429],[-0.41181,51.53408],[-0.41225,51.53451],[-0.41346,51.53469],[-0.41383,51.53575],[-0.41484,51.53602],[-0.41532,51.53657],[-0.41738,51.53661],[-0.41745,51.5378],[-0.41945,51.53836],[-0.41957,51.53869],[-0.41814,51.53915],[-0.41939,51.53991],[-0.41939,51.54041],[-0.4183,51.54009],[-0.41676,51.54016],[-0.40483,51.54251],[-0.39765,51.54233],[-0.39525,51.54255],[-0.39622,51.54553],[-0.39654,51.54596],[-0.39787,51.54566],[-0.3987,51.54789],[-0.39487,51.54764],[-0.39499,51.54804],[-0.38697,51.54599],[-0.37618,51.54234]]]},"properties":{"WD22NM":"Northolt West End","LAD22NM":"Ealing"}},{"type":"Feature","geometry":{"type":"Polygon","coordinates":[[[-0.33534,51.49621],[-0.34209,51.49604],[-0.34977,51.49903],[-0.35068,51.49911],[-0.35801,51.49779],[-0.3619,51.49608],[-0.36298,51.49593],[-0.36361,51.49548],[-0.36371,51.4947],[-0.36536,51.49333],[-0.36578,51.49366],[-0.36695,51.49278],[-0.36836,51.4923],[-0.36791,51.4918],[-0.37185,51.49047],[-0.37193,51.49098],[-0.3724,51.49098],[-0.37378,51.49193],[-0.375,51.494],[-0.37582,51.4954],[-0.37786,51.49545],[-0.37787,51.49661],[-0.38183,51.49523],[-0.38455,51.4947],[-0.38511,51.49553],[-0.38564,51.49557],[-0.38592,51.49522],[-0.3865,51.49533],[-0.38515,51.49711],[-0.38375,51.49692],[-0.38332,51.49941],[-0.38064,51.49914],[-0.37667,51.49806],[-0.37594,51.50529],[-0.37903,51.5051],[-0.37873,51.5059],[-0.35472,51.50941],[-0.34379,51.511],[-0.3429,51.50942],[-0.34294,51.50793],[-0.34364,51.50696],[-0.34369,51.50584],[-0.34542,51.5054],[-0.34559,51.50509],[-0.34354,51.50332],[-0.34434,51.50275],[-0.34259,51.50164],[-0.33922,51.49845],[-0.33534,51.49621]]]},"properties":{"WD22NM":"Norwood Green","LAD22NM":"Ealing"}},{"type":"Feature","geometry":{"type":"Polygon","coordinates":[[[-0.30851,51.5432],[-0.3047,51.53986],[-0.30594,51.53943],[-0.30623,51.53423],[-0.30748,51.53307],[-0.30271,51.53198],[-0.30346,51.5315],[-0.30708,51.53176],[-0.30828,51.53152],[-0.30939,51.52973],[-0.31132,51.52977],[-0.31156,51.53051],[-0.31233,51.53048],[-0.31268,51.52994],[-0.31338,51.53027],[-0.3128,51.53113],[-0.3139,51.5312],[-0.31541,51.53046],[-0.3159,51.52918],[-0.31871,51.52889],[-0.32004,51.52999],[-0.3201,51.53099],[-0.32224,51.53155],[-0.32356,51.53092],[-0.32344,51.53018],[-0.32446,51.52991],[-0.32476,51.5292],[-0.32589,51.52895],[-0.32789,51.53024],[-0.32774,51.53098],[-0.32962,51.53097],[-0.33138,51.53142],[-0.33242,51.53086],[-0.33271,51.52882],[-0.3341,51.52836],[-0.33694,51.52791],[-0.33866,51.52827],[-0.33991,51.52787],[-0.34029,51.52816],[-0.3421,51.52751],[-0.34543,51.52751],[-0.34469,51.52812],[-0.34493,51.52884],[-0.34441,51.52972],[-0.34514,51.53123],[-0.34354,51.53169],[-0.34397,51.53219],[-0.34293,51.53246],[-0.34276,51.53294],[-0.34342,51.53275],[-0.34455,51.53389],[-0.34504,51.53502],[-0.34596,51.53522],[-0.34553,51.53597],[-0.33699,51.53442],[-0.33825,51.53742],[-0.33797,51.53829],[-0.33711,51.53902],[-0.33597,51.53943],[-0.33446,51.53953],[-0.32974,51.53841],[-0.32996,51.53972],[-0.33096,51.53967],[-0.33179,51.5413],[-0.33157,51.54215],[-0.33003,51.54169],[-0.32907,51.54172],[-0.32825,51.54203],[-0.32877,51.54266],[-0.32693,51.543],[-0.32542,51.54248],[-0.32572,51.54293],[-0.32352,51.54382],[-0.32265,51.54253],[-0.32302,51.54182],[-0.3221,51.54184],[-0.31927,51.54322],[-0.31196,51.54469],[-0.31018,51.54444],[-0.30851,51.5432]]]},"properties":{"WD22NM":"Perivale","LAD22NM":"Ealing"}},{"type":"Feature","geometry":{"type":"Polygon","coordinates":[[[-0.31268,51.52994],[-0.3124,51.52866],[-0.31001,51.52888],[-0.30991,51.52857],[-0.30937,51.52863],[-0.30831,51.52372],[-0.30848,51.52282],[-0.31144,51.5213],[-0.31613,51.52197],[-0.31722,51.52127],[-0.32304,51.52081],[-0.32261,51.51714],[-0.3197,51.51353],[-0.33647,51.51198],[-0.33137,51.51293],[-0.3302,51.5137],[-0.32971,51.51468],[-0.33026,51.51692],[-0.33086,51.51688],[-0.33141,51.52058],[-0.33191,51.52064],[-0.33225,51.52139],[-0.33187,51.52146],[-0.33462,51.52704],[-0.33357,51.52725],[-0.3341,51.52836],[-0.33271,51.52882],[-0.33242,51.53086],[-0.33138,51.53142],[-0.32962,51.53097],[-0.32774,51.53098],[-0.32789,51.53024],[-0.32589,51.52895],[-0.32476,51.5292],[-0.32446,51.52991],[-0.32344,51.53018],[-0.32356,51.53092],[-0.32224,51.53155],[-0.3201,51.53099],[-0.32004,51.52999],[-0.31871,51.52889],[-0.3159,51.52918],[-0.31541,51.53046],[-0.3139,51.5312],[-0.3128,51.53113],[-0.31338,51.53027],[-0.31268,51.52994]]]},"properties":{"WD22NM":"Pitshanger","LAD22NM":"Ealing"}},{"type":"Feature","geometry":{"type":"Polygon","coordinates":[[[-0.26426,51.51061],[-0.26346,51.51068],[-0.26342,51.50915],[-0.26274,51.50895],[-0.2637,51.50651],[-0.26536,51.50392],[-0.26777,51.5014],[-0.27047,51.49935],[-0.27422,51.49728],[-0.27787,51.49949],[-0.28076,51.50285],[-0.28044,51.50314],[-0.28342,51.50506],[-0.28387,51.50648],[-0.28303,51.50616],[-0.28296,51.50836],[-0.2791,51.50793],[-0.27776,51.50798],[-0.27775,51.50839],[-0.27502,51.50835],[-0.2752,51.50934],[-0.27452,51.50938],[-0.2749,51.51008],[-0.27432,51.51023],[-0.27487,51.51088],[-0.27241,51.50982],[-0.27181,51.51029],[-0.2695,51.51068],[-0.26899,51.5107],[-0.26884,51.51027],[-0.26426,51.51061]]]},"properties":{"WD22NM":"South Acton","LAD22NM":"Ealing"}},{"type":"Feature","geometry":{"type":"Polygon","coordinates":[[[-0.37977,51.51686],[-0.38012,51.51329],[-0.37974,51.51329],[-0.37953,51.51181],[-0.37621,51.51176],[-0.37553,51.51163],[-0.37556,51.51122],[-0.37144,51.51069],[-0.36649,51.5113],[-0.35472,51.50941],[-0.37873,51.5059],[-0.37847,51.50682],[-0.37931,51.50695],[-0.37964,51.50622],[-0.3801,51.50629],[-0.38018,51.50605],[-0.3848,51.5067],[-0.38453,51.50756],[-0.38591,51.50807],[-0.38469,51.51193],[-0.38416,51.512],[-0.38406,51.51231],[-0.38339,51.51229],[-0.38249,51.51726],[-0.37977,51.51686]]]},"properties":{"WD22NM":"Southall Broadway","LAD22NM":"Ealing"}},{"type":"Feature","geometry":{"type":"Polygon","coordinates":[[[-0.38455,51.4947],[-0.38708,51.49469],[-0.3893,51.49516],[-0.40688,51.49969],[-0.40387,51.50292],[-0.40386,51.50293],[-0.39412,51.50373],[-0.37873,51.5059],[-0.37903,51.5051],[-0.37594,51.50529],[-0.37667,51.49806],[-0.38064,51.49914],[-0.38332,51.49941],[-0.38375,51.49692],[-0.38515,51.49711],[-0.3865,51.49533],[-0.38592,51.49522],[-0.38564,51.49557],[-0.38511,51.49553],[-0.38455,51.4947]]]},"properties":{"WD22NM":"Southall Green","LAD22NM":"Ealing"}},{"type":"Feature","geometry":{"type":"Polygon","coordinates":[[[-0.38249,51.51726],[-0.38339,51.51229],[-0.38406,51.51231],[-0.38416,51.512],[-0.38469,51.51193],[-0.38591,51.50807],[-0.38453,51.50756],[-0.3848,51.5067],[-0.38018,51.50605],[-0.3801,51.50629],[-0.37964,51.50622],[-0.37931,51.50695],[-0.37847,51.50682],[-0.37873,51.5059],[-0.39412,51.50373],[-0.40386,51.50293],[-0.40276,51.50364],[-0.39985,51.50443],[-0.39357,51.50697],[-0.39284,51.50779],[-0.39042,51.5132],[-0.389,51.51474],[-0.38497,51.51636],[-0.38343,51.51749],[-0.38249,51.51726]]]},"properties":{"WD22NM":"Southall West","LAD22NM":"Ealing"}},{"type":"Feature","geometry":{"type":"Polygon","coordinates":[[[-0.25306,51.5014],[-0.25276,51.49991],[-0.255,51.49697],[-0.25509,51.49635],[-0.25549,51.49628],[-0.25541,51.49498],[-0.2689,51.49401],[-0.2714,51.4948],[-0.27246,51.49615],[-0.27422,51.49728],[-0.27047,51.49935],[-0.26777,51.5014],[-0.26536,51.50392],[-0.2637,51.50651],[-0.24649,51.50673],[-0.24568,51.50463],[-0.24799,51.50436],[-0.24806,51.50461],[-0.24926,51.50444],[-0.24941,51.50468],[-0.24991,51.50444],[-0.25249,51.50451],[-0.25252,51.50471],[-0.25374,51.50455],[-0.25364,51.50429],[-0.25507,51.50432],[-0.25334,51.50288],[-0.25306,51.5014]]]},"properties":{"WD22NM":"Southfield","LAD22NM":"Ealing"}},{"type":"Feature","geometry":{"type":"Polygon","coordinates":[[[-0.30557,51.51041],[-0.30516,51.50564],[-0.30556,51.50487],[-0.30685,51.50419],[-0.30694,51.50295],[-0.31529,51.50111],[-0.31528,51.50053],[-0.31698,51.49996],[-0.31672,51.49968],[-0.31711,51.49954],[-0.32242,51.50533],[-0.32615,51.50396],[-0.32627,51.50422],[-0.32917,51.5096],[-0.32795,51.50957],[-0.31947,51.51088],[-0.31967,51.51336],[-0.31433,51.51371],[-0.3135,51.51184],[-0.30921,51.51255],[-0.30896,51.51186],[-0.30719,51.5121],[-0.30708,51.51144],[-0.3054,51.51096],[-0.30557,51.51041]]]},"properties":{"WD22NM":"Walpole","LAD22NM":"Ealing"}},{"type":"Feature","geometry":{"type":"Polygon","coordinates":[[[-0.30113,51.60728],[-0.30787,51.60573],[-0.30707,51.60103],[-0.30779,51.60123],[-0.31019,51.60048],[-0.30981,51.60004],[-0.31145,51.59947],[-0.31181,51.59985],[-0.31349,51.5993],[-0.31319,51.59892],[-0.31376,51.59878],[-0.31352,51.59828],[-0.31425,51.59809],[-0.31606,51.59774],[-0.31523,51.59922],[-0.31777,51.60063],[-0.31867,51.60078],[-0.31895,51.60051],[-0.3199,51.60066],[-0.32122,51.59819],[-0.32248,51.6001],[-0.32364,51.59998],[-0.3259,51.60296],[-0.32764,51.60402],[-0.32799,51.60445],[-0.32636,51.60481],[-0.32647,51.60503],[-0.32737,51.60482],[-0.32795,51.6052],[-0.32767,51.60532],[-0.32868,51.60657],[-0.32918,51.60981],[-0.32734,51.60993],[-0.32709,51.60923],[-0.323,51.60994],[-0.3167,51.6097],[-0.31483,51.61057],[-0.31421,51.61049],[-0.31446,51.61032],[-0.3134,51.60985],[-0.31355,51.60941],[-0.31303,51.60925],[-0.31266,51.61013],[-0.3131,51.61093],[-0.31225,51.61063],[-0.31227,51.61167],[-0.31166,51.61175],[-0.31184,51.61209],[-0.31039,51.61218],[-0.31018,51.61261],[-0.30781,51.61222],[-0.30791,51.6126],[-0.30487,51.61281],[-0.3037,51.61104],[-0.30239,51.60992],[-0.30113,51.60728]]]},"properties":{"WD22NM":"Belmont","LAD22NM":"Harrow"}},{"type":"Feature","geometry":{"type":"Polygon","coordinates":[[[-0.28101,51.61228],[-0.2816,51.6123],[-0.28268,51.61148],[-0.28365,51.6115],[-0.28501,51.61093],[-0.28383,51.60984],[-0.2851,51.6093],[-0.28501,51.60887],[-0.28465,51.60846],[-0.28384,51.60868],[-0.28383,51.60842],[-0.28519,51.60787],[-0.28568,51.60824],[-0.28622,51.60821],[-0.28933,51.60734],[-0.29182,51.60711],[-0.2994,51.60678],[-0.30046,51.60639],[-0.30113,51.60728],[-0.30239,51.60992],[-0.3037,51.61104],[-0.30487,51.61281],[-0.30805,51.61801],[-0.30421,51.61972],[-0.29264,51.62175],[-0.28754,51.61715],[-0.28101,51.61228]]]},"properties":{"WD22NM":"Canons","LAD22NM":"Harrow"}},{"type":"Feature","geometry":{"type":"Polygon","coordinates":[[[-0.29182,51.60711],[-0.28808,51.60234],[-0.28829,51.60206],[-0.28757,51.60186],[-0.28444,51.59771],[-0.28563,51.59715],[-0.29014,51.59631],[-0.292,51.59609],[-0.29223,51.59648],[-0.29345,51.59507],[-0.29514,51.59602],[-0.29651,51.5961],[-0.29757,51.59564],[-0.29971,51.59578],[-0.30273,51.59519],[-0.30366,51.5953],[-0.30446,51.59508],[-0.3048,51.59456],[-0.30601,51.59425],[-0.30635,51.59466],[-0.31045,51.59353],[-0.31023,51.59311],[-0.31092,51.59295],[-0.31163,51.59281],[-0.31189,51.5932],[-0.31425,51.59809],[-0.31352,51.59828],[-0.31376,51.59878],[-0.31319,51.59892],[-0.31349,51.5993],[-0.31181,51.59985],[-0.31145,51.59947],[-0.30981,51.60004],[-0.31019,51.60048],[-0.30779,51.60123],[-0.30707,51.60103],[-0.30787,51.60573],[-0.30113,51.60728],[-0.30046,51.60639],[-0.2994,51.60678],[-0.29182,51.60711]]]},"properties":{"WD22NM":"Centenary","LAD22NM":"Harrow"}},{"type":"Feature","geometry":{"type":"Polygon","coordinates":[[[-0.28101,51.61228],[-0.27833,51.6098],[-0.26713,51.60037],[-0.27112,51.59832],[-0.27298,51.59837],[-0.27695,51.5969],[-0.27649,51.59652],[-0.28331,51.59575],[-0.28559,51.5952],[-0.28577,51.59475],[-0.28626,51.59495],[-0.28706,51.59456],[-0.29014,51.59631],[-0.28563,51.59715],[-0.28444,51.59771],[-0.28757,51.60186],[-0.28829,51.60206],[-0.28808,51.60234],[-0.29182,51.60711],[-0.28933,51.60734],[-0.28622,51.60821],[-0.28568,51.60824],[-0.28519,51.60787],[-0.28383,51.60842],[-0.28384,51.60868],[-0.28465,51.60846],[-0.28501,51.60887],[-0.2851,51.6093],[-0.28383,51.60984],[-0.28501,51.61093],[-0.28365,51.6115],[-0.28268,51.61148],[-0.2816,51.6123],[-0.28101,51.61228]]]},"properties":{"WD22NM":"Edgware","LAD22NM":"Harrow"}},{"type":"Feature","geometry":{"type":"Polygon","coordinates":[[[-0.31706,51.58211],[-0.32068,51.58026],[-0.32667,51.5786],[-0.32659,51.5783],[-0.33309,51.57724],[-0.33542,51.57718],[-0.33665,51.57743],[-0.33978,51.57946],[-0.34194,51.57943],[-0.34195,51.57983],[-0.34198,51.58062],[-0.34012,51.58175],[-0.33405,51.58192],[-0.33391,51.58334],[-0.33423,51.58333],[-0.3345,51.58444],[-0.33308,51.58452],[-0.33317,51.58514],[-0.33403,51.58507],[-0.33513,51.58644],[-0.33214,51.58673],[-0.33206,51.5871],[-0.3274,51.58781],[-0.32824,51.58819],[-0.32758,51.58871],[-0.32174,51.58556],[-0.31706,51.58211]]]},"properties":{"WD22NM":"Greenhill","LAD22NM":"Harrow"}},{"type":"Feature","geometry":{"type":"Polygon","coordinates":[[[-0.32659,51.5783],[-0.32541,51.57604],[-0.32472,51.57318],[-0.32213,51.56966],[-0.32515,51.56844],[-0.32505,51.56826],[-0.32972,51.56709],[-0.32962,51.56621],[-0.32865,51.56594],[-0.32823,51.56251],[-0.32976,51.56236],[-0.33119,51.56146],[-0.3339,51.55888],[-0.33396,51.55771],[-0.33489,51.55783],[-0.33556,51.55658],[-0.3383,51.55723],[-0.34396,51.55779],[-0.34753,51.55969],[-0.35099,51.56362],[-0.35262,51.56493],[-0.34927,51.56759],[-0.35308,51.56898],[-0.35126,51.57007],[-0.35182,51.57036],[-0.3509,51.57108],[-0.35028,51.57077],[-0.34893,51.57209],[-0.3513,51.57373],[-0.3499,51.57519],[-0.34894,51.57556],[-0.34355,51.57461],[-0.34253,51.57878],[-0.34194,51.57943],[-0.33978,51.57946],[-0.33665,51.57743],[-0.33542,51.57718],[-0.33309,51.57724],[-0.32659,51.5783]]]},"properties":{"WD22NM":"Harrow on the Hill","LAD22NM":"Harrow"}},{"type":"Feature","geometry":{"type":"Polygon","coordinates":[[[-0.32918,51.60981],[-0.32868,51.60657],[-0.32767,51.60532],[-0.32795,51.6052],[-0.32737,51.60482],[-0.32647,51.60503],[-0.32636,51.60481],[-0.32799,51.60445],[-0.32764,51.60402],[-0.32923,51.60383],[-0.32931,51.60339],[-0.3311,51.60308],[-0.33165,51.60348],[-0.33278,51.60316],[-0.33284,51.60368],[-0.33353,51.60381],[-0.3361,51.60291],[-0.3385,51.60252],[-0.33843,51.60202],[-0.33932,51.60175],[-0.33914,51.60144],[-0.34191,51.60034],[-0.34309,51.6014],[-0.34581,51.60042],[-0.34783,51.60016],[-0.34814,51.60053],[-0.34974,51.60033],[-0.34914,51.5998],[-0.34978,51.59929],[-0.35733,51.60287],[-0.35714,51.60385],[-0.3565,51.60385],[-0.3565,51.60444],[-0.35373,51.60444],[-0.35282,51.60385],[-0.35512,51.60941],[-0.36293,51.61725],[-0.36619,51.61838],[-0.36817,51.62065],[-0.36554,51.62133],[-0.36343,51.62254],[-0.36262,51.6235],[-0.36179,51.62373],[-0.35968,51.62526],[-0.34922,51.62691],[-0.34511,51.62833],[-0.33986,51.63074],[-0.34075,51.63006],[-0.33905,51.62804],[-0.34331,51.62419],[-0.34252,51.62255],[-0.34253,51.62094],[-0.33751,51.61649],[-0.33161,51.61331],[-0.3309,51.61339],[-0.33071,51.61206],[-0.33037,51.61211],[-0.3291,51.61025],[-0.32983,51.61017],[-0.32976,51.60977],[-0.32918,51.60981]]]},"properties":{"WD22NM":"Harrow Weald","LAD22NM":"Harrow"}},{"type":"Feature","geometry":{"type":"Polygon","coordinates":[[[-0.35733,51.60287],[-0.36506,51.60718],[-0.37049,51.60558],[-0.37201,51.60313],[-0.37233,51.60144],[-0.37312,51.6009],[-0.37938,51.60538],[-0.38246,51.60439],[-0.38373,51.60341],[-0.3848,51.60408],[-0.38533,51.605],[-0.38558,51.61073],[-0.38415,51.61057],[-0.38302,51.61201],[-0.38349,51.61453],[-0.38457,51.61617],[-0.38203,51.61742],[-0.37584,51.61819],[-0.36817,51.62065],[-0.36619,51.61838],[-0.36293,51.61725],[-0.35512,51.60941],[-0.35282,51.60385],[-0.35373,51.60444],[-0.3565,51.60444],[-0.3565,51.60385],[-0.35714,51.60385],[-0.35733,51.60287]]]},"properties":{"WD22NM":"Hatch End","LAD22NM":"Harrow"}},{"type":"Feature","geometry":{"type":"Polygon","coordinates":[[[-0.35733,51.60287],[-0.34978,51.59929],[-0.34614,51.59757],[-0.34914,51.59681],[-0.3429,51.58735],[-0.34362,51.58717],[-0.34391,51.5876],[-0.34539,51.5871],[-0.3444,51.58553],[-0.34435,51.58367],[-0.34322,51.58349],[-0.3426,51.58089],[-0.342,51.58093],[-0.34198,51.58062],[-0.34195,51.57983],[-0.34765,51.58031],[-0.35402,51.58193],[-0.35341,51.5827],[-0.35284,51.58251],[-0.35257,51.58287],[-0.35771,51.58467],[-0.35814,51.58433],[-0.3591,51.58465],[-0.35882,51.58499],[-0.36072,51.58625],[-0.36008,51.58696],[-0.3593,51.58713],[-0.35944,51.58781],[-0.35898,51.58786],[-0.35798,51.58923],[-0.36076,51.58987],[-0.36052,51.5902],[-0.36205,51.59066],[-0.36263,51.59027],[-0.3637,51.59031],[-0.36915,51.59846],[-0.37312,51.6009],[-0.37233,51.60144],[-0.37201,51.60313],[-0.37049,51.60558],[-0.36506,51.60718],[-0.35733,51.60287]]]},"properties":{"WD22NM":"Headstone","LAD22NM":"Harrow"}},{"type":"Feature","geometry":{"type":"Polygon","coordinates":[[[-0.29014,51.59631],[-0.28706,51.59456],[-0.2904,51.59357],[-0.28907,51.59291],[-0.28658,51.59227],[-0.28463,51.59101],[-0.28334,51.58888],[-0.28225,51.58574],[-0.28245,51.58505],[-0.30077,51.58724],[-0.30407,51.58716],[-0.30679,51.58656],[-0.30709,51.5871],[-0.30825,51.58767],[-0.30884,51.58936],[-0.31084,51.5916],[-0.31115,51.59232],[-0.31058,51.59247],[-0.31092,51.59295],[-0.31023,51.59311],[-0.31045,51.59353],[-0.30635,51.59466],[-0.30601,51.59425],[-0.3048,51.59456],[-0.30446,51.59508],[-0.30366,51.5953],[-0.30273,51.59519],[-0.29971,51.59578],[-0.29757,51.59564],[-0.29651,51.5961],[-0.29514,51.59602],[-0.29345,51.59507],[-0.29223,51.59648],[-0.292,51.59609],[-0.29014,51.59631]]]},"properties":{"WD22NM":"Kenton East","LAD22NM":"Harrow"}},{"type":"Feature","geometry":{"type":"Polygon","coordinates":[[[-0.31425,51.59809],[-0.31189,51.5932],[-0.31163,51.59281],[-0.31092,51.59295],[-0.31058,51.59247],[-0.31115,51.59232],[-0.31084,51.5916],[-0.30884,51.58936],[-0.30825,51.58767],[-0.30709,51.5871],[-0.30679,51.58656],[-0.31305,51.58426],[-0.31706,51.58211],[-0.32174,51.58556],[-0.32758,51.58871],[-0.33194,51.59082],[-0.32879,51.59037],[-0.32814,51.59091],[-0.32549,51.59087],[-0.32376,51.59168],[-0.32196,51.59379],[-0.32122,51.59819],[-0.3199,51.60066],[-0.31895,51.60051],[-0.31867,51.60078],[-0.31777,51.60063],[-0.31523,51.59922],[-0.31606,51.59774],[-0.31425,51.59809]]]},"properties":{"WD22NM":"Kenton West","LAD22NM":"Harrow"}},{"type":"Feature","geometry":{"type":"Polygon","coordinates":[[[-0.33818,51.59379],[-0.33194,51.59082],[-0.32758,51.58871],[-0.32824,51.58819],[-0.3274,51.58781],[-0.33206,51.5871],[-0.33214,51.58673],[-0.33513,51.58644],[-0.33403,51.58507],[-0.33317,51.58514],[-0.33308,51.58452],[-0.3345,51.58444],[-0.33423,51.58333],[-0.33391,51.58334],[-0.33405,51.58192],[-0.34012,51.58175],[-0.34198,51.58062],[-0.342,51.58093],[-0.3426,51.58089],[-0.34322,51.58349],[-0.34435,51.58367],[-0.3444,51.58553],[-0.34539,51.5871],[-0.34391,51.5876],[-0.34362,51.58717],[-0.3429,51.58735],[-0.34914,51.59681],[-0.34614,51.59757],[-0.33818,51.59379]]]},"properties":{"WD22NM":"Marlborough","LAD22NM":"Harrow"}},{"type":"Feature","geometry":{"type":"Polygon","coordinates":[[[-0.34765,51.58031],[-0.35072,51.58015],[-0.35331,51.57956],[-0.36352,51.57539],[-0.36687,51.57488],[-0.37021,51.57499],[-0.37062,51.57507],[-0.36816,51.57811],[-0.36867,51.57829],[-0.37027,51.57793],[-0.37045,51.57913],[-0.37086,51.57908],[-0.37337,51.58435],[-0.36494,51.58584],[-0.36936,51.58775],[-0.36949,51.58887],[-0.36438,51.58692],[-0.36371,51.58735],[-0.36319,51.587],[-0.36269,51.58762],[-0.36362,51.5886],[-0.36453,51.58898],[-0.3637,51.59031],[-0.36263,51.59027],[-0.36205,51.59066],[-0.36052,51.5902],[-0.36076,51.58987],[-0.35798,51.58923],[-0.35898,51.58786],[-0.35944,51.58781],[-0.3593,51.58713],[-0.36008,51.58696],[-0.36072,51.58625],[-0.35882,51.58499],[-0.3591,51.58465],[-0.35814,51.58433],[-0.35771,51.58467],[-0.35257,51.58287],[-0.35284,51.58251],[-0.35341,51.5827],[-0.35402,51.58193],[-0.34765,51.58031]]]},"properties":{"WD22NM":"North Harrow","LAD22NM":"Harrow"}},{"type":"Feature","geometry":{"type":"Polygon","coordinates":[[[-0.37312,51.6009],[-0.36915,51.59846],[-0.3637,51.59031],[-0.36453,51.58898],[-0.36362,51.5886],[-0.36269,51.58762],[-0.36319,51.587],[-0.36371,51.58735],[-0.36438,51.58692],[-0.36949,51.58887],[-0.36936,51.58775],[-0.38582,51.59473],[-0.38975,51.59569],[-0.39767,51.59688],[-0.40031,51.59742],[-0.39995,51.59822],[-0.40126,51.59969],[-0.40234,51.60194],[-0.40251,51.60519],[-0.40235,51.60612],[-0.40176,51.60662],[-0.40322,51.6091],[-0.40405,51.61318],[-0.40399,51.61318],[-0.39947,51.61341],[-0.39268,51.61518],[-0.38587,51.61582],[-0.38457,51.61617],[-0.38349,51.61453],[-0.38302,51.61201],[-0.38415,51.61057],[-0.38558,51.61073],[-0.38533,51.605],[-0.3848,51.60408],[-0.38373,51.60341],[-0.38246,51.60439],[-0.37938,51.60538],[-0.37312,51.6009]]]},"properties":{"WD22NM":"Pinner","LAD22NM":"Harrow"}},{"type":"Feature","geometry":{"type":"Polygon","coordinates":[[[-0.36936,51.58775],[-0.36494,51.58584],[-0.37337,51.58435],[-0.37086,51.57908],[-0.37045,51.57913],[-0.37027,51.57793],[-0.36867,51.57829],[-0.36816,51.57811],[-0.37062,51.57507],[-0.3799,51.57653],[-0.38099,51.575],[-0.38067,51.57432],[-0.38098,51.57381],[-0.38326,51.57296],[-0.38587,51.57091],[-0.38644,51.57156],[-0.38569,51.57215],[-0.38805,51.57497],[-0.38749,51.57529],[-0.38859,51.57776],[-0.39155,51.58156],[-0.39103,51.58172],[-0.39101,51.58307],[-0.39201,51.58833],[-0.39445,51.59045],[-0.39547,51.5902],[-0.39553,51.5906],[-0.39649,51.59509],[-0.39767,51.59688],[-0.38975,51.59569],[-0.38582,51.59473],[-0.36936,51.58775]]]},"properties":{"WD22NM":"Pinner South","LAD22NM":"Harrow"}},{"type":"Feature","geometry":{"type":"Polygon","coordinates":[[[-0.37062,51.57507],[-0.37021,51.57499],[-0.36514,51.57337],[-0.36535,51.57065],[-0.36597,51.57064],[-0.36601,51.56948],[-0.37593,51.56951],[-0.37375,51.56632],[-0.37692,51.56537],[-0.38195,51.56307],[-0.38248,51.56372],[-0.38238,51.56471],[-0.38328,51.56725],[-0.38587,51.57091],[-0.38326,51.57296],[-0.38098,51.57381],[-0.38067,51.57432],[-0.38099,51.575],[-0.3799,51.57653],[-0.37062,51.57507]]]},"properties":{"WD22NM":"Rayners Lane","LAD22NM":"Harrow"}},{"type":"Feature","geometry":{"type":"Polygon","coordinates":[[[-0.35677,51.56815],[-0.35829,51.56744],[-0.36146,51.5651],[-0.38009,51.55958],[-0.38029,51.56068],[-0.38236,51.5629],[-0.38195,51.56307],[-0.37692,51.56537],[-0.37375,51.56632],[-0.37593,51.56951],[-0.36601,51.56948],[-0.36597,51.57064],[-0.36535,51.57065],[-0.36514,51.57337],[-0.35963,51.57034],[-0.35677,51.56815]]]},"properties":{"WD22NM":"Roxbourne","LAD22NM":"Harrow"}},{"type":"Feature","geometry":{"type":"Polygon","coordinates":[[[-0.34753,51.55969],[-0.36233,51.55728],[-0.36252,51.55603],[-0.36657,51.55532],[-0.36697,51.555],[-0.36982,51.55459],[-0.37283,51.55372],[-0.37334,51.55403],[-0.37389,51.55391],[-0.37584,51.55306],[-0.37779,51.55499],[-0.38027,51.55911],[-0.38009,51.55958],[-0.36146,51.5651],[-0.35829,51.56744],[-0.35677,51.56815],[-0.35308,51.56898],[-0.34927,51.56759],[-0.35262,51.56493],[-0.35099,51.56362],[-0.34753,51.55969]]]},"properties":{"WD22NM":"Roxeth","LAD22NM":"Harrow"}},{"type":"Feature","geometry":{"type":"Polygon","coordinates":[[[-0.30446,51.63635],[-0.30557,51.63412],[-0.30446,51.63203],[-0.29264,51.62175],[-0.30421,51.61972],[-0.30805,51.61801],[-0.30487,51.61281],[-0.30791,51.6126],[-0.30781,51.61222],[-0.31018,51.61261],[-0.31039,51.61218],[-0.31184,51.61209],[-0.31166,51.61175],[-0.31227,51.61167],[-0.31225,51.61063],[-0.3131,51.61093],[-0.31266,51.61013],[-0.31303,51.60925],[-0.31355,51.60941],[-0.3134,51.60985],[-0.31446,51.61032],[-0.31421,51.61049],[-0.31483,51.61057],[-0.3167,51.6097],[-0.323,51.60994],[-0.32709,51.60923],[-0.32734,51.60993],[-0.32918,51.60981],[-0.32976,51.60977],[-0.32983,51.61017],[-0.3291,51.61025],[-0.33037,51.61211],[-0.33071,51.61206],[-0.3309,51.61339],[-0.33161,51.61331],[-0.33751,51.61649],[-0.34253,51.62094],[-0.34252,51.62255],[-0.34331,51.62419],[-0.33905,51.62804],[-0.34075,51.63006],[-0.33986,51.63074],[-0.33828,51.62947],[-0.33309,51.63338],[-0.33297,51.63384],[-0.33258,51.63374],[-0.32998,51.63534],[-0.32655,51.63672],[-0.31979,51.63822],[-0.31755,51.64022],[-0.31667,51.64054],[-0.31232,51.63896],[-0.30538,51.63711],[-0.30446,51.63635]]]},"properties":{"WD22NM":"Stanmore","LAD22NM":"Harrow"}},{"type":"Feature","geometry":{"type":"Polygon","coordinates":[[[-0.32364,51.59998],[-0.32442,51.59954],[-0.32474,51.59992],[-0.32969,51.59841],[-0.33015,51.5982],[-0.32987,51.59793],[-0.33038,51.59781],[-0.33068,51.59807],[-0.33356,51.59742],[-0.33395,51.59759],[-0.33424,51.5972],[-0.33498,51.59709],[-0.3357,51.59739],[-0.33599,51.59712],[-0.33667,51.59749],[-0.33717,51.59724],[-0.33655,51.59667],[-0.33698,51.59638],[-0.33664,51.59595],[-0.33592,51.59593],[-0.3358,51.59516],[-0.33625,51.59514],[-0.33642,51.59468],[-0.33756,51.59447],[-0.33787,51.59421],[-0.3375,51.59396],[-0.33818,51.59379],[-0.34614,51.59757],[-0.34978,51.59929],[-0.34914,51.5998],[-0.34974,51.60033],[-0.34814,51.60053],[-0.34783,51.60016],[-0.34581,51.60042],[-0.34309,51.6014],[-0.34191,51.60034],[-0.33914,51.60144],[-0.33932,51.60175],[-0.33843,51.60202],[-0.3385,51.60252],[-0.3361,51.60291],[-0.33353,51.60381],[-0.33284,51.60368],[-0.33278,51.60316],[-0.33165,51.60348],[-0.3311,51.60308],[-0.32931,51.60339],[-0.32923,51.60383],[-0.32764,51.60402],[-0.3259,51.60296],[-0.32364,51.59998]]]},"properties":{"WD22NM":"Wealdstone North","LAD22NM":"Harrow"}},{"type":"Feature","geometry":{"type":"Polygon","coordinates":[[[-0.32122,51.59819],[-0.32196,51.59379],[-0.32376,51.59168],[-0.32549,51.59087],[-0.32814,51.59091],[-0.32879,51.59037],[-0.33194,51.59082],[-0.33818,51.59379],[-0.3375,51.59396],[-0.33787,51.59421],[-0.33756,51.59447],[-0.33642,51.59468],[-0.33625,51.59514],[-0.3358,51.59516],[-0.33592,51.59593],[-0.33664,51.59595],[-0.33698,51.59638],[-0.33655,51.59667],[-0.33717,51.59724],[-0.33667,51.59749],[-0.33599,51.59712],[-0.3357,51.59739],[-0.33498,51.59709],[-0.33424,51.5972],[-0.33395,51.59759],[-0.33356,51.59742],[-0.33068,51.59807],[-0.33038,51.59781],[-0.32987,51.59793],[-0.33015,51.5982],[-0.32969,51.59841],[-0.32474,51.59992],[-0.32442,51.59954],[-0.32364,51.59998],[-0.32248,51.6001],[-0.32122,51.59819]]]},"properties":{"WD22NM":"Wealdstone South","LAD22NM":"Harrow"}},{"type":"Feature","geometry":{"type":"Polygon","coordinates":[[[-0.34195,51.57983],[-0.34194,51.57943],[-0.34253,51.57878],[-0.34355,51.57461],[-0.34894,51.57556],[-0.3499,51.57519],[-0.3513,51.57373],[-0.34893,51.57209],[-0.35028,51.57077],[-0.3509,51.57108],[-0.35182,51.57036],[-0.35126,51.57007],[-0.35308,51.56898],[-0.35677,51.56815],[-0.35963,51.57034],[-0.36514,51.57337],[-0.37021,51.57499],[-0.36687,51.57488],[-0.36352,51.57539],[-0.35331,51.57956],[-0.35072,51.58015],[-0.34765,51.58031],[-0.34195,51.57983]]]},"properties":{"WD22NM":"West Harrow","LAD22NM":"Harrow"}},{"type":"Feature","geometry":{"type":"Polygon","coordinates":[[[-0.38343,51.51749],[-0.38497,51.51636],[-0.389,51.51474],[-0.39042,51.5132],[-0.39329,51.51376],[-0.398,51.5155],[-0.40143,51.51615],[-0.40428,51.51749],[-0.40916,51.51827],[-0.42208,51.52289],[-0.41932,51.52624],[-0.42148,51.52683],[-0.42007,51.52976],[-0.41657,51.53154],[-0.41684,51.53182],[-0.41618,51.53205],[-0.41675,51.53265],[-0.41183,51.534],[-0.41214,51.53083],[-0.41083,51.53013],[-0.41103,51.52866],[-0.40975,51.52777],[-0.4078,51.52716],[-0.40698,51.52635],[-0.40521,51.5267],[-0.40387,51.52628],[-0.4016,51.52609],[-0.39676,51.52306],[-0.39469,51.52097],[-0.39446,51.52005],[-0.39053,51.51815],[-0.39025,51.51774],[-0.3886,51.51757],[-0.38461,51.51798],[-0.38343,51.51749]]]},"properties":{"WD22NM":"Belmore","LAD22NM":"Hillingdon"}},{"type":"Feature","geometry":{"type":"Polygon","coordinates":[[[-0.41806,51.54171],[-0.41746,51.54116],[-0.41799,51.54055],[-0.41676,51.54016],[-0.4183,51.54009],[-0.41939,51.54041],[-0.41939,51.53991],[-0.41814,51.53915],[-0.41957,51.53869],[-0.41945,51.53836],[-0.41745,51.5378],[-0.41738,51.53661],[-0.41532,51.53657],[-0.41484,51.53602],[-0.41383,51.53575],[-0.41346,51.53469],[-0.41225,51.53451],[-0.41181,51.53408],[-0.41183,51.534],[-0.41675,51.53265],[-0.41618,51.53205],[-0.41684,51.53182],[-0.41657,51.53154],[-0.42007,51.52976],[-0.42148,51.52683],[-0.41932,51.52624],[-0.42208,51.52289],[-0.43566,51.5255],[-0.43839,51.52647],[-0.44148,51.53021],[-0.4415,51.53141],[-0.44066,51.53121],[-0.44038,51.53217],[-0.44109,51.53415],[-0.44184,51.53503],[-0.44137,51.53655],[-0.4375,51.53746],[-0.4373,51.53729],[-0.43427,51.53861],[-0.43448,51.53874],[-0.43259,51.53983],[-0.43137,51.53904],[-0.42756,51.54033],[-0.42442,51.54087],[-0.42413,51.54137],[-0.41915,51.54236],[-0.41806,51.54171]]]},"properties":{"WD22NM":"Charville","LAD22NM":"Hillingdon"}},{"type":"Feature","geometry":{"type":"Polygon","coordinates":[[[-0.45288,51.5328],[-0.44369,51.52843],[-0.43839,51.52647],[-0.4401,51.52559],[-0.44226,51.52302],[-0.44755,51.52292],[-0.44564,51.52038],[-0.44373,51.51894],[-0.44462,51.51831],[-0.44707,51.5178],[-0.44915,51.51568],[-0.45105,51.51569],[-0.45184,51.51707],[-0.45358,51.51798],[-0.45798,51.51851],[-0.45948,51.51838],[-0.46018,51.51998],[-0.46203,51.51955],[-0.46291,51.52145],[-0.46295,51.52273],[-0.46351,51.52278],[-0.46412,51.52224],[-0.46564,51.52238],[-0.4719,51.52185],[-0.47312,51.52094],[-0.4737,51.51977],[-0.47511,51.51875],[-0.47517,51.51834],[-0.47605,51.51828],[-0.4769,51.51749],[-0.47908,51.52015],[-0.48037,51.52092],[-0.48659,51.51885],[-0.49122,51.51853],[-0.49163,51.5189],[-0.49037,51.52017],[-0.49117,51.52128],[-0.49052,51.52248],[-0.49026,51.52459],[-0.49082,51.52644],[-0.48946,51.52762],[-0.48897,51.52909],[-0.48592,51.52984],[-0.48561,51.52858],[-0.48125,51.52848],[-0.48239,51.52665],[-0.47768,51.52675],[-0.47763,51.52646],[-0.47644,51.52647],[-0.4765,51.52853],[-0.47506,51.52889],[-0.47634,51.53022],[-0.47611,51.53473],[-0.47223,51.53481],[-0.47095,51.53479],[-0.47057,51.53574],[-0.46942,51.53598],[-0.46548,51.53535],[-0.45877,51.53531],[-0.45288,51.5328]]]},"properties":{"WD22NM":"Colham & Cowley","LAD22NM":"Hillingdon"}},{"type":"Feature","geometry":{"type":"Polygon","coordinates":[[[-0.39553,51.5906],[-0.39547,51.5902],[-0.39445,51.59045],[-0.39201,51.58833],[-0.39101,51.58307],[-0.39103,51.58172],[-0.39155,51.58156],[-0.38859,51.57776],[-0.38749,51.57529],[-0.38805,51.57497],[-0.38569,51.57215],[-0.38644,51.57156],[-0.38587,51.57091],[-0.3919,51.56727],[-0.3973,51.56708],[-0.39796,51.5667],[-0.39918,51.56657],[-0.4008,51.56529],[-0.40423,51.5685],[-0.40708,51.57445],[-0.40773,51.57431],[-0.40804,51.57482],[-0.40809,51.57514],[-0.4089,51.57523],[-0.40771,51.5759],[-0.40783,51.57627],[-0.40875,51.57698],[-0.40966,51.57876],[-0.40979,51.58043],[-0.40888,51.5808],[-0.40961,51.58242],[-0.40938,51.5834],[-0.40972,51.58361],[-0.4113,51.58349],[-0.41163,51.58409],[-0.41399,51.58564],[-0.41638,51.58519],[-0.41681,51.58581],[-0.41713,51.58572],[-0.41853,51.58814],[-0.41892,51.58905],[-0.41476,51.58985],[-0.41294,51.59032],[-0.41262,51.58954],[-0.41043,51.58967],[-0.41064,51.59043],[-0.4114,51.59041],[-0.41156,51.59079],[-0.41056,51.59168],[-0.4076,51.5899],[-0.40688,51.59094],[-0.40545,51.59171],[-0.40454,51.59096],[-0.40514,51.59068],[-0.40481,51.58985],[-0.40389,51.58993],[-0.40307,51.58851],[-0.39799,51.59017],[-0.39553,51.5906]]]},"properties":{"WD22NM":"Eastcote","LAD22NM":"Hillingdon"}},{"type":"Feature","geometry":{"type":"Polygon","coordinates":[[[-0.45976,51.61314],[-0.45716,51.6123],[-0.45322,51.61133],[-0.45115,51.61035],[-0.45336,51.60918],[-0.45601,51.60843],[-0.45868,51.60714],[-0.45659,51.60503],[-0.45698,51.60402],[-0.45658,51.60357],[-0.45704,51.60262],[-0.45677,51.60209],[-0.45977,51.60093],[-0.46156,51.59978],[-0.46142,51.59936],[-0.46235,51.59839],[-0.46279,51.59551],[-0.46385,51.59432],[-0.46399,51.59306],[-0.46509,51.59227],[-0.46373,51.5917],[-0.4644,51.5905],[-0.46433,51.58875],[-0.47182,51.59086],[-0.47547,51.59216],[-0.47603,51.59273],[-0.47624,51.59247],[-0.47969,51.59412],[-0.47994,51.59399],[-0.48267,51.5965],[-0.48494,51.59625],[-0.48679,51.59657],[-0.49963,51.5967],[-0.50054,51.59852],[-0.5006,51.59969],[-0.50088,51.60018],[-0.50033,51.60125],[-0.4991,51.60138],[-0.49764,51.60088],[-0.49669,51.60138],[-0.49631,51.6024],[-0.49716,51.60322],[-0.49726,51.6049],[-0.49857,51.6083],[-0.49923,51.60893],[-0.49832,51.60948],[-0.49898,51.61015],[-0.49895,51.61111],[-0.49789,51.61324],[-0.49789,51.61425],[-0.49704,51.61492],[-0.49539,51.61869],[-0.49681,51.6205],[-0.49926,51.62111],[-0.50015,51.62207],[-0.50002,51.62368],[-0.49834,51.62478],[-0.49763,51.62667],[-0.50023,51.62866],[-0.49997,51.62917],[-0.49926,51.63048],[-0.49704,51.6317],[-0.49613,51.6317],[-0.49553,51.63116],[-0.49415,51.63105],[-0.49355,51.63056],[-0.49154,51.63077],[-0.48903,51.62759],[-0.48786,51.62676],[-0.47669,51.6219],[-0.46917,51.61683],[-0.45976,51.61314]]]},"properties":{"WD22NM":"Harefield Village","LAD22NM":"Hillingdon"}},{"type":"Feature","geometry":{"type":"Polygon","coordinates":[[[-0.4074,51.50277],[-0.41841,51.50293],[-0.41992,51.50122],[-0.42241,51.50219],[-0.42397,51.50134],[-0.42754,51.50279],[-0.4301,51.50265],[-0.4304,51.503],[-0.42979,51.5037],[-0.44321,51.50583],[-0.45018,51.50723],[-0.4496,51.50971],[-0.45105,51.51569],[-0.44915,51.51568],[-0.44707,51.5178],[-0.44462,51.51831],[-0.44373,51.51894],[-0.44025,51.51728],[-0.43698,51.51419],[-0.4341,51.51473],[-0.43135,51.51461],[-0.42612,51.5125],[-0.42444,51.51237],[-0.4248,51.51352],[-0.42736,51.51714],[-0.42694,51.5172],[-0.41973,51.51622],[-0.42002,51.51523],[-0.41823,51.51487],[-0.41788,51.51504],[-0.41296,51.51351],[-0.41245,51.51401],[-0.41077,51.51398],[-0.41222,51.51227],[-0.41091,51.51148],[-0.4052,51.51005],[-0.40418,51.51013],[-0.4074,51.50277]]]},"properties":{"WD22NM":"Hayes Town","LAD22NM":"Hillingdon"}},{"type":"Feature","geometry":{"type":"Polygon","coordinates":[[[-0.45294,51.49776],[-0.45332,51.4957],[-0.43347,51.49395],[-0.41187,51.49244],[-0.41262,51.48858],[-0.41334,51.48725],[-0.41396,51.4872],[-0.41452,51.48653],[-0.41461,51.48623],[-0.41401,51.48607],[-0.41467,51.48565],[-0.41682,51.48253],[-0.41646,51.48209],[-0.41681,51.48087],[-0.41501,51.4772],[-0.41493,51.47605],[-0.41582,51.47401],[-0.41473,51.47339],[-0.41296,51.47142],[-0.41131,51.47046],[-0.41113,51.46988],[-0.41966,51.4673],[-0.42027,51.46678],[-0.4217,51.4667],[-0.43358,51.46174],[-0.43661,51.45768],[-0.43473,51.45711],[-0.43504,51.45685],[-0.44146,51.45681],[-0.44398,51.45327],[-0.4494,51.45384],[-0.45376,51.45485],[-0.45396,51.45546],[-0.45541,51.45563],[-0.45535,51.45529],[-0.45577,51.45525],[-0.45864,51.45631],[-0.46128,51.45722],[-0.46959,51.45798],[-0.47356,51.45863],[-0.47588,51.46009],[-0.47612,51.46096],[-0.47712,51.46134],[-0.48586,51.46131],[-0.48961,51.46179],[-0.49221,51.46297],[-0.49386,51.46272],[-0.49699,51.46588],[-0.49812,51.46643],[-0.50035,51.46713],[-0.50374,51.46771],[-0.50628,51.46771],[-0.50732,51.46692],[-0.50878,51.4671],[-0.51028,51.46751],[-0.51015,51.46877],[-0.5097,51.46918],[-0.50874,51.46935],[-0.50767,51.47012],[-0.50594,51.47248],[-0.50349,51.48052],[-0.50196,51.48286],[-0.4987,51.48608],[-0.499,51.48672],[-0.49968,51.48683],[-0.49902,51.48786],[-0.49917,51.48858],[-0.49831,51.48846],[-0.49798,51.48888],[-0.49863,51.48926],[-0.49738,51.48988],[-0.49665,51.48983],[-0.49676,51.49049],[-0.49599,51.49054],[-0.49494,51.49132],[-0.49535,51.49205],[-0.49483,51.49266],[-0.49144,51.49306],[-0.49012,51.49458],[-0.48031,51.49441],[-0.46895,51.49544],[-0.46854,51.49825],[-0.46675,51.50271],[-0.46297,51.49885],[-0.45643,51.49794],[-0.45449,51.4983],[-0.45294,51.49776]]]},"properties":{"WD22NM":"Heathrow Villages","LAD22NM":"Hillingdon"}},{"type":"Feature","geometry":{"type":"Polygon","coordinates":[[[-0.43345,51.5495],[-0.41161,51.54806],[-0.41129,51.54732],[-0.41259,51.54728],[-0.41567,51.54632],[-0.41541,51.54552],[-0.41697,51.54501],[-0.41814,51.5436],[-0.41806,51.54171],[-0.41915,51.54236],[-0.42413,51.54137],[-0.42442,51.54087],[-0.42756,51.54033],[-0.43137,51.53904],[-0.43259,51.53983],[-0.43448,51.53874],[-0.43427,51.53861],[-0.4373,51.53729],[-0.4375,51.53746],[-0.44137,51.53655],[-0.44184,51.53503],[-0.44109,51.53415],[-0.44038,51.53217],[-0.44066,51.53121],[-0.4415,51.53141],[-0.44148,51.53021],[-0.43839,51.52647],[-0.44369,51.52843],[-0.45288,51.5328],[-0.45213,51.53605],[-0.45246,51.53797],[-0.45074,51.54107],[-0.45415,51.54195],[-0.45782,51.54172],[-0.45761,51.54239],[-0.45798,51.54238],[-0.45898,51.54359],[-0.45869,51.54397],[-0.45953,51.54436],[-0.45741,51.54592],[-0.45471,51.5468],[-0.45478,51.54756],[-0.45655,51.5473],[-0.45667,51.54805],[-0.45804,51.54794],[-0.4585,51.54817],[-0.45906,51.54795],[-0.45934,51.54816],[-0.45893,51.54835],[-0.45945,51.54875],[-0.46449,51.54784],[-0.46336,51.54906],[-0.46119,51.54991],[-0.46059,51.55073],[-0.45968,51.55388],[-0.45765,51.55443],[-0.4573,51.55513],[-0.44574,51.55363],[-0.44259,51.55264],[-0.43797,51.55052],[-0.43345,51.5495]]]},"properties":{"WD22NM":"Hillingdon East","LAD22NM":"Hillingdon"}},{"type":"Feature","geometry":{"type":"Polygon","coordinates":[[[-0.45288,51.5328],[-0.45877,51.53531],[-0.46548,51.53535],[-0.46942,51.53598],[-0.47057,51.53574],[-0.47095,51.53479],[-0.47223,51.53481],[-0.47221,51.53726],[-0.47609,51.53715],[-0.47922,51.54308],[-0.48066,51.54327],[-0.4812,51.54412],[-0.47985,51.54438],[-0.47786,51.54299],[-0.47535,51.54294],[-0.47351,51.54354],[-0.47251,51.54603],[-0.47129,51.5476],[-0.4705,51.54764],[-0.47048,51.54712],[-0.46907,51.54712],[-0.46867,51.54659],[-0.46521,51.54667],[-0.46449,51.54784],[-0.45945,51.54875],[-0.45893,51.54835],[-0.45934,51.54816],[-0.45906,51.54795],[-0.4585,51.54817],[-0.45804,51.54794],[-0.45667,51.54805],[-0.45655,51.5473],[-0.45478,51.54756],[-0.45471,51.5468],[-0.45741,51.54592],[-0.45953,51.54436],[-0.45869,51.54397],[-0.45898,51.54359],[-0.45798,51.54238],[-0.45761,51.54239],[-0.45782,51.54172],[-0.45415,51.54195],[-0.45074,51.54107],[-0.45246,51.53797],[-0.45213,51.53605],[-0.45288,51.5328]]]},"properties":{"WD22NM":"Hillingdon West","LAD22NM":"Hillingdon"}},{"type":"Feature","geometry":{"type":"Polygon","coordinates":[[[-0.46433,51.58875],[-0.462,51.58591],[-0.45997,51.58446],[-0.45951,51.58125],[-0.45766,51.58185],[-0.45525,51.5821],[-0.4487,51.58129],[-0.44795,51.57991],[-0.44665,51.58014],[-0.44277,51.5796],[-0.44367,51.57831],[-0.44183,51.57614],[-0.44224,51.57543],[-0.44456,51.5757],[-0.44583,51.57556],[-0.44648,51.57518],[-0.44798,51.57596],[-0.44907,51.57569],[-0.44928,51.57484],[-0.45026,51.57386],[-0.45206,51.57356],[-0.4523,51.57316],[-0.44303,51.57136],[-0.43108,51.56762],[-0.42142,51.56444],[-0.42176,51.56371],[-0.4228,51.56325],[-0.42374,51.56344],[-0.42212,51.56177],[-0.42075,51.55912],[-0.42366,51.5591],[-0.42326,51.55854],[-0.42029,51.55857],[-0.42007,51.55759],[-0.42091,51.55728],[-0.42231,51.55772],[-0.42292,51.55749],[-0.42476,51.5582],[-0.42582,51.55829],[-0.42675,51.55788],[-0.4275,51.55804],[-0.4296,51.55726],[-0.43097,51.55637],[-0.43115,51.55544],[-0.43084,51.5546],[-0.42869,51.55243],[-0.43271,51.55149],[-0.4335,51.55053],[-0.43345,51.5495],[-0.43797,51.55052],[-0.44259,51.55264],[-0.44574,51.55363],[-0.4573,51.55513],[-0.46805,51.5584],[-0.47701,51.55965],[-0.47752,51.56028],[-0.48042,51.56081],[-0.48104,51.56071],[-0.48075,51.56178],[-0.48279,51.56282],[-0.48225,51.56392],[-0.48322,51.56514],[-0.48258,51.56573],[-0.48476,51.56687],[-0.48401,51.5712],[-0.48506,51.5723],[-0.48553,51.57384],[-0.48454,51.5743],[-0.48403,51.57513],[-0.48806,51.57646],[-0.48812,51.57694],[-0.48894,51.57727],[-0.48947,51.57815],[-0.48855,51.57962],[-0.4896,51.58177],[-0.49483,51.58478],[-0.49494,51.58655],[-0.49574,51.58812],[-0.49721,51.58934],[-0.49791,51.59096],[-0.49882,51.59122],[-0.49862,51.5919],[-0.49954,51.59214],[-0.49878,51.59308],[-0.49857,51.59444],[-0.4994,51.59532],[-0.49963,51.5967],[-0.48679,51.59657],[-0.48494,51.59625],[-0.48267,51.5965],[-0.47994,51.59399],[-0.47969,51.59412],[-0.47624,51.59247],[-0.47603,51.59273],[-0.47547,51.59216],[-0.47182,51.59086],[-0.46433,51.58875]]]},"properties":{"WD22NM":"Ickenham & South Harefield","LAD22NM":"Hillingdon"}},{"type":"Feature","geometry":{"type":"Polygon","coordinates":[[[-0.41199,51.61419],[-0.41454,51.61304],[-0.41566,51.61205],[-0.41624,51.61057],[-0.4138,51.60979],[-0.4145,51.60883],[-0.41413,51.60872],[-0.41438,51.60833],[-0.41491,51.60836],[-0.41493,51.60753],[-0.41681,51.60508],[-0.41728,51.60475],[-0.41849,51.60503],[-0.41195,51.60173],[-0.41509,51.59839],[-0.41682,51.59871],[-0.4184,51.59701],[-0.42035,51.59588],[-0.42214,51.59715],[-0.42388,51.59652],[-0.42627,51.5967],[-0.42705,51.59811],[-0.4262,51.59921],[-0.4294,51.59915],[-0.43,51.60084],[-0.43073,51.60069],[-0.43163,51.60102],[-0.4324,51.60238],[-0.44614,51.60027],[-0.44398,51.59726],[-0.44556,51.59669],[-0.44799,51.59651],[-0.44779,51.59597],[-0.4489,51.59605],[-0.45298,51.59466],[-0.45391,51.59343],[-0.45277,51.59277],[-0.45384,51.59115],[-0.45367,51.59079],[-0.45991,51.5935],[-0.46109,51.59467],[-0.46279,51.59551],[-0.46235,51.59839],[-0.46142,51.59936],[-0.46156,51.59978],[-0.45977,51.60093],[-0.45677,51.60209],[-0.45704,51.60262],[-0.45658,51.60357],[-0.45698,51.60402],[-0.45659,51.60503],[-0.45868,51.60714],[-0.45601,51.60843],[-0.45336,51.60918],[-0.45115,51.61035],[-0.45322,51.61133],[-0.45716,51.6123],[-0.45535,51.6127],[-0.44888,51.61533],[-0.44555,51.61962],[-0.44326,51.6195],[-0.44058,51.62007],[-0.43828,51.61992],[-0.43273,51.61835],[-0.4284,51.61775],[-0.42648,51.61701],[-0.4209,51.61693],[-0.41662,51.61643],[-0.41199,51.61419]]]},"properties":{"WD22NM":"Northwood","LAD22NM":"Hillingdon"}},{"type":"Feature","geometry":{"type":"Polygon","coordinates":[[[-0.40405,51.61318],[-0.40322,51.6091],[-0.40176,51.60662],[-0.40235,51.60612],[-0.40251,51.60519],[-0.40234,51.60194],[-0.40126,51.59969],[-0.39995,51.59822],[-0.40031,51.59742],[-0.39767,51.59688],[-0.39649,51.59509],[-0.39553,51.5906],[-0.39799,51.59017],[-0.40307,51.58851],[-0.40389,51.58993],[-0.40481,51.58985],[-0.40514,51.59068],[-0.40454,51.59096],[-0.40545,51.59171],[-0.40688,51.59094],[-0.4076,51.5899],[-0.41056,51.59168],[-0.41156,51.59079],[-0.4114,51.59041],[-0.41064,51.59043],[-0.41043,51.58967],[-0.41262,51.58954],[-0.41294,51.59032],[-0.41476,51.58985],[-0.41583,51.5916],[-0.41887,51.59091],[-0.4214,51.59487],[-0.42007,51.59568],[-0.42035,51.59588],[-0.4184,51.59701],[-0.41682,51.59871],[-0.41509,51.59839],[-0.41195,51.60173],[-0.41849,51.60503],[-0.41728,51.60475],[-0.41681,51.60508],[-0.41493,51.60753],[-0.41491,51.60836],[-0.41438,51.60833],[-0.41413,51.60872],[-0.4145,51.60883],[-0.4138,51.60979],[-0.41624,51.61057],[-0.41566,51.61205],[-0.41454,51.61304],[-0.41199,51.61419],[-0.411,51.61379],[-0.40405,51.61318]]]},"properties":{"WD22NM":"Northwood Hills","LAD22NM":"Hillingdon"}},{"type":"Feature","geometry":{"type":"Polygon","coordinates":[[[-0.4074,51.50277],[-0.40387,51.50292],[-0.40688,51.49969],[-0.40926,51.50032],[-0.40966,51.49996],[-0.41087,51.49771],[-0.41055,51.49622],[-0.41139,51.49499],[-0.41187,51.49244],[-0.43347,51.49395],[-0.45332,51.4957],[-0.45294,51.49776],[-0.45084,51.50242],[-0.44996,51.50239],[-0.44809,51.5049],[-0.44601,51.50578],[-0.44321,51.50583],[-0.42979,51.5037],[-0.4304,51.503],[-0.4301,51.50265],[-0.42754,51.50279],[-0.42397,51.50134],[-0.42241,51.50219],[-0.41992,51.50122],[-0.41841,51.50293],[-0.4074,51.50277]]]},"properties":{"WD22NM":"Pinkwell","LAD22NM":"Hillingdon"}},{"type":"Feature","geometry":{"type":"Polygon","coordinates":[[[-0.42035,51.59588],[-0.42007,51.59568],[-0.4214,51.59487],[-0.41887,51.59091],[-0.41583,51.5916],[-0.41476,51.58985],[-0.41892,51.58905],[-0.41853,51.58814],[-0.41713,51.58572],[-0.41681,51.58581],[-0.41638,51.58519],[-0.41399,51.58564],[-0.41163,51.58409],[-0.4113,51.58349],[-0.40972,51.58361],[-0.40938,51.5834],[-0.40961,51.58242],[-0.40888,51.5808],[-0.40979,51.58043],[-0.40966,51.57876],[-0.40875,51.57698],[-0.40783,51.57627],[-0.40771,51.5759],[-0.4089,51.57523],[-0.40809,51.57514],[-0.40804,51.57482],[-0.4115,51.57435],[-0.41547,51.57323],[-0.42106,51.57251],[-0.42059,51.57157],[-0.42443,51.57045],[-0.43108,51.56762],[-0.44303,51.57136],[-0.4523,51.57316],[-0.45206,51.57356],[-0.45026,51.57386],[-0.44928,51.57484],[-0.44907,51.57569],[-0.44798,51.57596],[-0.44648,51.57518],[-0.44583,51.57556],[-0.44456,51.5757],[-0.44224,51.57543],[-0.44183,51.57614],[-0.44367,51.57831],[-0.44277,51.5796],[-0.44665,51.58014],[-0.44795,51.57991],[-0.4487,51.58129],[-0.45525,51.5821],[-0.45766,51.58185],[-0.45951,51.58125],[-0.45997,51.58446],[-0.462,51.58591],[-0.46433,51.58875],[-0.4644,51.5905],[-0.46373,51.5917],[-0.46509,51.59227],[-0.46399,51.59306],[-0.46385,51.59432],[-0.46279,51.59551],[-0.46109,51.59467],[-0.45991,51.5935],[-0.45367,51.59079],[-0.45384,51.59115],[-0.45277,51.59277],[-0.45391,51.59343],[-0.45298,51.59466],[-0.4489,51.59605],[-0.44779,51.59597],[-0.44799,51.59651],[-0.44556,51.59669],[-0.44398,51.59726],[-0.44614,51.60027],[-0.4324,51.60238],[-0.43163,51.60102],[-0.43073,51.60069],[-0.43,51.60084],[-0.4294,51.59915],[-0.4262,51.59921],[-0.42705,51.59811],[-0.42627,51.5967],[-0.42388,51.59652],[-0.42214,51.59715],[-0.42035,51.59588]]]},"properties":{"WD22NM":"Ruislip","LAD22NM":"Hillingdon"}},{"type":"Feature","geometry":{"type":"Polygon","coordinates":[[[-0.4008,51.56529],[-0.40187,51.56434],[-0.40354,51.56381],[-0.40535,51.56266],[-0.40812,51.56174],[-0.40911,51.56178],[-0.41149,51.56117],[-0.42142,51.56444],[-0.43108,51.56762],[-0.42443,51.57045],[-0.42059,51.57157],[-0.42106,51.57251],[-0.41547,51.57323],[-0.4115,51.57435],[-0.40804,51.57482],[-0.40773,51.57431],[-0.40708,51.57445],[-0.40423,51.5685],[-0.4008,51.56529]]]},"properties":{"WD22NM":"Ruislip Manor","LAD22NM":"Hillingdon"}},{"type":"Feature","geometry":{"type":"Polygon","coordinates":[[[-0.38195,51.56307],[-0.38236,51.5629],[-0.38029,51.56068],[-0.38009,51.55958],[-0.38027,51.55911],[-0.37779,51.55499],[-0.37767,51.55469],[-0.38525,51.55117],[-0.39392,51.5487],[-0.39497,51.54876],[-0.39499,51.54804],[-0.39487,51.54764],[-0.3987,51.54789],[-0.39787,51.54566],[-0.39654,51.54596],[-0.39622,51.54553],[-0.39525,51.54255],[-0.39765,51.54233],[-0.40483,51.54251],[-0.41676,51.54016],[-0.41799,51.54055],[-0.41746,51.54116],[-0.41806,51.54171],[-0.41814,51.5436],[-0.41697,51.54501],[-0.41541,51.54552],[-0.41567,51.54632],[-0.41259,51.54728],[-0.41129,51.54732],[-0.41161,51.54806],[-0.43345,51.5495],[-0.4335,51.55053],[-0.43271,51.55149],[-0.42869,51.55243],[-0.43084,51.5546],[-0.43115,51.55544],[-0.43097,51.55637],[-0.4296,51.55726],[-0.4275,51.55804],[-0.42675,51.55788],[-0.42582,51.55829],[-0.42476,51.5582],[-0.42292,51.55749],[-0.42231,51.55772],[-0.42091,51.55728],[-0.42007,51.55759],[-0.42029,51.55857],[-0.42326,51.55854],[-0.42366,51.5591],[-0.42075,51.55912],[-0.42212,51.56177],[-0.42374,51.56344],[-0.4228,51.56325],[-0.42176,51.56371],[-0.42142,51.56444],[-0.41149,51.56117],[-0.40911,51.56178],[-0.40812,51.56174],[-0.40535,51.56266],[-0.40354,51.56381],[-0.40187,51.56434],[-0.4008,51.56529],[-0.39918,51.56657],[-0.39796,51.5667],[-0.3973,51.56708],[-0.3919,51.56727],[-0.38587,51.57091],[-0.38328,51.56725],[-0.38238,51.56471],[-0.38248,51.56372],[-0.38195,51.56307]]]},"properties":{"WD22NM":"South Ruislip","LAD22NM":"Hillingdon"}},{"type":"Feature","geometry":{"type":"Polygon","coordinates":[[[-0.4573,51.55513],[-0.45765,51.55443],[-0.45968,51.55388],[-0.46059,51.55073],[-0.46119,51.54991],[-0.46336,51.54906],[-0.46449,51.54784],[-0.46521,51.54667],[-0.46867,51.54659],[-0.46907,51.54712],[-0.47048,51.54712],[-0.4705,51.54764],[-0.47129,51.5476],[-0.47251,51.54603],[-0.47351,51.54354],[-0.47535,51.54294],[-0.47786,51.54299],[-0.47985,51.54438],[-0.4812,51.54412],[-0.48066,51.54327],[-0.47922,51.54308],[-0.47609,51.53715],[-0.47221,51.53726],[-0.47223,51.53481],[-0.47611,51.53473],[-0.47634,51.53022],[-0.47506,51.52889],[-0.4765,51.52853],[-0.47644,51.52647],[-0.47763,51.52646],[-0.47768,51.52675],[-0.48239,51.52665],[-0.48125,51.52848],[-0.48561,51.52858],[-0.48592,51.52984],[-0.48897,51.52909],[-0.48989,51.53044],[-0.49013,51.53207],[-0.49119,51.53327],[-0.49048,51.53416],[-0.49121,51.53433],[-0.4916,51.53492],[-0.49333,51.53584],[-0.49549,51.53843],[-0.49358,51.54101],[-0.49181,51.54157],[-0.4921,51.54245],[-0.49103,51.54456],[-0.49078,51.54504],[-0.49156,51.54533],[-0.49139,51.54608],[-0.48931,51.54638],[-0.48951,51.54718],[-0.48815,51.54743],[-0.4866,51.55003],[-0.48423,51.55146],[-0.48266,51.55152],[-0.47888,51.55484],[-0.47778,51.55484],[-0.47733,51.55527],[-0.4766,51.55803],[-0.47701,51.55965],[-0.46805,51.5584],[-0.4573,51.55513]]]},"properties":{"WD22NM":"Uxbridge","LAD22NM":"Hillingdon"}},{"type":"Feature","geometry":{"type":"Polygon","coordinates":[[[-0.45018,51.50723],[-0.44321,51.50583],[-0.44601,51.50578],[-0.44809,51.5049],[-0.44996,51.50239],[-0.45084,51.50242],[-0.45294,51.49776],[-0.45449,51.4983],[-0.45643,51.49794],[-0.46297,51.49885],[-0.46675,51.50271],[-0.46854,51.49825],[-0.46895,51.49544],[-0.48031,51.49441],[-0.49012,51.49458],[-0.49002,51.49475],[-0.48964,51.49548],[-0.48867,51.49597],[-0.48859,51.49677],[-0.48947,51.49758],[-0.48885,51.49857],[-0.48957,51.49862],[-0.48974,51.49897],[-0.48874,51.50021],[-0.48746,51.50035],[-0.48729,51.50098],[-0.48617,51.50091],[-0.48624,51.50183],[-0.48515,51.50261],[-0.48466,51.50358],[-0.48516,51.50393],[-0.48504,51.50507],[-0.48465,51.50562],[-0.48392,51.50563],[-0.48366,51.50646],[-0.48317,51.50665],[-0.48321,51.50724],[-0.48398,51.50761],[-0.48351,51.5081],[-0.48582,51.5098],[-0.48554,51.51003],[-0.47725,51.51],[-0.4696,51.50961],[-0.46011,51.50873],[-0.45018,51.50723]]]},"properties":{"WD22NM":"West Drayton","LAD22NM":"Hillingdon"}},{"type":"Feature","geometry":{"type":"Polygon","coordinates":[[[-0.42208,51.52289],[-0.40916,51.51827],[-0.40428,51.51749],[-0.40143,51.51615],[-0.398,51.5155],[-0.39329,51.51376],[-0.39042,51.5132],[-0.39284,51.50779],[-0.39357,51.50697],[-0.39985,51.50443],[-0.40276,51.50364],[-0.40386,51.50293],[-0.40387,51.50292],[-0.4074,51.50277],[-0.40418,51.51013],[-0.4052,51.51005],[-0.41091,51.51148],[-0.41222,51.51227],[-0.41077,51.51398],[-0.41245,51.51401],[-0.41296,51.51351],[-0.41788,51.51504],[-0.41823,51.51487],[-0.42002,51.51523],[-0.41973,51.51622],[-0.42694,51.5172],[-0.42736,51.51714],[-0.4248,51.51352],[-0.42444,51.51237],[-0.42612,51.5125],[-0.43135,51.51461],[-0.4341,51.51473],[-0.43698,51.51419],[-0.44025,51.51728],[-0.44373,51.51894],[-0.44564,51.52038],[-0.44755,51.52292],[-0.44226,51.52302],[-0.4401,51.52559],[-0.43839,51.52647],[-0.43566,51.5255],[-0.42208,51.52289]]]},"properties":{"WD22NM":"Wood End","LAD22NM":"Hillingdon"}},{"type":"Feature","geometry":{"type":"Polygon","coordinates":[[[-0.38098,51.52942],[-0.37636,51.52889],[-0.37616,51.52492],[-0.38176,51.51864],[-0.38343,51.51749],[-0.38461,51.51798],[-0.3886,51.51757],[-0.39025,51.51774],[-0.39053,51.51815],[-0.39446,51.52005],[-0.39469,51.52097],[-0.39676,51.52306],[-0.4016,51.52609],[-0.40387,51.52628],[-0.40521,51.5267],[-0.40698,51.52635],[-0.4078,51.52716],[-0.40975,51.52777],[-0.41103,51.52866],[-0.41083,51.53013],[-0.41214,51.53083],[-0.41183,51.534],[-0.41181,51.53408],[-0.41106,51.53429],[-0.39232,51.5314],[-0.38926,51.5308],[-0.38709,51.52956],[-0.38652,51.53039],[-0.38098,51.52942]]]},"properties":{"WD22NM":"Yeading","LAD22NM":"Hillingdon"}},{"type":"Feature","geometry":{"type":"Polygon","coordinates":[[[-0.45105,51.51569],[-0.4496,51.50971],[-0.45018,51.50723],[-0.46011,51.50873],[-0.4696,51.50961],[-0.47725,51.51],[-0.48554,51.51003],[-0.48979,51.51153],[-0.48992,51.51341],[-0.48956,51.51408],[-0.4912,51.51526],[-0.49233,51.51708],[-0.49163,51.5189],[-0.49122,51.51853],[-0.48659,51.51885],[-0.48037,51.52092],[-0.47908,51.52015],[-0.4769,51.51749],[-0.47605,51.51828],[-0.47517,51.51834],[-0.47511,51.51875],[-0.4737,51.51977],[-0.47312,51.52094],[-0.4719,51.52185],[-0.46564,51.52238],[-0.46412,51.52224],[-0.46351,51.52278],[-0.46295,51.52273],[-0.46291,51.52145],[-0.46203,51.51955],[-0.46018,51.51998],[-0.45948,51.51838],[-0.45798,51.51851],[-0.45358,51.51798],[-0.45184,51.51707],[-0.45105,51.51569]]]},"properties":{"WD22NM":"Yiewsley","LAD22NM":"Hillingdon"}},{"type":"Feature","geometry":{"type":"Polygon","coordinates":[[[-0.12004,51.59757],[-0.11547,51.59189],[-0.11826,51.59106],[-0.11986,51.59188],[-0.1238,51.59183],[-0.12761,51.59086],[-0.12729,51.5899],[-0.13172,51.58953],[-0.13318,51.58795],[-0.13363,51.58812],[-0.13357,51.59034],[-0.13275,51.59135],[-0.13292,51.5919],[-0.13412,51.59242],[-0.13506,51.59347],[-0.13765,51.59274],[-0.13953,51.59413],[-0.14001,51.5939],[-0.14027,51.59414],[-0.14,51.59441],[-0.14063,51.59512],[-0.14,51.59544],[-0.14088,51.59687],[-0.14145,51.59671],[-0.14137,51.59717],[-0.14224,51.59801],[-0.14166,51.59816],[-0.14303,51.60022],[-0.14352,51.60018],[-0.14344,51.59977],[-0.14427,51.59971],[-0.14447,51.60013],[-0.14417,51.60111],[-0.142,51.60379],[-0.14308,51.60635],[-0.14343,51.60885],[-0.13876,51.61019],[-0.12422,51.60108],[-0.12004,51.59757]]]},"properties":{"WD22NM":"Alexandra Park","LAD22NM":"Haringey"}},{"type":"Feature","geometry":{"type":"Polygon","coordinates":[[[-0.11562,51.60843],[-0.11648,51.60543],[-0.1167,51.60408],[-0.11613,51.60403],[-0.11682,51.60119],[-0.11583,51.601],[-0.11587,51.60074],[-0.1168,51.60004],[-0.11724,51.59876],[-0.11641,51.59848],[-0.11678,51.59817],[-0.11733,51.59845],[-0.1175,51.59781],[-0.11885,51.5975],[-0.11933,51.59783],[-0.12004,51.59757],[-0.12422,51.60108],[-0.13876,51.61019],[-0.13526,51.61122],[-0.12788,51.60944],[-0.12631,51.6093],[-0.12533,51.61002],[-0.12487,51.60995],[-0.12352,51.60871],[-0.11918,51.60837],[-0.11871,51.60865],[-0.11749,51.6082],[-0.11726,51.60844],[-0.11562,51.60843]]]},"properties":{"WD22NM":"Bounds Green","LAD22NM":"Haringey"}},{"type":"Feature","geometry":{"type":"Polygon","coordinates":[[[-0.06748,51.60864],[-0.06814,51.60631],[-0.06778,51.60243],[-0.06811,51.59744],[-0.0695,51.59406],[-0.07206,51.59599],[-0.07258,51.59574],[-0.07288,51.59594],[-0.0756,51.59456],[-0.07724,51.5943],[-0.07743,51.59394],[-0.07894,51.59369],[-0.07899,51.59403],[-0.07879,51.59696],[-0.07936,51.59699],[-0.07948,51.59819],[-0.0768,51.59834],[-0.07753,51.60073],[-0.07898,51.60061],[-0.08017,51.60282],[-0.07985,51.60301],[-0.08242,51.60286],[-0.08698,51.60328],[-0.08579,51.60567],[-0.0856,51.60847],[-0.07665,51.60841],[-0.07084,51.60879],[-0.06748,51.60864]]]},"properties":{"WD22NM":"Bruce Castle","LAD22NM":"Haringey"}},{"type":"Feature","geometry":{"type":"Polygon","coordinates":[[[-0.11701,51.58061],[-0.1146,51.57747],[-0.11447,51.57725],[-0.11508,51.57719],[-0.11435,51.57624],[-0.11887,51.57473],[-0.11962,51.57551],[-0.12375,51.57467],[-0.12485,51.5741],[-0.12747,51.57416],[-0.13136,51.57357],[-0.13339,51.57287],[-0.13825,51.5791],[-0.14,51.57869],[-0.13991,51.57978],[-0.13781,51.5804],[-0.13757,51.5832],[-0.13633,51.58366],[-0.13696,51.58441],[-0.13746,51.58425],[-0.13746,51.58489],[-0.13314,51.58603],[-0.13242,51.58513],[-0.13188,51.58533],[-0.13167,51.58506],[-0.12993,51.58502],[-0.12799,51.58536],[-0.12519,51.58386],[-0.12424,51.58375],[-0.12419,51.58233],[-0.12305,51.58224],[-0.12295,51.58262],[-0.12213,51.58246],[-0.12102,51.58214],[-0.12145,51.58184],[-0.12108,51.58165],[-0.11911,51.58239],[-0.11878,51.58207],[-0.11828,51.58225],[-0.11701,51.58061]]]},"properties":{"WD22NM":"Crouch End","LAD22NM":"Haringey"}},{"type":"Feature","geometry":{"type":"Polygon","coordinates":[[[-0.14447,51.60013],[-0.14427,51.59971],[-0.14344,51.59977],[-0.14352,51.60018],[-0.14303,51.60022],[-0.14166,51.59816],[-0.14224,51.59801],[-0.14137,51.59717],[-0.14145,51.59671],[-0.14088,51.59687],[-0.14,51.59544],[-0.14063,51.59512],[-0.14,51.59441],[-0.14027,51.59414],[-0.14073,51.59455],[-0.14085,51.59394],[-0.14291,51.59293],[-0.14319,51.59329],[-0.14362,51.59308],[-0.14324,51.59247],[-0.14364,51.59242],[-0.14361,51.592],[-0.14528,51.59258],[-0.14855,51.59199],[-0.14856,51.59169],[-0.14916,51.59164],[-0.14903,51.59132],[-0.14946,51.59122],[-0.14903,51.58904],[-0.14957,51.58898],[-0.1493,51.58815],[-0.15054,51.58805],[-0.14996,51.58682],[-0.14818,51.58685],[-0.14807,51.58622],[-0.15105,51.58548],[-0.15158,51.58574],[-0.15482,51.58316],[-0.1564,51.58305],[-0.15781,51.58351],[-0.15811,51.58333],[-0.15618,51.58226],[-0.15532,51.58148],[-0.15558,51.58133],[-0.15777,51.58235],[-0.15819,51.58208],[-0.16112,51.58249],[-0.16096,51.58304],[-0.16308,51.58438],[-0.16132,51.58528],[-0.15962,51.58446],[-0.15794,51.58574],[-0.1579,51.58622],[-0.15716,51.5862],[-0.1574,51.58657],[-0.15868,51.58663],[-0.15862,51.58798],[-0.16025,51.58798],[-0.15946,51.59158],[-0.15866,51.59206],[-0.15884,51.59238],[-0.15965,51.59227],[-0.16176,51.59748],[-0.1563,51.60537],[-0.15596,51.60545],[-0.15612,51.6051],[-0.15462,51.60414],[-0.15329,51.60268],[-0.15344,51.60087],[-0.153,51.59923],[-0.15135,51.59745],[-0.14447,51.60013]]]},"properties":{"WD22NM":"Fortis Green","LAD22NM":"Haringey"}},{"type":"Feature","geometry":{"type":"Polygon","coordinates":[[[-0.09829,51.58731],[-0.09941,51.58674],[-0.09831,51.58396],[-0.09932,51.58319],[-0.09904,51.58237],[-0.09818,51.57737],[-0.09874,51.57721],[-0.09834,51.57495],[-0.09764,51.57365],[-0.09603,51.57066],[-0.09807,51.56911],[-0.10403,51.56497],[-0.10616,51.56596],[-0.10501,51.57574],[-0.10631,51.5796],[-0.11042,51.58424],[-0.11263,51.58822],[-0.10337,51.59046],[-0.10215,51.58891],[-0.09829,51.58731]]]},"properties":{"WD22NM":"Harringay","LAD22NM":"Haringey"}},{"type":"Feature","geometry":{"type":"Polygon","coordinates":[[[-0.08146,51.5799],[-0.0807,51.57948],[-0.08566,51.57504],[-0.08721,51.5747],[-0.08685,51.57429],[-0.08996,51.57439],[-0.09136,51.57401],[-0.09356,51.57398],[-0.09468,51.57359],[-0.09659,51.57382],[-0.09764,51.57365],[-0.09834,51.57495],[-0.09874,51.57721],[-0.09818,51.57737],[-0.09904,51.58237],[-0.09808,51.58223],[-0.0973,51.5817],[-0.0945,51.58126],[-0.09028,51.58162],[-0.08488,51.58102],[-0.08146,51.5799]]]},"properties":{"WD22NM":"Hermitage & Gardens","LAD22NM":"Haringey"}},{"type":"Feature","geometry":{"type":"Polygon","coordinates":[[[-0.13991,51.57978],[-0.14,51.57869],[-0.13825,51.5791],[-0.13339,51.57287],[-0.13832,51.5706],[-0.14068,51.5694],[-0.14239,51.56912],[-0.14383,51.56992],[-0.15032,51.57158],[-0.15884,51.5722],[-0.16043,51.57279],[-0.16428,51.5725],[-0.16735,51.57297],[-0.17126,51.57243],[-0.17116,51.57361],[-0.16946,51.57398],[-0.16973,51.5764],[-0.16932,51.57743],[-0.16806,51.57693],[-0.16681,51.57866],[-0.16704,51.58176],[-0.16619,51.58204],[-0.16572,51.58322],[-0.16372,51.58433],[-0.16308,51.58438],[-0.16096,51.58304],[-0.16112,51.58249],[-0.15819,51.58208],[-0.15777,51.58235],[-0.15558,51.58133],[-0.15532,51.58148],[-0.15618,51.58226],[-0.15811,51.58333],[-0.15781,51.58351],[-0.1564,51.58305],[-0.15482,51.58316],[-0.15158,51.58574],[-0.15105,51.58548],[-0.14807,51.58622],[-0.14756,51.58622],[-0.14739,51.58435],[-0.14698,51.5844],[-0.14624,51.58252],[-0.14694,51.58063],[-0.14449,51.58111],[-0.14417,51.57967],[-0.1423,51.58025],[-0.13979,51.58033],[-0.13991,51.57978]]]},"properties":{"WD22NM":"Highgate","LAD22NM":"Haringey"}},{"type":"Feature","geometry":{"type":"Polygon","coordinates":[[[-0.11263,51.58822],[-0.11042,51.58424],[-0.10631,51.5796],[-0.10666,51.57943],[-0.1075,51.57987],[-0.10937,51.58014],[-0.11019,51.57998],[-0.11192,51.58215],[-0.11248,51.58171],[-0.11595,51.58081],[-0.11585,51.58054],[-0.11701,51.58061],[-0.11828,51.58225],[-0.11878,51.58207],[-0.11911,51.58239],[-0.12108,51.58165],[-0.12145,51.58184],[-0.12102,51.58214],[-0.12213,51.58246],[-0.12295,51.58262],[-0.12305,51.58224],[-0.12419,51.58233],[-0.12424,51.58375],[-0.12519,51.58386],[-0.12799,51.58536],[-0.12993,51.58502],[-0.13167,51.58506],[-0.13188,51.58533],[-0.13242,51.58513],[-0.13314,51.58603],[-0.1339,51.58739],[-0.13363,51.58812],[-0.13318,51.58795],[-0.13172,51.58953],[-0.12729,51.5899],[-0.12761,51.59086],[-0.1238,51.59183],[-0.11986,51.59188],[-0.11826,51.59106],[-0.11547,51.59189],[-0.11263,51.58822]]]},"properties":{"WD22NM":"Hornsey","LAD22NM":"Haringey"}},{"type":"Feature","geometry":{"type":"Polygon","coordinates":[[[-0.14027,51.59414],[-0.14001,51.5939],[-0.13953,51.59413],[-0.13765,51.59274],[-0.13506,51.59347],[-0.13412,51.59242],[-0.13292,51.5919],[-0.13275,51.59135],[-0.13357,51.59034],[-0.13363,51.58812],[-0.1339,51.58739],[-0.13314,51.58603],[-0.13746,51.58489],[-0.13746,51.58425],[-0.13696,51.58441],[-0.13633,51.58366],[-0.13757,51.5832],[-0.13781,51.5804],[-0.13991,51.57978],[-0.13979,51.58033],[-0.1423,51.58025],[-0.14417,51.57967],[-0.14449,51.58111],[-0.14694,51.58063],[-0.14624,51.58252],[-0.14698,51.5844],[-0.14739,51.58435],[-0.14756,51.58622],[-0.14807,51.58622],[-0.14818,51.58685],[-0.14996,51.58682],[-0.15054,51.58805],[-0.1493,51.58815],[-0.14957,51.58898],[-0.14903,51.58904],[-0.14946,51.59122],[-0.14903,51.59132],[-0.14916,51.59164],[-0.14856,51.59169],[-0.14855,51.59199],[-0.14528,51.59258],[-0.14361,51.592],[-0.14364,51.59242],[-0.14324,51.59247],[-0.14362,51.59308],[-0.14319,51.59329],[-0.14291,51.59293],[-0.14085,51.59394],[-0.14073,51.59455],[-0.14027,51.59414]]]},"properties":{"WD22NM":"Muswell Hill","LAD22NM":"Haringey"}},{"type":"Feature","geometry":{"type":"Polygon","coordinates":[[[-0.09603,51.59832],[-0.09623,51.59795],[-0.09582,51.59795],[-0.09523,51.5968],[-0.09507,51.59526],[-0.10337,51.59046],[-0.11263,51.58822],[-0.11547,51.59189],[-0.12004,51.59757],[-0.11933,51.59783],[-0.11885,51.5975],[-0.11754,51.59697],[-0.11416,51.5964],[-0.10785,51.59745],[-0.10085,51.59948],[-0.09948,51.59955],[-0.09603,51.59832]]]},"properties":{"WD22NM":"Noel Park","LAD22NM":"Haringey"}},{"type":"Feature","geometry":{"type":"Polygon","coordinates":[[[-0.04143,51.60563],[-0.04352,51.60281],[-0.04644,51.59979],[-0.05049,51.59665],[-0.05235,51.59355],[-0.05669,51.5942],[-0.05718,51.59396],[-0.05614,51.59616],[-0.05687,51.59646],[-0.06135,51.59695],[-0.06608,51.59695],[-0.06611,51.59733],[-0.06811,51.59744],[-0.06778,51.60243],[-0.06814,51.60631],[-0.06748,51.60864],[-0.06712,51.60894],[-0.06502,51.60859],[-0.05435,51.60886],[-0.05288,51.60851],[-0.05289,51.6081],[-0.05021,51.60736],[-0.04143,51.60563]]]},"properties":{"WD22NM":"Northumberland Park","LAD22NM":"Haringey"}},{"type":"Feature","geometry":{"type":"Polygon","coordinates":[[[-0.0868,51.58623],[-0.08423,51.58567],[-0.08449,51.58367],[-0.07972,51.58262],[-0.08029,51.58193],[-0.07803,51.58111],[-0.08013,51.57985],[-0.08146,51.5799],[-0.08488,51.58102],[-0.09028,51.58162],[-0.0945,51.58126],[-0.0973,51.5817],[-0.09808,51.58223],[-0.09904,51.58237],[-0.09932,51.58319],[-0.09831,51.58396],[-0.09941,51.58674],[-0.09829,51.58731],[-0.09392,51.58603],[-0.08861,51.58646],[-0.0868,51.58623]]]},"properties":{"WD22NM":"St Ann's","LAD22NM":"Haringey"}},{"type":"Feature","geometry":{"type":"Polygon","coordinates":[[[-0.07213,51.58398],[-0.07314,51.57786],[-0.07239,51.57563],[-0.07442,51.57568],[-0.0753,51.57533],[-0.07576,51.57549],[-0.07624,51.57494],[-0.08085,51.57564],[-0.08566,51.57504],[-0.0807,51.57948],[-0.08146,51.5799],[-0.08013,51.57985],[-0.07803,51.58111],[-0.08029,51.58193],[-0.07972,51.58262],[-0.08449,51.58367],[-0.08423,51.58567],[-0.08186,51.58526],[-0.07833,51.58518],[-0.07532,51.58422],[-0.07213,51.58398]]]},"properties":{"WD22NM":"Seven Sisters","LAD22NM":"Haringey"}},{"type":"Feature","geometry":{"type":"Polygon","coordinates":[[[-0.05316,51.58692],[-0.05463,51.58599],[-0.0557,51.58428],[-0.05792,51.58244],[-0.0618,51.58015],[-0.06222,51.57917],[-0.06116,51.57779],[-0.06675,51.57662],[-0.06672,51.57636],[-0.07239,51.57563],[-0.07314,51.57786],[-0.07213,51.58398],[-0.07042,51.589],[-0.06806,51.58869],[-0.06412,51.58954],[-0.06313,51.58838],[-0.06223,51.5881],[-0.05723,51.5879],[-0.05316,51.58692]]]},"properties":{"WD22NM":"South Tottenham","LAD22NM":"Haringey"}},{"type":"Feature","geometry":{"type":"Polygon","coordinates":[[[-0.10631,51.5796],[-0.10501,51.57574],[-0.10616,51.56596],[-0.10403,51.56497],[-0.10437,51.56478],[-0.10485,51.56464],[-0.11069,51.56861],[-0.11502,51.57058],[-0.11569,51.57202],[-0.1161,51.57219],[-0.11556,51.57258],[-0.11756,51.57415],[-0.11954,51.57439],[-0.11887,51.57473],[-0.11435,51.57624],[-0.11508,51.57719],[-0.11447,51.57725],[-0.1146,51.57747],[-0.11701,51.58061],[-0.11585,51.58054],[-0.11595,51.58081],[-0.11248,51.58171],[-0.11192,51.58215],[-0.11019,51.57998],[-0.10937,51.58014],[-0.1075,51.57987],[-0.10666,51.57943],[-0.10631,51.5796]]]},"properties":{"WD22NM":"Stroud Green","LAD22NM":"Haringey"}},{"type":"Feature","geometry":{"type":"Polygon","coordinates":[[[-0.0695,51.59406],[-0.07042,51.589],[-0.07213,51.58398],[-0.07532,51.58422],[-0.07833,51.58518],[-0.08186,51.58526],[-0.08423,51.58567],[-0.0868,51.58623],[-0.08694,51.58689],[-0.08419,51.58826],[-0.08298,51.58851],[-0.08346,51.59011],[-0.08268,51.59067],[-0.08298,51.59196],[-0.08341,51.59193],[-0.0834,51.59312],[-0.07899,51.59403],[-0.07894,51.59369],[-0.07743,51.59394],[-0.07724,51.5943],[-0.0756,51.59456],[-0.07288,51.59594],[-0.07258,51.59574],[-0.07206,51.59599],[-0.0695,51.59406]]]},"properties":{"WD22NM":"Tottenham Central","LAD22NM":"Haringey"}},{"type":"Feature","geometry":{"type":"Polygon","coordinates":[[[-0.05235,51.59355],[-0.05346,51.58991],[-0.05215,51.58775],[-0.05316,51.58692],[-0.05723,51.5879],[-0.06223,51.5881],[-0.06313,51.58838],[-0.06412,51.58954],[-0.06806,51.58869],[-0.07042,51.589],[-0.0695,51.59406],[-0.06811,51.59744],[-0.06611,51.59733],[-0.06608,51.59695],[-0.06135,51.59695],[-0.05687,51.59646],[-0.05614,51.59616],[-0.05718,51.59396],[-0.05669,51.5942],[-0.05235,51.59355]]]},"properties":{"WD22NM":"Tottenham Hale","LAD22NM":"Haringey"}},{"type":"Feature","geometry":{"type":"Polygon","coordinates":[[[-0.07899,51.59403],[-0.0834,51.59312],[-0.08341,51.59193],[-0.08298,51.59196],[-0.08268,51.59067],[-0.08346,51.59011],[-0.08298,51.58851],[-0.08419,51.58826],[-0.08694,51.58689],[-0.0868,51.58623],[-0.08861,51.58646],[-0.09392,51.58603],[-0.09829,51.58731],[-0.10215,51.58891],[-0.10337,51.59046],[-0.09507,51.59526],[-0.09523,51.5968],[-0.09582,51.59795],[-0.09623,51.59795],[-0.09603,51.59832],[-0.08599,51.59785],[-0.07948,51.59819],[-0.07936,51.59699],[-0.07879,51.59696],[-0.07899,51.59403]]]},"properties":{"WD22NM":"West Green","LAD22NM":"Haringey"}},{"type":"Feature","geometry":{"type":"Polygon","coordinates":[[[-0.0856,51.60847],[-0.08579,51.60567],[-0.08698,51.60328],[-0.08242,51.60286],[-0.07985,51.60301],[-0.08017,51.60282],[-0.07898,51.60061],[-0.07753,51.60073],[-0.0768,51.59834],[-0.07948,51.59819],[-0.08599,51.59785],[-0.09603,51.59832],[-0.09948,51.59955],[-0.10085,51.59948],[-0.10131,51.59987],[-0.09731,51.60287],[-0.09731,51.6048],[-0.09679,51.60499],[-0.09723,51.60497],[-0.09864,51.60765],[-0.09729,51.60819],[-0.09746,51.60852],[-0.09766,51.60893],[-0.09579,51.6093],[-0.09513,51.60866],[-0.09356,51.609],[-0.09246,51.60885],[-0.09245,51.6091],[-0.09142,51.60879],[-0.0856,51.60847]]]},"properties":{"WD22NM":"White Hart Lane","LAD22NM":"Haringey"}},{"type":"Feature","geometry":{"type":"Polygon","coordinates":[[[-0.10085,51.59948],[-0.10785,51.59745],[-0.11416,51.5964],[-0.11754,51.59697],[-0.11885,51.5975],[-0.1175,51.59781],[-0.11733,51.59845],[-0.11678,51.59817],[-0.11641,51.59848],[-0.11724,51.59876],[-0.1168,51.60004],[-0.11587,51.60074],[-0.11583,51.601],[-0.11682,51.60119],[-0.11613,51.60403],[-0.1167,51.60408],[-0.11648,51.60543],[-0.11562,51.60843],[-0.11445,51.6084],[-0.11079,51.60861],[-0.10986,51.60826],[-0.10349,51.60843],[-0.10251,51.60805],[-0.10149,51.60852],[-0.09746,51.60852],[-0.09729,51.60819],[-0.09864,51.60765],[-0.09723,51.60497],[-0.09679,51.60499],[-0.09731,51.6048],[-0.09731,51.60287],[-0.10131,51.59987],[-0.10085,51.59948]]]},"properties":{"WD22NM":"Woodside","LAD22NM":"Haringey"}},{"type":"Feature","geometry":{"type":"Polygon","coordinates":[[[-0.40872,51.46785],[-0.41118,51.46545],[-0.41517,51.46297],[-0.41022,51.4574],[-0.42745,51.45394],[-0.42202,51.45112],[-0.4236,51.44998],[-0.42411,51.45002],[-0.42395,51.45088],[-0.42434,51.4513],[-0.42474,51.451],[-0.42586,51.44449],[-0.44629,51.44],[-0.45366,51.43849],[-0.45648,51.43822],[-0.45539,51.44212],[-0.45744,51.443],[-0.45746,51.44909],[-0.46148,51.44899],[-0.46132,51.45239],[-0.45984,51.45224],[-0.45929,51.45272],[-0.45864,51.45631],[-0.45577,51.45525],[-0.45535,51.45529],[-0.45541,51.45563],[-0.45396,51.45546],[-0.45376,51.45485],[-0.4494,51.45384],[-0.44398,51.45327],[-0.44146,51.45681],[-0.43504,51.45685],[-0.43473,51.45711],[-0.43661,51.45768],[-0.43358,51.46174],[-0.4217,51.4667],[-0.42027,51.46678],[-0.41966,51.4673],[-0.41113,51.46988],[-0.41113,51.46874],[-0.41039,51.46882],[-0.40872,51.46785]]]},"properties":{"WD22NM":"Bedfont","LAD22NM":"Hounslow"}},{"type":"Feature","geometry":{"type":"MultiPolygon","coordinates":[[[[-0.29762,51.48528],[-0.29767,51.48522],[-0.29789,51.48523],[-0.29775,51.48528],[-0.29762,51.48528]]],[[[-0.30133,51.49523],[-0.30109,51.49442],[-0.29753,51.49489],[-0.29707,51.4944],[-0.29615,51.49461],[-0.29373,51.49197],[-0.2931,51.4917],[-0.28858,51.49383],[-0.28781,51.49389],[-0.28679,51.49287],[-0.28598,51.49274],[-0.28703,51.492],[-0.28754,51.49113],[-0.28732,51.49032],[-0.28653,51.48962],[-0.2876,51.48888],[-0.2908,51.48837],[-0.29285,51.48765],[-0.29267,51.48739],[-0.29885,51.4853],[-0.29902,51.48531],[-0.29942,51.4857],[-0.30133,51.48878],[-0.30399,51.49108],[-0.30542,51.49454],[-0.30583,51.49618],[-0.30133,51.49523]]]]},"properties":{"WD22NM":"Brentford East","LAD22NM":"Hounslow"}},{"type":"Feature","geometry":{"type":"Polygon","coordinates":[[[-0.30542,51.49454],[-0.30399,51.49108],[-0.30133,51.48878],[-0.29942,51.4857],[-0.30453,51.4838],[-0.30638,51.48348],[-0.30768,51.48615],[-0.31035,51.4874],[-0.31443,51.48603],[-0.31556,51.48668],[-0.31652,51.48662],[-0.32061,51.48732],[-0.3215,51.48828],[-0.32138,51.48995],[-0.32195,51.49099],[-0.32407,51.49178],[-0.32705,51.49173],[-0.32965,51.49247],[-0.33011,51.49274],[-0.33124,51.49555],[-0.32995,51.49508],[-0.32742,51.49603],[-0.32614,51.49503],[-0.32474,51.49601],[-0.324,51.49577],[-0.32341,51.4959],[-0.31919,51.49422],[-0.31577,51.4959],[-0.31527,51.49556],[-0.31571,51.49535],[-0.31445,51.49436],[-0.31508,51.49396],[-0.31439,51.49345],[-0.31392,51.49359],[-0.3119,51.49197],[-0.30838,51.49359],[-0.30542,51.49454]]]},"properties":{"WD22NM":"Brentford West","LAD22NM":"Hounslow"}},{"type":"Feature","geometry":{"type":"Polygon","coordinates":[[[-0.27422,51.49728],[-0.27246,51.49615],[-0.2714,51.4948],[-0.2689,51.49401],[-0.25541,51.49498],[-0.25533,51.4927],[-0.25617,51.49266],[-0.25609,51.49234],[-0.25416,51.48885],[-0.25261,51.48729],[-0.25339,51.487],[-0.25989,51.48761],[-0.26743,51.48762],[-0.27344,51.4884],[-0.27649,51.48912],[-0.28381,51.4922],[-0.28598,51.49274],[-0.28679,51.49287],[-0.28781,51.49389],[-0.28858,51.49383],[-0.2931,51.4917],[-0.29373,51.49197],[-0.29615,51.49461],[-0.29707,51.4944],[-0.29753,51.49489],[-0.29992,51.49781],[-0.30069,51.49934],[-0.29403,51.50156],[-0.28679,51.50066],[-0.28571,51.50078],[-0.28076,51.50285],[-0.27787,51.49949],[-0.27422,51.49728]]]},"properties":{"WD22NM":"Chiswick Gunnersbury","LAD22NM":"Hounslow"}},{"type":"Feature","geometry":{"type":"MultiPolygon","coordinates":[[[[-0.24478,51.488],[-0.24757,51.48654],[-0.24624,51.48759],[-0.24491,51.48818],[-0.24448,51.48827],[-0.24478,51.488]]],[[[-0.2513,51.49985],[-0.24921,51.49695],[-0.24527,51.49839],[-0.24498,51.4979],[-0.2444,51.49794],[-0.24558,51.49016],[-0.24526,51.48928],[-0.24449,51.48871],[-0.24451,51.4887],[-0.24764,51.48734],[-0.24971,51.48569],[-0.24943,51.48556],[-0.2514,51.48218],[-0.25153,51.47733],[-0.2527,51.47506],[-0.25465,51.47291],[-0.25807,51.47166],[-0.26214,51.47136],[-0.26568,51.47192],[-0.26913,51.47355],[-0.27306,51.47697],[-0.27342,51.47759],[-0.27527,51.48082],[-0.26912,51.48193],[-0.26816,51.48146],[-0.2681,51.48171],[-0.26734,51.48169],[-0.26635,51.48355],[-0.26567,51.48362],[-0.26399,51.48479],[-0.26463,51.48513],[-0.26374,51.48575],[-0.2631,51.48539],[-0.25989,51.48761],[-0.25339,51.487],[-0.25261,51.48729],[-0.25416,51.48885],[-0.25609,51.49234],[-0.25617,51.49266],[-0.25533,51.4927],[-0.25541,51.49498],[-0.25549,51.49628],[-0.25509,51.49635],[-0.255,51.49697],[-0.25276,51.49991],[-0.25306,51.5014],[-0.2513,51.49985]]]]},"properties":{"WD22NM":"Chiswick Homefields","LAD22NM":"Hounslow"}},{"type":"Feature","geometry":{"type":"Polygon","coordinates":[[[-0.25989,51.48761],[-0.2631,51.48539],[-0.26374,51.48575],[-0.26463,51.48513],[-0.26399,51.48479],[-0.26567,51.48362],[-0.26635,51.48355],[-0.26734,51.48169],[-0.2681,51.48171],[-0.26816,51.48146],[-0.26912,51.48193],[-0.27527,51.48082],[-0.27672,51.48334],[-0.28157,51.48629],[-0.28644,51.4875],[-0.28725,51.48793],[-0.28742,51.48766],[-0.28745,51.48761],[-0.29246,51.48746],[-0.29267,51.48739],[-0.29285,51.48765],[-0.2908,51.48837],[-0.2876,51.48888],[-0.28653,51.48962],[-0.28732,51.49032],[-0.28754,51.49113],[-0.28703,51.492],[-0.28598,51.49274],[-0.28381,51.4922],[-0.27649,51.48912],[-0.27344,51.4884],[-0.26743,51.48762],[-0.25989,51.48761]]]},"properties":{"WD22NM":"Chiswick Riverside","LAD22NM":"Hounslow"}},{"type":"Feature","geometry":{"type":"Polygon","coordinates":[[[-0.39418,51.47515],[-0.39283,51.47486],[-0.39315,51.47387],[-0.39261,51.47367],[-0.39341,51.47244],[-0.39275,51.47217],[-0.39316,51.47078],[-0.39384,51.47093],[-0.39405,51.47017],[-0.39331,51.47],[-0.39387,51.46813],[-0.39454,51.46819],[-0.39464,51.46782],[-0.39347,51.46751],[-0.39261,51.46536],[-0.39541,51.46458],[-0.3931,51.46129],[-0.39842,51.45956],[-0.40136,51.45902],[-0.40107,51.46118],[-0.40219,51.46329],[-0.4059,51.46656],[-0.40707,51.46668],[-0.40765,51.46751],[-0.40872,51.46785],[-0.41039,51.46882],[-0.41113,51.46874],[-0.41113,51.46988],[-0.41131,51.47046],[-0.41296,51.47142],[-0.41473,51.47339],[-0.41582,51.47401],[-0.41493,51.47605],[-0.41501,51.4772],[-0.41681,51.48087],[-0.41646,51.48209],[-0.41682,51.48253],[-0.41467,51.48565],[-0.41401,51.48607],[-0.41461,51.48623],[-0.41452,51.48653],[-0.41396,51.4872],[-0.41334,51.48725],[-0.41262,51.48858],[-0.41187,51.49244],[-0.40762,51.49196],[-0.40354,51.49106],[-0.4044,51.48888],[-0.40337,51.48875],[-0.40393,51.4872],[-0.40263,51.48712],[-0.40344,51.485],[-0.40566,51.48526],[-0.40762,51.484],[-0.40503,51.48236],[-0.40411,51.48131],[-0.40369,51.47984],[-0.40416,51.47774],[-0.39418,51.47515]]]},"properties":{"WD22NM":"Cranford","LAD22NM":"Hounslow"}},{"type":"Feature","geometry":{"type":"Polygon","coordinates":[[[-0.40136,51.45902],[-0.40122,51.45795],[-0.39954,51.45582],[-0.39584,51.45432],[-0.39384,51.45474],[-0.39289,51.45458],[-0.39279,51.45371],[-0.39035,51.45126],[-0.40836,51.44825],[-0.40943,51.44687],[-0.41474,51.44919],[-0.41997,51.45013],[-0.42202,51.45112],[-0.42745,51.45394],[-0.41022,51.4574],[-0.41517,51.46297],[-0.41118,51.46545],[-0.40872,51.46785],[-0.40765,51.46751],[-0.40707,51.46668],[-0.4059,51.46656],[-0.40219,51.46329],[-0.40107,51.46118],[-0.40136,51.45902]]]},"properties":{"WD22NM":"Feltham North","LAD22NM":"Hounslow"}},{"type":"Feature","geometry":{"type":"Polygon","coordinates":[[[-0.42202,51.45112],[-0.41997,51.45013],[-0.41474,51.44919],[-0.40943,51.44687],[-0.41154,51.44363],[-0.41551,51.44028],[-0.41694,51.43955],[-0.41902,51.43912],[-0.42004,51.43845],[-0.42368,51.43748],[-0.42264,51.43547],[-0.4209,51.43585],[-0.41883,51.43296],[-0.418,51.43296],[-0.41859,51.43211],[-0.41908,51.43236],[-0.42115,51.43217],[-0.42358,51.43116],[-0.4235,51.43088],[-0.42749,51.43082],[-0.42783,51.42925],[-0.42942,51.4294],[-0.42953,51.4288],[-0.43264,51.42902],[-0.43998,51.43063],[-0.43975,51.43462],[-0.44772,51.435],[-0.44629,51.44],[-0.42586,51.44449],[-0.42474,51.451],[-0.42434,51.4513],[-0.42395,51.45088],[-0.42411,51.45002],[-0.4236,51.44998],[-0.42202,51.45112]]]},"properties":{"WD22NM":"Feltham West","LAD22NM":"Hounslow"}},{"type":"Feature","geometry":{"type":"Polygon","coordinates":[[[-0.38955,51.44924],[-0.39082,51.449],[-0.39168,51.4481],[-0.3909,51.44698],[-0.39504,51.44409],[-0.39602,51.44452],[-0.39673,51.4442],[-0.39701,51.44364],[-0.38981,51.44054],[-0.39063,51.43965],[-0.39014,51.43947],[-0.39066,51.43884],[-0.39125,51.43891],[-0.39203,51.43657],[-0.39344,51.43674],[-0.3947,51.43504],[-0.40026,51.43544],[-0.39821,51.43231],[-0.39846,51.43168],[-0.40163,51.43088],[-0.40211,51.43017],[-0.40333,51.43053],[-0.40632,51.43073],[-0.41526,51.43301],[-0.418,51.43296],[-0.41883,51.43296],[-0.4209,51.43585],[-0.42264,51.43547],[-0.42368,51.43748],[-0.42004,51.43845],[-0.41902,51.43912],[-0.41694,51.43955],[-0.41551,51.44028],[-0.41154,51.44363],[-0.40943,51.44687],[-0.40836,51.44825],[-0.39035,51.45126],[-0.38955,51.44924]]]},"properties":{"WD22NM":"Hanworth Park","LAD22NM":"Hounslow"}},{"type":"Feature","geometry":{"type":"Polygon","coordinates":[[[-0.36708,51.44171],[-0.37787,51.4368],[-0.37791,51.43631],[-0.37614,51.43553],[-0.37622,51.43549],[-0.38329,51.43213],[-0.38789,51.42873],[-0.38713,51.42818],[-0.38807,51.42788],[-0.38836,51.42805],[-0.38409,51.42267],[-0.38492,51.42126],[-0.3855,51.42075],[-0.39111,51.42316],[-0.39275,51.42347],[-0.39134,51.42233],[-0.39451,51.42324],[-0.3981,51.42356],[-0.40176,51.42331],[-0.40536,51.42248],[-0.40778,51.42358],[-0.40844,51.42383],[-0.40901,51.42545],[-0.41087,51.42734],[-0.41309,51.42786],[-0.41245,51.42878],[-0.41435,51.4293],[-0.41381,51.43008],[-0.4179,51.43103],[-0.41729,51.43192],[-0.41836,51.43187],[-0.41859,51.43211],[-0.418,51.43296],[-0.41526,51.43301],[-0.40632,51.43073],[-0.40333,51.43053],[-0.40211,51.43017],[-0.40163,51.43088],[-0.39846,51.43168],[-0.39821,51.43231],[-0.40026,51.43544],[-0.3947,51.43504],[-0.39344,51.43674],[-0.39203,51.43657],[-0.39125,51.43891],[-0.39066,51.43884],[-0.39014,51.43947],[-0.39063,51.43965],[-0.38981,51.44054],[-0.39701,51.44364],[-0.39673,51.4442],[-0.39602,51.44452],[-0.39504,51.44409],[-0.3909,51.44698],[-0.39168,51.4481],[-0.39082,51.449],[-0.38955,51.44924],[-0.38767,51.44937],[-0.3863,51.4482],[-0.38625,51.44673],[-0.38285,51.44505],[-0.37977,51.44439],[-0.37961,51.44323],[-0.37822,51.44249],[-0.37713,51.44248],[-0.37607,51.44307],[-0.37393,51.44302],[-0.37287,51.44364],[-0.36708,51.44171]]]},"properties":{"WD22NM":"Hanworth Village","LAD22NM":"Hounslow"}},{"type":"Feature","geometry":{"type":"Polygon","coordinates":[[[-0.37302,51.47156],[-0.37791,51.47339],[-0.37854,51.47303],[-0.37915,51.47126],[-0.37855,51.47085],[-0.37871,51.47038],[-0.38802,51.47355],[-0.39283,51.47486],[-0.39418,51.47515],[-0.39181,51.47542],[-0.39046,51.47856],[-0.38958,51.47893],[-0.38621,51.48369],[-0.38127,51.48333],[-0.38061,51.48483],[-0.38133,51.48616],[-0.38113,51.48821],[-0.3764,51.48897],[-0.37578,51.48712],[-0.37469,51.48633],[-0.37503,51.48624],[-0.37491,51.48549],[-0.37306,51.48504],[-0.37383,51.48164],[-0.37328,51.48068],[-0.37229,51.48002],[-0.37267,51.47792],[-0.37085,51.47816],[-0.3709,51.47721],[-0.37241,51.47719],[-0.37324,51.47516],[-0.37431,51.47551],[-0.37565,51.47462],[-0.37348,51.47376],[-0.37395,51.47351],[-0.37273,51.47341],[-0.37302,51.47156]]]},"properties":{"WD22NM":"Heston Central","LAD22NM":"Hounslow"}},{"type":"Feature","geometry":{"type":"Polygon","coordinates":[[[-0.36695,51.49278],[-0.36575,51.49256],[-0.36518,51.49202],[-0.36338,51.48899],[-0.36651,51.48826],[-0.36713,51.48692],[-0.36755,51.48693],[-0.36722,51.48674],[-0.36795,51.48507],[-0.36615,51.48504],[-0.36608,51.48315],[-0.36652,51.48268],[-0.36838,51.48307],[-0.36651,51.48151],[-0.36479,51.4819],[-0.36214,51.48191],[-0.36075,51.48151],[-0.3615,51.47988],[-0.36223,51.47994],[-0.36221,51.47926],[-0.35281,51.48057],[-0.35339,51.47917],[-0.35343,51.47612],[-0.35814,51.47728],[-0.36076,51.47706],[-0.36188,51.47716],[-0.36253,51.47791],[-0.36323,51.47813],[-0.36527,51.47448],[-0.36701,51.47285],[-0.36714,51.47124],[-0.37037,51.47119],[-0.37302,51.47156],[-0.37273,51.47341],[-0.37395,51.47351],[-0.37348,51.47376],[-0.37565,51.47462],[-0.37431,51.47551],[-0.37324,51.47516],[-0.37241,51.47719],[-0.3709,51.47721],[-0.37085,51.47816],[-0.37267,51.47792],[-0.37229,51.48002],[-0.37328,51.48068],[-0.37383,51.48164],[-0.37306,51.48504],[-0.37491,51.48549],[-0.37503,51.48624],[-0.37469,51.48633],[-0.37578,51.48712],[-0.3764,51.48897],[-0.38113,51.48821],[-0.38137,51.49207],[-0.38062,51.49221],[-0.3806,51.49168],[-0.37906,51.49221],[-0.3787,51.49305],[-0.37807,51.49321],[-0.37806,51.4929],[-0.37748,51.49285],[-0.37565,51.49328],[-0.37595,51.49375],[-0.375,51.494],[-0.37378,51.49193],[-0.3724,51.49098],[-0.37193,51.49098],[-0.37185,51.49047],[-0.36791,51.4918],[-0.36836,51.4923],[-0.36695,51.49278]]]},"properties":{"WD22NM":"Heston East","LAD22NM":"Hounslow"}},{"type":"Feature","geometry":{"type":"Polygon","coordinates":[[[-0.40688,51.49969],[-0.3893,51.49516],[-0.38708,51.49469],[-0.38455,51.4947],[-0.38183,51.49523],[-0.37787,51.49661],[-0.37786,51.49545],[-0.37582,51.4954],[-0.375,51.494],[-0.37595,51.49375],[-0.37565,51.49328],[-0.37748,51.49285],[-0.37806,51.4929],[-0.37807,51.49321],[-0.3787,51.49305],[-0.37906,51.49221],[-0.3806,51.49168],[-0.38062,51.49221],[-0.38137,51.49207],[-0.38113,51.48821],[-0.38133,51.48616],[-0.38061,51.48483],[-0.38127,51.48333],[-0.38621,51.48369],[-0.38958,51.47893],[-0.39046,51.47856],[-0.39181,51.47542],[-0.39418,51.47515],[-0.40416,51.47774],[-0.40369,51.47984],[-0.40411,51.48131],[-0.40503,51.48236],[-0.40762,51.484],[-0.40566,51.48526],[-0.40344,51.485],[-0.40263,51.48712],[-0.40393,51.4872],[-0.40337,51.48875],[-0.4044,51.48888],[-0.40354,51.49106],[-0.40762,51.49196],[-0.41187,51.49244],[-0.41139,51.49499],[-0.41055,51.49622],[-0.41087,51.49771],[-0.40966,51.49996],[-0.40926,51.50032],[-0.40688,51.49969]]]},"properties":{"WD22NM":"Heston West","LAD22NM":"Hounslow"}},{"type":"Feature","geometry":{"type":"Polygon","coordinates":[[[-0.36076,51.47706],[-0.36005,51.47584],[-0.35746,51.47382],[-0.35572,51.4719],[-0.35503,51.4705],[-0.35687,51.47003],[-0.35814,51.46926],[-0.359,51.46601],[-0.35523,51.46619],[-0.35514,51.46548],[-0.36265,51.46166],[-0.36266,51.465],[-0.36411,51.46562],[-0.36606,51.46801],[-0.36714,51.47124],[-0.36701,51.47285],[-0.36527,51.47448],[-0.36323,51.47813],[-0.36253,51.47791],[-0.36188,51.47716],[-0.36076,51.47706]]]},"properties":{"WD22NM":"Hounslow Central","LAD22NM":"Hounslow"}},{"type":"Feature","geometry":{"type":"Polygon","coordinates":[[[-0.35343,51.47612],[-0.34672,51.47601],[-0.34666,51.47509],[-0.34809,51.47422],[-0.34777,51.47391],[-0.34727,51.47357],[-0.34605,51.47414],[-0.34559,51.47381],[-0.34518,51.47406],[-0.34414,51.47327],[-0.34367,51.47344],[-0.34321,51.47292],[-0.3427,51.47305],[-0.34192,51.47218],[-0.35514,51.46548],[-0.35523,51.46619],[-0.359,51.46601],[-0.35814,51.46926],[-0.35687,51.47003],[-0.35503,51.4705],[-0.35572,51.4719],[-0.35746,51.47382],[-0.36005,51.47584],[-0.36076,51.47706],[-0.35814,51.47728],[-0.35343,51.47612]]]},"properties":{"WD22NM":"Hounslow East","LAD22NM":"Hounslow"}},{"type":"Feature","geometry":{"type":"Polygon","coordinates":[[[-0.36265,51.46166],[-0.36657,51.4595],[-0.36957,51.45697],[-0.37244,51.45725],[-0.37267,51.45699],[-0.37302,51.45747],[-0.37525,51.45628],[-0.38377,51.44951],[-0.38455,51.4499],[-0.38767,51.44937],[-0.38955,51.44924],[-0.39035,51.45126],[-0.39279,51.45371],[-0.39289,51.45458],[-0.39384,51.45474],[-0.39584,51.45432],[-0.39954,51.45582],[-0.40122,51.45795],[-0.40136,51.45902],[-0.39842,51.45956],[-0.3931,51.46129],[-0.38643,51.46342],[-0.36606,51.46801],[-0.36411,51.46562],[-0.36266,51.465],[-0.36265,51.46166]]]},"properties":{"WD22NM":"Hounslow Heath","LAD22NM":"Hounslow"}},{"type":"Feature","geometry":{"type":"Polygon","coordinates":[[[-0.3417,51.45902],[-0.34266,51.45811],[-0.34503,51.45792],[-0.34602,51.45727],[-0.34868,51.45676],[-0.35282,51.45686],[-0.35344,51.45818],[-0.35641,51.45841],[-0.3598,51.45822],[-0.36285,51.45767],[-0.36504,51.4578],[-0.36781,51.45743],[-0.36845,51.45687],[-0.36957,51.45697],[-0.36657,51.4595],[-0.36265,51.46166],[-0.35514,51.46548],[-0.34192,51.47218],[-0.33831,51.47405],[-0.33708,51.4729],[-0.33775,51.47189],[-0.33698,51.47177],[-0.33714,51.47124],[-0.33457,51.47105],[-0.33445,51.46951],[-0.3351,51.46753],[-0.33557,51.46741],[-0.33523,51.46599],[-0.33786,51.46574],[-0.33806,51.46619],[-0.34117,51.4662],[-0.34099,51.46434],[-0.34011,51.46427],[-0.34003,51.45939],[-0.3417,51.45902]]]},"properties":{"WD22NM":"Hounslow South","LAD22NM":"Hounslow"}},{"type":"Feature","geometry":{"type":"Polygon","coordinates":[[[-0.37302,51.47156],[-0.37037,51.47119],[-0.36714,51.47124],[-0.36606,51.46801],[-0.38643,51.46342],[-0.3931,51.46129],[-0.39541,51.46458],[-0.39261,51.46536],[-0.39347,51.46751],[-0.39464,51.46782],[-0.39454,51.46819],[-0.39387,51.46813],[-0.39331,51.47],[-0.39405,51.47017],[-0.39384,51.47093],[-0.39316,51.47078],[-0.39275,51.47217],[-0.39341,51.47244],[-0.39261,51.47367],[-0.39315,51.47387],[-0.39283,51.47486],[-0.38802,51.47355],[-0.37871,51.47038],[-0.37855,51.47085],[-0.37915,51.47126],[-0.37854,51.47303],[-0.37791,51.47339],[-0.37302,51.47156]]]},"properties":{"WD22NM":"Hounslow West","LAD22NM":"Hounslow"}},{"type":"Feature","geometry":{"type":"MultiPolygon","coordinates":[[[[-0.32635,51.46085],[-0.32635,51.46084],[-0.32639,51.46088],[-0.32635,51.46085]]],[[[-0.32612,51.46243],[-0.32682,51.46132],[-0.32682,51.46132],[-0.32638,51.46206],[-0.32622,51.46231],[-0.32612,51.46243]]],[[[-0.32371,51.46511],[-0.3244,51.4645],[-0.32434,51.46457],[-0.32399,51.46498],[-0.32371,51.46511]]],[[[-0.31978,51.47068],[-0.32091,51.46598],[-0.3213,51.46687],[-0.32122,51.46956],[-0.32047,51.47047],[-0.31978,51.47068]]],[[[-0.33582,51.47526],[-0.33399,51.4737],[-0.33214,51.47481],[-0.32855,51.47398],[-0.32667,51.4742],[-0.32589,51.47383],[-0.3258,51.47218],[-0.32398,51.47191],[-0.32372,51.47111],[-0.32375,51.47146],[-0.3228,51.47139],[-0.32215,51.47239],[-0.32197,51.47437],[-0.31843,51.47223],[-0.31915,51.47163],[-0.31905,51.4715],[-0.31907,51.47149],[-0.3202,51.4713],[-0.32145,51.47049],[-0.32253,51.47069],[-0.32249,51.47047],[-0.3215,51.4704],[-0.32223,51.46904],[-0.32177,51.46543],[-0.3229,51.46537],[-0.32343,51.46536],[-0.32345,51.46533],[-0.32351,51.46533],[-0.32404,51.46504],[-0.32482,51.46437],[-0.32521,51.46384],[-0.32531,51.46369],[-0.32538,51.46362],[-0.32555,51.46335],[-0.32572,51.46312],[-0.32678,51.46164],[-0.32686,51.46129],[-0.32688,51.46125],[-0.32689,51.46116],[-0.32644,51.46086],[-0.32674,51.46005],[-0.32648,51.46053],[-0.3267,51.46002],[-0.32621,51.45976],[-0.32644,51.45935],[-0.32555,51.45812],[-0.32703,51.457],[-0.32839,51.45795],[-0.33035,51.45788],[-0.33139,51.45729],[-0.33301,51.45541],[-0.33361,51.45524],[-0.33369,51.45549],[-0.33627,51.45569],[-0.33696,51.45463],[-0.33754,51.45484],[-0.33772,51.45548],[-0.33853,51.4561],[-0.33895,51.45589],[-0.34061,51.45726],[-0.34011,51.45924],[-0.3417,51.45902],[-0.34003,51.45939],[-0.34011,51.46427],[-0.34099,51.46434],[-0.34117,51.4662],[-0.33806,51.46619],[-0.33786,51.46574],[-0.33523,51.46599],[-0.33557,51.46741],[-0.3351,51.46753],[-0.33445,51.46951],[-0.33457,51.47105],[-0.33714,51.47124],[-0.33698,51.47177],[-0.33775,51.47189],[-0.33708,51.4729],[-0.33831,51.47405],[-0.33622,51.47524],[-0.33582,51.47526]]]]},"properties":{"WD22NM":"Isleworth","LAD22NM":"Hounslow"}},{"type":"Feature","geometry":{"type":"Polygon","coordinates":[[[-0.33534,51.49621],[-0.33124,51.49555],[-0.33011,51.49274],[-0.32965,51.49247],[-0.32705,51.49173],[-0.32407,51.49178],[-0.32195,51.49099],[-0.32138,51.48995],[-0.3215,51.48828],[-0.32061,51.48732],[-0.31652,51.48662],[-0.31556,51.48668],[-0.31443,51.48603],[-0.32302,51.48277],[-0.33622,51.47524],[-0.33831,51.47405],[-0.34192,51.47218],[-0.3427,51.47305],[-0.34321,51.47292],[-0.34367,51.47344],[-0.34414,51.47327],[-0.34518,51.47406],[-0.34559,51.47381],[-0.34605,51.47414],[-0.34727,51.47357],[-0.34777,51.47391],[-0.34809,51.47422],[-0.34666,51.47509],[-0.34672,51.47601],[-0.35343,51.47612],[-0.35339,51.47917],[-0.35281,51.48057],[-0.36221,51.47926],[-0.36223,51.47994],[-0.3615,51.47988],[-0.36075,51.48151],[-0.36214,51.48191],[-0.36479,51.4819],[-0.36651,51.48151],[-0.36838,51.48307],[-0.36652,51.48268],[-0.36608,51.48315],[-0.36615,51.48504],[-0.36795,51.48507],[-0.36722,51.48674],[-0.36755,51.48693],[-0.36713,51.48692],[-0.36651,51.48826],[-0.36338,51.48899],[-0.36518,51.49202],[-0.36575,51.49256],[-0.36695,51.49278],[-0.36578,51.49366],[-0.36536,51.49333],[-0.36371,51.4947],[-0.36361,51.49548],[-0.36298,51.49593],[-0.3619,51.49608],[-0.35801,51.49779],[-0.35068,51.49911],[-0.34977,51.49903],[-0.34209,51.49604],[-0.33534,51.49621]]]},"properties":{"WD22NM":"Osterley & Spring Grove","LAD22NM":"Hounslow"}},{"type":"Feature","geometry":{"type":"MultiPolygon","coordinates":[[[[-0.29767,51.48522],[-0.29857,51.48411],[-0.29904,51.48467],[-0.29865,51.48452],[-0.29811,51.48485],[-0.29844,51.48504],[-0.29789,51.48523],[-0.29767,51.48522]]],[[[-0.30768,51.48615],[-0.30638,51.48348],[-0.30453,51.4838],[-0.29942,51.4857],[-0.29902,51.48531],[-0.3004,51.48398],[-0.29997,51.48414],[-0.29972,51.48326],[-0.30051,51.48379],[-0.30142,51.48338],[-0.30036,51.48351],[-0.30018,51.48317],[-0.30102,51.48299],[-0.30339,51.48259],[-0.30421,51.48322],[-0.30509,51.48267],[-0.30627,51.48279],[-0.30486,51.4823],[-0.30402,51.48296],[-0.30438,51.48217],[-0.30009,51.4827],[-0.30093,51.4817],[-0.30354,51.4799],[-0.30412,51.47961],[-0.30467,51.47992],[-0.30428,51.4796],[-0.30465,51.4796],[-0.30446,51.47913],[-0.30521,51.47827],[-0.30575,51.47834],[-0.30536,51.47814],[-0.30618,51.47696],[-0.30707,51.47704],[-0.30626,51.47687],[-0.30693,51.47621],[-0.30807,51.47564],[-0.30804,51.47586],[-0.30875,51.47588],[-0.30823,51.47558],[-0.30931,51.47502],[-0.30959,51.47524],[-0.30935,51.47497],[-0.30977,51.47517],[-0.30951,51.47491],[-0.3101,51.47492],[-0.30999,51.47467],[-0.31062,51.47493],[-0.31025,51.47453],[-0.31066,51.47469],[-0.31063,51.47438],[-0.31115,51.47472],[-0.31072,51.47433],[-0.31132,51.47456],[-0.31131,51.47414],[-0.31165,51.47445],[-0.31134,51.47409],[-0.31185,51.47434],[-0.31146,51.47401],[-0.31203,51.47422],[-0.31164,51.47392],[-0.31202,51.47375],[-0.31247,51.474],[-0.31217,51.47371],[-0.31271,51.47388],[-0.31247,51.47367],[-0.31296,51.47375],[-0.3129,51.47351],[-0.31345,51.4739],[-0.3131,51.47345],[-0.31388,51.47347],[-0.31386,51.4732],[-0.31421,51.47346],[-0.31392,51.47319],[-0.3143,51.47326],[-0.31429,51.47305],[-0.31472,51.4734],[-0.31442,51.47297],[-0.316,51.47246],[-0.31625,51.47266],[-0.3162,51.4724],[-0.31905,51.4715],[-0.31915,51.47163],[-0.31843,51.47223],[-0.32197,51.47437],[-0.32215,51.47239],[-0.3228,51.47139],[-0.32375,51.47146],[-0.32372,51.47111],[-0.32398,51.47191],[-0.3258,51.47218],[-0.32589,51.47383],[-0.32667,51.4742],[-0.32855,51.47398],[-0.33214,51.47481],[-0.33399,51.4737],[-0.33582,51.47526],[-0.33622,51.47524],[-0.32302,51.48277],[-0.31443,51.48603],[-0.31035,51.4874],[-0.30768,51.48615]]]]},"properties":{"WD22NM":"Syon & Brentford Lock","LAD22NM":"Hounslow"}},{"type":"Feature","geometry":{"type":"Polygon","coordinates":[[[-0.17556,51.66058],[-0.17515,51.65496],[-0.17427,51.65162],[-0.16919,51.64164],[-0.16728,51.63887],[-0.16891,51.63797],[-0.16958,51.63816],[-0.17192,51.63635],[-0.17207,51.63652],[-0.17295,51.63625],[-0.17328,51.63662],[-0.17395,51.6364],[-0.17372,51.63614],[-0.17576,51.63527],[-0.17617,51.63589],[-0.17677,51.63576],[-0.17619,51.63472],[-0.17977,51.63428],[-0.18408,51.63999],[-0.18648,51.63974],[-0.18713,51.63937],[-0.18927,51.64014],[-0.18986,51.6409],[-0.18928,51.64093],[-0.1888,51.64147],[-0.19012,51.64376],[-0.19023,51.64554],[-0.1909,51.6467],[-0.19086,51.64701],[-0.19033,51.64699],[-0.19031,51.64773],[-0.19622,51.6509],[-0.19768,51.65187],[-0.19455,51.65256],[-0.19239,51.65359],[-0.1918,51.65313],[-0.19113,51.65331],[-0.18979,51.65442],[-0.1898,51.65482],[-0.19028,51.65486],[-0.1902,51.65775],[-0.18919,51.65769],[-0.18853,51.65916],[-0.19312,51.66101],[-0.19286,51.6614],[-0.19047,51.66242],[-0.18862,51.6625],[-0.18543,51.66353],[-0.18587,51.66284],[-0.17556,51.66058]]]},"properties":{"WD22NM":"Barnet Vale","LAD22NM":"Barnet"}},{"type":"Feature","geometry":{"type":"Polygon","coordinates":[[[-0.13841,51.63652],[-0.13451,51.6347],[-0.13441,51.63397],[-0.13398,51.63404],[-0.13327,51.63327],[-0.13133,51.63258],[-0.12912,51.63227],[-0.12978,51.63096],[-0.13018,51.63102],[-0.13112,51.62967],[-0.13044,51.62938],[-0.13111,51.62902],[-0.13246,51.62721],[-0.13351,51.62636],[-0.1342,51.62396],[-0.13504,51.62234],[-0.13555,51.6224],[-0.13544,51.62169],[-0.14061,51.61773],[-0.14127,51.61755],[-0.14203,51.61628],[-0.14451,51.61549],[-0.15625,51.62751],[-0.15809,51.6296],[-0.15842,51.62948],[-0.15973,51.6315],[-0.1601,51.63144],[-0.1622,51.63358],[-0.15998,51.63363],[-0.15935,51.63226],[-0.1584,51.63262],[-0.15857,51.63347],[-0.15326,51.63437],[-0.15299,51.63417],[-0.14975,51.63546],[-0.15003,51.63604],[-0.14911,51.6368],[-0.14555,51.6378],[-0.14229,51.63932],[-0.13841,51.63652]]]},"properties":{"WD22NM":"Brunswick Park","LAD22NM":"Barnet"}},{"type":"Feature","geometry":{"type":"Polygon","coordinates":[[[-0.24772,51.61156],[-0.24459,51.60828],[-0.24678,51.60708],[-0.24741,51.60693],[-0.24777,51.60717],[-0.25005,51.60587],[-0.24983,51.60311],[-0.25063,51.60267],[-0.25069,51.60137],[-0.25239,51.60119],[-0.25369,51.60152],[-0.25519,51.59995],[-0.25454,51.59962],[-0.25516,51.59915],[-0.25292,51.59772],[-0.25533,51.59682],[-0.25977,51.5942],[-0.26234,51.59634],[-0.26713,51.60037],[-0.27833,51.6098],[-0.27633,51.61073],[-0.27484,51.6104],[-0.27097,51.61126],[-0.25654,51.6124],[-0.25238,51.61235],[-0.24815,51.61144],[-0.24772,51.61156]]]},"properties":{"WD22NM":"Burnt Oak","LAD22NM":"Barnet"}},{"type":"Feature","geometry":{"type":"Polygon","coordinates":[[[-0.19556,51.57645],[-0.18975,51.57492],[-0.19219,51.57394],[-0.18598,51.57143],[-0.18659,51.57027],[-0.18563,51.56987],[-0.18481,51.5706],[-0.18211,51.56872],[-0.18369,51.56798],[-0.18379,51.5675],[-0.18614,51.56692],[-0.18962,51.56526],[-0.19032,51.56285],[-0.19112,51.56164],[-0.19229,51.56154],[-0.19483,51.56048],[-0.19689,51.56062],[-0.19679,51.55919],[-0.1976,51.55888],[-0.19796,51.55912],[-0.19845,51.55876],[-0.19851,51.55816],[-0.19964,51.55698],[-0.19939,51.5562],[-0.20579,51.55531],[-0.20597,51.55642],[-0.20695,51.55804],[-0.20862,51.55953],[-0.20832,51.56003],[-0.2096,51.56014],[-0.21163,51.55867],[-0.21493,51.56293],[-0.20668,51.56708],[-0.20824,51.56941],[-0.2108,51.57197],[-0.20816,51.57258],[-0.20791,51.5731],[-0.20683,51.57362],[-0.2074,51.57386],[-0.20409,51.57571],[-0.20452,51.576],[-0.20226,51.57758],[-0.20183,51.57756],[-0.20128,51.5764],[-0.20077,51.57665],[-0.2003,51.57633],[-0.19771,51.57697],[-0.19785,51.57731],[-0.19722,51.57741],[-0.19668,51.57606],[-0.19556,51.57645]]]},"properties":{"WD22NM":"Childs Hill","LAD22NM":"Barnet"}},{"type":"Feature","geometry":{"type":"Polygon","coordinates":[[[-0.23846,51.60173],[-0.2371,51.59917],[-0.23639,51.596],[-0.23867,51.59608],[-0.23865,51.59666],[-0.23997,51.5967],[-0.23984,51.59701],[-0.24151,51.59745],[-0.2421,51.5974],[-0.24255,51.59706],[-0.24223,51.59689],[-0.24275,51.5968],[-0.24418,51.59676],[-0.24417,51.59709],[-0.24538,51.59724],[-0.24548,51.59675],[-0.2476,51.59627],[-0.24972,51.59527],[-0.25292,51.59772],[-0.25516,51.59915],[-0.25454,51.59962],[-0.25519,51.59995],[-0.25369,51.60152],[-0.25239,51.60119],[-0.25069,51.60137],[-0.25063,51.60267],[-0.24983,51.60311],[-0.25005,51.60587],[-0.24777,51.60717],[-0.24741,51.60693],[-0.24678,51.60708],[-0.24459,51.60828],[-0.23846,51.60173]]]},"properties":{"WD22NM":"Colindale North","LAD22NM":"Barnet"}},{"type":"Feature","geometry":{"type":"Polygon","coordinates":[[[-0.23639,51.596],[-0.23679,51.59242],[-0.23841,51.58806],[-0.23949,51.58425],[-0.24316,51.58373],[-0.24331,51.58679],[-0.24511,51.58706],[-0.24596,51.58604],[-0.24857,51.58549],[-0.24885,51.58579],[-0.24949,51.58557],[-0.2531,51.58905],[-0.2574,51.59203],[-0.25977,51.5942],[-0.25533,51.59682],[-0.25292,51.59772],[-0.24972,51.59527],[-0.2476,51.59627],[-0.24548,51.59675],[-0.24538,51.59724],[-0.24417,51.59709],[-0.24418,51.59676],[-0.24275,51.5968],[-0.24223,51.59689],[-0.24255,51.59706],[-0.2421,51.5974],[-0.24151,51.59745],[-0.23984,51.59701],[-0.23997,51.5967],[-0.23865,51.59666],[-0.23867,51.59608],[-0.23639,51.596]]]},"properties":{"WD22NM":"Colindale South","LAD22NM":"Barnet"}},{"type":"Feature","geometry":{"type":"Polygon","coordinates":[[[-0.2108,51.57197],[-0.20824,51.56941],[-0.20668,51.56708],[-0.21493,51.56293],[-0.21163,51.55867],[-0.2096,51.56014],[-0.20832,51.56003],[-0.20862,51.55953],[-0.20695,51.55804],[-0.20597,51.55642],[-0.20883,51.55574],[-0.21,51.55675],[-0.21348,51.55519],[-0.21863,51.55942],[-0.22063,51.56167],[-0.22546,51.56587],[-0.22879,51.56797],[-0.23223,51.57097],[-0.22822,51.57244],[-0.22249,51.57367],[-0.21835,51.5768],[-0.21407,51.57476],[-0.2108,51.57197]]]},"properties":{"WD22NM":"Cricklewood","LAD22NM":"Barnet"}},{"type":"Feature","geometry":{"type":"Polygon","coordinates":[[[-0.14229,51.63932],[-0.14555,51.6378],[-0.14911,51.6368],[-0.15003,51.63604],[-0.14975,51.63546],[-0.15299,51.63417],[-0.15326,51.63437],[-0.15857,51.63347],[-0.1584,51.63262],[-0.15935,51.63226],[-0.15998,51.63363],[-0.1622,51.63358],[-0.16728,51.63887],[-0.16919,51.64164],[-0.17427,51.65162],[-0.17515,51.65496],[-0.17556,51.66058],[-0.16502,51.65823],[-0.16348,51.65817],[-0.16049,51.65675],[-0.15476,51.65553],[-0.1547,51.65503],[-0.15376,51.65467],[-0.15346,51.65331],[-0.1542,51.65298],[-0.15402,51.65256],[-0.15348,51.6527],[-0.15254,51.65147],[-0.15224,51.64985],[-0.15099,51.65008],[-0.14989,51.6488],[-0.15225,51.64799],[-0.15236,51.64764],[-0.15104,51.64721],[-0.15214,51.64583],[-0.1513,51.64528],[-0.14915,51.64526],[-0.14902,51.64418],[-0.14789,51.64208],[-0.14508,51.64265],[-0.14229,51.63932]]]},"properties":{"WD22NM":"East Barnet","LAD22NM":"Barnet"}},{"type":"Feature","geometry":{"type":"Polygon","coordinates":[[[-0.1563,51.60537],[-0.16176,51.59748],[-0.15965,51.59227],[-0.15884,51.59238],[-0.15866,51.59206],[-0.15946,51.59158],[-0.16025,51.58798],[-0.15862,51.58798],[-0.15868,51.58663],[-0.1574,51.58657],[-0.15716,51.5862],[-0.1579,51.58622],[-0.15794,51.58574],[-0.15962,51.58446],[-0.16132,51.58528],[-0.1658,51.58776],[-0.16803,51.58942],[-0.16889,51.589],[-0.16882,51.58716],[-0.17309,51.58745],[-0.1757,51.5887],[-0.17735,51.58806],[-0.17895,51.58873],[-0.17981,51.58835],[-0.17992,51.58796],[-0.18055,51.58803],[-0.18005,51.59028],[-0.17913,51.59188],[-0.18456,51.59441],[-0.1813,51.59615],[-0.17345,51.60136],[-0.16991,51.60295],[-0.16256,51.60549],[-0.15973,51.60577],[-0.15632,51.60569],[-0.1563,51.60537]]]},"properties":{"WD22NM":"East Finchley","LAD22NM":"Barnet"}},{"type":"Feature","geometry":{"type":"Polygon","coordinates":[[[-0.30262,51.63621],[-0.29893,51.63148],[-0.28778,51.62389],[-0.27669,51.62128],[-0.26767,51.62227],[-0.25734,51.62148],[-0.24772,51.61156],[-0.24815,51.61144],[-0.25238,51.61235],[-0.25654,51.6124],[-0.27097,51.61126],[-0.27484,51.6104],[-0.27633,51.61073],[-0.27833,51.6098],[-0.28101,51.61228],[-0.28754,51.61715],[-0.29264,51.62175],[-0.30446,51.63203],[-0.30557,51.63412],[-0.30446,51.63635],[-0.30378,51.63649],[-0.30262,51.63621]]]},"properties":{"WD22NM":"Edgware","LAD22NM":"Barnet"}},{"type":"Feature","geometry":{"type":"Polygon","coordinates":[[[-0.25735,51.64184],[-0.25607,51.64141],[-0.2562,51.6403],[-0.25553,51.63872],[-0.25494,51.63892],[-0.2535,51.63801],[-0.25176,51.63742],[-0.24914,51.63737],[-0.24891,51.63847],[-0.24431,51.63653],[-0.24264,51.63676],[-0.24261,51.63768],[-0.2394,51.63845],[-0.23725,51.63733],[-0.23592,51.63274],[-0.23601,51.63041],[-0.23998,51.62877],[-0.24133,51.62763],[-0.24213,51.62635],[-0.24354,51.62538],[-0.24895,51.62451],[-0.25136,51.62453],[-0.25262,51.62318],[-0.25454,51.62237],[-0.2551,51.6215],[-0.25734,51.62148],[-0.26767,51.62227],[-0.27669,51.62128],[-0.28778,51.62389],[-0.29893,51.63148],[-0.30262,51.63621],[-0.29613,51.63545],[-0.29438,51.63565],[-0.29187,51.63648],[-0.28779,51.63651],[-0.2855,51.63695],[-0.28387,51.6378],[-0.28139,51.63835],[-0.27861,51.63832],[-0.27648,51.63887],[-0.27371,51.63867],[-0.27418,51.63931],[-0.27312,51.64119],[-0.27287,51.6421],[-0.27004,51.64209],[-0.26825,51.64239],[-0.26835,51.64383],[-0.26677,51.64411],[-0.26521,51.64402],[-0.26436,51.64363],[-0.26327,51.64483],[-0.2616,51.64399],[-0.26045,51.64254],[-0.25735,51.64184]]]},"properties":{"WD22NM":"Edgwarebury","LAD22NM":"Barnet"}},{"type":"Feature","geometry":{"type":"Polygon","coordinates":[[[-0.1813,51.59615],[-0.18456,51.59441],[-0.19109,51.59087],[-0.19326,51.59003],[-0.19645,51.58959],[-0.19979,51.58978],[-0.20508,51.58882],[-0.20727,51.5888],[-0.20944,51.58942],[-0.21184,51.59132],[-0.21315,51.59368],[-0.21635,51.59487],[-0.22094,51.59745],[-0.22561,51.59895],[-0.22527,51.59945],[-0.22063,51.59804],[-0.21838,51.59884],[-0.21793,51.59799],[-0.21614,51.5979],[-0.21479,51.59748],[-0.21209,51.59881],[-0.21087,51.60018],[-0.21089,51.60077],[-0.21061,51.60064],[-0.21014,51.60125],[-0.20929,51.60106],[-0.20895,51.60168],[-0.20946,51.60205],[-0.20858,51.60302],[-0.20843,51.60442],[-0.20766,51.6044],[-0.20763,51.60498],[-0.2054,51.60401],[-0.20452,51.60393],[-0.20282,51.60421],[-0.20185,51.60498],[-0.20211,51.60509],[-0.20091,51.60559],[-0.20139,51.60642],[-0.20034,51.6072],[-0.19975,51.60723],[-0.19982,51.60798],[-0.19894,51.60837],[-0.19833,51.60827],[-0.19772,51.6092],[-0.19755,51.60882],[-0.19349,51.6069],[-0.1938,51.60655],[-0.19209,51.60567],[-0.19438,51.60435],[-0.19505,51.6035],[-0.19503,51.60276],[-0.19313,51.60173],[-0.19359,51.60138],[-0.1813,51.59615]]]},"properties":{"WD22NM":"Finchley Church End","LAD22NM":"Barnet"}},{"type":"Feature","geometry":{"type":"Polygon","coordinates":[[[-0.14451,51.61549],[-0.13876,51.61019],[-0.14343,51.60885],[-0.14308,51.60635],[-0.142,51.60379],[-0.14417,51.60111],[-0.14447,51.60013],[-0.15135,51.59745],[-0.153,51.59923],[-0.15344,51.60087],[-0.15329,51.60268],[-0.15462,51.60414],[-0.15612,51.6051],[-0.15596,51.60545],[-0.1563,51.60537],[-0.15632,51.60569],[-0.15973,51.60577],[-0.16256,51.60549],[-0.16286,51.60582],[-0.16236,51.60608],[-0.16082,51.60633],[-0.16049,51.6068],[-0.1595,51.60694],[-0.16049,51.60846],[-0.15972,51.60862],[-0.16158,51.61179],[-0.15857,51.61288],[-0.15928,51.61684],[-0.1602,51.61947],[-0.16075,51.61988],[-0.15893,51.62097],[-0.15921,51.62268],[-0.16065,51.62525],[-0.15908,51.62621],[-0.15816,51.62571],[-0.15759,51.62591],[-0.1568,51.62636],[-0.15734,51.62709],[-0.15625,51.62751],[-0.14451,51.61549]]]},"properties":{"WD22NM":"Friern Barnet","LAD22NM":"Barnet"}},{"type":"Feature","geometry":{"type":"Polygon","coordinates":[[[-0.16132,51.58528],[-0.16308,51.58438],[-0.16372,51.58433],[-0.16572,51.58322],[-0.16619,51.58204],[-0.16704,51.58176],[-0.16681,51.57866],[-0.16806,51.57693],[-0.16932,51.57743],[-0.16973,51.5764],[-0.16946,51.57398],[-0.17116,51.57361],[-0.17126,51.57243],[-0.17344,51.5711],[-0.17371,51.56992],[-0.17438,51.56926],[-0.17805,51.57043],[-0.17828,51.57003],[-0.18095,51.56967],[-0.18081,51.56944],[-0.18211,51.56872],[-0.18481,51.5706],[-0.18563,51.56987],[-0.18659,51.57027],[-0.18598,51.57143],[-0.19219,51.57394],[-0.18975,51.57492],[-0.19556,51.57645],[-0.19246,51.57803],[-0.19419,51.57951],[-0.19886,51.58198],[-0.1991,51.58317],[-0.19855,51.58324],[-0.199,51.5845],[-0.19879,51.58539],[-0.19829,51.58539],[-0.19828,51.58569],[-0.19888,51.58566],[-0.19916,51.58606],[-0.19904,51.5885],[-0.19982,51.58851],[-0.19979,51.58978],[-0.19645,51.58959],[-0.19326,51.59003],[-0.19109,51.59087],[-0.18456,51.59441],[-0.17913,51.59188],[-0.18005,51.59028],[-0.18055,51.58803],[-0.17992,51.58796],[-0.17981,51.58835],[-0.17895,51.58873],[-0.17735,51.58806],[-0.1757,51.5887],[-0.17309,51.58745],[-0.16882,51.58716],[-0.16889,51.589],[-0.16803,51.58942],[-0.1658,51.58776],[-0.16132,51.58528]]]},"properties":{"WD22NM":"Garden Suburb","LAD22NM":"Barnet"}},{"type":"Feature","geometry":{"type":"Polygon","coordinates":[[[-0.19556,51.57645],[-0.19668,51.57606],[-0.19722,51.57741],[-0.19785,51.57731],[-0.19771,51.57697],[-0.2003,51.57633],[-0.20077,51.57665],[-0.20128,51.5764],[-0.20183,51.57756],[-0.20226,51.57758],[-0.20452,51.576],[-0.20409,51.57571],[-0.2074,51.57386],[-0.20683,51.57362],[-0.20791,51.5731],[-0.20816,51.57258],[-0.2108,51.57197],[-0.21407,51.57476],[-0.21835,51.5768],[-0.21474,51.57849],[-0.21179,51.58124],[-0.21083,51.58389],[-0.20878,51.58729],[-0.20726,51.5882],[-0.20508,51.58882],[-0.19979,51.58978],[-0.19982,51.58851],[-0.19904,51.5885],[-0.19916,51.58606],[-0.19888,51.58566],[-0.19828,51.58569],[-0.19829,51.58539],[-0.19879,51.58539],[-0.199,51.5845],[-0.19855,51.58324],[-0.1991,51.58317],[-0.19886,51.58198],[-0.19419,51.57951],[-0.19246,51.57803],[-0.19556,51.57645]]]},"properties":{"WD22NM":"Golders Green","LAD22NM":"Barnet"}},{"type":"Feature","geometry":{"type":"Polygon","coordinates":[[[-0.22561,51.59895],[-0.22094,51.59745],[-0.21635,51.59487],[-0.21315,51.59368],[-0.21184,51.59132],[-0.20944,51.58942],[-0.20727,51.5888],[-0.20508,51.58882],[-0.20726,51.5882],[-0.20878,51.58729],[-0.21083,51.58389],[-0.21179,51.58124],[-0.21474,51.57849],[-0.21835,51.5768],[-0.22508,51.57958],[-0.22684,51.58169],[-0.22715,51.58296],[-0.23188,51.5866],[-0.2348,51.58762],[-0.23841,51.58806],[-0.23679,51.59242],[-0.23639,51.596],[-0.2371,51.59917],[-0.23846,51.60173],[-0.23462,51.60137],[-0.22561,51.59895]]]},"properties":{"WD22NM":"Hendon","LAD22NM":"Barnet"}},{"type":"Feature","geometry":{"type":"Polygon","coordinates":[[[-0.18209,51.6686],[-0.18543,51.66353],[-0.18862,51.6625],[-0.19047,51.66242],[-0.19286,51.6614],[-0.19312,51.66101],[-0.18853,51.65916],[-0.18919,51.65769],[-0.1902,51.65775],[-0.19028,51.65486],[-0.1898,51.65482],[-0.18979,51.65442],[-0.19113,51.65331],[-0.1918,51.65313],[-0.19239,51.65359],[-0.19455,51.65256],[-0.19768,51.65187],[-0.19622,51.6509],[-0.19701,51.65078],[-0.19802,51.65161],[-0.19878,51.65118],[-0.19926,51.65193],[-0.19989,51.65189],[-0.20022,51.65152],[-0.20163,51.65183],[-0.20148,51.65286],[-0.20247,51.65279],[-0.20257,51.65243],[-0.20359,51.65262],[-0.20362,51.65242],[-0.20433,51.65242],[-0.20443,51.65201],[-0.20553,51.65199],[-0.20592,51.65284],[-0.20712,51.65298],[-0.2138,51.65286],[-0.21336,51.65227],[-0.21524,51.65174],[-0.21752,51.65008],[-0.21606,51.64934],[-0.21694,51.6487],[-0.21498,51.64795],[-0.21631,51.64667],[-0.21794,51.64595],[-0.21751,51.64563],[-0.2201,51.64331],[-0.22655,51.64044],[-0.23271,51.64039],[-0.23264,51.63797],[-0.23405,51.63784],[-0.23487,51.63808],[-0.23524,51.63713],[-0.23717,51.63752],[-0.23725,51.63733],[-0.2394,51.63845],[-0.24261,51.63768],[-0.24264,51.63676],[-0.24431,51.63653],[-0.24891,51.63847],[-0.24914,51.63737],[-0.25176,51.63742],[-0.2535,51.63801],[-0.25494,51.63892],[-0.25553,51.63872],[-0.2562,51.6403],[-0.25607,51.64141],[-0.25735,51.64184],[-0.25617,51.64349],[-0.25549,51.64325],[-0.25449,51.64368],[-0.25156,51.64795],[-0.24986,51.65461],[-0.25079,51.65481],[-0.25125,51.65554],[-0.25058,51.65606],[-0.24935,51.65606],[-0.24787,51.65525],[-0.24362,51.65669],[-0.24137,51.6572],[-0.24099,51.65684],[-0.2392,51.6574],[-0.23797,51.65779],[-0.23828,51.65825],[-0.23668,51.65878],[-0.23471,51.659],[-0.23423,51.65825],[-0.22892,51.65998],[-0.22849,51.65997],[-0.22806,51.65859],[-0.22646,51.65716],[-0.22604,51.65763],[-0.2198,51.66066],[-0.21925,51.6608],[-0.21889,51.66006],[-0.21339,51.66238],[-0.21214,51.66135],[-0.20786,51.66286],[-0.21113,51.66695],[-0.20984,51.66756],[-0.20796,51.66659],[-0.20563,51.6686],[-0.20223,51.66781],[-0.20261,51.66931],[-0.20335,51.67013],[-0.19987,51.67017],[-0.19901,51.66821],[-0.19661,51.66815],[-0.19616,51.66853],[-0.19485,51.66831],[-0.19666,51.66548],[-0.19253,51.66475],[-0.19107,51.6639],[-0.18779,51.66788],[-0.1858,51.66851],[-0.18209,51.6686]]]},"properties":{"WD22NM":"High Barnet","LAD22NM":"Barnet"}},{"type":"Feature","geometry":{"type":"Polygon","coordinates":[[[-0.20211,51.60509],[-0.20185,51.60498],[-0.20282,51.60421],[-0.20452,51.60393],[-0.2054,51.60401],[-0.20763,51.60498],[-0.20766,51.6044],[-0.20843,51.60442],[-0.20858,51.60302],[-0.20946,51.60205],[-0.20895,51.60168],[-0.20929,51.60106],[-0.21014,51.60125],[-0.21061,51.60064],[-0.21089,51.60077],[-0.21087,51.60018],[-0.21209,51.59881],[-0.21479,51.59748],[-0.21614,51.5979],[-0.21793,51.59799],[-0.21838,51.59884],[-0.22063,51.59804],[-0.22527,51.59945],[-0.22561,51.59895],[-0.23462,51.60137],[-0.23846,51.60173],[-0.24459,51.60828],[-0.24772,51.61156],[-0.25734,51.62148],[-0.2551,51.6215],[-0.25454,51.62237],[-0.25262,51.62318],[-0.25136,51.62453],[-0.24895,51.62451],[-0.24354,51.62538],[-0.24213,51.62635],[-0.24133,51.62763],[-0.23998,51.62877],[-0.23601,51.63041],[-0.23306,51.63047],[-0.23332,51.62588],[-0.23105,51.62527],[-0.22837,51.62504],[-0.22683,51.6246],[-0.22488,51.62461],[-0.2207,51.62355],[-0.21976,51.62394],[-0.21847,51.62328],[-0.21616,51.62297],[-0.21457,51.62328],[-0.2126,51.62448],[-0.21081,51.62451],[-0.20935,51.62489],[-0.20872,51.62469],[-0.20647,51.62545],[-0.20464,51.62485],[-0.20351,51.62523],[-0.20256,51.62472],[-0.20184,51.6247],[-0.20108,51.62394],[-0.19959,51.6233],[-0.19897,51.62268],[-0.19909,51.62204],[-0.1982,51.62171],[-0.19835,51.62069],[-0.19925,51.6201],[-0.20041,51.6203],[-0.20293,51.61989],[-0.20309,51.61954],[-0.20451,51.61975],[-0.20742,51.61925],[-0.21274,51.61955],[-0.21309,51.61799],[-0.21473,51.61503],[-0.21615,51.61525],[-0.21465,51.61397],[-0.21432,51.61201],[-0.21249,51.61023],[-0.20922,51.60803],[-0.20211,51.60509]]]},"properties":{"WD22NM":"Mill Hill","LAD22NM":"Barnet"}},{"type":"Feature","geometry":{"type":"Polygon","coordinates":[[[-0.18986,51.6409],[-0.18927,51.64014],[-0.18713,51.63937],[-0.18648,51.63974],[-0.18408,51.63999],[-0.17977,51.63428],[-0.17916,51.63247],[-0.17931,51.62918],[-0.18259,51.62322],[-0.18137,51.62299],[-0.17957,51.62345],[-0.17831,51.62319],[-0.17969,51.61864],[-0.18026,51.61871],[-0.18047,51.61806],[-0.17989,51.61798],[-0.18016,51.61666],[-0.18128,51.61671],[-0.18186,51.61619],[-0.18526,51.6163],[-0.18618,51.616],[-0.18694,51.61368],[-0.18942,51.6148],[-0.19092,51.61254],[-0.19146,51.61266],[-0.19162,51.61211],[-0.19316,51.61187],[-0.19319,51.61156],[-0.19392,51.61144],[-0.19358,51.61118],[-0.19435,51.61092],[-0.19414,51.6107],[-0.1952,51.61078],[-0.19521,51.61049],[-0.19678,51.61007],[-0.1969,51.60938],[-0.19772,51.6092],[-0.19833,51.60827],[-0.19894,51.60837],[-0.19982,51.60798],[-0.19975,51.60723],[-0.20034,51.6072],[-0.20139,51.60642],[-0.20091,51.60559],[-0.20211,51.60509],[-0.20922,51.60803],[-0.21249,51.61023],[-0.21432,51.61201],[-0.21465,51.61397],[-0.21615,51.61525],[-0.21473,51.61503],[-0.21309,51.61799],[-0.21274,51.61955],[-0.20742,51.61925],[-0.20451,51.61975],[-0.20309,51.61954],[-0.20293,51.61989],[-0.20041,51.6203],[-0.19925,51.6201],[-0.19835,51.62069],[-0.1982,51.62171],[-0.19909,51.62204],[-0.19897,51.62268],[-0.19959,51.6233],[-0.20108,51.62394],[-0.20184,51.6247],[-0.20256,51.62472],[-0.20351,51.62523],[-0.20464,51.62485],[-0.20647,51.62545],[-0.20872,51.62469],[-0.20935,51.62489],[-0.21081,51.62451],[-0.2126,51.62448],[-0.21457,51.62328],[-0.21616,51.62297],[-0.21847,51.62328],[-0.21976,51.62394],[-0.2207,51.62355],[-0.22488,51.62461],[-0.22683,51.6246],[-0.22837,51.62504],[-0.23105,51.62527],[-0.23332,51.62588],[-0.23306,51.63047],[-0.23601,51.63041],[-0.23592,51.63274],[-0.23725,51.63733],[-0.23717,51.63752],[-0.23524,51.63713],[-0.23435,51.63692],[-0.23106,51.63716],[-0.22808,51.63688],[-0.22573,51.63758],[-0.22512,51.63733],[-0.22333,51.63794],[-0.22237,51.63771],[-0.22023,51.63895],[-0.22016,51.63934],[-0.21932,51.6395],[-0.21881,51.64029],[-0.2178,51.64022],[-0.21501,51.64137],[-0.2128,51.64116],[-0.21231,51.64082],[-0.21079,51.64089],[-0.20745,51.64191],[-0.20542,51.64121],[-0.20451,51.64143],[-0.2039,51.64113],[-0.20352,51.64151],[-0.20279,51.64121],[-0.20225,51.64149],[-0.20121,51.64148],[-0.19835,51.64246],[-0.1958,51.64213],[-0.19481,51.64173],[-0.19438,51.64191],[-0.19313,51.64155],[-0.19218,51.64172],[-0.19198,51.64129],[-0.18986,51.6409]]]},"properties":{"WD22NM":"Totteridge & Woodside","LAD22NM":"Barnet"}},{"type":"Feature","geometry":{"type":"Polygon","coordinates":[[[-0.19622,51.6509],[-0.19031,51.64773],[-0.19033,51.64699],[-0.19086,51.64701],[-0.1909,51.6467],[-0.19023,51.64554],[-0.19012,51.64376],[-0.1888,51.64147],[-0.18928,51.64093],[-0.18986,51.6409],[-0.19198,51.64129],[-0.19218,51.64172],[-0.19313,51.64155],[-0.19438,51.64191],[-0.19481,51.64173],[-0.1958,51.64213],[-0.19835,51.64246],[-0.20121,51.64148],[-0.20225,51.64149],[-0.20279,51.64121],[-0.20352,51.64151],[-0.2039,51.64113],[-0.20451,51.64143],[-0.20542,51.64121],[-0.20745,51.64191],[-0.21079,51.64089],[-0.21231,51.64082],[-0.2128,51.64116],[-0.21501,51.64137],[-0.2178,51.64022],[-0.21881,51.64029],[-0.21932,51.6395],[-0.22016,51.63934],[-0.22023,51.63895],[-0.22237,51.63771],[-0.22333,51.63794],[-0.22512,51.63733],[-0.22573,51.63758],[-0.22808,51.63688],[-0.23106,51.63716],[-0.23435,51.63692],[-0.23524,51.63713],[-0.23487,51.63808],[-0.23405,51.63784],[-0.23264,51.63797],[-0.23271,51.64039],[-0.22655,51.64044],[-0.2201,51.64331],[-0.21751,51.64563],[-0.21794,51.64595],[-0.21631,51.64667],[-0.21498,51.64795],[-0.21694,51.6487],[-0.21606,51.64934],[-0.21752,51.65008],[-0.21524,51.65174],[-0.21336,51.65227],[-0.2138,51.65286],[-0.20712,51.65298],[-0.20592,51.65284],[-0.20553,51.65199],[-0.20443,51.65201],[-0.20433,51.65242],[-0.20362,51.65242],[-0.20359,51.65262],[-0.20257,51.65243],[-0.20247,51.65279],[-0.20148,51.65286],[-0.20163,51.65183],[-0.20022,51.65152],[-0.19989,51.65189],[-0.19926,51.65193],[-0.19878,51.65118],[-0.19802,51.65161],[-0.19701,51.65078],[-0.19622,51.6509]]]},"properties":{"WD22NM":"Underhill","LAD22NM":"Barnet"}},{"type":"Feature","geometry":{"type":"Polygon","coordinates":[[[-0.18016,51.61666],[-0.17677,51.61644],[-0.17529,51.6097],[-0.17495,51.60468],[-0.17345,51.60136],[-0.1813,51.59615],[-0.19359,51.60138],[-0.19313,51.60173],[-0.19503,51.60276],[-0.19505,51.6035],[-0.19438,51.60435],[-0.19209,51.60567],[-0.1938,51.60655],[-0.19349,51.6069],[-0.19755,51.60882],[-0.19772,51.6092],[-0.1969,51.60938],[-0.19678,51.61007],[-0.19521,51.61049],[-0.1952,51.61078],[-0.19414,51.6107],[-0.19435,51.61092],[-0.19358,51.61118],[-0.19392,51.61144],[-0.19319,51.61156],[-0.19316,51.61187],[-0.19162,51.61211],[-0.19146,51.61266],[-0.19092,51.61254],[-0.18942,51.6148],[-0.18694,51.61368],[-0.18618,51.616],[-0.18526,51.6163],[-0.18186,51.61619],[-0.18128,51.61671],[-0.18016,51.61666]]]},"properties":{"WD22NM":"West Finchley","LAD22NM":"Barnet"}},{"type":"Feature","geometry":{"type":"Polygon","coordinates":[[[-0.21835,51.5768],[-0.22249,51.57367],[-0.22822,51.57244],[-0.23223,51.57097],[-0.23342,51.57198],[-0.23456,51.57177],[-0.23562,51.57227],[-0.23538,51.57257],[-0.2359,51.57231],[-0.23764,51.57247],[-0.2377,51.57212],[-0.23815,51.5721],[-0.23799,51.57177],[-0.23884,51.57225],[-0.23997,51.57209],[-0.23994,51.57239],[-0.24108,51.57212],[-0.24135,51.57266],[-0.24199,51.57281],[-0.24362,51.57233],[-0.24426,51.57257],[-0.24522,51.57192],[-0.24602,51.57219],[-0.24669,51.57157],[-0.24598,51.57096],[-0.24653,51.56987],[-0.24603,51.56984],[-0.24653,51.56903],[-0.24737,51.56896],[-0.247,51.56862],[-0.24868,51.56855],[-0.2494,51.56891],[-0.25249,51.57151],[-0.25311,51.57244],[-0.25133,51.57314],[-0.2526,51.57493],[-0.25461,51.57967],[-0.25431,51.58159],[-0.25171,51.58338],[-0.24826,51.58437],[-0.24949,51.58557],[-0.24885,51.58579],[-0.24857,51.58549],[-0.24596,51.58604],[-0.24511,51.58706],[-0.24331,51.58679],[-0.24316,51.58373],[-0.23949,51.58425],[-0.23841,51.58806],[-0.2348,51.58762],[-0.23188,51.5866],[-0.22715,51.58296],[-0.22684,51.58169],[-0.22508,51.57958],[-0.21835,51.5768]]]},"properties":{"WD22NM":"West Hendon","LAD22NM":"Barnet"}},{"type":"Feature","geometry":{"type":"Polygon","coordinates":[[[-0.1622,51.63358],[-0.1601,51.63144],[-0.15973,51.6315],[-0.15842,51.62948],[-0.15809,51.6296],[-0.15625,51.62751],[-0.15734,51.62709],[-0.1568,51.62636],[-0.15759,51.62591],[-0.15816,51.62571],[-0.15908,51.62621],[-0.16065,51.62525],[-0.15921,51.62268],[-0.15893,51.62097],[-0.16075,51.61988],[-0.16278,51.62076],[-0.16421,51.61938],[-0.16728,51.61891],[-0.16765,51.61966],[-0.1693,51.61978],[-0.17162,51.62046],[-0.1708,51.62131],[-0.17116,51.6213],[-0.17119,51.62186],[-0.1748,51.62146],[-0.17443,51.62276],[-0.17371,51.62306],[-0.17378,51.62378],[-0.17642,51.62377],[-0.17646,51.62338],[-0.17804,51.62357],[-0.17831,51.62319],[-0.17957,51.62345],[-0.18137,51.62299],[-0.18259,51.62322],[-0.17931,51.62918],[-0.17916,51.63247],[-0.17977,51.63428],[-0.17619,51.63472],[-0.17677,51.63576],[-0.17617,51.63589],[-0.17576,51.63527],[-0.17372,51.63614],[-0.17395,51.6364],[-0.17328,51.63662],[-0.17295,51.63625],[-0.17207,51.63652],[-0.17192,51.63635],[-0.16958,51.63816],[-0.16891,51.63797],[-0.16728,51.63887],[-0.1622,51.63358]]]},"properties":{"WD22NM":"Whetstone","LAD22NM":"Barnet"}},{"type":"Feature","geometry":{"type":"Polygon","coordinates":[[[-0.16075,51.61988],[-0.1602,51.61947],[-0.15928,51.61684],[-0.15857,51.61288],[-0.16158,51.61179],[-0.15972,51.60862],[-0.16049,51.60846],[-0.1595,51.60694],[-0.16049,51.6068],[-0.16082,51.60633],[-0.16236,51.60608],[-0.16286,51.60582],[-0.16256,51.60549],[-0.16991,51.60295],[-0.17345,51.60136],[-0.17495,51.60468],[-0.17529,51.6097],[-0.17677,51.61644],[-0.18016,51.61666],[-0.17989,51.61798],[-0.18047,51.61806],[-0.18026,51.61871],[-0.17969,51.61864],[-0.17831,51.62319],[-0.17804,51.62357],[-0.17646,51.62338],[-0.17642,51.62377],[-0.17378,51.62378],[-0.17371,51.62306],[-0.17443,51.62276],[-0.1748,51.62146],[-0.17119,51.62186],[-0.17116,51.6213],[-0.1708,51.62131],[-0.17162,51.62046],[-0.1693,51.61978],[-0.16765,51.61966],[-0.16728,51.61891],[-0.16421,51.61938],[-0.16278,51.62076],[-0.16075,51.61988]]]},"properties":{"WD22NM":"Woodhouse","LAD22NM":"Barnet"}},{"type":"Feature","geometry":{"type":"Polygon","coordinates":[[[-0.16772,51.55248],[-0.16174,51.54868],[-0.15895,51.54704],[-0.15941,51.54635],[-0.16128,51.54547],[-0.16289,51.54552],[-0.17347,51.54412],[-0.17508,51.54359],[-0.17595,51.54471],[-0.17841,51.54577],[-0.17954,51.54689],[-0.18025,51.54766],[-0.17961,51.5479],[-0.18016,51.54849],[-0.17969,51.55011],[-0.17984,51.55183],[-0.17717,51.55268],[-0.17645,51.55216],[-0.1759,51.55231],[-0.17589,51.55168],[-0.17507,51.55167],[-0.17163,51.55289],[-0.16917,51.55321],[-0.16772,51.55248]]]},"properties":{"WD22NM":"Belsize","LAD22NM":"Camden"}},{"type":"Feature","geometry":{"type":"Polygon","coordinates":[[[-0.12186,51.52299],[-0.12501,51.52219],[-0.12102,51.51897],[-0.12041,51.51762],[-0.13035,51.51643],[-0.13081,51.5171],[-0.13245,51.51672],[-0.13254,51.51717],[-0.1336,51.51773],[-0.13404,51.51756],[-0.13523,51.51893],[-0.13583,51.5187],[-0.1363,51.51915],[-0.13701,51.51889],[-0.14288,51.52388],[-0.14349,51.52396],[-0.14184,51.5241],[-0.1354,51.52576],[-0.13082,51.52732],[-0.12619,51.52912],[-0.12422,51.52698],[-0.12186,51.52299]]]},"properties":{"WD22NM":"Bloomsbury","LAD22NM":"Camden"}},{"type":"Feature","geometry":{"type":"Polygon","coordinates":[[[-0.12633,51.54504],[-0.12506,51.54114],[-0.13203,51.54115],[-0.13584,51.54147],[-0.13756,51.54088],[-0.13838,51.54182],[-0.13694,51.54325],[-0.12911,51.54884],[-0.12718,51.54767],[-0.12633,51.54504]]]},"properties":{"WD22NM":"Camden Square","LAD22NM":"Camden"}},{"type":"Feature","geometry":{"type":"Polygon","coordinates":[[[-0.13838,51.54182],[-0.13756,51.54088],[-0.13749,51.54079],[-0.13909,51.54104],[-0.13988,51.54051],[-0.13933,51.53988],[-0.14141,51.53912],[-0.13994,51.53758],[-0.14353,51.53645],[-0.14535,51.53643],[-0.14628,51.53676],[-0.15115,51.54126],[-0.15312,51.54234],[-0.15501,51.5429],[-0.15473,51.54334],[-0.15264,51.54387],[-0.14733,51.5425],[-0.1469,51.54332],[-0.1459,51.54391],[-0.14642,51.54547],[-0.14155,51.54518],[-0.13838,51.54182]]]},"properties":{"WD22NM":"Camden Town","LAD22NM":"Camden"}},{"type":"Feature","geometry":{"type":"Polygon","coordinates":[[[-0.18875,51.55295],[-0.19255,51.55196],[-0.19306,51.55222],[-0.19866,51.55162],[-0.19745,51.54929],[-0.1978,51.54801],[-0.19977,51.54798],[-0.20371,51.54696],[-0.21348,51.55519],[-0.21,51.55675],[-0.20883,51.55574],[-0.20597,51.55642],[-0.20579,51.55531],[-0.19939,51.5562],[-0.19964,51.55698],[-0.19851,51.55816],[-0.19845,51.55876],[-0.19796,51.55912],[-0.1976,51.55888],[-0.19679,51.55919],[-0.19457,51.55628],[-0.18875,51.55295]]]},"properties":{"WD22NM":"Fortune Green","LAD22NM":"Camden"}},{"type":"Feature","geometry":{"type":"Polygon","coordinates":[[[-0.1759,51.55231],[-0.17645,51.55216],[-0.17717,51.55268],[-0.17984,51.55183],[-0.17969,51.55011],[-0.18016,51.54849],[-0.17961,51.5479],[-0.18025,51.54766],[-0.1818,51.54963],[-0.18566,51.55209],[-0.18875,51.55295],[-0.19457,51.55628],[-0.19679,51.55919],[-0.19689,51.56062],[-0.19483,51.56048],[-0.19229,51.56154],[-0.19112,51.56164],[-0.19032,51.56285],[-0.18804,51.56239],[-0.18447,51.56215],[-0.18221,51.55953],[-0.17854,51.55667],[-0.17857,51.55557],[-0.17602,51.55319],[-0.1759,51.55231]]]},"properties":{"WD22NM":"Frognal","LAD22NM":"Camden"}},{"type":"Feature","geometry":{"type":"Polygon","coordinates":[[[-0.14825,51.55323],[-0.14777,51.55247],[-0.14719,51.5488],[-0.14967,51.55084],[-0.15301,51.54917],[-0.15422,51.55041],[-0.15673,51.55101],[-0.15957,51.55054],[-0.15958,51.54987],[-0.16049,51.54884],[-0.16174,51.54868],[-0.16772,51.55248],[-0.1674,51.55374],[-0.16499,51.55418],[-0.1661,51.55507],[-0.16296,51.55571],[-0.15856,51.55611],[-0.15535,51.55624],[-0.15255,51.55579],[-0.15002,51.55474],[-0.14825,51.55323]]]},"properties":{"WD22NM":"Gospel Oak","LAD22NM":"Camden"}},{"type":"Feature","geometry":{"type":"Polygon","coordinates":[[[-0.15856,51.55611],[-0.16296,51.55571],[-0.1661,51.55507],[-0.16499,51.55418],[-0.1674,51.55374],[-0.16772,51.55248],[-0.16917,51.55321],[-0.17163,51.55289],[-0.17507,51.55167],[-0.17589,51.55168],[-0.1759,51.55231],[-0.17602,51.55319],[-0.17857,51.55557],[-0.17854,51.55667],[-0.18221,51.55953],[-0.18447,51.56215],[-0.18804,51.56239],[-0.19032,51.56285],[-0.18962,51.56526],[-0.18614,51.56692],[-0.18379,51.5675],[-0.18369,51.56798],[-0.18211,51.56872],[-0.18081,51.56944],[-0.18095,51.56967],[-0.17828,51.57003],[-0.17805,51.57043],[-0.17438,51.56926],[-0.17371,51.56992],[-0.17344,51.5711],[-0.17247,51.57037],[-0.17243,51.56678],[-0.16851,51.5641],[-0.16611,51.5632],[-0.16445,51.56203],[-0.16222,51.55896],[-0.16134,51.55878],[-0.1591,51.55626],[-0.15856,51.55611]]]},"properties":{"WD22NM":"Hampstead Town","LAD22NM":"Camden"}},{"type":"Feature","geometry":{"type":"Polygon","coordinates":[[[-0.14719,51.5488],[-0.14642,51.54547],[-0.1459,51.54391],[-0.1469,51.54332],[-0.14733,51.5425],[-0.15264,51.54387],[-0.15473,51.54334],[-0.15501,51.5429],[-0.15954,51.54311],[-0.15956,51.54414],[-0.16128,51.54547],[-0.15941,51.54635],[-0.15895,51.54704],[-0.16174,51.54868],[-0.16049,51.54884],[-0.15958,51.54987],[-0.15957,51.55054],[-0.15673,51.55101],[-0.15422,51.55041],[-0.15301,51.54917],[-0.14967,51.55084],[-0.14719,51.5488]]]},"properties":{"WD22NM":"Haverstock","LAD22NM":"Camden"}},{"type":"Feature","geometry":{"type":"Polygon","coordinates":[[[-0.14239,51.56912],[-0.14066,51.56456],[-0.14101,51.56043],[-0.13941,51.55824],[-0.142,51.55754],[-0.14178,51.5573],[-0.14581,51.55591],[-0.14825,51.55323],[-0.15002,51.55474],[-0.15255,51.55579],[-0.15535,51.55624],[-0.15856,51.55611],[-0.1591,51.55626],[-0.16134,51.55878],[-0.16222,51.55896],[-0.16445,51.56203],[-0.16611,51.5632],[-0.16851,51.5641],[-0.17243,51.56678],[-0.17247,51.57037],[-0.17344,51.5711],[-0.17126,51.57243],[-0.16735,51.57297],[-0.16428,51.5725],[-0.16043,51.57279],[-0.15884,51.5722],[-0.15032,51.57158],[-0.14383,51.56992],[-0.14239,51.56912]]]},"properties":{"WD22NM":"Highgate","LAD22NM":"Camden"}},{"type":"Feature","geometry":{"type":"Polygon","coordinates":[[[-0.10532,51.51854],[-0.10781,51.51777],[-0.1138,51.51826],[-0.11158,51.51534],[-0.11383,51.51482],[-0.11469,51.51604],[-0.11947,51.51451],[-0.12182,51.51487],[-0.12207,51.51463],[-0.12287,51.51515],[-0.12733,51.51267],[-0.12904,51.51345],[-0.12983,51.51448],[-0.13035,51.51643],[-0.12041,51.51762],[-0.12102,51.51897],[-0.12501,51.52219],[-0.12186,51.52299],[-0.11594,51.52436],[-0.11423,51.52552],[-0.11254,51.5238],[-0.10897,51.52302],[-0.10825,51.52209],[-0.10699,51.52219],[-0.10532,51.51854]]]},"properties":{"WD22NM":"Holborn & Covent Garden","LAD22NM":"Camden"}},{"type":"Feature","geometry":{"type":"Polygon","coordinates":[[[-0.13837,51.55687],[-0.13715,51.5554],[-0.13523,51.55459],[-0.13435,51.55362],[-0.131,51.55151],[-0.13069,51.55067],[-0.14085,51.55086],[-0.14388,51.55177],[-0.14777,51.55247],[-0.14825,51.55323],[-0.14581,51.55591],[-0.14178,51.5573],[-0.142,51.55754],[-0.13941,51.55824],[-0.13837,51.55687]]]},"properties":{"WD22NM":"Kentish Town North","LAD22NM":"Camden"}},{"type":"Feature","geometry":{"type":"Polygon","coordinates":[[[-0.13069,51.55067],[-0.13014,51.54962],[-0.12911,51.54884],[-0.13694,51.54325],[-0.13838,51.54182],[-0.14155,51.54518],[-0.14642,51.54547],[-0.14719,51.5488],[-0.14777,51.55247],[-0.14388,51.55177],[-0.14085,51.55086],[-0.13069,51.55067]]]},"properties":{"WD22NM":"Kentish Town South","LAD22NM":"Camden"}},{"type":"Feature","geometry":{"type":"MultiPolygon","coordinates":[[[[-0.20171,51.54554],[-0.20172,51.54556],[-0.2017,51.54554],[-0.20171,51.54554]]],[[[-0.20172,51.54556],[-0.20175,51.54553],[-0.20171,51.54554],[-0.20163,51.54539],[-0.19771,51.54635],[-0.19585,51.54633],[-0.1959,51.54579],[-0.19627,51.54585],[-0.19702,51.545],[-0.19697,51.54447],[-0.19381,51.54415],[-0.1932,51.54423],[-0.19316,51.54454],[-0.19246,51.54453],[-0.19318,51.54241],[-0.19198,51.54106],[-0.19008,51.54112],[-0.18857,51.54047],[-0.18815,51.54079],[-0.18593,51.54071],[-0.18569,51.54023],[-0.1873,51.5399],[-0.18691,51.53941],[-0.18254,51.54066],[-0.17925,51.54122],[-0.17833,51.53979],[-0.18016,51.53956],[-0.18385,51.53838],[-0.18773,51.53504],[-0.18875,51.53453],[-0.19146,51.53629],[-0.20191,51.54529],[-0.20344,51.54671],[-0.20298,51.54668],[-0.20172,51.54556]]]]},"properties":{"WD22NM":"Kilburn","LAD22NM":"Camden"}},{"type":"Feature","geometry":{"type":"Polygon","coordinates":[[[-0.12506,51.54114],[-0.12305,51.5385],[-0.12237,51.53689],[-0.12253,51.53073],[-0.11987,51.53094],[-0.11599,51.52984],[-0.11541,51.52772],[-0.11292,51.52641],[-0.11423,51.52552],[-0.11594,51.52436],[-0.12186,51.52299],[-0.12422,51.52698],[-0.12619,51.52912],[-0.12862,51.53348],[-0.12654,51.53415],[-0.12633,51.53469],[-0.12876,51.53696],[-0.13241,51.53832],[-0.13662,51.54079],[-0.13749,51.54079],[-0.13756,51.54088],[-0.13584,51.54147],[-0.13203,51.54115],[-0.12506,51.54114]]]},"properties":{"WD22NM":"King's Cross","LAD22NM":"Camden"}},{"type":"Feature","geometry":{"type":"Polygon","coordinates":[[[-0.16128,51.54547],[-0.15956,51.54414],[-0.15954,51.54311],[-0.15501,51.5429],[-0.15312,51.54234],[-0.15115,51.54126],[-0.14628,51.53676],[-0.14679,51.53613],[-0.14971,51.53727],[-0.15271,51.53752],[-0.15942,51.53636],[-0.16046,51.53728],[-0.16494,51.53578],[-0.16952,51.5386],[-0.17086,51.53779],[-0.17196,51.53838],[-0.17349,51.53763],[-0.17412,51.5382],[-0.1739,51.53948],[-0.17577,51.53962],[-0.17508,51.54359],[-0.17347,51.54412],[-0.16289,51.54552],[-0.16128,51.54547]]]},"properties":{"WD22NM":"Primrose Hill","LAD22NM":"Camden"}},{"type":"Feature","geometry":{"type":"Polygon","coordinates":[[[-0.13082,51.52732],[-0.1354,51.52576],[-0.14184,51.5241],[-0.14349,51.52396],[-0.14339,51.52454],[-0.14396,51.52469],[-0.14413,51.524],[-0.14517,51.524],[-0.14579,51.52527],[-0.14717,51.52504],[-0.15271,51.53752],[-0.14971,51.53727],[-0.14679,51.53613],[-0.14628,51.53676],[-0.14535,51.53643],[-0.14353,51.53645],[-0.13994,51.53758],[-0.13736,51.53475],[-0.13548,51.53524],[-0.13547,51.53447],[-0.13614,51.53362],[-0.13779,51.53275],[-0.13928,51.53249],[-0.13905,51.53174],[-0.13654,51.53098],[-0.13507,51.53124],[-0.13082,51.52732]]]},"properties":{"WD22NM":"Regent's Park","LAD22NM":"Camden"}},{"type":"Feature","geometry":{"type":"Polygon","coordinates":[[[-0.13749,51.54079],[-0.13662,51.54079],[-0.13241,51.53832],[-0.12876,51.53696],[-0.12633,51.53469],[-0.12654,51.53415],[-0.12862,51.53348],[-0.12619,51.52912],[-0.13082,51.52732],[-0.13507,51.53124],[-0.13654,51.53098],[-0.13905,51.53174],[-0.13928,51.53249],[-0.13779,51.53275],[-0.13614,51.53362],[-0.13547,51.53447],[-0.13548,51.53524],[-0.13736,51.53475],[-0.13994,51.53758],[-0.14141,51.53912],[-0.13933,51.53988],[-0.13988,51.54051],[-0.13909,51.54104],[-0.13749,51.54079]]]},"properties":{"WD22NM":"St Pancras & Somers Town","LAD22NM":"Camden"}},{"type":"Feature","geometry":{"type":"Polygon","coordinates":[[[-0.17954,51.54689],[-0.17841,51.54577],[-0.17595,51.54471],[-0.17508,51.54359],[-0.17577,51.53962],[-0.17833,51.53979],[-0.17925,51.54122],[-0.18254,51.54066],[-0.18691,51.53941],[-0.1873,51.5399],[-0.18569,51.54023],[-0.18593,51.54071],[-0.18815,51.54079],[-0.18857,51.54047],[-0.19008,51.54112],[-0.19198,51.54106],[-0.19318,51.54241],[-0.19246,51.54453],[-0.19171,51.54503],[-0.19112,51.54675],[-0.18269,51.54747],[-0.18164,51.54741],[-0.18011,51.54672],[-0.17954,51.54689]]]},"properties":{"WD22NM":"South Hampstead","LAD22NM":"Camden"}},{"type":"Feature","geometry":{"type":"MultiPolygon","coordinates":[[[[-0.20171,51.54554],[-0.20175,51.54553],[-0.20172,51.54556],[-0.20171,51.54554]]],[[[-0.20171,51.54554],[-0.2017,51.54554],[-0.20172,51.54556],[-0.20298,51.54668],[-0.20344,51.54671],[-0.20352,51.54678],[-0.20371,51.54696],[-0.19977,51.54798],[-0.1978,51.54801],[-0.19745,51.54929],[-0.19866,51.55162],[-0.19306,51.55222],[-0.19255,51.55196],[-0.18875,51.55295],[-0.18566,51.55209],[-0.1818,51.54963],[-0.18025,51.54766],[-0.17954,51.54689],[-0.18011,51.54672],[-0.18164,51.54741],[-0.18269,51.54747],[-0.19112,51.54675],[-0.19171,51.54503],[-0.19246,51.54453],[-0.19316,51.54454],[-0.1932,51.54423],[-0.19381,51.54415],[-0.19697,51.54447],[-0.19702,51.545],[-0.19627,51.54585],[-0.1959,51.54579],[-0.19585,51.54633],[-0.19771,51.54635],[-0.20163,51.54539],[-0.20171,51.54554]]]]},"properties":{"WD22NM":"West Hampstead","LAD22NM":"Camden"}},{"type":"Feature","geometry":{"type":"Polygon","coordinates":[[[-0.11311,51.6245],[-0.11361,51.62428],[-0.11454,51.62454],[-0.11978,51.62348],[-0.11954,51.62301],[-0.12018,51.62061],[-0.12185,51.62084],[-0.12301,51.61805],[-0.12167,51.61741],[-0.11985,51.61724],[-0.11811,51.61645],[-0.11714,51.61646],[-0.11641,51.61702],[-0.11359,51.61668],[-0.11232,51.61625],[-0.11559,51.61256],[-0.11857,51.61244],[-0.12179,51.61304],[-0.1247,51.61386],[-0.12876,51.61549],[-0.13051,51.6158],[-0.13684,51.61644],[-0.13909,51.61627],[-0.14073,51.61659],[-0.14203,51.61628],[-0.14127,51.61755],[-0.14061,51.61773],[-0.13544,51.62169],[-0.13555,51.6224],[-0.13504,51.62234],[-0.1342,51.62396],[-0.13351,51.62636],[-0.13246,51.62721],[-0.13118,51.62706],[-0.13119,51.62658],[-0.13077,51.62657],[-0.13072,51.62701],[-0.12726,51.62736],[-0.12648,51.62665],[-0.12414,51.62699],[-0.12352,51.62551],[-0.12249,51.62595],[-0.12163,51.62591],[-0.12091,51.62646],[-0.12035,51.62638],[-0.12008,51.62699],[-0.11909,51.62661],[-0.11699,51.627],[-0.11676,51.62658],[-0.11604,51.62673],[-0.11559,51.62636],[-0.11465,51.62493],[-0.11311,51.6245]]]},"properties":{"WD22NM":"Arnos Grove","LAD22NM":"Enfield"}},{"type":"Feature","geometry":{"type":"Polygon","coordinates":[[[-0.08676,51.6159],[-0.0868,51.61332],[-0.0856,51.60847],[-0.09142,51.60879],[-0.09245,51.6091],[-0.09246,51.60885],[-0.09356,51.609],[-0.09513,51.60866],[-0.09579,51.6093],[-0.09766,51.60893],[-0.09746,51.60852],[-0.10149,51.60852],[-0.10251,51.60805],[-0.10349,51.60843],[-0.10986,51.60826],[-0.11079,51.60861],[-0.11445,51.6084],[-0.11378,51.61263],[-0.10806,51.61239],[-0.10139,51.6146],[-0.09774,51.61571],[-0.0954,51.61611],[-0.08734,51.61637],[-0.08676,51.6159]]]},"properties":{"WD22NM":"Bowes","LAD22NM":"Enfield"}},{"type":"Feature","geometry":{"type":"Polygon","coordinates":[[[-0.00983,51.66177],[-0.00909,51.66101],[-0.00894,51.66022],[-0.01178,51.65304],[-0.01184,51.64885],[-0.0213,51.65047],[-0.02175,51.6499],[-0.02434,51.65023],[-0.02804,51.65014],[-0.02862,51.64841],[-0.03219,51.64906],[-0.03278,51.64738],[-0.03339,51.64732],[-0.03428,51.6475],[-0.03419,51.6478],[-0.03763,51.64816],[-0.04429,51.64994],[-0.04551,51.64992],[-0.04557,51.64943],[-0.04632,51.64942],[-0.04848,51.65357],[-0.04843,51.65432],[-0.04726,51.65683],[-0.04705,51.65906],[-0.04517,51.66341],[-0.04147,51.66829],[-0.04137,51.6685],[-0.03876,51.66814],[-0.03889,51.66781],[-0.03602,51.66743],[-0.03616,51.66902],[-0.02897,51.66806],[-0.02921,51.66634],[-0.02494,51.66591],[-0.02329,51.66665],[-0.02235,51.66568],[-0.02216,51.66466],[-0.02032,51.66349],[-0.01713,51.66327],[-0.01727,51.66287],[-0.01149,51.66209],[-0.01128,51.66226],[-0.00983,51.66177]]]},"properties":{"WD22NM":"Brimsdown","LAD22NM":"Enfield"}},{"type":"Feature","geometry":{"type":"Polygon","coordinates":[[[-0.0334,51.68249],[-0.03453,51.67781],[-0.04011,51.67174],[-0.04115,51.66986],[-0.04137,51.6685],[-0.04147,51.66829],[-0.04452,51.66832],[-0.0448,51.66771],[-0.05065,51.66774],[-0.05264,51.66809],[-0.05346,51.66872],[-0.0551,51.66899],[-0.05021,51.68233],[-0.04892,51.68405],[-0.04832,51.68408],[-0.04716,51.68346],[-0.04424,51.68343],[-0.04363,51.68334],[-0.04367,51.6831],[-0.0334,51.68249]]]},"properties":{"WD22NM":"Bullsmoor","LAD22NM":"Enfield"}},{"type":"Feature","geometry":{"type":"Polygon","coordinates":[[[-0.066,51.63761],[-0.07128,51.63319],[-0.07788,51.63013],[-0.08041,51.62654],[-0.08236,51.62729],[-0.08521,51.62786],[-0.08613,51.62825],[-0.08582,51.62872],[-0.08915,51.6285],[-0.08975,51.62967],[-0.09215,51.63017],[-0.09441,51.63137],[-0.09339,51.63296],[-0.09208,51.63325],[-0.09187,51.63375],[-0.09105,51.63354],[-0.08979,51.63429],[-0.0893,51.6349],[-0.08968,51.63642],[-0.08922,51.63724],[-0.08695,51.63894],[-0.08535,51.63858],[-0.08398,51.63924],[-0.08064,51.64389],[-0.07959,51.64411],[-0.07817,51.64368],[-0.07785,51.64414],[-0.07666,51.64367],[-0.07587,51.64376],[-0.07593,51.64457],[-0.07678,51.64453],[-0.07672,51.64489],[-0.07793,51.64541],[-0.0777,51.64559],[-0.07935,51.64615],[-0.07911,51.64654],[-0.07988,51.64682],[-0.07964,51.64729],[-0.0786,51.64741],[-0.07669,51.65017],[-0.066,51.63761]]]},"properties":{"WD22NM":"Bush Hill Park","LAD22NM":"Enfield"}},{"type":"Feature","geometry":{"type":"Polygon","coordinates":[[[-0.04147,51.66829],[-0.04517,51.66341],[-0.04705,51.65906],[-0.04726,51.65683],[-0.04843,51.65432],[-0.04848,51.65357],[-0.04632,51.64942],[-0.04636,51.64844],[-0.06013,51.64944],[-0.05917,51.65822],[-0.05673,51.66501],[-0.0551,51.66899],[-0.05346,51.66872],[-0.05264,51.66809],[-0.05065,51.66774],[-0.0448,51.66771],[-0.04452,51.66832],[-0.04147,51.66829]]]},"properties":{"WD22NM":"Carterhatch","LAD22NM":"Enfield"}},{"type":"Feature","geometry":{"type":"Polygon","coordinates":[[[-0.12508,51.6515],[-0.13033,51.6486],[-0.13529,51.64688],[-0.133,51.6419],[-0.1329,51.64167],[-0.13377,51.64164],[-0.13456,51.64038],[-0.13608,51.64061],[-0.13594,51.64101],[-0.13894,51.64118],[-0.13587,51.63913],[-0.136,51.63786],[-0.13703,51.63768],[-0.13763,51.63791],[-0.13812,51.63721],[-0.13773,51.63679],[-0.13841,51.63652],[-0.14229,51.63932],[-0.14508,51.64265],[-0.14789,51.64208],[-0.14902,51.64418],[-0.14915,51.64526],[-0.1513,51.64528],[-0.15214,51.64583],[-0.15104,51.64721],[-0.15236,51.64764],[-0.15225,51.64799],[-0.14989,51.6488],[-0.15099,51.65008],[-0.15224,51.64985],[-0.15254,51.65147],[-0.15348,51.6527],[-0.15402,51.65256],[-0.1542,51.65298],[-0.15346,51.65331],[-0.15376,51.65467],[-0.1547,51.65503],[-0.15476,51.65553],[-0.16049,51.65675],[-0.16348,51.65817],[-0.16502,51.65823],[-0.17556,51.66058],[-0.18587,51.66284],[-0.18543,51.66353],[-0.18209,51.6686],[-0.17671,51.6721],[-0.17701,51.67268],[-0.17639,51.67264],[-0.17544,51.67259],[-0.17566,51.67316],[-0.17533,51.67345],[-0.17496,51.67322],[-0.17247,51.67309],[-0.16361,51.6824],[-0.1635,51.68592],[-0.16022,51.68456],[-0.15503,51.68179],[-0.15273,51.68124],[-0.14888,51.68096],[-0.14856,51.67224],[-0.15101,51.67207],[-0.15243,51.66688],[-0.1444,51.66728],[-0.13842,51.66848],[-0.13206,51.66686],[-0.12722,51.66673],[-0.12673,51.66333],[-0.12525,51.66351],[-0.12513,51.66296],[-0.12123,51.66311],[-0.12101,51.66038],[-0.12621,51.6593],[-0.12508,51.6515]]]},"properties":{"WD22NM":"Cockfosters","LAD22NM":"Enfield"}},{"type":"Feature","geometry":{"type":"Polygon","coordinates":[[[-0.02597,51.62176],[-0.03239,51.61662],[-0.03536,51.61298],[-0.03922,51.61303],[-0.0442,51.61152],[-0.04643,51.6113],[-0.04837,51.61159],[-0.05315,51.61323],[-0.06407,51.61463],[-0.07173,51.61474],[-0.07295,51.61586],[-0.07232,51.61751],[-0.07175,51.61791],[-0.07215,51.62071],[-0.07071,51.6246],[-0.07127,51.62469],[-0.07116,51.62505],[-0.06823,51.62475],[-0.06797,51.62536],[-0.06671,51.6252],[-0.06658,51.62556],[-0.06274,51.62492],[-0.06139,51.62485],[-0.06116,51.62517],[-0.05853,51.62567],[-0.05677,51.62705],[-0.05546,51.62687],[-0.05564,51.6254],[-0.05847,51.62262],[-0.04907,51.62166],[-0.04883,51.62202],[-0.0415,51.62075],[-0.04038,51.6219],[-0.03975,51.62186],[-0.0341,51.62073],[-0.03384,51.61954],[-0.03139,51.61898],[-0.02989,51.61929],[-0.02669,51.62201],[-0.02597,51.62176]]]},"properties":{"WD22NM":"Edmonton Green","LAD22NM":"Enfield"}},{"type":"Feature","geometry":{"type":"Polygon","coordinates":[[[-0.01192,51.68088],[-0.01107,51.68087],[-0.01033,51.67666],[-0.01135,51.67192],[-0.01137,51.6707],[-0.01056,51.66914],[-0.01122,51.66761],[-0.01149,51.66389],[-0.00983,51.66177],[-0.01128,51.66226],[-0.01149,51.66209],[-0.01727,51.66287],[-0.01713,51.66327],[-0.02032,51.66349],[-0.02216,51.66466],[-0.02235,51.66568],[-0.02329,51.66665],[-0.02494,51.66591],[-0.02921,51.66634],[-0.02897,51.66806],[-0.03616,51.66902],[-0.03602,51.66743],[-0.03889,51.66781],[-0.03876,51.66814],[-0.04137,51.6685],[-0.04115,51.66986],[-0.04011,51.67174],[-0.03453,51.67781],[-0.0334,51.68249],[-0.02838,51.68233],[-0.01977,51.68115],[-0.01192,51.68088]]]},"properties":{"WD22NM":"Enfield Lock","LAD22NM":"Enfield"}},{"type":"Feature","geometry":{"type":"Polygon","coordinates":[[[-0.07964,51.64729],[-0.07988,51.64682],[-0.07911,51.64654],[-0.07935,51.64615],[-0.0777,51.64559],[-0.07793,51.64541],[-0.07672,51.64489],[-0.07678,51.64453],[-0.07593,51.64457],[-0.07587,51.64376],[-0.07666,51.64367],[-0.07785,51.64414],[-0.07817,51.64368],[-0.07959,51.64411],[-0.08064,51.64389],[-0.08398,51.63924],[-0.08535,51.63858],[-0.08695,51.63894],[-0.08922,51.63724],[-0.08968,51.63642],[-0.0893,51.6349],[-0.08979,51.63429],[-0.09105,51.63354],[-0.09187,51.63375],[-0.09208,51.63325],[-0.09339,51.63296],[-0.09351,51.6336],[-0.09424,51.63372],[-0.09363,51.63506],[-0.09412,51.63521],[-0.09397,51.63556],[-0.09633,51.63586],[-0.09644,51.6355],[-0.0972,51.6356],[-0.09707,51.63607],[-0.0998,51.63635],[-0.09832,51.63994],[-0.0988,51.64007],[-0.09965,51.63956],[-0.10201,51.63918],[-0.10546,51.63904],[-0.10564,51.63974],[-0.10614,51.63995],[-0.10766,51.63964],[-0.10962,51.63986],[-0.11023,51.64138],[-0.10975,51.6416],[-0.10998,51.642],[-0.11056,51.64206],[-0.10964,51.64265],[-0.10913,51.64244],[-0.1081,51.64328],[-0.10949,51.64398],[-0.1094,51.64546],[-0.10462,51.64619],[-0.09932,51.6479],[-0.09727,51.64563],[-0.09566,51.64686],[-0.09509,51.64673],[-0.09118,51.65189],[-0.0908,51.65179],[-0.08954,51.6523],[-0.08934,51.6527],[-0.08869,51.65257],[-0.08873,51.65215],[-0.08748,51.65196],[-0.08736,51.6523],[-0.08686,51.65227],[-0.0869,51.65159],[-0.08561,51.65132],[-0.08446,51.65065],[-0.0819,51.65064],[-0.08181,51.65001],[-0.08098,51.65006],[-0.0809,51.64953],[-0.08003,51.64958],[-0.07964,51.64729]]]},"properties":{"WD22NM":"Grange Park","LAD22NM":"Enfield"}},{"type":"Feature","geometry":{"type":"Polygon","coordinates":[[[-0.0646,51.63268],[-0.06132,51.62662],[-0.06116,51.62517],[-0.06139,51.62485],[-0.06274,51.62492],[-0.06658,51.62556],[-0.06671,51.6252],[-0.06797,51.62536],[-0.06823,51.62475],[-0.07116,51.62505],[-0.07127,51.62469],[-0.07071,51.6246],[-0.07215,51.62071],[-0.07175,51.61791],[-0.07232,51.61751],[-0.07295,51.61586],[-0.07173,51.61474],[-0.07518,51.61423],[-0.07715,51.61426],[-0.08279,51.6158],[-0.08599,51.6163],[-0.08643,51.61679],[-0.08618,51.61747],[-0.08234,51.62234],[-0.08041,51.62654],[-0.07788,51.63013],[-0.07128,51.63319],[-0.066,51.63761],[-0.06517,51.63597],[-0.0646,51.63268]]]},"properties":{"WD22NM":"Haselbury","LAD22NM":"Enfield"}},{"type":"Feature","geometry":{"type":"Polygon","coordinates":[[[-0.08041,51.62654],[-0.08234,51.62234],[-0.08618,51.61747],[-0.08643,51.61679],[-0.08599,51.6163],[-0.08676,51.6159],[-0.08734,51.61637],[-0.0954,51.61611],[-0.09774,51.61571],[-0.10139,51.6146],[-0.10175,51.61487],[-0.10272,51.61474],[-0.10285,51.61636],[-0.10112,51.61665],[-0.09925,51.61863],[-0.10008,51.62039],[-0.09964,51.62241],[-0.09839,51.62417],[-0.09775,51.62829],[-0.09441,51.63137],[-0.09215,51.63017],[-0.08975,51.62967],[-0.08915,51.6285],[-0.08582,51.62872],[-0.08613,51.62825],[-0.08521,51.62786],[-0.08236,51.62729],[-0.08041,51.62654]]]},"properties":{"WD22NM":"Highfield","LAD22NM":"Enfield"}},{"type":"Feature","geometry":{"type":"Polygon","coordinates":[[[-0.01477,51.63674],[-0.01524,51.63551],[-0.01681,51.63353],[-0.02339,51.62528],[-0.02402,51.62464],[-0.0335,51.62614],[-0.03365,51.62684],[-0.03455,51.62736],[-0.03834,51.62809],[-0.04165,51.62829],[-0.04329,51.62876],[-0.04292,51.63107],[-0.04437,51.63118],[-0.04457,51.63084],[-0.04986,51.63187],[-0.05026,51.63154],[-0.05387,51.6323],[-0.05412,51.63194],[-0.05473,51.63211],[-0.05568,51.63162],[-0.05902,51.63256],[-0.06257,51.63262],[-0.06281,51.63226],[-0.06355,51.63265],[-0.0646,51.63268],[-0.06517,51.63597],[-0.066,51.63761],[-0.06132,51.64179],[-0.06071,51.6429],[-0.06046,51.64494],[-0.05486,51.64451],[-0.0512,51.64383],[-0.05209,51.64142],[-0.05187,51.64079],[-0.04753,51.64028],[-0.03124,51.63743],[-0.02975,51.63742],[-0.02947,51.63943],[-0.02843,51.64002],[-0.02703,51.64014],[-0.01886,51.63734],[-0.01824,51.63776],[-0.01477,51.63674]]]},"properties":{"WD22NM":"Jubilee","LAD22NM":"Enfield"}},{"type":"Feature","geometry":{"type":"Polygon","coordinates":[[[-0.02402,51.62464],[-0.02597,51.62176],[-0.02669,51.62201],[-0.02989,51.61929],[-0.03139,51.61898],[-0.03384,51.61954],[-0.0341,51.62073],[-0.03975,51.62186],[-0.04038,51.6219],[-0.0415,51.62075],[-0.04883,51.62202],[-0.04907,51.62166],[-0.05847,51.62262],[-0.05564,51.6254],[-0.05546,51.62687],[-0.05677,51.62705],[-0.05853,51.62567],[-0.06116,51.62517],[-0.06132,51.62662],[-0.0646,51.63268],[-0.06355,51.63265],[-0.06281,51.63226],[-0.06257,51.63262],[-0.05902,51.63256],[-0.05568,51.63162],[-0.05473,51.63211],[-0.05412,51.63194],[-0.05387,51.6323],[-0.05026,51.63154],[-0.04986,51.63187],[-0.04457,51.63084],[-0.04437,51.63118],[-0.04292,51.63107],[-0.04329,51.62876],[-0.04165,51.62829],[-0.03834,51.62809],[-0.03455,51.62736],[-0.03365,51.62684],[-0.0335,51.62614],[-0.02402,51.62464]]]},"properties":{"WD22NM":"Lower Edmonton","LAD22NM":"Enfield"}},{"type":"Feature","geometry":{"type":"Polygon","coordinates":[[[-0.11559,51.61256],[-0.11378,51.61263],[-0.11445,51.6084],[-0.11562,51.60843],[-0.11726,51.60844],[-0.11749,51.6082],[-0.11871,51.60865],[-0.11918,51.60837],[-0.12352,51.60871],[-0.12487,51.60995],[-0.12533,51.61002],[-0.12631,51.6093],[-0.12788,51.60944],[-0.13526,51.61122],[-0.13876,51.61019],[-0.14451,51.61549],[-0.14203,51.61628],[-0.14073,51.61659],[-0.13909,51.61627],[-0.13684,51.61644],[-0.13051,51.6158],[-0.12876,51.61549],[-0.1247,51.61386],[-0.12179,51.61304],[-0.11857,51.61244],[-0.11559,51.61256]]]},"properties":{"WD22NM":"New Southgate","LAD22NM":"Enfield"}},{"type":"Feature","geometry":{"type":"Polygon","coordinates":[[[-0.1094,51.64546],[-0.10949,51.64398],[-0.11601,51.6443],[-0.11614,51.64335],[-0.11688,51.64336],[-0.11677,51.64229],[-0.11583,51.64184],[-0.11527,51.6419],[-0.1148,51.64021],[-0.11543,51.64014],[-0.11534,51.63969],[-0.11691,51.63951],[-0.11951,51.63981],[-0.12289,51.63912],[-0.12575,51.63917],[-0.12729,51.64333],[-0.13055,51.64263],[-0.13213,51.64171],[-0.133,51.6419],[-0.13529,51.64688],[-0.13033,51.6486],[-0.12508,51.6515],[-0.11352,51.65384],[-0.11255,51.65012],[-0.1084,51.65142],[-0.10864,51.65068],[-0.10573,51.65083],[-0.10354,51.64825],[-0.10899,51.64693],[-0.1094,51.64546]]]},"properties":{"WD22NM":"Oakwood","LAD22NM":"Enfield"}},{"type":"Feature","geometry":{"type":"Polygon","coordinates":[[[-0.09964,51.62241],[-0.10008,51.62039],[-0.09925,51.61863],[-0.10112,51.61665],[-0.10285,51.61636],[-0.10272,51.61474],[-0.10175,51.61487],[-0.10139,51.6146],[-0.10806,51.61239],[-0.11378,51.61263],[-0.11559,51.61256],[-0.11232,51.61625],[-0.11359,51.61668],[-0.11641,51.61702],[-0.11714,51.61646],[-0.11811,51.61645],[-0.11985,51.61724],[-0.12167,51.61741],[-0.12301,51.61805],[-0.12185,51.62084],[-0.12018,51.62061],[-0.11954,51.62301],[-0.11978,51.62348],[-0.11454,51.62454],[-0.11361,51.62428],[-0.11311,51.6245],[-0.11202,51.62614],[-0.11067,51.62556],[-0.11162,51.62402],[-0.1106,51.62291],[-0.10881,51.62202],[-0.10815,51.62189],[-0.10751,51.62292],[-0.10688,51.62277],[-0.10578,51.62507],[-0.10509,51.62423],[-0.10324,51.62335],[-0.09964,51.62241]]]},"properties":{"WD22NM":"Palmers Green","LAD22NM":"Enfield"}},{"type":"Feature","geometry":{"type":"Polygon","coordinates":[[[-0.01184,51.64885],[-0.01226,51.64623],[-0.01325,51.63985],[-0.01477,51.63674],[-0.01824,51.63776],[-0.01886,51.63734],[-0.02703,51.64014],[-0.02843,51.64002],[-0.02947,51.63943],[-0.02975,51.63742],[-0.03124,51.63743],[-0.04753,51.64028],[-0.05187,51.64079],[-0.05209,51.64142],[-0.0512,51.64383],[-0.05486,51.64451],[-0.06046,51.64494],[-0.06013,51.64944],[-0.04636,51.64844],[-0.04632,51.64942],[-0.04557,51.64943],[-0.04551,51.64992],[-0.04429,51.64994],[-0.03763,51.64816],[-0.03419,51.6478],[-0.03428,51.6475],[-0.03339,51.64732],[-0.03278,51.64738],[-0.03219,51.64906],[-0.02862,51.64841],[-0.02804,51.65014],[-0.02434,51.65023],[-0.02175,51.6499],[-0.0213,51.65047],[-0.01184,51.64885]]]},"properties":{"WD22NM":"Ponders End","LAD22NM":"Enfield"}},{"type":"Feature","geometry":{"type":"Polygon","coordinates":[[[-0.0938,51.66252],[-0.09175,51.6601],[-0.09059,51.65748],[-0.09037,51.65487],[-0.09118,51.65189],[-0.09509,51.64673],[-0.09566,51.64686],[-0.09727,51.64563],[-0.09932,51.6479],[-0.10462,51.64619],[-0.1094,51.64546],[-0.10899,51.64693],[-0.10354,51.64825],[-0.10573,51.65083],[-0.10864,51.65068],[-0.1084,51.65142],[-0.11255,51.65012],[-0.11352,51.65384],[-0.12508,51.6515],[-0.12621,51.6593],[-0.12101,51.66038],[-0.12123,51.66311],[-0.12513,51.66296],[-0.12525,51.66351],[-0.12673,51.66333],[-0.12722,51.66673],[-0.13206,51.66686],[-0.13842,51.66848],[-0.1444,51.66728],[-0.15243,51.66688],[-0.15101,51.67207],[-0.14856,51.67224],[-0.14888,51.68096],[-0.15273,51.68124],[-0.15503,51.68179],[-0.16022,51.68456],[-0.1635,51.68592],[-0.16349,51.68812],[-0.15799,51.68724],[-0.15326,51.68586],[-0.14937,51.68552],[-0.14466,51.68634],[-0.1384,51.68821],[-0.13465,51.68881],[-0.13025,51.68892],[-0.12218,51.68855],[-0.1181,51.68896],[-0.11369,51.68559],[-0.11487,51.68171],[-0.11454,51.68142],[-0.11349,51.68167],[-0.11319,51.68075],[-0.11394,51.6802],[-0.11375,51.67963],[-0.11237,51.67877],[-0.11163,51.67691],[-0.10972,51.67442],[-0.1077,51.67287],[-0.10236,51.67063],[-0.10055,51.67019],[-0.09846,51.66688],[-0.0938,51.66252]]]},"properties":{"WD22NM":"Ridgeway","LAD22NM":"Enfield"}},{"type":"Feature","geometry":{"type":"Polygon","coordinates":[[[-0.05673,51.66501],[-0.05917,51.65822],[-0.06013,51.64944],[-0.06046,51.64494],[-0.06071,51.6429],[-0.06132,51.64179],[-0.066,51.63761],[-0.07669,51.65017],[-0.07578,51.65152],[-0.07516,51.6515],[-0.07508,51.65239],[-0.07125,51.65427],[-0.06939,51.65781],[-0.06791,51.65876],[-0.06485,51.66239],[-0.06349,51.6641],[-0.05994,51.66366],[-0.05977,51.66486],[-0.05775,51.66453],[-0.05786,51.66528],[-0.05673,51.66501]]]},"properties":{"WD22NM":"Southbury","LAD22NM":"Enfield"}},{"type":"Feature","geometry":{"type":"Polygon","coordinates":[[[-0.10949,51.64398],[-0.1081,51.64328],[-0.10913,51.64244],[-0.10964,51.64265],[-0.11056,51.64206],[-0.10998,51.642],[-0.10975,51.6416],[-0.11023,51.64138],[-0.10962,51.63986],[-0.10766,51.63964],[-0.10614,51.63995],[-0.10564,51.63974],[-0.10546,51.63904],[-0.10743,51.63891],[-0.10862,51.63848],[-0.10869,51.63801],[-0.10943,51.63777],[-0.10878,51.63748],[-0.11036,51.6367],[-0.11654,51.63515],[-0.11722,51.63397],[-0.11794,51.63357],[-0.11682,51.63263],[-0.11667,51.63194],[-0.11827,51.63087],[-0.11947,51.62947],[-0.1183,51.62907],[-0.11776,51.62957],[-0.11431,51.62832],[-0.11473,51.62786],[-0.11238,51.62693],[-0.11261,51.62654],[-0.1119,51.62637],[-0.11202,51.62614],[-0.11311,51.6245],[-0.11465,51.62493],[-0.11559,51.62636],[-0.11604,51.62673],[-0.11676,51.62658],[-0.11699,51.627],[-0.11909,51.62661],[-0.12008,51.62699],[-0.12035,51.62638],[-0.12091,51.62646],[-0.12163,51.62591],[-0.12249,51.62595],[-0.12352,51.62551],[-0.12414,51.62699],[-0.12648,51.62665],[-0.12726,51.62736],[-0.13072,51.62701],[-0.13077,51.62657],[-0.13119,51.62658],[-0.13118,51.62706],[-0.13246,51.62721],[-0.13111,51.62902],[-0.13044,51.62938],[-0.13112,51.62967],[-0.13018,51.63102],[-0.12978,51.63096],[-0.12912,51.63227],[-0.13133,51.63258],[-0.13327,51.63327],[-0.13398,51.63404],[-0.13441,51.63397],[-0.13451,51.6347],[-0.13841,51.63652],[-0.13773,51.63679],[-0.13812,51.63721],[-0.13763,51.63791],[-0.13703,51.63768],[-0.136,51.63786],[-0.13587,51.63913],[-0.13894,51.64118],[-0.13594,51.64101],[-0.13608,51.64061],[-0.13456,51.64038],[-0.13377,51.64164],[-0.1329,51.64167],[-0.133,51.6419],[-0.13213,51.64171],[-0.13055,51.64263],[-0.12729,51.64333],[-0.12575,51.63917],[-0.12289,51.63912],[-0.11951,51.63981],[-0.11691,51.63951],[-0.11534,51.63969],[-0.11543,51.64014],[-0.1148,51.64021],[-0.11527,51.6419],[-0.11583,51.64184],[-0.11677,51.64229],[-0.11688,51.64336],[-0.11614,51.64335],[-0.11601,51.6443],[-0.10949,51.64398]]]},"properties":{"WD22NM":"Southgate","LAD22NM":"Enfield"}},{"type":"Feature","geometry":{"type":"Polygon","coordinates":[[[-0.06485,51.66239],[-0.06791,51.65876],[-0.06939,51.65781],[-0.07125,51.65427],[-0.07508,51.65239],[-0.07516,51.6515],[-0.07578,51.65152],[-0.07669,51.65017],[-0.0786,51.64741],[-0.07964,51.64729],[-0.08003,51.64958],[-0.0809,51.64953],[-0.08098,51.65006],[-0.08181,51.65001],[-0.0819,51.65064],[-0.08446,51.65065],[-0.08561,51.65132],[-0.0869,51.65159],[-0.08686,51.65227],[-0.08736,51.6523],[-0.08748,51.65196],[-0.08873,51.65215],[-0.08869,51.65257],[-0.08934,51.6527],[-0.08954,51.6523],[-0.0908,51.65179],[-0.09118,51.65189],[-0.09037,51.65487],[-0.09059,51.65748],[-0.09175,51.6601],[-0.0938,51.66252],[-0.0938,51.66338],[-0.08831,51.66091],[-0.08749,51.66175],[-0.08684,51.66167],[-0.08676,51.66209],[-0.08739,51.66221],[-0.08718,51.66302],[-0.08544,51.66294],[-0.08269,51.66261],[-0.08314,51.66213],[-0.08285,51.66197],[-0.079,51.66114],[-0.07797,51.66249],[-0.07268,51.66665],[-0.06964,51.66455],[-0.06633,51.66343],[-0.06485,51.66239]]]},"properties":{"WD22NM":"Town","LAD22NM":"Enfield"}},{"type":"Feature","geometry":{"type":"Polygon","coordinates":[[[-0.07173,51.61474],[-0.06407,51.61463],[-0.05315,51.61323],[-0.04837,51.61159],[-0.04643,51.6113],[-0.0442,51.61152],[-0.03922,51.61303],[-0.03536,51.61298],[-0.03555,51.61201],[-0.03416,51.6103],[-0.034,51.60949],[-0.03525,51.60823],[-0.04143,51.60563],[-0.05021,51.60736],[-0.05289,51.6081],[-0.05288,51.60851],[-0.05435,51.60886],[-0.06502,51.60859],[-0.06712,51.60894],[-0.06748,51.60864],[-0.07084,51.60879],[-0.07665,51.60841],[-0.0856,51.60847],[-0.0868,51.61332],[-0.08676,51.6159],[-0.08599,51.6163],[-0.08279,51.6158],[-0.07715,51.61426],[-0.07518,51.61423],[-0.07173,51.61474]]]},"properties":{"WD22NM":"Upper Edmonton","LAD22NM":"Enfield"}},{"type":"Feature","geometry":{"type":"Polygon","coordinates":[[[-0.04892,51.68405],[-0.05021,51.68233],[-0.0551,51.66899],[-0.05673,51.66501],[-0.05786,51.66528],[-0.05775,51.66453],[-0.05977,51.66486],[-0.05994,51.66366],[-0.06349,51.6641],[-0.06485,51.66239],[-0.06633,51.66343],[-0.06964,51.66455],[-0.07268,51.66665],[-0.07797,51.66249],[-0.079,51.66114],[-0.08285,51.66197],[-0.08314,51.66213],[-0.08269,51.66261],[-0.08544,51.66294],[-0.08718,51.66302],[-0.08739,51.66221],[-0.08676,51.66209],[-0.08684,51.66167],[-0.08749,51.66175],[-0.08831,51.66091],[-0.0938,51.66338],[-0.0938,51.66252],[-0.09846,51.66688],[-0.10055,51.67019],[-0.10236,51.67063],[-0.1077,51.67287],[-0.10972,51.67442],[-0.11163,51.67691],[-0.11237,51.67877],[-0.11375,51.67963],[-0.11394,51.6802],[-0.11319,51.68075],[-0.11349,51.68167],[-0.11454,51.68142],[-0.11487,51.68171],[-0.11369,51.68559],[-0.1181,51.68896],[-0.1129,51.69082],[-0.10962,51.69149],[-0.10975,51.69168],[-0.10578,51.69188],[-0.09954,51.69111],[-0.09478,51.69011],[-0.08391,51.68997],[-0.07899,51.68891],[-0.06634,51.68385],[-0.06202,51.68301],[-0.0566,51.68299],[-0.05169,51.68354],[-0.04918,51.68427],[-0.04892,51.68405]]]},"properties":{"WD22NM":"Whitewebbs","LAD22NM":"Enfield"}},{"type":"Feature","geometry":{"type":"Polygon","coordinates":[[[-0.09339,51.63296],[-0.09441,51.63137],[-0.09775,51.62829],[-0.09839,51.62417],[-0.09964,51.62241],[-0.10324,51.62335],[-0.10509,51.62423],[-0.10578,51.62507],[-0.10688,51.62277],[-0.10751,51.62292],[-0.10815,51.62189],[-0.10881,51.62202],[-0.1106,51.62291],[-0.11162,51.62402],[-0.11067,51.62556],[-0.11202,51.62614],[-0.1119,51.62637],[-0.11261,51.62654],[-0.11238,51.62693],[-0.11473,51.62786],[-0.11431,51.62832],[-0.11776,51.62957],[-0.1183,51.62907],[-0.11947,51.62947],[-0.11827,51.63087],[-0.11667,51.63194],[-0.11682,51.63263],[-0.11794,51.63357],[-0.11722,51.63397],[-0.11654,51.63515],[-0.11036,51.6367],[-0.10878,51.63748],[-0.10943,51.63777],[-0.10869,51.63801],[-0.10862,51.63848],[-0.10743,51.63891],[-0.10546,51.63904],[-0.10201,51.63918],[-0.09965,51.63956],[-0.0988,51.64007],[-0.09832,51.63994],[-0.0998,51.63635],[-0.09707,51.63607],[-0.0972,51.6356],[-0.09644,51.6355],[-0.09633,51.63586],[-0.09397,51.63556],[-0.09412,51.63521],[-0.09363,51.63506],[-0.09424,51.63372],[-0.09351,51.6336],[-0.09339,51.63296]]]},"properties":{"WD22NM":"Winchmore Hill","LAD22NM":"Enfield"}},{"type":"Feature","geometry":{"type":"Polygon","coordinates":[[[-0.09957,51.56156],[-0.09856,51.56084],[-0.09811,51.55578],[-0.10561,51.5555],[-0.10506,51.55268],[-0.10598,51.55204],[-0.10815,51.55155],[-0.10949,51.55054],[-0.11149,51.55201],[-0.11692,51.55609],[-0.11118,51.55848],[-0.10944,51.55672],[-0.10778,51.5593],[-0.1068,51.56192],[-0.10522,51.56213],[-0.10357,51.56169],[-0.10241,51.56069],[-0.10106,51.5611],[-0.10098,51.56145],[-0.09957,51.56156]]]},"properties":{"WD22NM":"Arsenal","LAD22NM":"Islington"}},{"type":"Feature","geometry":{"type":"Polygon","coordinates":[[[-0.10611,51.54087],[-0.10685,51.53884],[-0.1072,51.53513],[-0.10691,51.53388],[-0.10599,51.53319],[-0.10626,51.5319],[-0.11417,51.53138],[-0.11486,51.53478],[-0.117,51.53501],[-0.11656,51.53695],[-0.11597,51.5372],[-0.11581,51.53781],[-0.11691,51.54218],[-0.11689,51.54257],[-0.11613,51.54274],[-0.11644,51.54318],[-0.10781,51.54523],[-0.10611,51.54087]]]},"properties":{"WD22NM":"Barnsbury","LAD22NM":"Islington"}},{"type":"Feature","geometry":{"type":"Polygon","coordinates":[[[-0.085,51.5262],[-0.08472,51.52542],[-0.08542,51.52451],[-0.08511,51.52393],[-0.0842,51.5239],[-0.08519,51.52034],[-0.0862,51.51881],[-0.08998,51.51997],[-0.08967,51.52072],[-0.09235,51.52104],[-0.09249,51.52149],[-0.09432,51.52148],[-0.09506,51.52314],[-0.09644,51.52282],[-0.09676,51.52332],[-0.09794,51.52288],[-0.09738,51.52159],[-0.09757,51.52118],[-0.09765,51.52072],[-0.10025,51.52013],[-0.10175,51.51968],[-0.10155,51.5212],[-0.1023,51.52324],[-0.1032,51.52434],[-0.10287,51.52455],[-0.1035,51.52588],[-0.10011,51.52651],[-0.09147,51.52776],[-0.09149,51.5282],[-0.08863,51.52739],[-0.08741,51.52596],[-0.08677,51.52579],[-0.085,51.5262]]]},"properties":{"WD22NM":"Bunhill","LAD22NM":"Islington"}},{"type":"Feature","geometry":{"type":"Polygon","coordinates":[[[-0.11644,51.54318],[-0.11613,51.54274],[-0.11689,51.54257],[-0.11691,51.54218],[-0.11581,51.53781],[-0.11597,51.5372],[-0.11656,51.53695],[-0.117,51.53501],[-0.11486,51.53478],[-0.11417,51.53138],[-0.11987,51.53094],[-0.12253,51.53073],[-0.12237,51.53689],[-0.12305,51.5385],[-0.12506,51.54114],[-0.12633,51.54504],[-0.1196,51.54683],[-0.11828,51.54483],[-0.11775,51.54486],[-0.1174,51.54293],[-0.11644,51.54318]]]},"properties":{"WD22NM":"Caledonian","LAD22NM":"Islington"}},{"type":"Feature","geometry":{"type":"Polygon","coordinates":[[[-0.08381,51.54659],[-0.08363,51.54507],[-0.08656,51.53737],[-0.09248,51.53857],[-0.09814,51.54184],[-0.09854,51.54315],[-0.10048,51.5463],[-0.09858,51.54676],[-0.09647,51.54731],[-0.08381,51.54659]]]},"properties":{"WD22NM":"Canonbury","LAD22NM":"Islington"}},{"type":"Feature","geometry":{"type":"Polygon","coordinates":[[[-0.10011,51.52651],[-0.1035,51.52588],[-0.10287,51.52455],[-0.1032,51.52434],[-0.1023,51.52324],[-0.10155,51.5212],[-0.10175,51.51968],[-0.10532,51.51854],[-0.10699,51.52219],[-0.10825,51.52209],[-0.10897,51.52302],[-0.11254,51.5238],[-0.11423,51.52552],[-0.11292,51.52641],[-0.11541,51.52772],[-0.11599,51.52984],[-0.11987,51.53094],[-0.11417,51.53138],[-0.10626,51.5319],[-0.10488,51.52956],[-0.1048,51.52842],[-0.10247,51.52978],[-0.1013,51.52893],[-0.10011,51.52651]]]},"properties":{"WD22NM":"Clerkenwell","LAD22NM":"Islington"}},{"type":"Feature","geometry":{"type":"Polygon","coordinates":[[[-0.10437,51.56478],[-0.09957,51.56156],[-0.10098,51.56145],[-0.10106,51.5611],[-0.10241,51.56069],[-0.10357,51.56169],[-0.10522,51.56213],[-0.1068,51.56192],[-0.10778,51.5593],[-0.10944,51.55672],[-0.11118,51.55848],[-0.11692,51.55609],[-0.11946,51.55783],[-0.11882,51.5587],[-0.11673,51.5597],[-0.11643,51.55948],[-0.11516,51.56034],[-0.11866,51.5637],[-0.11765,51.56385],[-0.11581,51.56497],[-0.11616,51.5652],[-0.11591,51.56536],[-0.11538,51.56503],[-0.11264,51.56641],[-0.11195,51.56731],[-0.11139,51.56693],[-0.11052,51.56736],[-0.11124,51.56787],[-0.11069,51.56861],[-0.10485,51.56464],[-0.10437,51.56478]]]},"properties":{"WD22NM":"Finsbury Park","LAD22NM":"Islington"}},{"type":"Feature","geometry":{"type":"Polygon","coordinates":[[[-0.09172,51.56023],[-0.09039,51.55758],[-0.09234,51.55694],[-0.09232,51.55381],[-0.0929,51.5538],[-0.09263,51.55163],[-0.09361,51.55114],[-0.09406,51.55145],[-0.09391,51.55073],[-0.09477,51.55053],[-0.09477,51.55082],[-0.09571,51.55079],[-0.09574,51.55],[-0.09804,51.54988],[-0.09858,51.54676],[-0.10048,51.5463],[-0.10228,51.54608],[-0.10328,51.54625],[-0.10535,51.54736],[-0.10949,51.55054],[-0.10815,51.55155],[-0.10598,51.55204],[-0.10506,51.55268],[-0.10561,51.5555],[-0.09811,51.55578],[-0.09856,51.56084],[-0.09601,51.56123],[-0.09172,51.56023]]]},"properties":{"WD22NM":"Highbury","LAD22NM":"Islington"}},{"type":"Feature","geometry":{"type":"Polygon","coordinates":[[[-0.11887,51.57473],[-0.11954,51.57439],[-0.11756,51.57415],[-0.11556,51.57258],[-0.1161,51.57219],[-0.11569,51.57202],[-0.12031,51.56971],[-0.11908,51.56854],[-0.12645,51.56481],[-0.12749,51.56518],[-0.13155,51.56786],[-0.13232,51.56723],[-0.13513,51.56841],[-0.1361,51.56808],[-0.13832,51.5706],[-0.13339,51.57287],[-0.13136,51.57357],[-0.12747,51.57416],[-0.12485,51.5741],[-0.12375,51.57467],[-0.11962,51.57551],[-0.11887,51.57473]]]},"properties":{"WD22NM":"Hillrise","LAD22NM":"Islington"}},{"type":"Feature","geometry":{"type":"Polygon","coordinates":[[[-0.11692,51.55609],[-0.11149,51.55201],[-0.11535,51.55009],[-0.11647,51.55093],[-0.11891,51.54862],[-0.11978,51.54735],[-0.1196,51.54683],[-0.12633,51.54504],[-0.12718,51.54767],[-0.12911,51.54884],[-0.12377,51.55338],[-0.12111,51.55655],[-0.11946,51.55783],[-0.11692,51.55609]]]},"properties":{"WD22NM":"Holloway","LAD22NM":"Islington"}},{"type":"Feature","geometry":{"type":"Polygon","coordinates":[[[-0.12749,51.56518],[-0.12923,51.56384],[-0.12575,51.56222],[-0.12777,51.56061],[-0.12997,51.5596],[-0.1288,51.55844],[-0.13232,51.55811],[-0.13182,51.55744],[-0.13837,51.55687],[-0.13941,51.55824],[-0.14101,51.56043],[-0.14066,51.56456],[-0.14239,51.56912],[-0.14068,51.5694],[-0.13832,51.5706],[-0.1361,51.56808],[-0.13513,51.56841],[-0.13232,51.56723],[-0.13155,51.56786],[-0.12749,51.56518]]]},"properties":{"WD22NM":"Junction","LAD22NM":"Islington"}},{"type":"Feature","geometry":{"type":"Polygon","coordinates":[[[-0.10949,51.55054],[-0.10535,51.54736],[-0.10328,51.54625],[-0.10228,51.54608],[-0.10048,51.5463],[-0.09854,51.54315],[-0.09948,51.54297],[-0.09959,51.54319],[-0.10014,51.54308],[-0.10007,51.54282],[-0.10305,51.54242],[-0.10281,51.54116],[-0.10611,51.54087],[-0.10781,51.54523],[-0.11644,51.54318],[-0.1174,51.54293],[-0.11775,51.54486],[-0.11828,51.54483],[-0.1196,51.54683],[-0.11978,51.54735],[-0.11891,51.54862],[-0.11647,51.55093],[-0.11535,51.55009],[-0.11149,51.55201],[-0.10949,51.55054]]]},"properties":{"WD22NM":"Laycock","LAD22NM":"Islington"}},{"type":"Feature","geometry":{"type":"Polygon","coordinates":[[[-0.07941,51.55165],[-0.07772,51.54947],[-0.07641,51.54732],[-0.07635,51.54635],[-0.07681,51.54608],[-0.08381,51.54659],[-0.09647,51.54731],[-0.09858,51.54676],[-0.09804,51.54988],[-0.09574,51.55],[-0.09571,51.55079],[-0.09477,51.55082],[-0.09477,51.55053],[-0.09391,51.55073],[-0.09406,51.55145],[-0.09361,51.55114],[-0.09263,51.55163],[-0.0929,51.5538],[-0.09232,51.55381],[-0.09234,51.55694],[-0.09039,51.55758],[-0.09038,51.55415],[-0.08927,51.55374],[-0.08856,51.55395],[-0.08753,51.55282],[-0.08548,51.55216],[-0.08026,51.55191],[-0.07941,51.55165]]]},"properties":{"WD22NM":"Mildmay","LAD22NM":"Islington"}},{"type":"Feature","geometry":{"type":"Polygon","coordinates":[[[-0.09854,51.54315],[-0.09814,51.54184],[-0.09248,51.53857],[-0.08656,51.53737],[-0.08659,51.53726],[-0.08966,51.53601],[-0.09314,51.53439],[-0.09428,51.53561],[-0.09382,51.53579],[-0.09475,51.53661],[-0.09617,51.53573],[-0.09664,51.53616],[-0.09868,51.53474],[-0.10194,51.53635],[-0.10391,51.53548],[-0.10599,51.53319],[-0.10691,51.53388],[-0.1072,51.53513],[-0.10685,51.53884],[-0.10611,51.54087],[-0.10281,51.54116],[-0.10305,51.54242],[-0.10007,51.54282],[-0.10014,51.54308],[-0.09959,51.54319],[-0.09948,51.54297],[-0.09854,51.54315]]]},"properties":{"WD22NM":"St Mary's & St James'","LAD22NM":"Islington"}},{"type":"Feature","geometry":{"type":"Polygon","coordinates":[[[-0.09314,51.53439],[-0.09701,51.53298],[-0.09509,51.53005],[-0.09538,51.5292],[-0.09149,51.5282],[-0.09147,51.52776],[-0.10011,51.52651],[-0.1013,51.52893],[-0.10247,51.52978],[-0.1048,51.52842],[-0.10488,51.52956],[-0.10626,51.5319],[-0.10599,51.53319],[-0.10391,51.53548],[-0.10194,51.53635],[-0.09868,51.53474],[-0.09664,51.53616],[-0.09617,51.53573],[-0.09475,51.53661],[-0.09382,51.53579],[-0.09428,51.53561],[-0.09314,51.53439]]]},"properties":{"WD22NM":"St Peter's & Canalside","LAD22NM":"Islington"}},{"type":"Feature","geometry":{"type":"Polygon","coordinates":[[[-0.11069,51.56861],[-0.11124,51.56787],[-0.11052,51.56736],[-0.11139,51.56693],[-0.11195,51.56731],[-0.11264,51.56641],[-0.11538,51.56503],[-0.11591,51.56536],[-0.11616,51.5652],[-0.11581,51.56497],[-0.11765,51.56385],[-0.11866,51.5637],[-0.11516,51.56034],[-0.11643,51.55948],[-0.11673,51.5597],[-0.11882,51.5587],[-0.11946,51.55783],[-0.12575,51.56222],[-0.12923,51.56384],[-0.12749,51.56518],[-0.12645,51.56481],[-0.11908,51.56854],[-0.12031,51.56971],[-0.11569,51.57202],[-0.11502,51.57058],[-0.11069,51.56861]]]},"properties":{"WD22NM":"Tollington","LAD22NM":"Islington"}},{"type":"Feature","geometry":{"type":"Polygon","coordinates":[[[-0.11946,51.55783],[-0.12111,51.55655],[-0.12377,51.55338],[-0.12911,51.54884],[-0.13014,51.54962],[-0.13069,51.55067],[-0.131,51.55151],[-0.13435,51.55362],[-0.13523,51.55459],[-0.13715,51.5554],[-0.13837,51.55687],[-0.13182,51.55744],[-0.13232,51.55811],[-0.1288,51.55844],[-0.12997,51.5596],[-0.12777,51.56061],[-0.12575,51.56222],[-0.11946,51.55783]]]},"properties":{"WD22NM":"Tufnell Park","LAD22NM":"Islington"}},{"type":"Feature","geometry":{"type":"Polygon","coordinates":[[[-0.02423,51.43868],[-0.01964,51.4335],[-0.0184,51.43077],[-0.0175,51.42661],[-0.0165,51.42511],[-0.01492,51.42376],[-0.00969,51.41976],[-0.00877,51.41816],[-0.00767,51.41448],[-0.01052,51.41355],[-0.01424,51.41366],[-0.01453,51.41392],[-0.01413,51.4151],[-0.01796,51.41506],[-0.01782,51.41574],[-0.02101,51.41602],[-0.02216,51.41674],[-0.02171,51.41729],[-0.02253,51.41754],[-0.02136,51.41841],[-0.02075,51.41994],[-0.02165,51.42045],[-0.02093,51.42092],[-0.02224,51.42177],[-0.02258,51.42156],[-0.0244,51.42315],[-0.02598,51.42362],[-0.03008,51.42565],[-0.03197,51.42554],[-0.03179,51.42471],[-0.03332,51.42464],[-0.03421,51.42475],[-0.0342,51.4251],[-0.03746,51.42499],[-0.03845,51.42396],[-0.0399,51.42425],[-0.0405,51.42719],[-0.03732,51.42876],[-0.03754,51.43072],[-0.03759,51.43204],[-0.03521,51.43214],[-0.03505,51.43267],[-0.02908,51.43249],[-0.02658,51.43631],[-0.02562,51.44057],[-0.02423,51.43868]]]},"properties":{"WD22NM":"Bellingham","LAD22NM":"Lewisham"}},{"type":"Feature","geometry":{"type":"Polygon","coordinates":[[[0.01045,51.45848],[0.01154,51.45661],[0.0098,51.45661],[0.00795,51.45816],[0.00661,51.45863],[-0.00128,51.45863],[-0.00318,51.4591],[-0.00377,51.45881],[-0.00749,51.46176],[-0.00895,51.46204],[-0.01028,51.46285],[-0.01122,51.46469],[-0.01109,51.4663],[-0.01175,51.46759],[-0.01311,51.46894],[-0.01516,51.47177],[-0.01451,51.47192],[-0.01404,51.47268],[-0.01249,51.47234],[-0.00812,51.47276],[-0.00096,51.47181],[0.01211,51.47317],[0.01796,51.47383],[0.015,51.47308],[0.01553,51.47132],[0.0167,51.46951],[0.01654,51.46913],[0.01636,51.46897],[0.01434,51.46975],[0.01261,51.46981],[0.01309,51.46815],[0.0127,51.4674],[0.01327,51.46684],[0.01154,51.46624],[0.00909,51.46587],[0.0099,51.45963],[0.01045,51.45848]]]},"properties":{"WD22NM":"Blackheath","LAD22NM":"Lewisham"}},{"type":"Feature","geometry":{"type":"Polygon","coordinates":[[[-0.02279,51.47446],[-0.02257,51.47411],[-0.01998,51.473],[-0.02031,51.4723],[-0.0193,51.47204],[-0.01866,51.47069],[-0.01925,51.4705],[-0.01911,51.47001],[-0.01718,51.46934],[-0.0201,51.46831],[-0.01951,51.46809],[-0.01991,51.46807],[-0.02279,51.46748],[-0.02312,51.46764],[-0.02332,51.46737],[-0.02281,51.46716],[-0.02383,51.46461],[-0.02407,51.46245],[-0.02481,51.46232],[-0.02479,51.46264],[-0.02555,51.46277],[-0.02543,51.46316],[-0.02584,51.46328],[-0.0281,51.46285],[-0.02979,51.46333],[-0.03166,51.46156],[-0.03416,51.46101],[-0.03401,51.45853],[-0.03912,51.45967],[-0.03774,51.46358],[-0.03746,51.46677],[-0.03815,51.47048],[-0.04026,51.47491],[-0.04003,51.47497],[-0.03739,51.47563],[-0.0323,51.47587],[-0.0302,51.47355],[-0.02799,51.47187],[-0.02636,51.47278],[-0.0271,51.47363],[-0.02632,51.47411],[-0.02574,51.47379],[-0.02406,51.47467],[-0.02279,51.47446]]]},"properties":{"WD22NM":"Brockley","LAD22NM":"Lewisham"}},{"type":"Feature","geometry":{"type":"Polygon","coordinates":[[[-0.0027,51.43092],[-0.0025,51.42918],[-0.00136,51.42847],[-0.00052,51.42633],[-0.00229,51.42604],[-0.00621,51.42599],[-0.01088,51.42727],[-0.01492,51.42376],[-0.0165,51.42511],[-0.0175,51.42661],[-0.0184,51.43077],[-0.01964,51.4335],[-0.02423,51.43868],[-0.02379,51.43925],[-0.02282,51.43908],[-0.02243,51.43959],[-0.02021,51.4387],[-0.01946,51.43893],[-0.02055,51.4404],[-0.02033,51.4432],[-0.01909,51.44313],[-0.01885,51.44355],[-0.01438,51.44276],[-0.01423,51.44306],[-0.01327,51.44285],[-0.01339,51.4425],[-0.01033,51.44175],[-0.00898,51.44472],[-0.00849,51.44452],[-0.00213,51.44462],[-0.00191,51.44086],[-0.00248,51.44084],[-0.00234,51.43812],[-0.00164,51.43648],[-0.00505,51.43593],[-0.0048,51.43549],[-0.00533,51.43538],[-0.00439,51.43373],[-0.00364,51.43358],[-0.0027,51.43092]]]},"properties":{"WD22NM":"Catford South","LAD22NM":"Lewisham"}},{"type":"Feature","geometry":{"type":"Polygon","coordinates":[[[-0.03401,51.45853],[-0.03605,51.4564],[-0.03161,51.45526],[-0.03349,51.4539],[-0.02829,51.45198],[-0.02669,51.45088],[-0.02566,51.44965],[-0.02805,51.44851],[-0.02875,51.44882],[-0.02978,51.44876],[-0.02967,51.44839],[-0.0311,51.4483],[-0.0321,51.44779],[-0.03403,51.44549],[-0.03332,51.4443],[-0.03461,51.44395],[-0.03426,51.44394],[-0.0343,51.44315],[-0.03394,51.4432],[-0.03418,51.44303],[-0.0338,51.44288],[-0.03436,51.44228],[-0.03982,51.44206],[-0.04782,51.44229],[-0.04879,51.44183],[-0.04878,51.4421],[-0.05107,51.44227],[-0.05128,51.442],[-0.05175,51.44206],[-0.04571,51.44977],[-0.04613,51.44987],[-0.04162,51.45499],[-0.0412,51.45491],[-0.04085,51.45551],[-0.03912,51.45967],[-0.03401,51.45853]]]},"properties":{"WD22NM":"Crofton Park","LAD22NM":"Lewisham"}},{"type":"Feature","geometry":{"type":"Polygon","coordinates":[[[-0.02637,51.48151],[-0.02314,51.48074],[-0.02304,51.47963],[-0.02034,51.47994],[-0.02039,51.48023],[-0.01785,51.48088],[-0.01709,51.48041],[-0.0171,51.48039],[-0.01917,51.47965],[-0.01942,51.47801],[-0.01984,51.47805],[-0.01929,51.47762],[-0.01939,51.47719],[-0.02005,51.47713],[-0.02056,51.47672],[-0.02059,51.47671],[-0.0206,51.47669],[-0.02112,51.47627],[-0.0228,51.47593],[-0.02092,51.47613],[-0.02095,51.47568],[-0.02253,51.47559],[-0.02226,51.47546],[-0.02268,51.47537],[-0.02256,51.47536],[-0.02286,51.47531],[-0.02279,51.47446],[-0.02406,51.47467],[-0.02574,51.47379],[-0.02632,51.47411],[-0.0271,51.47363],[-0.02636,51.47278],[-0.02799,51.47187],[-0.0302,51.47355],[-0.0323,51.47587],[-0.03739,51.47563],[-0.04003,51.47497],[-0.04255,51.47953],[-0.04324,51.48377],[-0.0411,51.48259],[-0.03809,51.48222],[-0.0329,51.48442],[-0.02637,51.48151]]]},"properties":{"WD22NM":"Deptford","LAD22NM":"Lewisham"}},{"type":"Feature","geometry":{"type":"Polygon","coordinates":[[[0.02041,51.42689],[0.0188,51.42705],[0.01746,51.42685],[0.01607,51.42621],[0.01413,51.42617],[0.01442,51.42523],[0.01354,51.42509],[0.01337,51.4247],[0.01184,51.42405],[0.00999,51.42248],[0.0081,51.42304],[0.00738,51.42138],[0.00687,51.42149],[0.00676,51.42094],[0.00632,51.42101],[0.00525,51.41932],[0.0057,51.41851],[0.00355,51.41742],[0.00176,51.41856],[-5E-05,51.41765],[-0.00073,51.41591],[-0.00338,51.41566],[-0.00326,51.41505],[-0.00497,51.41459],[-0.00551,51.41579],[-0.00654,51.41599],[-0.0066,51.41466],[-0.00767,51.41448],[-0.00877,51.41816],[-0.00969,51.41976],[-0.01492,51.42376],[-0.01088,51.42727],[-0.00621,51.42599],[-0.00229,51.42604],[-0.00052,51.42633],[-0.00136,51.42847],[-0.0025,51.42918],[-0.0027,51.43092],[0.00222,51.43206],[0.00746,51.43264],[0.00978,51.43329],[0.0096,51.43373],[0.0102,51.43378],[0.01004,51.43407],[0.01549,51.43559],[0.0208,51.43157],[0.02081,51.43099],[0.02001,51.4307],[0.01999,51.42896],[0.02023,51.42819],[0.02124,51.4278],[0.02058,51.42758],[0.02041,51.42689]]]},"properties":{"WD22NM":"Downham","LAD22NM":"Lewisham"}},{"type":"Feature","geometry":{"type":"Polygon","coordinates":[[[-0.02472,51.48548],[-0.02517,51.48502],[-0.02579,51.48219],[-0.02637,51.48151],[-0.0329,51.48442],[-0.03809,51.48222],[-0.0411,51.48259],[-0.04324,51.48377],[-0.0439,51.48694],[-0.04599,51.49028],[-0.04473,51.49044],[-0.04447,51.49011],[-0.0422,51.49004],[-0.04248,51.49024],[-0.04032,51.49106],[-0.04103,51.49183],[-0.04005,51.49217],[-0.04053,51.49279],[-0.03929,51.49296],[-0.03729,51.49222],[-0.0324,51.49311],[-0.03239,51.49309],[-0.03238,51.49305],[-0.02939,51.48894],[-0.02945,51.48855],[-0.02911,51.48862],[-0.02755,51.48722],[-0.02482,51.48553],[-0.02472,51.48548]]]},"properties":{"WD22NM":"Evelyn","LAD22NM":"Lewisham"}},{"type":"Feature","geometry":{"type":"Polygon","coordinates":[[[-0.04613,51.44987],[-0.04571,51.44977],[-0.05175,51.44206],[-0.05337,51.438],[-0.05306,51.43371],[-0.05595,51.43303],[-0.05872,51.4311],[-0.06136,51.43055],[-0.06605,51.43098],[-0.07006,51.43174],[-0.07186,51.43169],[-0.07284,51.43208],[-0.07219,51.43246],[-0.0695,51.43268],[-0.06668,51.43392],[-0.06581,51.43463],[-0.06439,51.43704],[-0.06343,51.43754],[-0.06403,51.44085],[-0.065,51.44116],[-0.06384,51.44253],[-0.06372,51.44423],[-0.06306,51.44618],[-0.0618,51.4478],[-0.05757,51.45032],[-0.05754,51.45034],[-0.05376,51.44871],[-0.04906,51.45011],[-0.04613,51.44987]]]},"properties":{"WD22NM":"Forest Hill","LAD22NM":"Lewisham"}},{"type":"Feature","geometry":{"type":"Polygon","coordinates":[[[0.02939,51.44171],[0.0286,51.44045],[0.02884,51.43879],[0.02482,51.43824],[0.0254,51.43569],[0.02727,51.43656],[0.0287,51.43641],[0.02909,51.43467],[0.02861,51.43403],[0.03141,51.43258],[0.03117,51.4321],[0.03161,51.43256],[0.03248,51.43189],[0.03325,51.43224],[0.03373,51.4317],[0.03772,51.43335],[0.03755,51.43138],[0.03836,51.42803],[0.03786,51.42779],[0.03849,51.42759],[0.03905,51.42467],[0.03621,51.42237],[0.03463,51.42337],[0.02544,51.42899],[0.02116,51.42684],[0.02041,51.42689],[0.02058,51.42758],[0.02124,51.4278],[0.02023,51.42819],[0.01999,51.42896],[0.02001,51.4307],[0.02081,51.43099],[0.0208,51.43157],[0.01549,51.43559],[0.00551,51.44546],[0.01362,51.44598],[0.02242,51.44812],[0.02297,51.4472],[0.02124,51.44669],[0.02152,51.44444],[0.02062,51.44421],[0.02151,51.44274],[0.02544,51.44174],[0.02779,51.44151],[0.02939,51.44171]]]},"properties":{"WD22NM":"Grove Park","LAD22NM":"Lewisham"}},{"type":"Feature","geometry":{"type":"Polygon","coordinates":[[[0.00551,51.44546],[0.01549,51.43559],[0.01004,51.43407],[0.0102,51.43378],[0.0096,51.43373],[0.00978,51.43329],[0.00746,51.43264],[0.00222,51.43206],[-0.0027,51.43092],[-0.00364,51.43358],[-0.00439,51.43373],[-0.00533,51.43538],[-0.0048,51.43549],[-0.00505,51.43593],[-0.00164,51.43648],[-0.00234,51.43812],[-0.00248,51.44084],[-0.00191,51.44086],[-0.00213,51.44462],[-0.00849,51.44452],[-0.00898,51.44472],[-0.00864,51.4457],[-0.00753,51.4457],[-0.00786,51.44643],[-0.00611,51.44676],[-0.00694,51.44856],[-0.00696,51.44967],[-0.00789,51.44972],[-0.00846,51.45009],[-0.0089,51.45066],[-0.00882,51.45158],[-0.01065,51.45159],[-0.01012,51.45187],[-0.01026,51.45274],[-0.01187,51.45364],[-0.01171,51.45397],[-0.01086,51.45392],[-0.011,51.45481],[-0.01027,51.45626],[-0.00907,51.45665],[-0.00508,51.4548],[-0.00263,51.45323],[0.00551,51.44546]]]},"properties":{"WD22NM":"Hither Green","LAD22NM":"Lewisham"}},{"type":"Feature","geometry":{"type":"Polygon","coordinates":[[[-0.00907,51.45665],[-0.01027,51.45626],[-0.011,51.45481],[-0.01086,51.45392],[-0.01171,51.45397],[-0.01187,51.45364],[-0.01026,51.45274],[-0.01012,51.45187],[-0.01065,51.45159],[-0.01339,51.45154],[-0.01336,51.45186],[-0.01643,51.4519],[-0.01668,51.45224],[-0.01743,51.4523],[-0.0175,51.45196],[-0.01899,51.45191],[-0.01928,51.45228],[-0.02047,51.45155],[-0.02154,51.44989],[-0.02415,51.44992],[-0.02566,51.44965],[-0.02669,51.45088],[-0.02829,51.45198],[-0.03349,51.4539],[-0.03161,51.45526],[-0.03605,51.4564],[-0.03401,51.45853],[-0.03416,51.46101],[-0.03166,51.46156],[-0.02979,51.46333],[-0.0281,51.46285],[-0.02584,51.46328],[-0.02543,51.46316],[-0.02555,51.46277],[-0.02479,51.46264],[-0.02481,51.46232],[-0.02407,51.46245],[-0.02383,51.46461],[-0.02281,51.46716],[-0.02332,51.46737],[-0.02312,51.46764],[-0.02279,51.46748],[-0.01991,51.46807],[-0.01796,51.46631],[-0.01636,51.46176],[-0.01519,51.46001],[-0.01291,51.45824],[-0.00907,51.45665]]]},"properties":{"WD22NM":"Ladywell","LAD22NM":"Lewisham"}},{"type":"Feature","geometry":{"type":"Polygon","coordinates":[[[0.01154,51.45661],[0.01404,51.45573],[0.01754,51.45503],[0.01835,51.45158],[0.01956,51.45171],[0.01988,51.45073],[0.01513,51.45021],[0.01497,51.45062],[0.0151,51.45001],[0.02197,51.44894],[0.02242,51.44812],[0.01362,51.44598],[0.00551,51.44546],[-0.00263,51.45323],[-0.00508,51.4548],[-0.00907,51.45665],[-0.00802,51.45651],[-0.00809,51.45798],[-0.00631,51.45812],[-0.00644,51.45837],[-0.00535,51.45864],[-0.00515,51.45829],[-0.00424,51.45838],[-0.00377,51.45881],[-0.00318,51.4591],[-0.00128,51.45863],[0.00661,51.45863],[0.00795,51.45816],[0.0098,51.45661],[0.01154,51.45661]]]},"properties":{"WD22NM":"Lee Green","LAD22NM":"Lewisham"}},{"type":"Feature","geometry":{"type":"Polygon","coordinates":[[[-0.01311,51.46894],[-0.01175,51.46759],[-0.01109,51.4663],[-0.01122,51.46469],[-0.01028,51.46285],[-0.00895,51.46204],[-0.00749,51.46176],[-0.00377,51.45881],[-0.00424,51.45838],[-0.00515,51.45829],[-0.00535,51.45864],[-0.00644,51.45837],[-0.00631,51.45812],[-0.00809,51.45798],[-0.00802,51.45651],[-0.00907,51.45665],[-0.01291,51.45824],[-0.01519,51.46001],[-0.01636,51.46176],[-0.01796,51.46631],[-0.01991,51.46807],[-0.01951,51.46809],[-0.0201,51.46831],[-0.01718,51.46934],[-0.01692,51.46906],[-0.01654,51.46923],[-0.01506,51.46804],[-0.01311,51.46894]]]},"properties":{"WD22NM":"Lewisham Central","LAD22NM":"Lewisham"}},{"type":"Feature","geometry":{"type":"Polygon","coordinates":[[[-0.04599,51.49028],[-0.0439,51.48694],[-0.04324,51.48377],[-0.04255,51.47953],[-0.04003,51.47497],[-0.04026,51.47491],[-0.04289,51.47434],[-0.0461,51.47437],[-0.04748,51.47585],[-0.05268,51.47801],[-0.05424,51.47858],[-0.05279,51.48265],[-0.05307,51.48516],[-0.05353,51.4858],[-0.05292,51.48601],[-0.05282,51.48647],[-0.05396,51.48794],[-0.0526,51.48756],[-0.05052,51.48791],[-0.05008,51.48834],[-0.05193,51.48914],[-0.05144,51.48944],[-0.04654,51.49075],[-0.04654,51.49034],[-0.04599,51.49028]]]},"properties":{"WD22NM":"New Cross Gate","LAD22NM":"Lewisham"}},{"type":"Feature","geometry":{"type":"Polygon","coordinates":[[[-0.02658,51.43631],[-0.02908,51.43249],[-0.03505,51.43267],[-0.03521,51.43214],[-0.03759,51.43204],[-0.03754,51.43072],[-0.03884,51.43118],[-0.03926,51.43089],[-0.03999,51.43134],[-0.04243,51.43085],[-0.04249,51.43021],[-0.04394,51.4302],[-0.04438,51.42956],[-0.04496,51.42956],[-0.04501,51.43006],[-0.04564,51.43008],[-0.04567,51.42957],[-0.04659,51.42957],[-0.04676,51.42859],[-0.05145,51.4291],[-0.05246,51.42931],[-0.05238,51.42968],[-0.05334,51.42981],[-0.05306,51.43371],[-0.05337,51.438],[-0.05175,51.44206],[-0.05128,51.442],[-0.05107,51.44227],[-0.04878,51.4421],[-0.04879,51.44183],[-0.04782,51.44229],[-0.03982,51.44206],[-0.03436,51.44228],[-0.03351,51.44211],[-0.0331,51.4392],[-0.0323,51.43894],[-0.0331,51.4374],[-0.03139,51.43716],[-0.0308,51.43688],[-0.03075,51.43641],[-0.02658,51.43631]]]},"properties":{"WD22NM":"Perry Vale","LAD22NM":"Lewisham"}},{"type":"Feature","geometry":{"type":"Polygon","coordinates":[[[-0.01065,51.45159],[-0.00882,51.45158],[-0.0089,51.45066],[-0.00846,51.45009],[-0.00789,51.44972],[-0.00696,51.44967],[-0.00694,51.44856],[-0.00611,51.44676],[-0.00786,51.44643],[-0.00753,51.4457],[-0.00864,51.4457],[-0.00898,51.44472],[-0.01033,51.44175],[-0.01339,51.4425],[-0.01327,51.44285],[-0.01423,51.44306],[-0.01438,51.44276],[-0.01885,51.44355],[-0.01909,51.44313],[-0.02033,51.4432],[-0.02055,51.4404],[-0.01946,51.43893],[-0.02021,51.4387],[-0.02243,51.43959],[-0.02282,51.43908],[-0.02379,51.43925],[-0.02423,51.43868],[-0.02562,51.44057],[-0.02658,51.43631],[-0.03075,51.43641],[-0.0308,51.43688],[-0.03139,51.43716],[-0.0331,51.4374],[-0.0323,51.43894],[-0.0331,51.4392],[-0.03351,51.44211],[-0.03436,51.44228],[-0.0338,51.44288],[-0.03418,51.44303],[-0.03394,51.4432],[-0.0343,51.44315],[-0.03426,51.44394],[-0.03461,51.44395],[-0.03332,51.4443],[-0.03403,51.44549],[-0.0321,51.44779],[-0.0311,51.4483],[-0.02967,51.44839],[-0.02978,51.44876],[-0.02875,51.44882],[-0.02805,51.44851],[-0.02566,51.44965],[-0.02415,51.44992],[-0.02154,51.44989],[-0.02047,51.45155],[-0.01928,51.45228],[-0.01899,51.45191],[-0.0175,51.45196],[-0.01743,51.4523],[-0.01668,51.45224],[-0.01643,51.4519],[-0.01336,51.45186],[-0.01339,51.45154],[-0.01065,51.45159]]]},"properties":{"WD22NM":"Rushey Green","LAD22NM":"Lewisham"}},{"type":"Feature","geometry":{"type":"Polygon","coordinates":[[[-0.05306,51.43371],[-0.05334,51.42981],[-0.05238,51.42968],[-0.05246,51.42931],[-0.05145,51.4291],[-0.04676,51.42859],[-0.04659,51.42957],[-0.04567,51.42957],[-0.04564,51.43008],[-0.04501,51.43006],[-0.04496,51.42956],[-0.04438,51.42956],[-0.04394,51.4302],[-0.04249,51.43021],[-0.04243,51.43085],[-0.03999,51.43134],[-0.03926,51.43089],[-0.03884,51.43118],[-0.03754,51.43072],[-0.03732,51.42876],[-0.0405,51.42719],[-0.0399,51.42425],[-0.04104,51.42425],[-0.04158,51.42365],[-0.04626,51.42237],[-0.04599,51.4228],[-0.04721,51.42286],[-0.05175,51.42252],[-0.05178,51.42358],[-0.05475,51.42373],[-0.05513,51.42294],[-0.05676,51.42297],[-0.0581,51.42318],[-0.06258,51.4252],[-0.0644,51.42533],[-0.06458,51.42506],[-0.06582,51.42533],[-0.06604,51.42507],[-0.06789,51.42593],[-0.06866,51.426],[-0.06886,51.42562],[-0.0705,51.42617],[-0.07096,51.42624],[-0.07184,51.4263],[-0.07392,51.42615],[-0.07502,51.42918],[-0.07284,51.43208],[-0.07186,51.43169],[-0.07006,51.43174],[-0.06605,51.43098],[-0.06136,51.43055],[-0.05872,51.4311],[-0.05595,51.43303],[-0.05306,51.43371]]]},"properties":{"WD22NM":"Sydenham","LAD22NM":"Lewisham"}},{"type":"Feature","geometry":{"type":"Polygon","coordinates":[[[-0.04026,51.47491],[-0.03815,51.47048],[-0.03746,51.46677],[-0.03774,51.46358],[-0.03912,51.45967],[-0.04085,51.45551],[-0.0412,51.45491],[-0.04162,51.45499],[-0.04461,51.45658],[-0.04613,51.45696],[-0.04522,51.45941],[-0.04521,51.4622],[-0.04597,51.46397],[-0.04746,51.46512],[-0.04851,51.46563],[-0.04818,51.4659],[-0.05086,51.46664],[-0.05055,51.46679],[-0.0513,51.46737],[-0.05086,51.46758],[-0.05226,51.46921],[-0.05166,51.46975],[-0.05273,51.47293],[-0.05268,51.47801],[-0.04748,51.47585],[-0.0461,51.47437],[-0.04289,51.47434],[-0.04026,51.47491]]]},"properties":{"WD22NM":"Telegraph Hill","LAD22NM":"Lewisham"}},{"type":"Feature","geometry":{"type":"Polygon","coordinates":[[[-0.21502,51.50219],[-0.21621,51.50162],[-0.21562,51.5012],[-0.21932,51.49919],[-0.22206,51.4997],[-0.22283,51.49716],[-0.2248,51.49728],[-0.22505,51.49845],[-0.22546,51.49881],[-0.22598,51.49878],[-0.2267,51.50239],[-0.22242,51.50355],[-0.21699,51.50447],[-0.21502,51.50219]]]},"properties":{"WD22NM":"Addison","LAD22NM":"Hammersmith and Fulham"}},{"type":"Feature","geometry":{"type":"Polygon","coordinates":[[[-0.20308,51.49337],[-0.20181,51.49185],[-0.20236,51.49167],[-0.20941,51.4905],[-0.21457,51.49079],[-0.21689,51.49078],[-0.21929,51.49124],[-0.21945,51.49323],[-0.21663,51.49337],[-0.20995,51.49569],[-0.20798,51.49602],[-0.20736,51.49615],[-0.20308,51.49337]]]},"properties":{"WD22NM":"Avonmore","LAD22NM":"Hammersmith and Fulham"}},{"type":"Feature","geometry":{"type":"Polygon","coordinates":[[[-0.20798,51.49602],[-0.20995,51.49569],[-0.21663,51.49337],[-0.21945,51.49323],[-0.22487,51.49318],[-0.22598,51.49878],[-0.22546,51.49881],[-0.22505,51.49845],[-0.2248,51.49728],[-0.22283,51.49716],[-0.22206,51.4997],[-0.21932,51.49919],[-0.21562,51.5012],[-0.21621,51.50162],[-0.21502,51.50219],[-0.21411,51.50077],[-0.21025,51.49813],[-0.20798,51.49602]]]},"properties":{"WD22NM":"Brook Green","LAD22NM":"Hammersmith and Fulham"}},{"type":"Feature","geometry":{"type":"Polygon","coordinates":[[[-0.23382,51.53233],[-0.23137,51.53109],[-0.22848,51.53035],[-0.2287,51.52988],[-0.22739,51.52789],[-0.22717,51.52479],[-0.2266,51.5248],[-0.22671,51.52198],[-0.22828,51.5211],[-0.22654,51.51958],[-0.22245,51.51541],[-0.22025,51.51173],[-0.22455,51.50949],[-0.22483,51.51187],[-0.22679,51.51069],[-0.22829,51.51177],[-0.22743,51.51227],[-0.23004,51.51395],[-0.23011,51.51485],[-0.23835,51.51423],[-0.24073,51.51438],[-0.24898,51.51389],[-0.25058,51.51854],[-0.2507,51.51948],[-0.25028,51.52016],[-0.2518,51.52211],[-0.25251,51.52509],[-0.25027,51.52719],[-0.2506,51.52778],[-0.25004,51.5282],[-0.25044,51.52834],[-0.24962,51.52908],[-0.24693,51.53073],[-0.24525,51.53121],[-0.24697,51.53179],[-0.24629,51.53275],[-0.24341,51.53179],[-0.23733,51.53202],[-0.2344,51.53264],[-0.23382,51.53233]]]},"properties":{"WD22NM":"College Park & Old Oak","LAD22NM":"Hammersmith and Fulham"}},{"type":"Feature","geometry":{"type":"Polygon","coordinates":[[[-0.23493,51.50647],[-0.2303,51.50614],[-0.23028,51.50587],[-0.23072,51.50585],[-0.23057,51.5039],[-0.22985,51.50213],[-0.22863,51.50233],[-0.22852,51.50204],[-0.2346,51.50055],[-0.23909,51.49979],[-0.24011,51.50139],[-0.24276,51.50237],[-0.24512,51.50674],[-0.24507,51.50677],[-0.23493,51.50647]]]},"properties":{"WD22NM":"Coningham","LAD22NM":"Hammersmith and Fulham"}},{"type":"Feature","geometry":{"type":"Polygon","coordinates":[[[-0.20496,51.48443],[-0.20724,51.48397],[-0.21002,51.48314],[-0.2139,51.48252],[-0.21618,51.48327],[-0.21909,51.48357],[-0.21861,51.48244],[-0.21969,51.48242],[-0.22214,51.48148],[-0.22157,51.48059],[-0.2228,51.48002],[-0.22181,51.47688],[-0.22329,51.4767],[-0.22355,51.47739],[-0.22402,51.4817],[-0.22362,51.48189],[-0.22408,51.48243],[-0.22501,51.48431],[-0.22645,51.48605],[-0.2222,51.48775],[-0.21588,51.48938],[-0.21591,51.48986],[-0.21371,51.49015],[-0.21239,51.48816],[-0.21323,51.48798],[-0.21301,51.48749],[-0.21367,51.48734],[-0.21349,51.48698],[-0.21279,51.48701],[-0.2124,51.48619],[-0.21088,51.48649],[-0.21037,51.48689],[-0.21013,51.48659],[-0.20816,51.48694],[-0.20689,51.48527],[-0.20549,51.48543],[-0.20496,51.48443]]]},"properties":{"WD22NM":"Fulham Reach","LAD22NM":"Hammersmith and Fulham"}},{"type":"Feature","geometry":{"type":"Polygon","coordinates":[[[-0.20073,51.47549],[-0.20074,51.47258],[-0.20569,51.47155],[-0.2085,51.46946],[-0.21027,51.46927],[-0.21139,51.47183],[-0.20829,51.47365],[-0.20755,51.4745],[-0.20987,51.47713],[-0.20394,51.47909],[-0.20151,51.47723],[-0.20073,51.47549]]]},"properties":{"WD22NM":"Fulham Town","LAD22NM":"Hammersmith and Fulham"}},{"type":"Feature","geometry":{"type":"Polygon","coordinates":[[[-0.22598,51.49878],[-0.22487,51.49318],[-0.2264,51.49369],[-0.22962,51.49363],[-0.22975,51.49446],[-0.23397,51.4944],[-0.23461,51.49444],[-0.23473,51.49846],[-0.23399,51.49905],[-0.2346,51.50055],[-0.22852,51.50204],[-0.2267,51.50239],[-0.22598,51.49878]]]},"properties":{"WD22NM":"Grove","LAD22NM":"Hammersmith and Fulham"}},{"type":"Feature","geometry":{"type":"Polygon","coordinates":[[[-0.22487,51.49318],[-0.21945,51.49323],[-0.21929,51.49124],[-0.21689,51.49078],[-0.21457,51.49079],[-0.21459,51.49046],[-0.21323,51.49039],[-0.21323,51.4901],[-0.21371,51.49015],[-0.21591,51.48986],[-0.21588,51.48938],[-0.2222,51.48775],[-0.22645,51.48605],[-0.22757,51.48741],[-0.22761,51.48744],[-0.22867,51.48883],[-0.23278,51.49019],[-0.23437,51.49041],[-0.23446,51.49041],[-0.2346,51.4904],[-0.23467,51.49107],[-0.23397,51.4944],[-0.22975,51.49446],[-0.22962,51.49363],[-0.2264,51.49369],[-0.22487,51.49318]]]},"properties":{"WD22NM":"Hammersmith Broadway","LAD22NM":"Hammersmith and Fulham"}},{"type":"Feature","geometry":{"type":"Polygon","coordinates":[[[-0.19077,51.48317],[-0.19408,51.48113],[-0.19545,51.48247],[-0.19813,51.48121],[-0.19929,51.48151],[-0.20093,51.48337],[-0.2056,51.48167],[-0.20724,51.48397],[-0.20496,51.48443],[-0.2025,51.48551],[-0.19885,51.48631],[-0.19642,51.48721],[-0.19596,51.48737],[-0.1936,51.48581],[-0.19077,51.48317]]]},"properties":{"WD22NM":"Lillie","LAD22NM":"Hammersmith and Fulham"}},{"type":"Feature","geometry":{"type":"Polygon","coordinates":[[[-0.2056,51.48167],[-0.20502,51.48048],[-0.20366,51.47925],[-0.20394,51.47909],[-0.20987,51.47713],[-0.20755,51.4745],[-0.20829,51.47365],[-0.21139,51.47183],[-0.2172,51.4784],[-0.21861,51.48244],[-0.21909,51.48357],[-0.21618,51.48327],[-0.2139,51.48252],[-0.21002,51.48314],[-0.20724,51.48397],[-0.2056,51.48167]]]},"properties":{"WD22NM":"Munster","LAD22NM":"Hammersmith and Fulham"}},{"type":"Feature","geometry":{"type":"Polygon","coordinates":[[[-0.21139,51.47183],[-0.21027,51.46927],[-0.2085,51.46946],[-0.20569,51.47155],[-0.20074,51.47258],[-0.20018,51.47091],[-0.19864,51.47099],[-0.19725,51.46995],[-0.19476,51.47113],[-0.19146,51.47195],[-0.19049,51.46819],[-0.18855,51.46584],[-0.19044,51.46526],[-0.19416,51.46484],[-0.19714,51.46498],[-0.19738,51.46521],[-0.19755,51.46499],[-0.19762,51.46499],[-0.19953,51.465],[-0.20276,51.46534],[-0.21053,51.46714],[-0.21051,51.46774],[-0.21099,51.46731],[-0.21131,51.46741],[-0.21678,51.46961],[-0.2215,51.47348],[-0.22255,51.47475],[-0.22329,51.4767],[-0.22181,51.47688],[-0.2228,51.48002],[-0.22157,51.48059],[-0.22214,51.48148],[-0.21969,51.48242],[-0.21861,51.48244],[-0.2172,51.4784],[-0.21139,51.47183]]]},"properties":{"WD22NM":"Palace & Hurlingham","LAD22NM":"Hammersmith and Fulham"}},{"type":"Feature","geometry":{"type":"Polygon","coordinates":[[[-0.18652,51.47987],[-0.18388,51.47744],[-0.18627,51.47618],[-0.18561,51.47575],[-0.18639,51.4749],[-0.18871,51.47575],[-0.19005,51.47456],[-0.1919,51.47364],[-0.19146,51.47195],[-0.19476,51.47113],[-0.19725,51.46995],[-0.19864,51.47099],[-0.20018,51.47091],[-0.20074,51.47258],[-0.20073,51.47549],[-0.19719,51.47738],[-0.19587,51.47939],[-0.19476,51.47869],[-0.19264,51.47899],[-0.19269,51.48008],[-0.19042,51.47971],[-0.19024,51.48012],[-0.18904,51.48039],[-0.18826,51.48096],[-0.18652,51.47987]]]},"properties":{"WD22NM":"Parsons Green & Sandford","LAD22NM":"Hammersmith and Fulham"}},{"type":"Feature","geometry":{"type":"Polygon","coordinates":[[[-0.23397,51.4944],[-0.23467,51.49107],[-0.2346,51.4904],[-0.24049,51.4901],[-0.24306,51.48943],[-0.24449,51.48871],[-0.24526,51.48928],[-0.24558,51.49016],[-0.2444,51.49794],[-0.24498,51.4979],[-0.24527,51.49839],[-0.23909,51.49979],[-0.2346,51.50055],[-0.23399,51.49905],[-0.23473,51.49846],[-0.23461,51.49444],[-0.23397,51.4944]]]},"properties":{"WD22NM":"Ravenscourt","LAD22NM":"Hammersmith and Fulham"}},{"type":"Feature","geometry":{"type":"Polygon","coordinates":[[[-0.18855,51.46584],[-0.19049,51.46819],[-0.19146,51.47195],[-0.1919,51.47364],[-0.19005,51.47456],[-0.18871,51.47575],[-0.18639,51.4749],[-0.18561,51.47575],[-0.18627,51.47618],[-0.18388,51.47744],[-0.18385,51.47743],[-0.18387,51.47744],[-0.18417,51.47718],[-0.18247,51.47711],[-0.18041,51.47771],[-0.17936,51.47762],[-0.18099,51.4726],[-0.18306,51.46922],[-0.18447,51.46768],[-0.18629,51.46653],[-0.18855,51.46584]]]},"properties":{"WD22NM":"Sands End","LAD22NM":"Hammersmith and Fulham"}},{"type":"Feature","geometry":{"type":"Polygon","coordinates":[[[-0.21552,51.50839],[-0.21518,51.50765],[-0.21612,51.50752],[-0.21594,51.5064],[-0.21797,51.50615],[-0.21701,51.5045],[-0.21699,51.50447],[-0.22242,51.50355],[-0.2267,51.50239],[-0.22852,51.50204],[-0.22863,51.50233],[-0.22985,51.50213],[-0.23057,51.5039],[-0.23072,51.50585],[-0.23028,51.50587],[-0.2303,51.50614],[-0.22641,51.50547],[-0.22581,51.50787],[-0.22455,51.50949],[-0.22025,51.51173],[-0.21926,51.50958],[-0.21786,51.50976],[-0.21803,51.51023],[-0.21719,51.51039],[-0.21682,51.50945],[-0.2158,51.50912],[-0.21552,51.50839]]]},"properties":{"WD22NM":"Shepherd's Bush Green","LAD22NM":"Hammersmith and Fulham"}},{"type":"Feature","geometry":{"type":"Polygon","coordinates":[[[-0.19077,51.48317],[-0.18826,51.48096],[-0.18904,51.48039],[-0.19024,51.48012],[-0.19042,51.47971],[-0.19269,51.48008],[-0.19264,51.47899],[-0.19476,51.47869],[-0.19587,51.47939],[-0.19719,51.47738],[-0.20073,51.47549],[-0.20151,51.47723],[-0.20394,51.47909],[-0.20366,51.47925],[-0.20502,51.48048],[-0.2056,51.48167],[-0.20093,51.48337],[-0.19929,51.48151],[-0.19813,51.48121],[-0.19545,51.48247],[-0.19408,51.48113],[-0.19077,51.48317]]]},"properties":{"WD22NM":"Walham Green","LAD22NM":"Hammersmith and Fulham"}},{"type":"Feature","geometry":{"type":"Polygon","coordinates":[[[-0.23909,51.49979],[-0.24527,51.49839],[-0.24921,51.49695],[-0.2513,51.49985],[-0.25306,51.5014],[-0.25334,51.50288],[-0.25507,51.50432],[-0.25364,51.50429],[-0.25374,51.50455],[-0.25252,51.50471],[-0.25249,51.50451],[-0.24991,51.50444],[-0.24941,51.50468],[-0.24926,51.50444],[-0.24806,51.50461],[-0.24799,51.50436],[-0.24568,51.50463],[-0.24649,51.50673],[-0.24512,51.50674],[-0.24276,51.50237],[-0.24011,51.50139],[-0.23909,51.49979]]]},"properties":{"WD22NM":"Wendell Park","LAD22NM":"Hammersmith and Fulham"}},{"type":"Feature","geometry":{"type":"Polygon","coordinates":[[[-0.19642,51.48721],[-0.19885,51.48631],[-0.2025,51.48551],[-0.20496,51.48443],[-0.20549,51.48543],[-0.20689,51.48527],[-0.20816,51.48694],[-0.21013,51.48659],[-0.21037,51.48689],[-0.21088,51.48649],[-0.2124,51.48619],[-0.21279,51.48701],[-0.21349,51.48698],[-0.21367,51.48734],[-0.21301,51.48749],[-0.21323,51.48798],[-0.21239,51.48816],[-0.21371,51.49015],[-0.21323,51.4901],[-0.21323,51.49039],[-0.21459,51.49046],[-0.21457,51.49079],[-0.20941,51.4905],[-0.20236,51.49167],[-0.1982,51.48807],[-0.19642,51.48721]]]},"properties":{"WD22NM":"West Kensington","LAD22NM":"Hammersmith and Fulham"}},{"type":"Feature","geometry":{"type":"Polygon","coordinates":[[[-0.22455,51.50949],[-0.22581,51.50787],[-0.22641,51.50547],[-0.2303,51.50614],[-0.23493,51.50647],[-0.23465,51.51023],[-0.23631,51.51018],[-0.23654,51.51152],[-0.23534,51.51159],[-0.23601,51.51371],[-0.23828,51.51361],[-0.23835,51.51423],[-0.23011,51.51485],[-0.23004,51.51395],[-0.22743,51.51227],[-0.22829,51.51177],[-0.22679,51.51069],[-0.22483,51.51187],[-0.22455,51.50949]]]},"properties":{"WD22NM":"White City","LAD22NM":"Hammersmith and Fulham"}},{"type":"Feature","geometry":{"type":"Polygon","coordinates":[[[-0.23835,51.51423],[-0.23828,51.51361],[-0.23601,51.51371],[-0.23534,51.51159],[-0.23654,51.51152],[-0.23631,51.51018],[-0.23465,51.51023],[-0.23493,51.50647],[-0.24507,51.50677],[-0.24663,51.51125],[-0.24898,51.51389],[-0.24073,51.51438],[-0.23835,51.51423]]]},"properties":{"WD22NM":"Wormholt","LAD22NM":"Hammersmith and Fulham"}},{"type":"Feature","geometry":{"type":"Polygon","coordinates":[[[-0.13261,51.39013],[-0.13323,51.38955],[-0.12947,51.38718],[-0.13063,51.38627],[-0.12874,51.38565],[-0.12951,51.38529],[-0.12863,51.38249],[-0.13027,51.38222],[-0.12805,51.3805],[-0.12669,51.37706],[-0.12581,51.3756],[-0.12684,51.37548],[-0.12665,51.37491],[-0.12782,51.37475],[-0.12472,51.37366],[-0.12474,51.37294],[-0.12331,51.37119],[-0.12207,51.36581],[-0.12408,51.36539],[-0.12234,51.36453],[-0.12128,51.36473],[-0.1209,51.36331],[-0.12141,51.36234],[-0.12556,51.3609],[-0.13783,51.35958],[-0.1374,51.3619],[-0.13956,51.36145],[-0.13988,51.36216],[-0.14045,51.3622],[-0.14061,51.36269],[-0.14115,51.36259],[-0.14207,51.3677],[-0.14281,51.3676],[-0.143,51.3683],[-0.14291,51.36936],[-0.14215,51.36946],[-0.14213,51.36986],[-0.14028,51.36982],[-0.14058,51.37094],[-0.14542,51.37147],[-0.1471,51.37248],[-0.15052,51.37373],[-0.15041,51.37413],[-0.15098,51.37411],[-0.15173,51.37468],[-0.15393,51.37733],[-0.1534,51.37933],[-0.15264,51.38977],[-0.14435,51.39068],[-0.14316,51.3904],[-0.14188,51.38935],[-0.13435,51.39089],[-0.13261,51.39013]]]},"properties":{"WD22NM":"Beddington","LAD22NM":"Sutton"}},{"type":"Feature","geometry":{"type":"Polygon","coordinates":[[[-0.17871,51.35134],[-0.179,51.3509],[-0.17808,51.35068],[-0.17979,51.34798],[-0.18214,51.34568],[-0.18175,51.3455],[-0.18746,51.34081],[-0.19323,51.34263],[-0.19605,51.34333],[-0.19627,51.34304],[-0.19669,51.34316],[-0.19654,51.34345],[-0.19732,51.3436],[-0.19856,51.3423],[-0.19956,51.34188],[-0.2012,51.33988],[-0.20205,51.34014],[-0.20696,51.34936],[-0.21084,51.35438],[-0.21169,51.35612],[-0.20164,51.35789],[-0.19995,51.35207],[-0.19856,51.35224],[-0.19789,51.35129],[-0.19678,51.35127],[-0.1963,51.35171],[-0.1953,51.35154],[-0.1951,51.35197],[-0.19308,51.3516],[-0.19335,51.35238],[-0.1921,51.35236],[-0.19201,51.35274],[-0.18422,51.35414],[-0.18387,51.35269],[-0.18271,51.35282],[-0.18258,51.3524],[-0.18107,51.35254],[-0.18099,51.35222],[-0.17979,51.35232],[-0.17871,51.35134]]]},"properties":{"WD22NM":"Belmont","LAD22NM":"Sutton"}},{"type":"Feature","geometry":{"type":"Polygon","coordinates":[[[-0.15552,51.35926],[-0.15923,51.35856],[-0.1674,51.35718],[-0.17079,51.35734],[-0.17359,51.35797],[-0.17773,51.3598],[-0.18076,51.36057],[-0.18427,51.36079],[-0.18805,51.36033],[-0.18493,51.36106],[-0.17857,51.3616],[-0.17859,51.36276],[-0.18093,51.36241],[-0.18103,51.36386],[-0.18039,51.36387],[-0.18106,51.36425],[-0.18136,51.36619],[-0.18132,51.36648],[-0.18092,51.36645],[-0.18123,51.36671],[-0.18105,51.36978],[-0.17936,51.37001],[-0.17889,51.36969],[-0.17738,51.3702],[-0.1776,51.37054],[-0.17686,51.37024],[-0.17618,51.37053],[-0.17607,51.37098],[-0.17517,51.37128],[-0.17475,51.37102],[-0.17193,51.37143],[-0.17191,51.37114],[-0.17113,51.37155],[-0.16924,51.37099],[-0.16974,51.37061],[-0.16881,51.37024],[-0.16835,51.36912],[-0.16766,51.36905],[-0.16745,51.36824],[-0.1628,51.36963],[-0.15964,51.37152],[-0.15963,51.37075],[-0.16041,51.36953],[-0.15964,51.36919],[-0.15898,51.36793],[-0.15813,51.36736],[-0.15791,51.36687],[-0.15852,51.3662],[-0.15802,51.36624],[-0.15684,51.36476],[-0.15552,51.35926]]]},"properties":{"WD22NM":"Carshalton Central","LAD22NM":"Sutton"}},{"type":"Feature","geometry":{"type":"Polygon","coordinates":[[[-0.14905,51.34618],[-0.14694,51.34605],[-0.14669,51.34484],[-0.14753,51.34474],[-0.14744,51.34422],[-0.14645,51.34409],[-0.1476,51.34382],[-0.14625,51.34373],[-0.14583,51.34255],[-0.1467,51.34248],[-0.14658,51.34197],[-0.14556,51.34206],[-0.14458,51.34075],[-0.14516,51.3407],[-0.1451,51.34024],[-0.14428,51.34022],[-0.1445,51.3395],[-0.14752,51.33878],[-0.14559,51.33243],[-0.14515,51.33154],[-0.14404,51.33067],[-0.1493,51.32876],[-0.14443,51.32648],[-0.14425,51.32591],[-0.14556,51.3235],[-0.14793,51.32268],[-0.14901,51.32279],[-0.15057,51.32217],[-0.15206,51.32227],[-0.15271,51.323],[-0.15654,51.32151],[-0.15863,51.32398],[-0.1606,51.32324],[-0.16419,51.32604],[-0.16357,51.32621],[-0.16436,51.32813],[-0.16398,51.32819],[-0.16397,51.32858],[-0.16229,51.32889],[-0.16308,51.33026],[-0.17007,51.32947],[-0.16989,51.33025],[-0.17286,51.33001],[-0.17414,51.33321],[-0.17467,51.33317],[-0.17502,51.33381],[-0.18746,51.34081],[-0.18175,51.3455],[-0.18214,51.34568],[-0.17979,51.34798],[-0.17808,51.35068],[-0.179,51.3509],[-0.17871,51.35134],[-0.17803,51.35211],[-0.17842,51.35213],[-0.17836,51.3527],[-0.17359,51.35797],[-0.17079,51.35734],[-0.1674,51.35718],[-0.15923,51.35856],[-0.15853,51.35511],[-0.1593,51.35505],[-0.15877,51.34846],[-0.15897,51.34818],[-0.16021,51.34811],[-0.16013,51.3474],[-0.15407,51.34799],[-0.15358,51.3459],[-0.14905,51.34618]]]},"properties":{"WD22NM":"Carshalton South & Clockhouse","LAD22NM":"Sutton"}},{"type":"Feature","geometry":{"type":"Polygon","coordinates":[[[-0.20911,51.37103],[-0.213,51.36785],[-0.21449,51.36484],[-0.2145,51.36312],[-0.21384,51.36079],[-0.21169,51.35612],[-0.21084,51.35438],[-0.20696,51.34936],[-0.20205,51.34014],[-0.21303,51.33554],[-0.21191,51.33331],[-0.2141,51.33035],[-0.21608,51.32983],[-0.22094,51.32986],[-0.22982,51.33652],[-0.22683,51.33789],[-0.22409,51.34004],[-0.22326,51.33988],[-0.22228,51.34046],[-0.2227,51.34083],[-0.22179,51.34135],[-0.21726,51.34339],[-0.21778,51.34563],[-0.22019,51.35008],[-0.22042,51.35142],[-0.22126,51.35117],[-0.22209,51.35132],[-0.22197,51.35353],[-0.22274,51.35709],[-0.22406,51.35927],[-0.22694,51.36263],[-0.22268,51.36533],[-0.22309,51.36566],[-0.21798,51.3675],[-0.21756,51.36781],[-0.21802,51.36847],[-0.21541,51.36937],[-0.21592,51.3704],[-0.2155,51.37096],[-0.21535,51.37051],[-0.21461,51.37033],[-0.20976,51.37166],[-0.20911,51.37103]]]},"properties":{"WD22NM":"Cheam","LAD22NM":"Sutton"}},{"type":"Feature","geometry":{"type":"Polygon","coordinates":[[[-0.15393,51.37733],[-0.15514,51.3753],[-0.15698,51.37344],[-0.15732,51.37453],[-0.15837,51.375],[-0.15803,51.37546],[-0.15867,51.37648],[-0.16137,51.37744],[-0.16305,51.37739],[-0.16459,51.38019],[-0.16394,51.38141],[-0.16455,51.38221],[-0.16405,51.3835],[-0.16444,51.38591],[-0.16347,51.38687],[-0.16527,51.38798],[-0.16174,51.38813],[-0.16096,51.38782],[-0.15968,51.38859],[-0.15826,51.38884],[-0.15803,51.38926],[-0.15264,51.38977],[-0.1534,51.37933],[-0.15393,51.37733]]]},"properties":{"WD22NM":"Hackbridge","LAD22NM":"Sutton"}},{"type":"Feature","geometry":{"type":"Polygon","coordinates":[[[-0.21808,51.38018],[-0.22005,51.3785],[-0.21948,51.37826],[-0.22062,51.37702],[-0.21988,51.37656],[-0.21928,51.37703],[-0.2178,51.37632],[-0.21692,51.37691],[-0.21453,51.37611],[-0.2142,51.37637],[-0.21386,51.37608],[-0.21434,51.37573],[-0.2137,51.37531],[-0.21294,51.37545],[-0.21313,51.37499],[-0.2104,51.37337],[-0.20976,51.37166],[-0.21461,51.37033],[-0.21535,51.37051],[-0.2155,51.37096],[-0.21592,51.3704],[-0.21541,51.36937],[-0.21802,51.36847],[-0.21756,51.36781],[-0.21798,51.3675],[-0.22309,51.36566],[-0.22417,51.36656],[-0.2249,51.36628],[-0.2256,51.36732],[-0.22679,51.36684],[-0.22728,51.36782],[-0.22614,51.36826],[-0.22656,51.3688],[-0.22594,51.36905],[-0.22653,51.36967],[-0.22764,51.36925],[-0.22798,51.3696],[-0.22772,51.36981],[-0.22878,51.37027],[-0.22909,51.37001],[-0.22988,51.37094],[-0.23075,51.37017],[-0.23439,51.373],[-0.23456,51.37345],[-0.23328,51.37381],[-0.23398,51.37436],[-0.23352,51.3746],[-0.23387,51.37521],[-0.23236,51.37582],[-0.23232,51.37613],[-0.22962,51.37704],[-0.22939,51.37767],[-0.23071,51.37877],[-0.22941,51.379],[-0.22961,51.37949],[-0.22775,51.37978],[-0.22744,51.37928],[-0.22702,51.38033],[-0.22619,51.3801],[-0.22593,51.38043],[-0.22541,51.3803],[-0.2232,51.38205],[-0.21808,51.38018]]]},"properties":{"WD22NM":"North Cheam","LAD22NM":"Sutton"}},{"type":"Feature","geometry":{"type":"Polygon","coordinates":[[[-0.16993,51.39166],[-0.16758,51.39006],[-0.16644,51.38969],[-0.16527,51.38798],[-0.16347,51.38687],[-0.16444,51.38591],[-0.16405,51.3835],[-0.16455,51.38221],[-0.16394,51.38141],[-0.16719,51.38033],[-0.17052,51.37962],[-0.17061,51.37996],[-0.17126,51.3798],[-0.17307,51.38195],[-0.17266,51.38221],[-0.17349,51.38372],[-0.17898,51.38526],[-0.17902,51.38574],[-0.18081,51.38689],[-0.1815,51.38684],[-0.18259,51.38753],[-0.18265,51.38805],[-0.17924,51.38983],[-0.17484,51.39342],[-0.17285,51.39265],[-0.17129,51.39251],[-0.16993,51.39166]]]},"properties":{"WD22NM":"St Helier East","LAD22NM":"Sutton"}},{"type":"Feature","geometry":{"type":"Polygon","coordinates":[[[-0.17126,51.3798],[-0.17039,51.37753],[-0.17614,51.37553],[-0.17719,51.37533],[-0.1774,51.37606],[-0.17868,51.37581],[-0.18146,51.37676],[-0.18257,51.37685],[-0.18354,51.37739],[-0.18341,51.37774],[-0.18712,51.38125],[-0.18734,51.38193],[-0.19078,51.38238],[-0.19071,51.38266],[-0.19162,51.38282],[-0.19319,51.38275],[-0.19705,51.38073],[-0.20028,51.38497],[-0.19393,51.38787],[-0.19358,51.38767],[-0.19318,51.38787],[-0.19044,51.3862],[-0.18963,51.38606],[-0.18839,51.38543],[-0.18451,51.38751],[-0.18265,51.38805],[-0.18259,51.38753],[-0.1815,51.38684],[-0.18081,51.38689],[-0.17902,51.38574],[-0.17898,51.38526],[-0.17349,51.38372],[-0.17266,51.38221],[-0.17307,51.38195],[-0.17126,51.3798]]]},"properties":{"WD22NM":"St Helier West","LAD22NM":"Sutton"}},{"type":"Feature","geometry":{"type":"Polygon","coordinates":[[[-0.11729,51.34568],[-0.11864,51.3458],[-0.11891,51.34551],[-0.1259,51.34524],[-0.12683,51.34486],[-0.12732,51.34719],[-0.12753,51.34744],[-0.12835,51.34745],[-0.12884,51.34727],[-0.12897,51.34659],[-0.13141,51.34602],[-0.1311,51.34547],[-0.13287,51.34544],[-0.13249,51.3443],[-0.13624,51.34441],[-0.13633,51.34479],[-0.13671,51.34476],[-0.14153,51.34341],[-0.14419,51.34229],[-0.14457,51.34209],[-0.14344,51.34056],[-0.14428,51.34022],[-0.1451,51.34024],[-0.14516,51.3407],[-0.14458,51.34075],[-0.14556,51.34206],[-0.14658,51.34197],[-0.1467,51.34248],[-0.14583,51.34255],[-0.14625,51.34373],[-0.1476,51.34382],[-0.14645,51.34409],[-0.14744,51.34422],[-0.14753,51.34474],[-0.14669,51.34484],[-0.14694,51.34605],[-0.14905,51.34618],[-0.14883,51.34662],[-0.14934,51.34671],[-0.14902,51.3473],[-0.1484,51.34736],[-0.14711,51.34819],[-0.14733,51.34898],[-0.1463,51.3491],[-0.14579,51.34967],[-0.14538,51.34958],[-0.14503,51.35019],[-0.14548,51.35053],[-0.1447,51.35063],[-0.14443,51.35216],[-0.14379,51.35223],[-0.14399,51.35261],[-0.14129,51.35468],[-0.14155,51.35591],[-0.13934,51.3563],[-0.13907,51.35789],[-0.13821,51.35787],[-0.13783,51.35958],[-0.12556,51.3609],[-0.12141,51.36234],[-0.12136,51.36106],[-0.12203,51.36098],[-0.12182,51.35999],[-0.1229,51.35992],[-0.12183,51.35906],[-0.12331,51.35892],[-0.12343,51.35915],[-0.12469,51.35887],[-0.12417,51.35743],[-0.1214,51.35773],[-0.12015,51.35304],[-0.11909,51.35314],[-0.11734,51.34665],[-0.11697,51.34666],[-0.11689,51.34575],[-0.11729,51.34568]]]},"properties":{"WD22NM":"South Beddington & Roundshaw","LAD22NM":"Sutton"}},{"type":"Feature","geometry":{"type":"Polygon","coordinates":[[[-0.20028,51.38497],[-0.19705,51.38073],[-0.20198,51.37803],[-0.2044,51.3746],[-0.20857,51.37143],[-0.20911,51.37103],[-0.20976,51.37166],[-0.2104,51.37337],[-0.21313,51.37499],[-0.21294,51.37545],[-0.2137,51.37531],[-0.21434,51.37573],[-0.21386,51.37608],[-0.2142,51.37637],[-0.21453,51.37611],[-0.21692,51.37691],[-0.2178,51.37632],[-0.21928,51.37703],[-0.21988,51.37656],[-0.22062,51.37702],[-0.21948,51.37826],[-0.22005,51.3785],[-0.21808,51.38018],[-0.21296,51.38481],[-0.21335,51.38501],[-0.20977,51.38825],[-0.205,51.38609],[-0.20349,51.38722],[-0.20028,51.38497]]]},"properties":{"WD22NM":"Stonecot","LAD22NM":"Sutton"}},{"type":"Feature","geometry":{"type":"Polygon","coordinates":[[[-0.18105,51.36978],[-0.18123,51.36671],[-0.18092,51.36645],[-0.18132,51.36648],[-0.18136,51.36619],[-0.18106,51.36425],[-0.18039,51.36387],[-0.18103,51.36386],[-0.18093,51.36241],[-0.17859,51.36276],[-0.17857,51.3616],[-0.18493,51.36106],[-0.18805,51.36033],[-0.19387,51.35926],[-0.19417,51.35991],[-0.19468,51.35994],[-0.1954,51.36136],[-0.19722,51.36124],[-0.1977,51.362],[-0.19768,51.3628],[-0.19441,51.3629],[-0.19584,51.36673],[-0.1964,51.3666],[-0.1968,51.3679],[-0.19929,51.36684],[-0.20055,51.3684],[-0.19831,51.36933],[-0.19797,51.36879],[-0.19618,51.36928],[-0.19621,51.36955],[-0.19441,51.3696],[-0.19389,51.37048],[-0.18846,51.36961],[-0.18832,51.36988],[-0.18653,51.36916],[-0.18608,51.36961],[-0.18511,51.36961],[-0.18506,51.36913],[-0.18301,51.36924],[-0.18315,51.3697],[-0.18105,51.36978]]]},"properties":{"WD22NM":"Sutton Central","LAD22NM":"Sutton"}},{"type":"Feature","geometry":{"type":"Polygon","coordinates":[[[-0.18257,51.37685],[-0.18272,51.3751],[-0.18221,51.37506],[-0.18263,51.3737],[-0.18105,51.36978],[-0.18315,51.3697],[-0.18301,51.36924],[-0.18506,51.36913],[-0.18511,51.36961],[-0.18608,51.36961],[-0.18653,51.36916],[-0.18832,51.36988],[-0.18846,51.36961],[-0.19389,51.37048],[-0.19441,51.3696],[-0.19621,51.36955],[-0.19618,51.36928],[-0.19797,51.36879],[-0.19831,51.36933],[-0.20055,51.3684],[-0.20267,51.36722],[-0.20362,51.36842],[-0.20567,51.36799],[-0.20713,51.37063],[-0.20777,51.37137],[-0.20857,51.37143],[-0.2044,51.3746],[-0.20198,51.37803],[-0.19705,51.38073],[-0.19319,51.38275],[-0.19162,51.38282],[-0.19071,51.38266],[-0.19078,51.38238],[-0.18734,51.38193],[-0.18712,51.38125],[-0.18341,51.37774],[-0.18354,51.37739],[-0.18257,51.37685]]]},"properties":{"WD22NM":"Sutton North","LAD22NM":"Sutton"}},{"type":"Feature","geometry":{"type":"Polygon","coordinates":[[[-0.17359,51.35797],[-0.17836,51.3527],[-0.17842,51.35213],[-0.17803,51.35211],[-0.17871,51.35134],[-0.17979,51.35232],[-0.18099,51.35222],[-0.18107,51.35254],[-0.18258,51.3524],[-0.18271,51.35282],[-0.18387,51.35269],[-0.18422,51.35414],[-0.19201,51.35274],[-0.1921,51.35236],[-0.19335,51.35238],[-0.19308,51.3516],[-0.1951,51.35197],[-0.1953,51.35154],[-0.1963,51.35171],[-0.19678,51.35127],[-0.19789,51.35129],[-0.19856,51.35224],[-0.19995,51.35207],[-0.20164,51.35789],[-0.19387,51.35926],[-0.18805,51.36033],[-0.18427,51.36079],[-0.18076,51.36057],[-0.17773,51.3598],[-0.17359,51.35797]]]},"properties":{"WD22NM":"Sutton South","LAD22NM":"Sutton"}},{"type":"Feature","geometry":{"type":"Polygon","coordinates":[[[-0.20055,51.3684],[-0.19929,51.36684],[-0.1968,51.3679],[-0.1964,51.3666],[-0.19584,51.36673],[-0.19441,51.3629],[-0.19768,51.3628],[-0.1977,51.362],[-0.19722,51.36124],[-0.1954,51.36136],[-0.19468,51.35994],[-0.19417,51.35991],[-0.19387,51.35926],[-0.20164,51.35789],[-0.21169,51.35612],[-0.21384,51.36079],[-0.2145,51.36312],[-0.21449,51.36484],[-0.213,51.36785],[-0.20911,51.37103],[-0.20857,51.37143],[-0.20777,51.37137],[-0.20713,51.37063],[-0.20567,51.36799],[-0.20362,51.36842],[-0.20267,51.36722],[-0.20055,51.3684]]]},"properties":{"WD22NM":"Sutton West & East Cheam","LAD22NM":"Sutton"}},{"type":"Feature","geometry":{"type":"Polygon","coordinates":[[[-0.15698,51.37344],[-0.15964,51.37152],[-0.1628,51.36963],[-0.16745,51.36824],[-0.16766,51.36905],[-0.16835,51.36912],[-0.16881,51.37024],[-0.16974,51.37061],[-0.16924,51.37099],[-0.17113,51.37155],[-0.17191,51.37114],[-0.17193,51.37143],[-0.17475,51.37102],[-0.17517,51.37128],[-0.17607,51.37098],[-0.17618,51.37053],[-0.17686,51.37024],[-0.1776,51.37054],[-0.17738,51.3702],[-0.17889,51.36969],[-0.17936,51.37001],[-0.18105,51.36978],[-0.18263,51.3737],[-0.18221,51.37506],[-0.18272,51.3751],[-0.18257,51.37685],[-0.18146,51.37676],[-0.17868,51.37581],[-0.1774,51.37606],[-0.17719,51.37533],[-0.17614,51.37553],[-0.17039,51.37753],[-0.17126,51.3798],[-0.17061,51.37996],[-0.17052,51.37962],[-0.16719,51.38033],[-0.16394,51.38141],[-0.16459,51.38019],[-0.16305,51.37739],[-0.16137,51.37744],[-0.15867,51.37648],[-0.15803,51.37546],[-0.15837,51.375],[-0.15732,51.37453],[-0.15698,51.37344]]]},"properties":{"WD22NM":"The Wrythe","LAD22NM":"Sutton"}},{"type":"Feature","geometry":{"type":"Polygon","coordinates":[[[-0.14045,51.3622],[-0.15552,51.35926],[-0.15684,51.36476],[-0.15802,51.36624],[-0.15852,51.3662],[-0.15791,51.36687],[-0.15813,51.36736],[-0.15898,51.36793],[-0.15964,51.36919],[-0.16041,51.36953],[-0.15963,51.37075],[-0.15964,51.37152],[-0.15698,51.37344],[-0.15514,51.3753],[-0.15393,51.37733],[-0.15173,51.37468],[-0.15098,51.37411],[-0.15041,51.37413],[-0.15052,51.37373],[-0.1471,51.37248],[-0.14542,51.37147],[-0.14058,51.37094],[-0.14028,51.36982],[-0.14213,51.36986],[-0.14215,51.36946],[-0.14291,51.36936],[-0.143,51.3683],[-0.14281,51.3676],[-0.14207,51.3677],[-0.14115,51.36259],[-0.14061,51.36269],[-0.14045,51.3622]]]},"properties":{"WD22NM":"Wallington North","LAD22NM":"Sutton"}},{"type":"Feature","geometry":{"type":"Polygon","coordinates":[[[-0.13783,51.35958],[-0.13821,51.35787],[-0.13907,51.35789],[-0.13934,51.3563],[-0.14155,51.35591],[-0.14129,51.35468],[-0.14399,51.35261],[-0.14379,51.35223],[-0.14443,51.35216],[-0.1447,51.35063],[-0.14548,51.35053],[-0.14503,51.35019],[-0.14538,51.34958],[-0.14579,51.34967],[-0.1463,51.3491],[-0.14733,51.34898],[-0.14711,51.34819],[-0.1484,51.34736],[-0.14902,51.3473],[-0.14934,51.34671],[-0.14883,51.34662],[-0.14905,51.34618],[-0.15358,51.3459],[-0.15407,51.34799],[-0.16013,51.3474],[-0.16021,51.34811],[-0.15897,51.34818],[-0.15877,51.34846],[-0.1593,51.35505],[-0.15853,51.35511],[-0.15923,51.35856],[-0.15552,51.35926],[-0.14045,51.3622],[-0.13988,51.36216],[-0.13956,51.36145],[-0.1374,51.3619],[-0.13783,51.35958]]]},"properties":{"WD22NM":"Wallington South","LAD22NM":"Sutton"}},{"type":"Feature","geometry":{"type":"Polygon","coordinates":[[[-0.2232,51.38205],[-0.22541,51.3803],[-0.22593,51.38043],[-0.22619,51.3801],[-0.22702,51.38033],[-0.22744,51.37928],[-0.22775,51.37978],[-0.22961,51.37949],[-0.22941,51.379],[-0.23071,51.37877],[-0.22939,51.37767],[-0.22962,51.37704],[-0.23232,51.37613],[-0.23236,51.37582],[-0.23387,51.37521],[-0.23473,51.37593],[-0.23575,51.37619],[-0.23605,51.37596],[-0.2373,51.37672],[-0.23819,51.3768],[-0.23871,51.37636],[-0.2428,51.37827],[-0.24504,51.37996],[-0.24503,51.38003],[-0.24496,51.38065],[-0.24428,51.38306],[-0.24323,51.3826],[-0.2416,51.38452],[-0.23872,51.38609],[-0.23968,51.38929],[-0.23463,51.39054],[-0.2339,51.38771],[-0.22772,51.38395],[-0.2232,51.38205]]]},"properties":{"WD22NM":"Worcester Park North","LAD22NM":"Sutton"}},{"type":"Feature","geometry":{"type":"Polygon","coordinates":[[[-0.23387,51.37521],[-0.23352,51.3746],[-0.23398,51.37436],[-0.23328,51.37381],[-0.23456,51.37345],[-0.23439,51.373],[-0.23075,51.37017],[-0.22988,51.37094],[-0.22909,51.37001],[-0.22878,51.37027],[-0.22772,51.36981],[-0.22798,51.3696],[-0.22764,51.36925],[-0.22653,51.36967],[-0.22594,51.36905],[-0.22656,51.3688],[-0.22614,51.36826],[-0.22728,51.36782],[-0.22679,51.36684],[-0.2256,51.36732],[-0.2249,51.36628],[-0.22417,51.36656],[-0.22309,51.36566],[-0.22268,51.36533],[-0.22694,51.36263],[-0.23319,51.36601],[-0.23395,51.36538],[-0.23678,51.3668],[-0.23782,51.36701],[-0.23892,51.36683],[-0.24089,51.36704],[-0.24115,51.36626],[-0.2454,51.36685],[-0.24468,51.36906],[-0.24504,51.37996],[-0.2428,51.37827],[-0.23871,51.37636],[-0.23819,51.3768],[-0.2373,51.37672],[-0.23605,51.37596],[-0.23575,51.37619],[-0.23473,51.37593],[-0.23387,51.37521]]]},"properties":{"WD22NM":"Worcester Park South","LAD22NM":"Sutton"}},{"type":"Feature","geometry":{"type":"Polygon","coordinates":[[[-0.22341,51.4715],[-0.22361,51.47076],[-0.22705,51.47145],[-0.23108,51.47283],[-0.23259,51.47261],[-0.23292,51.47168],[-0.23695,51.47187],[-0.24052,51.47162],[-0.24091,51.47132],[-0.24261,51.47171],[-0.24491,51.4713],[-0.24565,51.47091],[-0.24657,51.47161],[-0.2464,51.47212],[-0.24662,51.47244],[-0.24711,51.47242],[-0.24754,51.47336],[-0.24935,51.47376],[-0.25126,51.47355],[-0.25147,51.47363],[-0.24966,51.47608],[-0.24922,51.47922],[-0.24938,51.48206],[-0.2484,51.48383],[-0.24108,51.48828],[-0.239,51.48886],[-0.23564,51.489],[-0.23315,51.48856],[-0.23131,51.48788],[-0.22802,51.48512],[-0.22684,51.48097],[-0.22662,51.47619],[-0.22487,51.47368],[-0.22292,51.47184],[-0.22371,51.47159],[-0.22343,51.47149],[-0.22341,51.4715]]]},"properties":{"WD22NM":"Barnes","LAD22NM":"Richmond upon Thames"}},{"type":"Feature","geometry":{"type":"Polygon","coordinates":[[[-0.25289,51.46522],[-0.256,51.46304],[-0.25802,51.46027],[-0.25679,51.45986],[-0.25832,51.45733],[-0.25909,51.45493],[-0.2473,51.44918],[-0.24161,51.44313],[-0.24271,51.44192],[-0.25407,51.43729],[-0.25618,51.43665],[-0.25632,51.43635],[-0.26095,51.43715],[-0.26616,51.43755],[-0.26823,51.43921],[-0.26827,51.44045],[-0.27965,51.44492],[-0.28302,51.44667],[-0.28268,51.44939],[-0.28219,51.45172],[-0.27781,51.45222],[-0.27764,51.45661],[-0.28275,51.45645],[-0.28443,51.46176],[-0.28392,51.46187],[-0.28035,51.45978],[-0.27935,51.45961],[-0.27929,51.45992],[-0.27891,51.45991],[-0.27897,51.46064],[-0.27833,51.46061],[-0.27805,51.46136],[-0.27764,51.46139],[-0.27772,51.46167],[-0.2782,51.46168],[-0.27815,51.46428],[-0.27167,51.46415],[-0.27197,51.46605],[-0.27147,51.46607],[-0.27155,51.46644],[-0.27194,51.46644],[-0.27189,51.4668],[-0.27146,51.46681],[-0.27154,51.4676],[-0.26689,51.46807],[-0.25944,51.46765],[-0.25908,51.46651],[-0.25839,51.46656],[-0.25809,51.46511],[-0.25289,51.46522]]]},"properties":{"WD22NM":"East Sheen","LAD22NM":"Richmond upon Thames"}},{"type":"Feature","geometry":{"type":"Polygon","coordinates":[[[-0.35073,51.43606],[-0.3472,51.43538],[-0.3466,51.43452],[-0.34396,51.43513],[-0.34199,51.43502],[-0.34067,51.43449],[-0.33971,51.43358],[-0.33905,51.43156],[-0.33713,51.42926],[-0.33863,51.42893],[-0.33936,51.42991],[-0.34231,51.42856],[-0.33993,51.42635],[-0.34527,51.42729],[-0.34609,51.42524],[-0.34526,51.42268],[-0.34766,51.42131],[-0.34982,51.42174],[-0.35252,51.42051],[-0.35292,51.42163],[-0.35469,51.42134],[-0.35545,51.42238],[-0.35895,51.42178],[-0.36019,51.42207],[-0.3614,51.42339],[-0.36156,51.42447],[-0.36243,51.42544],[-0.36184,51.42712],[-0.36413,51.42812],[-0.3637,51.4285],[-0.3649,51.42923],[-0.36452,51.42958],[-0.36664,51.43229],[-0.36699,51.43225],[-0.36699,51.43281],[-0.36808,51.43321],[-0.36796,51.4334],[-0.37622,51.43549],[-0.37614,51.43553],[-0.37248,51.43698],[-0.37248,51.43724],[-0.36142,51.43934],[-0.35674,51.43689],[-0.3534,51.43634],[-0.35363,51.43595],[-0.35277,51.43559],[-0.35237,51.43626],[-0.35073,51.43606]]]},"properties":{"WD22NM":"Fulwell & Hampton Hill","LAD22NM":"Richmond upon Thames"}},{"type":"Feature","geometry":{"type":"Polygon","coordinates":[[[-0.28268,51.44939],[-0.28302,51.44667],[-0.27965,51.44492],[-0.26827,51.44045],[-0.26823,51.43921],[-0.26616,51.43755],[-0.26095,51.43715],[-0.25632,51.43635],[-0.26458,51.43292],[-0.27094,51.42954],[-0.27857,51.42335],[-0.28044,51.42186],[-0.2866,51.42017],[-0.28775,51.42274],[-0.29062,51.42899],[-0.293,51.42894],[-0.29339,51.42651],[-0.29477,51.42646],[-0.29471,51.42701],[-0.29541,51.42704],[-0.29544,51.42764],[-0.29747,51.42856],[-0.3016,51.43143],[-0.30205,51.43115],[-0.30151,51.43054],[-0.30176,51.43039],[-0.30592,51.43136],[-0.30641,51.43015],[-0.30693,51.43015],[-0.30855,51.43079],[-0.30807,51.43108],[-0.30976,51.43214],[-0.31066,51.43221],[-0.3128,51.43034],[-0.31445,51.42826],[-0.31727,51.42937],[-0.31833,51.42952],[-0.31832,51.42954],[-0.31907,51.43001],[-0.32335,51.43087],[-0.32585,51.43232],[-0.32566,51.43257],[-0.32695,51.43339],[-0.3276,51.43438],[-0.32802,51.4367],[-0.32907,51.43805],[-0.32851,51.438],[-0.32915,51.43819],[-0.33008,51.43966],[-0.33008,51.44159],[-0.32914,51.44269],[-0.32779,51.44344],[-0.32171,51.44537],[-0.31706,51.44576],[-0.31299,51.44649],[-0.30956,51.44727],[-0.30576,51.4486],[-0.30282,51.45131],[-0.30261,51.45223],[-0.3028,51.4534],[-0.30504,51.45646],[-0.30448,51.45667],[-0.30468,51.45702],[-0.3043,51.4572],[-0.30376,51.45662],[-0.30308,51.45755],[-0.30176,51.45629],[-0.30143,51.45618],[-0.30082,51.45661],[-0.29954,51.45579],[-0.29806,51.45474],[-0.29911,51.45419],[-0.29608,51.45153],[-0.29559,51.45176],[-0.29496,51.4514],[-0.29618,51.45006],[-0.29584,51.44995],[-0.28811,51.44875],[-0.28473,51.44882],[-0.28268,51.44939]]]},"properties":{"WD22NM":"Ham, Petersham & Richmond Riverside","LAD22NM":"Richmond upon Thames"}},{"type":"Feature","geometry":{"type":"Polygon","coordinates":[[[-0.38492,51.42126],[-0.38154,51.42188],[-0.3814,51.42154],[-0.37617,51.42202],[-0.37621,51.42232],[-0.3739,51.42255],[-0.37373,51.42206],[-0.37288,51.42217],[-0.37287,51.42265],[-0.37233,51.42271],[-0.37221,51.42241],[-0.37145,51.42251],[-0.37137,51.42223],[-0.37003,51.42308],[-0.36944,51.42286],[-0.36937,51.42247],[-0.367,51.42238],[-0.36678,51.42185],[-0.36558,51.42188],[-0.36551,51.4224],[-0.36356,51.42225],[-0.36321,51.42281],[-0.36184,51.42271],[-0.36019,51.42207],[-0.35895,51.42178],[-0.35545,51.42238],[-0.35469,51.42134],[-0.35292,51.42163],[-0.35252,51.42051],[-0.35213,51.41732],[-0.35338,51.41705],[-0.35354,51.41604],[-0.35205,51.4154],[-0.35297,51.41315],[-0.35105,51.41257],[-0.35171,51.41171],[-0.34658,51.41119],[-0.34613,51.41215],[-0.34229,51.41126],[-0.34176,51.41181],[-0.33976,51.41152],[-0.33734,51.41044],[-0.3359,51.41101],[-0.33493,51.41034],[-0.33477,51.40977],[-0.33651,51.40863],[-0.3354,51.40849],[-0.31864,51.41077],[-0.31764,51.40931],[-0.31262,51.41083],[-0.31218,51.41034],[-0.31304,51.40927],[-0.31704,51.40611],[-0.31848,51.40092],[-0.31509,51.39984],[-0.31582,51.39882],[-0.31213,51.39814],[-0.31256,51.3974],[-0.3177,51.39367],[-0.31983,51.39259],[-0.32586,51.39144],[-0.32759,51.39174],[-0.32867,51.39231],[-0.33079,51.39409],[-0.33226,51.39592],[-0.33581,51.39846],[-0.33834,51.40085],[-0.34064,51.40309],[-0.34379,51.40398],[-0.34708,51.40588],[-0.34989,51.40698],[-0.35511,51.40981],[-0.35536,51.41075],[-0.35914,51.4119],[-0.36124,51.41204],[-0.36474,51.41159],[-0.37386,51.40849],[-0.37943,51.40783],[-0.38335,51.40854],[-0.38378,51.41012],[-0.38664,51.41041],[-0.38918,51.41032],[-0.38965,51.41069],[-0.39029,51.41434],[-0.38612,51.41428],[-0.38659,51.41502],[-0.38676,51.41765],[-0.38769,51.41933],[-0.38664,51.42008],[-0.39134,51.42233],[-0.39275,51.42347],[-0.39111,51.42316],[-0.3855,51.42075],[-0.38492,51.42126]]]},"properties":{"WD22NM":"Hampton","LAD22NM":"Richmond upon Thames"}},{"type":"Feature","geometry":{"type":"Polygon","coordinates":[[[-0.36019,51.42207],[-0.36184,51.42271],[-0.36321,51.42281],[-0.36356,51.42225],[-0.36551,51.4224],[-0.36558,51.42188],[-0.36678,51.42185],[-0.367,51.42238],[-0.36937,51.42247],[-0.36944,51.42286],[-0.37003,51.42308],[-0.37137,51.42223],[-0.37145,51.42251],[-0.37221,51.42241],[-0.37233,51.42271],[-0.37287,51.42265],[-0.37288,51.42217],[-0.37373,51.42206],[-0.3739,51.42255],[-0.37621,51.42232],[-0.37617,51.42202],[-0.3814,51.42154],[-0.38154,51.42188],[-0.38492,51.42126],[-0.38409,51.42267],[-0.38836,51.42805],[-0.38807,51.42788],[-0.38713,51.42818],[-0.38789,51.42873],[-0.38329,51.43213],[-0.37622,51.43549],[-0.36796,51.4334],[-0.36808,51.43321],[-0.36699,51.43281],[-0.36699,51.43225],[-0.36664,51.43229],[-0.36452,51.42958],[-0.3649,51.42923],[-0.3637,51.4285],[-0.36413,51.42812],[-0.36184,51.42712],[-0.36243,51.42544],[-0.36156,51.42447],[-0.3614,51.42339],[-0.36019,51.42207]]]},"properties":{"WD22NM":"Hampton North","LAD22NM":"Richmond upon Thames"}},{"type":"Feature","geometry":{"type":"Polygon","coordinates":[[[-0.31445,51.42826],[-0.31037,51.42636],[-0.30838,51.425],[-0.30687,51.42329],[-0.30601,51.42123],[-0.30829,51.41525],[-0.30848,51.41352],[-0.30907,51.4093],[-0.30877,51.4022],[-0.30933,51.40045],[-0.31028,51.39961],[-0.31213,51.39814],[-0.31582,51.39882],[-0.31509,51.39984],[-0.31848,51.40092],[-0.31704,51.40611],[-0.31304,51.40927],[-0.31218,51.41034],[-0.31262,51.41083],[-0.31764,51.40931],[-0.31864,51.41077],[-0.31693,51.41104],[-0.31743,51.41424],[-0.31847,51.41463],[-0.31938,51.41643],[-0.32108,51.41736],[-0.32026,51.41814],[-0.3294,51.42222],[-0.3295,51.42295],[-0.32854,51.42308],[-0.32839,51.42347],[-0.3283,51.42703],[-0.32699,51.42721],[-0.32665,51.4267],[-0.32556,51.42697],[-0.32577,51.42726],[-0.32524,51.42742],[-0.32488,51.42683],[-0.32421,51.42696],[-0.32344,51.4272],[-0.32353,51.42851],[-0.3227,51.42895],[-0.32124,51.42813],[-0.31992,51.42938],[-0.31849,51.42909],[-0.31835,51.42947],[-0.31833,51.42952],[-0.31727,51.42937],[-0.31445,51.42826]]]},"properties":{"WD22NM":"Hampton Wick & South Teddington","LAD22NM":"Richmond upon Thames"}},{"type":"Feature","geometry":{"type":"Polygon","coordinates":[[[-0.36957,51.45697],[-0.37391,51.45297],[-0.37543,51.45233],[-0.37723,51.4521],[-0.353,51.44882],[-0.35677,51.44715],[-0.36047,51.44457],[-0.36708,51.44171],[-0.37287,51.44364],[-0.37393,51.44302],[-0.37607,51.44307],[-0.37713,51.44248],[-0.37822,51.44249],[-0.37961,51.44323],[-0.37977,51.44439],[-0.38285,51.44505],[-0.38625,51.44673],[-0.3863,51.4482],[-0.38767,51.44937],[-0.38455,51.4499],[-0.38377,51.44951],[-0.37525,51.45628],[-0.37302,51.45747],[-0.37267,51.45699],[-0.37244,51.45725],[-0.36957,51.45697]]]},"properties":{"WD22NM":"Heathfield","LAD22NM":"Richmond upon Thames"}},{"type":"Feature","geometry":{"type":"MultiPolygon","coordinates":[[[[-0.29479,51.48598],[-0.29742,51.48457],[-0.29641,51.48561],[-0.29479,51.48598]]],[[[-0.27351,51.47513],[-0.27244,51.47397],[-0.27049,51.4727],[-0.27048,51.47269],[-0.27544,51.46955],[-0.27696,51.46903],[-0.28317,51.46788],[-0.28831,51.46765],[-0.28818,51.4685],[-0.2909,51.46986],[-0.28975,51.47386],[-0.29032,51.47394],[-0.29016,51.47425],[-0.29071,51.47441],[-0.29181,51.47446],[-0.29225,51.47421],[-0.29355,51.47039],[-0.29819,51.47082],[-0.30218,51.4722],[-0.30556,51.47225],[-0.30979,51.47324],[-0.31004,51.47348],[-0.3068,51.47493],[-0.30258,51.47925],[-0.29526,51.48483],[-0.29,51.48634],[-0.28729,51.4865],[-0.28443,51.4859],[-0.28039,51.48378],[-0.27794,51.48206],[-0.27399,51.47565],[-0.27351,51.47513]]],[[[-0.29395,51.4862],[-0.29453,51.48609],[-0.29433,51.4863],[-0.29188,51.48703],[-0.28989,51.48717],[-0.29395,51.4862]]]]},"properties":{"WD22NM":"Kew","LAD22NM":"Richmond upon Thames"}},{"type":"Feature","geometry":{"type":"Polygon","coordinates":[[[-0.23292,51.47168],[-0.23342,51.46815],[-0.23281,51.46663],[-0.23362,51.46604],[-0.23355,51.46534],[-0.23329,51.46399],[-0.23953,51.46484],[-0.24395,51.46523],[-0.25289,51.46522],[-0.25809,51.46511],[-0.25839,51.46656],[-0.25908,51.46651],[-0.25944,51.46765],[-0.26689,51.46807],[-0.27154,51.4676],[-0.27683,51.46679],[-0.27696,51.46903],[-0.27544,51.46955],[-0.27048,51.47269],[-0.26783,51.47123],[-0.26403,51.47022],[-0.26033,51.47031],[-0.25855,51.47043],[-0.25568,51.47117],[-0.25338,51.47223],[-0.25148,51.47363],[-0.25147,51.47363],[-0.25126,51.47355],[-0.24935,51.47376],[-0.24754,51.47336],[-0.24711,51.47242],[-0.24662,51.47244],[-0.2464,51.47212],[-0.24657,51.47161],[-0.24565,51.47091],[-0.24491,51.4713],[-0.24261,51.47171],[-0.24091,51.47132],[-0.24052,51.47162],[-0.23695,51.47187],[-0.23292,51.47168]]]},"properties":{"WD22NM":"Mortlake & Barnes Common","LAD22NM":"Richmond upon Thames"}},{"type":"Feature","geometry":{"type":"Polygon","coordinates":[[[-0.27696,51.46903],[-0.27683,51.46679],[-0.27154,51.4676],[-0.27146,51.46681],[-0.27189,51.4668],[-0.27194,51.46644],[-0.27155,51.46644],[-0.27147,51.46607],[-0.27197,51.46605],[-0.27167,51.46415],[-0.27815,51.46428],[-0.28153,51.46357],[-0.28663,51.46183],[-0.28891,51.4617],[-0.29381,51.46225],[-0.2941,51.4627],[-0.29357,51.46283],[-0.29435,51.46401],[-0.29949,51.46329],[-0.29998,51.46384],[-0.3011,51.4642],[-0.30063,51.46451],[-0.30075,51.46489],[-0.3033,51.46483],[-0.30643,51.46428],[-0.30933,51.46336],[-0.3118,51.46218],[-0.31385,51.46072],[-0.31388,51.46073],[-0.31693,51.46247],[-0.31977,51.46467],[-0.31921,51.46844],[-0.31858,51.47021],[-0.31772,51.471],[-0.3146,51.47179],[-0.31005,51.47347],[-0.31004,51.47348],[-0.30979,51.47324],[-0.30556,51.47225],[-0.30218,51.4722],[-0.29819,51.47082],[-0.29355,51.47039],[-0.29225,51.47421],[-0.29181,51.47446],[-0.29071,51.47441],[-0.29016,51.47425],[-0.29032,51.47394],[-0.28975,51.47386],[-0.2909,51.46986],[-0.28818,51.4685],[-0.28831,51.46765],[-0.28317,51.46788],[-0.27696,51.46903]]]},"properties":{"WD22NM":"North Richmond","LAD22NM":"Richmond upon Thames"}},{"type":"Feature","geometry":{"type":"MultiPolygon","coordinates":[[[[-0.32531,51.46369],[-0.32555,51.46335],[-0.32538,51.46362],[-0.32531,51.46369]]],[[[-0.3229,51.46537],[-0.32345,51.46533],[-0.32343,51.46536],[-0.3229,51.46537]]],[[[-0.31397,51.45971],[-0.31877,51.45623],[-0.31714,51.45602],[-0.31666,51.4545],[-0.31733,51.45399],[-0.31695,51.45369],[-0.31871,51.45308],[-0.31866,51.4527],[-0.32168,51.45185],[-0.32246,51.45382],[-0.32659,51.45146],[-0.3271,51.45168],[-0.32944,51.45079],[-0.33391,51.45027],[-0.33472,51.44965],[-0.33653,51.44919],[-0.33638,51.44894],[-0.33792,51.44817],[-0.34189,51.44788],[-0.34622,51.44796],[-0.34441,51.45255],[-0.34479,51.45397],[-0.34431,51.45574],[-0.34357,51.45733],[-0.34266,51.45811],[-0.3417,51.45902],[-0.34011,51.45924],[-0.34061,51.45726],[-0.33895,51.45589],[-0.33853,51.4561],[-0.33772,51.45548],[-0.33754,51.45484],[-0.33696,51.45463],[-0.33627,51.45569],[-0.33369,51.45549],[-0.33361,51.45524],[-0.33301,51.45541],[-0.33139,51.45729],[-0.33035,51.45788],[-0.32839,51.45795],[-0.32703,51.457],[-0.32555,51.45812],[-0.32644,51.45935],[-0.32621,51.45976],[-0.3267,51.46002],[-0.32648,51.46053],[-0.32641,51.46067],[-0.32633,51.46081],[-0.32635,51.46084],[-0.32635,51.46085],[-0.32639,51.46088],[-0.32639,51.46089],[-0.32643,51.46092],[-0.32682,51.46132],[-0.32612,51.46243],[-0.3244,51.4645],[-0.32371,51.46511],[-0.32369,51.46512],[-0.32322,51.46532],[-0.32258,51.46534],[-0.32174,51.46536],[-0.31896,51.46266],[-0.314,51.45971],[-0.31397,51.45971]]]]},"properties":{"WD22NM":"St Margarets & North Twickenham","LAD22NM":"Richmond upon Thames"}},{"type":"Feature","geometry":{"type":"Polygon","coordinates":[[[-0.27815,51.46428],[-0.2782,51.46168],[-0.27772,51.46167],[-0.27764,51.46139],[-0.27805,51.46136],[-0.27833,51.46061],[-0.27897,51.46064],[-0.27891,51.45991],[-0.27929,51.45992],[-0.27935,51.45961],[-0.28035,51.45978],[-0.28392,51.46187],[-0.28443,51.46176],[-0.28275,51.45645],[-0.27764,51.45661],[-0.27781,51.45222],[-0.28219,51.45172],[-0.28268,51.44939],[-0.28473,51.44882],[-0.28811,51.44875],[-0.29584,51.44995],[-0.29618,51.45006],[-0.29496,51.4514],[-0.29559,51.45176],[-0.29608,51.45153],[-0.29911,51.45419],[-0.29806,51.45474],[-0.29954,51.45579],[-0.30082,51.45661],[-0.30143,51.45618],[-0.30176,51.45629],[-0.30308,51.45755],[-0.30376,51.45662],[-0.3043,51.4572],[-0.30468,51.45702],[-0.30448,51.45667],[-0.30504,51.45646],[-0.30799,51.45881],[-0.31384,51.46071],[-0.31385,51.46072],[-0.3118,51.46218],[-0.30933,51.46336],[-0.30643,51.46428],[-0.3033,51.46483],[-0.30075,51.46489],[-0.30063,51.46451],[-0.3011,51.4642],[-0.29998,51.46384],[-0.29949,51.46329],[-0.29435,51.46401],[-0.29357,51.46283],[-0.2941,51.4627],[-0.29381,51.46225],[-0.28891,51.4617],[-0.28663,51.46183],[-0.28153,51.46357],[-0.27815,51.46428]]]},"properties":{"WD22NM":"South Richmond","LAD22NM":"Richmond upon Thames"}},{"type":"Feature","geometry":{"type":"MultiPolygon","coordinates":[[[[-0.33119,51.43957],[-0.33067,51.43889],[-0.33148,51.43935],[-0.33119,51.43957]]],[[[-0.33445,51.44881],[-0.33371,51.44754],[-0.33463,51.44719],[-0.33377,51.44522],[-0.32983,51.44555],[-0.33132,51.44244],[-0.33216,51.4417],[-0.33138,51.44156],[-0.33163,51.44126],[-0.33121,51.43974],[-0.33184,51.43917],[-0.33058,51.43847],[-0.32907,51.43666],[-0.32845,51.43391],[-0.32843,51.43388],[-0.32939,51.43362],[-0.32958,51.43398],[-0.33814,51.43367],[-0.33866,51.43296],[-0.33971,51.43358],[-0.34067,51.43449],[-0.34199,51.43502],[-0.34396,51.43513],[-0.3466,51.43452],[-0.3472,51.43538],[-0.35073,51.43606],[-0.34866,51.43885],[-0.34588,51.44103],[-0.34351,51.44231],[-0.34516,51.44346],[-0.3446,51.44369],[-0.34513,51.44422],[-0.34663,51.4443],[-0.34629,51.44441],[-0.34654,51.44514],[-0.34589,51.44539],[-0.34624,51.44566],[-0.34587,51.44585],[-0.34744,51.44689],[-0.34622,51.44796],[-0.34189,51.44788],[-0.33792,51.44817],[-0.33445,51.44881]]]]},"properties":{"WD22NM":"South Twickenham","LAD22NM":"Richmond upon Thames"}},{"type":"Feature","geometry":{"type":"Polygon","coordinates":[[[-0.32843,51.43388],[-0.32842,51.43387],[-0.32722,51.43243],[-0.32479,51.43085],[-0.32233,51.42989],[-0.31997,51.42939],[-0.31992,51.42938],[-0.32124,51.42813],[-0.3227,51.42895],[-0.32353,51.42851],[-0.32344,51.4272],[-0.32421,51.42696],[-0.32488,51.42683],[-0.32524,51.42742],[-0.32577,51.42726],[-0.32556,51.42697],[-0.32665,51.4267],[-0.32699,51.42721],[-0.3283,51.42703],[-0.32839,51.42347],[-0.32854,51.42308],[-0.3295,51.42295],[-0.3294,51.42222],[-0.32026,51.41814],[-0.32108,51.41736],[-0.31938,51.41643],[-0.31847,51.41463],[-0.31743,51.41424],[-0.31693,51.41104],[-0.31864,51.41077],[-0.3354,51.40849],[-0.33651,51.40863],[-0.33477,51.40977],[-0.33493,51.41034],[-0.3359,51.41101],[-0.33734,51.41044],[-0.33976,51.41152],[-0.34176,51.41181],[-0.34229,51.41126],[-0.34613,51.41215],[-0.34658,51.41119],[-0.35171,51.41171],[-0.35105,51.41257],[-0.35297,51.41315],[-0.35205,51.4154],[-0.35354,51.41604],[-0.35338,51.41705],[-0.35213,51.41732],[-0.35252,51.42051],[-0.34982,51.42174],[-0.34766,51.42131],[-0.34526,51.42268],[-0.34609,51.42524],[-0.34527,51.42729],[-0.33993,51.42635],[-0.34231,51.42856],[-0.33936,51.42991],[-0.33863,51.42893],[-0.33713,51.42926],[-0.33905,51.43156],[-0.33971,51.43358],[-0.33866,51.43296],[-0.33814,51.43367],[-0.32958,51.43398],[-0.32939,51.43362],[-0.32843,51.43388]]]},"properties":{"WD22NM":"Teddington","LAD22NM":"Richmond upon Thames"}},{"type":"Feature","geometry":{"type":"MultiPolygon","coordinates":[[[[-0.32176,51.44583],[-0.32506,51.44478],[-0.32549,51.44504],[-0.32514,51.44475],[-0.32807,51.44397],[-0.32717,51.44495],[-0.32579,51.44572],[-0.32452,51.44575],[-0.32382,51.44606],[-0.32333,51.44582],[-0.32337,51.44604],[-0.32175,51.44624],[-0.32091,51.44613],[-0.32176,51.44583]]],[[[-0.30874,51.45816],[-0.30845,51.45779],[-0.30992,51.45852],[-0.30874,51.45816]]],[[[-0.31142,51.45883],[-0.31157,51.45855],[-0.31126,51.45877],[-0.30891,51.45755],[-0.30753,51.45721],[-0.30804,51.45667],[-0.30726,51.457],[-0.30595,51.45616],[-0.30389,51.45329],[-0.30435,51.45162],[-0.30563,51.45044],[-0.30885,51.44868],[-0.31574,51.44691],[-0.3158,51.44666],[-0.3189,51.44643],[-0.3215,51.44686],[-0.32515,51.44653],[-0.32719,51.44564],[-0.33037,51.44296],[-0.33138,51.44156],[-0.33138,51.44156],[-0.33216,51.4417],[-0.33132,51.44244],[-0.32983,51.44555],[-0.33377,51.44522],[-0.33463,51.44719],[-0.33371,51.44754],[-0.33445,51.44881],[-0.33792,51.44817],[-0.33638,51.44894],[-0.33653,51.44919],[-0.33472,51.44965],[-0.33391,51.45027],[-0.32944,51.45079],[-0.3271,51.45168],[-0.32659,51.45146],[-0.32246,51.45382],[-0.32168,51.45185],[-0.31866,51.4527],[-0.31871,51.45308],[-0.31695,51.45369],[-0.31733,51.45399],[-0.31666,51.4545],[-0.31714,51.45602],[-0.31877,51.45623],[-0.31397,51.45971],[-0.31142,51.45883]]]]},"properties":{"WD22NM":"Twickenham Riverside","LAD22NM":"Richmond upon Thames"}},{"type":"Feature","geometry":{"type":"Polygon","coordinates":[[[-0.34622,51.44796],[-0.34744,51.44689],[-0.34587,51.44585],[-0.34624,51.44566],[-0.34589,51.44539],[-0.34654,51.44514],[-0.34629,51.44441],[-0.34663,51.4443],[-0.34513,51.44422],[-0.3446,51.44369],[-0.34516,51.44346],[-0.34351,51.44231],[-0.34588,51.44103],[-0.34866,51.43885],[-0.35073,51.43606],[-0.35237,51.43626],[-0.35277,51.43559],[-0.35363,51.43595],[-0.3534,51.43634],[-0.35674,51.43689],[-0.36142,51.43934],[-0.37248,51.43724],[-0.37248,51.43698],[-0.37614,51.43553],[-0.37791,51.43631],[-0.37787,51.4368],[-0.36708,51.44171],[-0.36047,51.44457],[-0.35677,51.44715],[-0.353,51.44882],[-0.34622,51.44796]]]},"properties":{"WD22NM":"West Twickenham","LAD22NM":"Richmond upon Thames"}},{"type":"Feature","geometry":{"type":"Polygon","coordinates":[[[-0.34266,51.45811],[-0.34357,51.45733],[-0.34431,51.45574],[-0.34479,51.45397],[-0.34441,51.45255],[-0.34622,51.44796],[-0.353,51.44882],[-0.37723,51.4521],[-0.37543,51.45233],[-0.37391,51.45297],[-0.36957,51.45697],[-0.36845,51.45687],[-0.36781,51.45743],[-0.36504,51.4578],[-0.36285,51.45767],[-0.3598,51.45822],[-0.35641,51.45841],[-0.35344,51.45818],[-0.35282,51.45686],[-0.34868,51.45676],[-0.34602,51.45727],[-0.34503,51.45792],[-0.34266,51.45811]]]},"properties":{"WD22NM":"Whitton","LAD22NM":"Richmond upon Thames"}},{"type":"Feature","geometry":{"type":"Polygon","coordinates":[[[-0.17577,51.53962],[-0.1739,51.53948],[-0.17412,51.5382],[-0.17349,51.53763],[-0.17623,51.53632],[-0.17609,51.53601],[-0.16896,51.53012],[-0.1741,51.52766],[-0.17194,51.52643],[-0.17372,51.52611],[-0.17683,51.52463],[-0.18136,51.52839],[-0.18875,51.53453],[-0.18773,51.53504],[-0.18385,51.53838],[-0.18016,51.53956],[-0.17833,51.53979],[-0.17577,51.53962]]]},"properties":{"WD22NM":"Abbey Road","LAD22NM":"Westminster"}},{"type":"Feature","geometry":{"type":"Polygon","coordinates":[[[-0.18494,51.51953],[-0.18333,51.51841],[-0.18208,51.51755],[-0.18834,51.51581],[-0.18824,51.51541],[-0.18965,51.51523],[-0.18855,51.51263],[-0.18979,51.51244],[-0.18908,51.51012],[-0.19212,51.50987],[-0.19296,51.51181],[-0.19404,51.51176],[-0.19505,51.51503],[-0.19918,51.51455],[-0.19992,51.51685],[-0.197,51.51726],[-0.19787,51.51874],[-0.1951,51.51927],[-0.19514,51.52055],[-0.19117,51.51971],[-0.18494,51.51953]]]},"properties":{"WD22NM":"Bayswater","LAD22NM":"Westminster"}},{"type":"Feature","geometry":{"type":"Polygon","coordinates":[[[-0.16427,51.52094],[-0.16525,51.52077],[-0.17011,51.51995],[-0.17683,51.52463],[-0.17372,51.52611],[-0.17194,51.52643],[-0.16912,51.52693],[-0.16733,51.52829],[-0.16392,51.5252],[-0.16557,51.52486],[-0.16736,51.52404],[-0.16538,51.52256],[-0.16427,51.52094]]]},"properties":{"WD22NM":"Church Street","LAD22NM":"Westminster"}},{"type":"Feature","geometry":{"type":"Polygon","coordinates":[[[-0.19734,51.5279],[-0.19745,51.52525],[-0.19347,51.52649],[-0.19028,51.52494],[-0.1898,51.5247],[-0.19461,51.52295],[-0.20163,51.52426],[-0.20161,51.52274],[-0.20386,51.52346],[-0.20588,51.52574],[-0.2073,51.52624],[-0.20724,51.52644],[-0.20547,51.52622],[-0.20404,51.52547],[-0.20343,51.52897],[-0.2014,51.52856],[-0.20305,51.5329],[-0.20302,51.5329],[-0.20166,51.53256],[-0.20108,51.53191],[-0.19827,51.53045],[-0.19792,51.52994],[-0.19805,51.52862],[-0.19777,51.5279],[-0.19734,51.5279]]]},"properties":{"WD22NM":"Harrow Road","LAD22NM":"Westminster"}},{"type":"Feature","geometry":{"type":"Polygon","coordinates":[[[-0.16164,51.51422],[-0.16002,51.51323],[-0.15848,51.51341],[-0.1567,51.51037],[-0.15212,51.50654],[-0.15194,51.50519],[-0.15252,51.50391],[-0.16322,51.50594],[-0.16914,51.50604],[-0.17123,51.50668],[-0.17039,51.50738],[-0.17065,51.50985],[-0.17274,51.51111],[-0.17228,51.51201],[-0.17399,51.51185],[-0.17602,51.51332],[-0.17467,51.51408],[-0.18045,51.51795],[-0.18018,51.51808],[-0.18333,51.51841],[-0.18494,51.51953],[-0.17991,51.5201],[-0.17011,51.51995],[-0.16525,51.52077],[-0.16599,51.51926],[-0.16744,51.51812],[-0.16164,51.51422]]]},"properties":{"WD22NM":"Hyde Park","LAD22NM":"Westminster"}},{"type":"Feature","geometry":{"type":"Polygon","coordinates":[[[-0.17123,51.50668],[-0.16914,51.50604],[-0.16322,51.50594],[-0.15252,51.50391],[-0.15221,51.50305],[-0.14989,51.50321],[-0.14986,51.50248],[-0.15157,51.50186],[-0.14858,51.49982],[-0.14637,51.49726],[-0.14484,51.4967],[-0.14781,51.49253],[-0.14972,51.4908],[-0.14826,51.49006],[-0.14833,51.48875],[-0.14735,51.48643],[-0.14735,51.48563],[-0.149,51.48554],[-0.14907,51.48621],[-0.14969,51.48611],[-0.14922,51.48552],[-0.14998,51.48547],[-0.15002,51.48546],[-0.15017,51.48609],[-0.15585,51.48961],[-0.15517,51.49005],[-0.1558,51.49145],[-0.15479,51.49196],[-0.15598,51.49322],[-0.15499,51.49385],[-0.15599,51.4945],[-0.15582,51.49473],[-0.15529,51.49507],[-0.15607,51.49776],[-0.15785,51.49902],[-0.15845,51.50225],[-0.161,51.50159],[-0.16257,51.50029],[-0.16548,51.4987],[-0.16578,51.49924],[-0.16762,51.4983],[-0.16839,51.49902],[-0.17354,51.49822],[-0.17955,51.49778],[-0.18031,51.50146],[-0.18036,51.50178],[-0.17468,51.50216],[-0.17455,51.50334],[-0.17298,51.50583],[-0.17218,51.50677],[-0.17123,51.50668]]]},"properties":{"WD22NM":"Knightsbridge & Belgravia","LAD22NM":"Westminster"}},{"type":"Feature","geometry":{"type":"Polygon","coordinates":[[[-0.17123,51.50668],[-0.17218,51.50677],[-0.17298,51.50583],[-0.17455,51.50334],[-0.17468,51.50216],[-0.18036,51.50178],[-0.18031,51.50146],[-0.18423,51.50179],[-0.18791,51.51018],[-0.18908,51.51012],[-0.18979,51.51244],[-0.18855,51.51263],[-0.18965,51.51523],[-0.18824,51.51541],[-0.18834,51.51581],[-0.18208,51.51755],[-0.18333,51.51841],[-0.18018,51.51808],[-0.18045,51.51795],[-0.17467,51.51408],[-0.17602,51.51332],[-0.17399,51.51185],[-0.17228,51.51201],[-0.17274,51.51111],[-0.17065,51.50985],[-0.17039,51.50738],[-0.17123,51.50668]]]},"properties":{"WD22NM":"Lancaster Gate","LAD22NM":"Westminster"}},{"type":"Feature","geometry":{"type":"Polygon","coordinates":[[[-0.17683,51.52463],[-0.17011,51.51995],[-0.17991,51.5201],[-0.18147,51.52109],[-0.18355,51.52115],[-0.1878,51.5225],[-0.18689,51.52329],[-0.1898,51.5247],[-0.19028,51.52494],[-0.1893,51.52557],[-0.18895,51.5254],[-0.18734,51.52595],[-0.18458,51.5273],[-0.18312,51.52754],[-0.1836,51.52793],[-0.18313,51.52816],[-0.18264,51.52825],[-0.18226,51.52795],[-0.18136,51.52839],[-0.17683,51.52463]]]},"properties":{"WD22NM":"Little Venice","LAD22NM":"Westminster"}},{"type":"Feature","geometry":{"type":"Polygon","coordinates":[[[-0.18875,51.53453],[-0.18136,51.52839],[-0.18226,51.52795],[-0.18264,51.52825],[-0.18313,51.52816],[-0.1836,51.52793],[-0.18312,51.52754],[-0.18458,51.5273],[-0.18734,51.52595],[-0.18895,51.5254],[-0.1893,51.52557],[-0.19028,51.52494],[-0.19347,51.52649],[-0.19745,51.52525],[-0.19734,51.5279],[-0.19654,51.52766],[-0.19287,51.53214],[-0.19235,51.53321],[-0.19301,51.53399],[-0.19146,51.53629],[-0.18875,51.53453]]]},"properties":{"WD22NM":"Maida Vale","LAD22NM":"Westminster"}},{"type":"Feature","geometry":{"type":"Polygon","coordinates":[[[-0.16164,51.51422],[-0.16744,51.51812],[-0.16599,51.51926],[-0.16525,51.52077],[-0.16427,51.52094],[-0.15236,51.52306],[-0.14796,51.52348],[-0.14732,51.52298],[-0.14633,51.52285],[-0.14417,51.51795],[-0.14333,51.51786],[-0.14296,51.51737],[-0.16164,51.51422]]]},"properties":{"WD22NM":"Marylebone","LAD22NM":"Westminster"}},{"type":"Feature","geometry":{"type":"Polygon","coordinates":[[[-0.14271,51.49655],[-0.14063,51.49402],[-0.13151,51.48961],[-0.13241,51.48896],[-0.13371,51.48902],[-0.14141,51.48775],[-0.14605,51.48999],[-0.14624,51.49036],[-0.14826,51.49006],[-0.14972,51.4908],[-0.14781,51.49253],[-0.14484,51.4967],[-0.14271,51.49655]]]},"properties":{"WD22NM":"Pimlico North","LAD22NM":"Westminster"}},{"type":"Feature","geometry":{"type":"Polygon","coordinates":[[[-0.13151,51.48961],[-0.12839,51.48821],[-0.12841,51.48819],[-0.1325,51.48573],[-0.1381,51.48481],[-0.14004,51.48482],[-0.14645,51.48568],[-0.14735,51.48563],[-0.14735,51.48643],[-0.14833,51.48875],[-0.14826,51.49006],[-0.14624,51.49036],[-0.14605,51.48999],[-0.14141,51.48775],[-0.13371,51.48902],[-0.13241,51.48896],[-0.13151,51.48961]]]},"properties":{"WD22NM":"Pimlico South","LAD22NM":"Westminster"}},{"type":"Feature","geometry":{"type":"Polygon","coordinates":[[[-0.2073,51.52624],[-0.21267,51.52687],[-0.21555,51.52672],[-0.216,51.52793],[-0.21586,51.52973],[-0.21508,51.53026],[-0.21518,51.53139],[-0.21103,51.53196],[-0.20762,51.53282],[-0.20305,51.5329],[-0.2014,51.52856],[-0.20343,51.52897],[-0.20404,51.52547],[-0.20547,51.52622],[-0.20724,51.52644],[-0.2073,51.52624]]]},"properties":{"WD22NM":"Queen's Park","LAD22NM":"Westminster"}},{"type":"Feature","geometry":{"type":"Polygon","coordinates":[[[-0.15271,51.53752],[-0.14717,51.52504],[-0.14579,51.52527],[-0.14517,51.524],[-0.14796,51.52348],[-0.15236,51.52306],[-0.16427,51.52094],[-0.16538,51.52256],[-0.16736,51.52404],[-0.16557,51.52486],[-0.16392,51.5252],[-0.16733,51.52829],[-0.16912,51.52693],[-0.17194,51.52643],[-0.1741,51.52766],[-0.16896,51.53012],[-0.17609,51.53601],[-0.17623,51.53632],[-0.17349,51.53763],[-0.17196,51.53838],[-0.17086,51.53779],[-0.16952,51.5386],[-0.16494,51.53578],[-0.16046,51.53728],[-0.15942,51.53636],[-0.15271,51.53752]]]},"properties":{"WD22NM":"Regent's Park","LAD22NM":"Westminster"}},{"type":"Feature","geometry":{"type":"Polygon","coordinates":[[[-0.11158,51.51534],[-0.11108,51.51383],[-0.11195,51.51369],[-0.11171,51.5132],[-0.11239,51.51277],[-0.1115,51.51164],[-0.11148,51.51083],[-0.1115,51.51083],[-0.11156,51.51083],[-0.11689,51.5101],[-0.11954,51.50906],[-0.12113,51.50775],[-0.12239,51.50606],[-0.12306,51.50423],[-0.12311,51.50391],[-0.12471,51.49471],[-0.12473,51.49461],[-0.13248,51.49492],[-0.13372,51.49651],[-0.13474,51.49626],[-0.13567,51.49648],[-0.1356,51.4975],[-0.14271,51.49655],[-0.14484,51.4967],[-0.14637,51.49726],[-0.14858,51.49982],[-0.15157,51.50186],[-0.14986,51.50248],[-0.14989,51.50321],[-0.14121,51.50754],[-0.13474,51.50974],[-0.13311,51.51148],[-0.1297,51.5129],[-0.12904,51.51345],[-0.12733,51.51267],[-0.12287,51.51515],[-0.12207,51.51463],[-0.12182,51.51487],[-0.11947,51.51451],[-0.11469,51.51604],[-0.11383,51.51482],[-0.11158,51.51534]]]},"properties":{"WD22NM":"St James's","LAD22NM":"Westminster"}},{"type":"Feature","geometry":{"type":"Polygon","coordinates":[[[-0.12473,51.49461],[-0.12473,51.49461],[-0.1254,51.49164],[-0.12838,51.48823],[-0.12839,51.48821],[-0.13151,51.48961],[-0.14063,51.49402],[-0.14271,51.49655],[-0.1356,51.4975],[-0.13567,51.49648],[-0.13474,51.49626],[-0.13372,51.49651],[-0.13248,51.49492],[-0.12473,51.49461]]]},"properties":{"WD22NM":"Vincent Square","LAD22NM":"Westminster"}},{"type":"Feature","geometry":{"type":"Polygon","coordinates":[[[-0.14349,51.52396],[-0.14288,51.52388],[-0.13701,51.51889],[-0.1363,51.51915],[-0.13583,51.5187],[-0.13523,51.51893],[-0.13404,51.51756],[-0.1336,51.51773],[-0.13254,51.51717],[-0.13245,51.51672],[-0.13081,51.5171],[-0.13035,51.51643],[-0.12983,51.51448],[-0.12904,51.51345],[-0.1297,51.5129],[-0.13311,51.51148],[-0.13474,51.50974],[-0.14121,51.50754],[-0.14989,51.50321],[-0.15221,51.50305],[-0.15252,51.50391],[-0.15194,51.50519],[-0.15212,51.50654],[-0.1567,51.51037],[-0.15848,51.51341],[-0.16002,51.51323],[-0.16164,51.51422],[-0.14296,51.51737],[-0.14333,51.51786],[-0.14417,51.51795],[-0.14633,51.52285],[-0.14732,51.52298],[-0.14796,51.52348],[-0.14517,51.524],[-0.14413,51.524],[-0.14396,51.52469],[-0.14339,51.52454],[-0.14349,51.52396]]]},"properties":{"WD22NM":"West End","LAD22NM":"Westminster"}},{"type":"Feature","geometry":{"type":"Polygon","coordinates":[[[-0.17991,51.5201],[-0.18494,51.51953],[-0.19117,51.51971],[-0.19514,51.52055],[-0.1951,51.51927],[-0.19787,51.51874],[-0.197,51.51726],[-0.19992,51.51685],[-0.20072,51.51798],[-0.20146,51.5178],[-0.20374,51.52062],[-0.20264,51.5209],[-0.20062,51.52071],[-0.20161,51.52274],[-0.20163,51.52426],[-0.19461,51.52295],[-0.1898,51.5247],[-0.18689,51.52329],[-0.1878,51.5225],[-0.18355,51.52115],[-0.18147,51.52109],[-0.17991,51.5201]]]},"properties":{"WD22NM":"Westbourne","LAD22NM":"Westminster"}},{"type":"Feature","geometry":{"type":"Polygon","coordinates":[[[-0.18233,51.41623],[-0.18361,51.41467],[-0.18406,51.41212],[-0.18424,51.40848],[-0.18568,51.40708],[-0.1869,51.40594],[-0.19893,51.41184],[-0.2021,51.41445],[-0.19977,51.41514],[-0.20191,51.41953],[-0.1995,51.41915],[-0.195,51.41947],[-0.19495,51.42035],[-0.18804,51.42134],[-0.18747,51.41994],[-0.18698,51.42001],[-0.18732,51.41923],[-0.18715,51.41593],[-0.18233,51.41623]]]},"properties":{"WD22NM":"Abbey","LAD22NM":"Merton"}},{"type":"Feature","geometry":{"type":"Polygon","coordinates":[[[-0.20014,51.39727],[-0.20065,51.39574],[-0.20328,51.39445],[-0.20734,51.39434],[-0.2108,51.39369],[-0.21212,51.39378],[-0.21416,51.39445],[-0.21632,51.3925],[-0.21746,51.39212],[-0.21827,51.39291],[-0.21761,51.3932],[-0.2205,51.39604],[-0.22134,51.39587],[-0.22112,51.39652],[-0.22092,51.39672],[-0.22477,51.39873],[-0.22443,51.39894],[-0.22613,51.40011],[-0.22492,51.40054],[-0.22529,51.40089],[-0.22467,51.40114],[-0.2249,51.40189],[-0.22532,51.40176],[-0.22637,51.40274],[-0.22851,51.40295],[-0.22877,51.40708],[-0.22025,51.4075],[-0.21408,51.4092],[-0.20334,51.40178],[-0.20196,51.40032],[-0.20014,51.39727]]]},"properties":{"WD22NM":"Cannon Hill","LAD22NM":"Merton"}},{"type":"Feature","geometry":{"type":"Polygon","coordinates":[[[-0.16157,51.41986],[-0.16197,51.41809],[-0.1618,51.41611],[-0.16502,51.41613],[-0.17065,51.41496],[-0.17108,51.41651],[-0.17395,51.41549],[-0.17335,51.41399],[-0.17857,51.41296],[-0.17904,51.41405],[-0.18325,51.4122],[-0.18406,51.41212],[-0.18361,51.41467],[-0.18233,51.41623],[-0.18082,51.41654],[-0.18132,51.41938],[-0.1805,51.41945],[-0.18061,51.42003],[-0.18127,51.42009],[-0.18239,51.42181],[-0.18085,51.42237],[-0.18062,51.42181],[-0.17776,51.42255],[-0.17867,51.42431],[-0.17357,51.42318],[-0.1684,51.42091],[-0.16481,51.42034],[-0.16507,51.42009],[-0.16157,51.41986]]]},"properties":{"WD22NM":"Colliers Wood","LAD22NM":"Merton"}},{"type":"Feature","geometry":{"type":"Polygon","coordinates":[[[-0.16789,51.40686],[-0.16408,51.40546],[-0.16525,51.40394],[-0.16468,51.40375],[-0.16507,51.40349],[-0.16459,51.40206],[-0.16169,51.40233],[-0.16202,51.40354],[-0.16296,51.40443],[-0.16204,51.40493],[-0.16115,51.40446],[-0.16048,51.4048],[-0.16038,51.40427],[-0.15857,51.40387],[-0.15715,51.4047],[-0.15671,51.40459],[-0.1575,51.40305],[-0.15936,51.39916],[-0.15878,51.39831],[-0.14448,51.39366],[-0.13431,51.39092],[-0.13435,51.39089],[-0.14188,51.38935],[-0.14316,51.3904],[-0.14435,51.39068],[-0.15264,51.38977],[-0.15803,51.38926],[-0.15826,51.38884],[-0.15968,51.38859],[-0.16096,51.38782],[-0.16174,51.38813],[-0.16527,51.38798],[-0.16644,51.38969],[-0.16758,51.39006],[-0.16993,51.39166],[-0.16821,51.39262],[-0.16851,51.39362],[-0.16929,51.39404],[-0.16966,51.39482],[-0.16739,51.39682],[-0.17237,51.39773],[-0.17429,51.39841],[-0.1831,51.40394],[-0.1869,51.40594],[-0.18568,51.40708],[-0.18406,51.40674],[-0.1829,51.40689],[-0.18276,51.40662],[-0.18133,51.40692],[-0.18124,51.40673],[-0.17944,51.40685],[-0.1796,51.40736],[-0.17347,51.40745],[-0.17184,51.40496],[-0.16789,51.40686]]]},"properties":{"WD22NM":"Cricket Green","LAD22NM":"Merton"}},{"type":"Feature","geometry":{"type":"Polygon","coordinates":[[[-0.15314,51.40942],[-0.15385,51.40862],[-0.15162,51.40966],[-0.15025,51.40844],[-0.1503,51.40767],[-0.14815,51.40845],[-0.14683,51.40725],[-0.14749,51.40672],[-0.15076,51.40564],[-0.15102,51.4053],[-0.15054,51.40484],[-0.15085,51.40471],[-0.15021,51.40415],[-0.15065,51.40393],[-0.15084,51.4041],[-0.15205,51.4036],[-0.1543,51.40212],[-0.1575,51.40305],[-0.15671,51.40459],[-0.15715,51.4047],[-0.15857,51.40387],[-0.16038,51.40427],[-0.16048,51.4048],[-0.16115,51.40446],[-0.16204,51.40493],[-0.16296,51.40443],[-0.16202,51.40354],[-0.16169,51.40233],[-0.16459,51.40206],[-0.16507,51.40349],[-0.16468,51.40375],[-0.16525,51.40394],[-0.16408,51.40546],[-0.16789,51.40686],[-0.16815,51.407],[-0.16633,51.40796],[-0.16544,51.40745],[-0.16482,51.4077],[-0.1647,51.40815],[-0.16572,51.40843],[-0.16729,51.41098],[-0.1615,51.41128],[-0.1618,51.41611],[-0.16197,51.41809],[-0.16071,51.41753],[-0.15999,51.4151],[-0.15789,51.41364],[-0.15781,51.413],[-0.15573,51.41111],[-0.15314,51.40942]]]},"properties":{"WD22NM":"Figge's Marsh","LAD22NM":"Merton"}},{"type":"Feature","geometry":{"type":"Polygon","coordinates":[[[-0.14038,51.41925],[-0.14323,51.41726],[-0.14941,51.41286],[-0.15314,51.40942],[-0.15573,51.41111],[-0.15781,51.413],[-0.15789,51.41364],[-0.15999,51.4151],[-0.16071,51.41753],[-0.16197,51.41809],[-0.16157,51.41986],[-0.16034,51.42192],[-0.15995,51.42193],[-0.15986,51.42263],[-0.1513,51.41985],[-0.15026,51.42008],[-0.14932,51.41986],[-0.14445,51.41775],[-0.14038,51.41925]]]},"properties":{"WD22NM":"Graveney","LAD22NM":"Merton"}},{"type":"Feature","geometry":{"type":"Polygon","coordinates":[[[-0.20404,51.42265],[-0.21904,51.41294],[-0.22202,51.41148],[-0.22339,51.41274],[-0.22308,51.41319],[-0.22347,51.4134],[-0.22098,51.41485],[-0.22213,51.41565],[-0.22115,51.41619],[-0.22077,51.41597],[-0.21934,51.41685],[-0.22218,51.41823],[-0.2237,51.41971],[-0.21732,51.42262],[-0.21422,51.42122],[-0.21376,51.4216],[-0.21481,51.42215],[-0.21297,51.42416],[-0.21356,51.42424],[-0.21339,51.42452],[-0.21198,51.42498],[-0.20974,51.42651],[-0.20885,51.42619],[-0.20741,51.42616],[-0.20398,51.42861],[-0.20305,51.42734],[-0.19909,51.42733],[-0.20155,51.42447],[-0.20404,51.42265]]]},"properties":{"WD22NM":"Hillside","LAD22NM":"Merton"}},{"type":"Feature","geometry":{"type":"Polygon","coordinates":[[[-0.1618,51.41611],[-0.1615,51.41128],[-0.16729,51.41098],[-0.16572,51.40843],[-0.1647,51.40815],[-0.16482,51.4077],[-0.16544,51.40745],[-0.16633,51.40796],[-0.16815,51.407],[-0.16789,51.40686],[-0.17184,51.40496],[-0.17347,51.40745],[-0.1796,51.40736],[-0.17944,51.40685],[-0.18124,51.40673],[-0.18133,51.40692],[-0.18276,51.40662],[-0.1829,51.40689],[-0.18406,51.40674],[-0.18568,51.40708],[-0.18424,51.40848],[-0.18406,51.41212],[-0.18325,51.4122],[-0.17904,51.41405],[-0.17857,51.41296],[-0.17335,51.41399],[-0.17395,51.41549],[-0.17108,51.41651],[-0.17065,51.41496],[-0.16502,51.41613],[-0.1618,51.41611]]]},"properties":{"WD22NM":"Lavender Fields","LAD22NM":"Merton"}},{"type":"Feature","geometry":{"type":"Polygon","coordinates":[[[-0.12772,51.41232],[-0.12817,51.41094],[-0.12845,51.41101],[-0.12945,51.40957],[-0.13126,51.4095],[-0.13129,51.40922],[-0.13206,51.40917],[-0.13193,51.40846],[-0.13245,51.40841],[-0.13151,51.40493],[-0.13584,51.40372],[-0.1371,51.40379],[-0.14452,51.40015],[-0.14499,51.40043],[-0.14575,51.39975],[-0.14718,51.40012],[-0.1473,51.39994],[-0.14899,51.4006],[-0.14768,51.4019],[-0.15065,51.40393],[-0.15021,51.40415],[-0.15085,51.40471],[-0.15054,51.40484],[-0.15102,51.4053],[-0.15076,51.40564],[-0.14749,51.40672],[-0.14683,51.40725],[-0.14815,51.40845],[-0.1503,51.40767],[-0.15025,51.40844],[-0.15162,51.40966],[-0.15385,51.40862],[-0.15314,51.40942],[-0.14941,51.41286],[-0.14323,51.41726],[-0.14302,51.41712],[-0.14498,51.4158],[-0.14432,51.41535],[-0.14706,51.4138],[-0.14806,51.41287],[-0.14484,51.41239],[-0.14256,51.41334],[-0.13808,51.4118],[-0.13408,51.41099],[-0.13355,51.41293],[-0.13354,51.41258],[-0.13269,51.41235],[-0.12787,51.41201],[-0.12772,51.41232]]]},"properties":{"WD22NM":"Longthornton","LAD22NM":"Merton"}},{"type":"Feature","geometry":{"type":"Polygon","coordinates":[[[-0.20328,51.39445],[-0.20331,51.39206],[-0.20187,51.39216],[-0.19833,51.39037],[-0.20033,51.38667],[-0.20028,51.38497],[-0.20349,51.38722],[-0.205,51.38609],[-0.20977,51.38825],[-0.21335,51.38501],[-0.21296,51.38481],[-0.21808,51.38018],[-0.2232,51.38205],[-0.22772,51.38395],[-0.2339,51.38771],[-0.23463,51.39054],[-0.23497,51.39161],[-0.23213,51.39246],[-0.23265,51.39313],[-0.22681,51.39278],[-0.22634,51.39328],[-0.22749,51.39441],[-0.22594,51.39507],[-0.22628,51.39539],[-0.22112,51.39652],[-0.22134,51.39587],[-0.2205,51.39604],[-0.21761,51.3932],[-0.21827,51.39291],[-0.21746,51.39212],[-0.21632,51.3925],[-0.21416,51.39445],[-0.21212,51.39378],[-0.2108,51.39369],[-0.20734,51.39434],[-0.20328,51.39445]]]},"properties":{"WD22NM":"Lower Morden","LAD22NM":"Merton"}},{"type":"Feature","geometry":{"type":"Polygon","coordinates":[[[-0.1869,51.40594],[-0.18889,51.40409],[-0.18958,51.40379],[-0.19157,51.40374],[-0.19455,51.40198],[-0.19582,51.39782],[-0.19559,51.39755],[-0.19819,51.39498],[-0.19892,51.39497],[-0.20014,51.39727],[-0.20196,51.40032],[-0.20334,51.40178],[-0.21408,51.4092],[-0.20916,51.41093],[-0.20753,51.41215],[-0.20434,51.41378],[-0.2021,51.41445],[-0.19893,51.41184],[-0.1869,51.40594]]]},"properties":{"WD22NM":"Merton Park","LAD22NM":"Merton"}},{"type":"Feature","geometry":{"type":"Polygon","coordinates":[[[-0.12539,51.39882],[-0.1257,51.39831],[-0.12461,51.3981],[-0.12413,51.39761],[-0.12966,51.39365],[-0.12873,51.39348],[-0.13431,51.39092],[-0.14448,51.39366],[-0.15878,51.39831],[-0.15936,51.39916],[-0.1575,51.40305],[-0.1543,51.40212],[-0.15205,51.4036],[-0.15084,51.4041],[-0.15065,51.40393],[-0.14768,51.4019],[-0.14899,51.4006],[-0.1473,51.39994],[-0.14718,51.40012],[-0.14575,51.39975],[-0.14499,51.40043],[-0.14452,51.40015],[-0.1371,51.40379],[-0.13584,51.40372],[-0.13151,51.40493],[-0.13048,51.40328],[-0.12796,51.4017],[-0.12539,51.39882]]]},"properties":{"WD22NM":"Pollards Hill","LAD22NM":"Merton"}},{"type":"Feature","geometry":{"type":"Polygon","coordinates":[[[-0.16993,51.39166],[-0.17129,51.39251],[-0.17285,51.39265],[-0.17484,51.39342],[-0.17924,51.38983],[-0.18265,51.38805],[-0.18451,51.38751],[-0.18839,51.38543],[-0.18963,51.38606],[-0.18668,51.39717],[-0.18738,51.39896],[-0.18621,51.39964],[-0.18644,51.40025],[-0.18574,51.40065],[-0.18745,51.40199],[-0.1865,51.40232],[-0.1862,51.40295],[-0.1865,51.40352],[-0.18821,51.40332],[-0.18889,51.40409],[-0.1869,51.40594],[-0.1831,51.40394],[-0.17429,51.39841],[-0.17237,51.39773],[-0.16739,51.39682],[-0.16966,51.39482],[-0.16929,51.39404],[-0.16851,51.39362],[-0.16821,51.39262],[-0.16993,51.39166]]]},"properties":{"WD22NM":"Ravensbury","LAD22NM":"Merton"}},{"type":"Feature","geometry":{"type":"Polygon","coordinates":[[[-0.22213,51.41565],[-0.22098,51.41485],[-0.22347,51.4134],[-0.22308,51.41319],[-0.22339,51.41274],[-0.22202,51.41148],[-0.21904,51.41294],[-0.21796,51.41216],[-0.21789,51.41076],[-0.21495,51.41131],[-0.21408,51.4092],[-0.22025,51.4075],[-0.22877,51.40708],[-0.23159,51.40691],[-0.2352,51.40541],[-0.23661,51.40217],[-0.2393,51.40271],[-0.24225,51.40387],[-0.24467,51.40385],[-0.24533,51.40707],[-0.24579,51.40756],[-0.24708,51.40789],[-0.24748,51.4085],[-0.24713,51.40952],[-0.24958,51.4149],[-0.24673,51.41363],[-0.24238,51.41228],[-0.23963,51.41292],[-0.23546,51.41292],[-0.23339,51.41321],[-0.23201,51.41376],[-0.23035,51.41514],[-0.23001,51.41484],[-0.2294,51.41503],[-0.22912,51.41468],[-0.22795,51.41497],[-0.22786,51.41568],[-0.22723,51.41572],[-0.22688,51.41511],[-0.2247,51.41537],[-0.2252,51.41589],[-0.22385,51.41617],[-0.22362,51.41589],[-0.22257,51.41599],[-0.22213,51.41565]]]},"properties":{"WD22NM":"Raynes Park","LAD22NM":"Merton"}},{"type":"Feature","geometry":{"type":"Polygon","coordinates":[[[-0.18963,51.38606],[-0.19044,51.3862],[-0.19318,51.38787],[-0.19358,51.38767],[-0.19393,51.38787],[-0.20028,51.38497],[-0.20033,51.38667],[-0.19833,51.39037],[-0.20187,51.39216],[-0.20331,51.39206],[-0.20328,51.39445],[-0.20065,51.39574],[-0.20014,51.39727],[-0.19892,51.39497],[-0.19819,51.39498],[-0.19559,51.39755],[-0.19582,51.39782],[-0.19455,51.40198],[-0.19157,51.40374],[-0.18958,51.40379],[-0.18889,51.40409],[-0.18821,51.40332],[-0.1865,51.40352],[-0.1862,51.40295],[-0.1865,51.40232],[-0.18745,51.40199],[-0.18574,51.40065],[-0.18644,51.40025],[-0.18621,51.39964],[-0.18738,51.39896],[-0.18668,51.39717],[-0.18963,51.38606]]]},"properties":{"WD22NM":"St Helier","LAD22NM":"Merton"}},{"type":"Feature","geometry":{"type":"Polygon","coordinates":[[[-0.20913,51.4383],[-0.20774,51.43732],[-0.20979,51.43753],[-0.21049,51.43707],[-0.20865,51.43595],[-0.20838,51.43511],[-0.20896,51.43422],[-0.21233,51.43348],[-0.21225,51.43012],[-0.21073,51.42977],[-0.20999,51.43124],[-0.2087,51.43106],[-0.20901,51.43038],[-0.20877,51.42927],[-0.20777,51.42996],[-0.2054,51.43067],[-0.20398,51.42861],[-0.20741,51.42616],[-0.20885,51.42619],[-0.20974,51.42651],[-0.21198,51.42498],[-0.21339,51.42452],[-0.21356,51.42424],[-0.21297,51.42416],[-0.21481,51.42215],[-0.21376,51.4216],[-0.21422,51.42122],[-0.21732,51.42262],[-0.2237,51.41971],[-0.22218,51.41823],[-0.21934,51.41685],[-0.22077,51.41597],[-0.22115,51.41619],[-0.22213,51.41565],[-0.22257,51.41599],[-0.22362,51.41589],[-0.22385,51.41617],[-0.2252,51.41589],[-0.2247,51.41537],[-0.22688,51.41511],[-0.22723,51.41572],[-0.22786,51.41568],[-0.22795,51.41497],[-0.22912,51.41468],[-0.2294,51.41503],[-0.23001,51.41484],[-0.23035,51.41514],[-0.23201,51.41376],[-0.23339,51.41321],[-0.23546,51.41292],[-0.23963,51.41292],[-0.24238,51.41228],[-0.24673,51.41363],[-0.24958,51.4149],[-0.24962,51.41853],[-0.2511,51.42232],[-0.25293,51.42321],[-0.25224,51.42574],[-0.25422,51.42932],[-0.2533,51.43084],[-0.25237,51.43125],[-0.25106,51.43257],[-0.24069,51.43522],[-0.2313,51.43814],[-0.22548,51.43874],[-0.22451,51.43859],[-0.22425,51.43886],[-0.22041,51.43845],[-0.21782,51.43868],[-0.21651,51.43835],[-0.21571,51.43775],[-0.21252,51.43783],[-0.20913,51.4383]]]},"properties":{"WD22NM":"Village","LAD22NM":"Merton"}},{"type":"Feature","geometry":{"type":"Polygon","coordinates":[[[-0.18423,51.43128],[-0.18453,51.42762],[-0.18407,51.42638],[-0.18191,51.42474],[-0.17867,51.42431],[-0.17776,51.42255],[-0.18062,51.42181],[-0.18085,51.42237],[-0.18239,51.42181],[-0.18127,51.42009],[-0.18061,51.42003],[-0.1805,51.41945],[-0.18132,51.41938],[-0.18082,51.41654],[-0.18233,51.41623],[-0.18715,51.41593],[-0.18732,51.41923],[-0.18698,51.42001],[-0.18747,51.41994],[-0.18804,51.42134],[-0.18859,51.42367],[-0.18946,51.4237],[-0.18972,51.42453],[-0.18901,51.42449],[-0.1888,51.42492],[-0.18944,51.42548],[-0.1907,51.42688],[-0.19081,51.42761],[-0.18774,51.42857],[-0.18895,51.42961],[-0.18977,51.43135],[-0.18906,51.43161],[-0.18923,51.43183],[-0.18739,51.4321],[-0.18726,51.43299],[-0.18574,51.43316],[-0.18423,51.43128]]]},"properties":{"WD22NM":"Wandle","LAD22NM":"Merton"}},{"type":"Feature","geometry":{"type":"Polygon","coordinates":[[[-0.22112,51.39652],[-0.22628,51.39539],[-0.22594,51.39507],[-0.22749,51.39441],[-0.22634,51.39328],[-0.22681,51.39278],[-0.23265,51.39313],[-0.23213,51.39246],[-0.23497,51.39161],[-0.23463,51.39054],[-0.23968,51.38929],[-0.24008,51.39119],[-0.24167,51.39387],[-0.24457,51.39466],[-0.24689,51.39711],[-0.2474,51.39758],[-0.2466,51.39922],[-0.24682,51.40048],[-0.24521,51.4017],[-0.24467,51.40385],[-0.24225,51.40387],[-0.2393,51.40271],[-0.23661,51.40217],[-0.2352,51.40541],[-0.23159,51.40691],[-0.22877,51.40708],[-0.22851,51.40295],[-0.22637,51.40274],[-0.22532,51.40176],[-0.2249,51.40189],[-0.22467,51.40114],[-0.22529,51.40089],[-0.22492,51.40054],[-0.22613,51.40011],[-0.22443,51.39894],[-0.22477,51.39873],[-0.22092,51.39672],[-0.22112,51.39652]]]},"properties":{"WD22NM":"West Barnes","LAD22NM":"Merton"}},{"type":"Feature","geometry":{"type":"Polygon","coordinates":[[[-0.18985,51.44028],[-0.19064,51.43892],[-0.18919,51.43855],[-0.18933,51.43763],[-0.19024,51.4348],[-0.19116,51.43346],[-0.18977,51.43135],[-0.18895,51.42961],[-0.18774,51.42857],[-0.19081,51.42761],[-0.1907,51.42688],[-0.18944,51.42548],[-0.19311,51.42559],[-0.19728,51.42506],[-0.20038,51.42422],[-0.20376,51.42249],[-0.20404,51.42265],[-0.20155,51.42447],[-0.19909,51.42733],[-0.20305,51.42734],[-0.20398,51.42861],[-0.2054,51.43067],[-0.20777,51.42996],[-0.20877,51.42927],[-0.20901,51.43038],[-0.2087,51.43106],[-0.20999,51.43124],[-0.21073,51.42977],[-0.21225,51.43012],[-0.21233,51.43348],[-0.20896,51.43422],[-0.20838,51.43511],[-0.20865,51.43595],[-0.21049,51.43707],[-0.20979,51.43753],[-0.20774,51.43732],[-0.20913,51.4383],[-0.2045,51.43897],[-0.19002,51.44147],[-0.18985,51.44028]]]},"properties":{"WD22NM":"Wimbledon Park","LAD22NM":"Merton"}},{"type":"Feature","geometry":{"type":"Polygon","coordinates":[[[-0.18944,51.42548],[-0.1888,51.42492],[-0.18901,51.42449],[-0.18972,51.42453],[-0.18946,51.4237],[-0.18859,51.42367],[-0.18804,51.42134],[-0.19495,51.42035],[-0.195,51.41947],[-0.1995,51.41915],[-0.20191,51.41953],[-0.19977,51.41514],[-0.2021,51.41445],[-0.20434,51.41378],[-0.20753,51.41215],[-0.20916,51.41093],[-0.21408,51.4092],[-0.21495,51.41131],[-0.21789,51.41076],[-0.21796,51.41216],[-0.21904,51.41294],[-0.20404,51.42265],[-0.20376,51.42249],[-0.20038,51.42422],[-0.19728,51.42506],[-0.19311,51.42559],[-0.18944,51.42548]]]},"properties":{"WD22NM":"Wimbledon Town & Dundonald","LAD22NM":"Merton"}},{"type":"Feature","geometry":{"type":"Polygon","coordinates":[[[0.01427,51.56351],[0.01422,51.56133],[0.01478,51.55944],[0.0161,51.55929],[0.01716,51.5588],[0.02037,51.55627],[0.02156,51.55488],[0.01697,51.55318],[0.01675,51.55339],[0.01627,51.55323],[0.0146,51.55496],[0.01165,51.55392],[0.01114,51.5544],[0.00965,51.55344],[0.01085,51.55226],[0.00954,51.55124],[0.00553,51.55066],[0.00583,51.55167],[0.0052,51.55213],[0.00387,51.55181],[0.00311,51.5521],[-0.00016,51.55174],[-0.00092,51.55402],[-0.00048,51.55406],[-0.0002,51.55476],[0.00086,51.5556],[0.00122,51.55544],[0.00293,51.55639],[0.00355,51.55593],[0.00321,51.55542],[0.0044,51.55536],[0.00445,51.5549],[0.00532,51.55469],[0.0073,51.55935],[0.00953,51.563],[0.00973,51.56344],[0.01039,51.5634],[0.01042,51.56373],[0.01427,51.56351]]]},"properties":{"WD22NM":"Cann Hall","LAD22NM":"Waltham Forest"}},{"type":"Feature","geometry":{"type":"Polygon","coordinates":[[[0.00953,51.563],[0.0073,51.55935],[0.00532,51.55469],[0.00445,51.5549],[0.0044,51.55536],[0.00321,51.55542],[0.00355,51.55593],[0.00293,51.55639],[0.00122,51.55544],[0.00086,51.5556],[-0.0002,51.55476],[-0.00048,51.55406],[-0.00092,51.55402],[-0.00016,51.55174],[-0.00363,51.55092],[-0.00379,51.55115],[-0.00417,51.55104],[-0.00865,51.54993],[-0.00944,51.55222],[-0.01084,51.55263],[-0.00888,51.55376],[-0.00591,51.55671],[0.00141,51.56137],[0.00566,51.56477],[0.00953,51.563]]]},"properties":{"WD22NM":"Cathall","LAD22NM":"Waltham Forest"}},{"type":"Feature","geometry":{"type":"Polygon","coordinates":[[[-0.01709,51.60115],[-0.01438,51.60047],[-0.01073,51.60043],[-0.00326,51.60032],[-0.00326,51.59646],[-0.0012,51.59244],[-0.00871,51.59071],[-0.01287,51.58998],[-0.01539,51.58984],[-0.01736,51.59017],[-0.01814,51.59071],[-0.01865,51.5932],[-0.01995,51.5929],[-0.02035,51.59338],[-0.02218,51.59277],[-0.02348,51.5963],[-0.0271,51.5959],[-0.02601,51.59809],[-0.02676,51.59958],[-0.02276,51.60002],[-0.02308,51.60274],[-0.02036,51.60288],[-0.01709,51.60115]]]},"properties":{"WD22NM":"Chapel End","LAD22NM":"Waltham Forest"}},{"type":"Feature","geometry":{"type":"Polygon","coordinates":[[[0.02516,51.63729],[0.02471,51.63605],[0.02522,51.63525],[0.02574,51.63457],[0.02433,51.63239],[0.02389,51.6308],[0.02181,51.62883],[0.02099,51.62891],[0.02058,51.62734],[0.01994,51.62701],[0.02009,51.62643],[0.0174,51.62753],[0.0123,51.62749],[0.0073,51.62699],[0.0048,51.62784],[0.00354,51.62835],[0.00013,51.62745],[-0.00037,51.62818],[-0.00254,51.62804],[-0.00294,51.62969],[0.00037,51.63095],[-0.00081,51.63157],[-0.00458,51.63201],[-0.00817,51.63305],[-0.01344,51.63331],[-0.01364,51.63258],[-0.01479,51.63289],[-0.01521,51.6335],[-0.01681,51.63353],[-0.01524,51.63551],[-0.01477,51.63674],[-0.01325,51.63985],[-0.01226,51.64623],[-0.00921,51.64653],[-0.00734,51.64616],[-0.00845,51.6445],[-0.00819,51.64361],[-0.00666,51.64333],[-0.00456,51.64354],[-0.00398,51.64272],[-0.00049,51.64371],[0.00107,51.64176],[0.0099,51.64145],[0.01742,51.64026],[0.02008,51.64045],[0.02272,51.64112],[0.02308,51.63772],[0.02516,51.63729]]]},"properties":{"WD22NM":"Chingford Green","LAD22NM":"Waltham Forest"}},{"type":"Feature","geometry":{"type":"Polygon","coordinates":[[[0.0048,51.62784],[0.00373,51.62664],[0.00217,51.62356],[0.00143,51.6208],[-0.00017,51.6206],[-0.00201,51.62093],[-0.00233,51.62051],[-0.00342,51.62059],[-0.00372,51.62071],[-0.00331,51.62133],[-0.00712,51.62169],[-0.00926,51.62298],[-0.01664,51.62285],[-0.0164,51.62488],[-0.01535,51.62546],[-0.0153,51.62585],[-0.01597,51.62626],[-0.0191,51.62693],[-0.01951,51.62568],[-0.02042,51.6257],[-0.02018,51.62507],[-0.02339,51.62528],[-0.01681,51.63353],[-0.01521,51.6335],[-0.01479,51.63289],[-0.01364,51.63258],[-0.01344,51.63331],[-0.00817,51.63305],[-0.00458,51.63201],[-0.00081,51.63157],[0.00037,51.63095],[-0.00294,51.62969],[-0.00254,51.62804],[-0.00037,51.62818],[0.00013,51.62745],[0.00354,51.62835],[0.0048,51.62784]]]},"properties":{"WD22NM":"Endlebury","LAD22NM":"Waltham Forest"}},{"type":"Feature","geometry":{"type":"Polygon","coordinates":[[[0.01493,51.5834],[0.01553,51.58338],[0.01527,51.58251],[0.01569,51.58186],[0.01526,51.58171],[0.01744,51.57746],[0.01741,51.57441],[0.01649,51.57289],[0.01651,51.57244],[0.01558,51.57243],[0.01352,51.57531],[0.0087,51.57367],[0.00761,51.5749],[-0.00168,51.57004],[-0.00532,51.56885],[-0.00824,51.56985],[-0.00975,51.57046],[-0.01237,51.56915],[-0.01274,51.5696],[-0.01372,51.56887],[-0.01392,51.56902],[-0.01515,51.56857],[-0.01542,51.5688],[-0.01581,51.56862],[-0.01713,51.57028],[-0.00987,51.57389],[-0.01284,51.57541],[-0.01116,51.57675],[-0.00753,51.57785],[-0.00595,51.57897],[-0.00038,51.58134],[0.00191,51.582],[0.00586,51.58381],[0.00669,51.58353],[0.01493,51.5834]]]},"properties":{"WD22NM":"Forest","LAD22NM":"Waltham Forest"}},{"type":"Feature","geometry":{"type":"Polygon","coordinates":[[[-0.00532,51.56885],[0.00566,51.56477],[0.00141,51.56137],[-0.00591,51.55671],[-0.00701,51.55856],[-0.00963,51.56036],[-0.01115,51.5645],[-0.01027,51.56646],[-0.00872,51.56782],[-0.00824,51.56985],[-0.00532,51.56885]]]},"properties":{"WD22NM":"Grove Green","LAD22NM":"Waltham Forest"}},{"type":"Feature","geometry":{"type":"Polygon","coordinates":[[[0.01641,51.60394],[0.01293,51.59906],[0.01255,51.59536],[0.00915,51.59617],[0.00137,51.59931],[-0.00326,51.60032],[-0.01073,51.60043],[-0.01115,51.60313],[-0.01264,51.60308],[-0.01059,51.60463],[-0.00904,51.60481],[-0.00915,51.60618],[-0.00873,51.60609],[-0.0083,51.60644],[-0.01042,51.60704],[-0.01045,51.6074],[-0.00802,51.60762],[-0.00762,51.60826],[-0.00498,51.60885],[-0.00534,51.60962],[-0.00231,51.61036],[-0.00071,51.60777],[0.00096,51.60732],[0.00153,51.60766],[0.00162,51.60744],[0.00276,51.60758],[0.00309,51.60683],[0.00607,51.60701],[0.00721,51.60808],[0.00907,51.60893],[0.00989,51.60839],[0.01126,51.60839],[0.01122,51.60672],[0.01386,51.60596],[0.01445,51.60652],[0.01513,51.60634],[0.015,51.60616],[0.01616,51.60576],[0.01542,51.60461],[0.01641,51.60394]]]},"properties":{"WD22NM":"Hale End & Highams Park South","LAD22NM":"Waltham Forest"}},{"type":"Feature","geometry":{"type":"Polygon","coordinates":[[[0.02009,51.62643],[0.01903,51.62429],[0.01861,51.62416],[0.01908,51.62368],[0.01849,51.62354],[0.01886,51.62324],[0.01849,51.6228],[0.01759,51.62231],[0.01705,51.62234],[0.01706,51.62198],[0.01622,51.62178],[0.01584,51.62091],[0.01434,51.6203],[0.01474,51.61975],[0.01453,51.6189],[0.00871,51.61907],[0.01628,51.61685],[0.02126,51.61227],[0.0214,51.61114],[0.01927,51.60824],[0.01958,51.60761],[0.01915,51.60779],[0.01641,51.60394],[0.01542,51.60461],[0.01616,51.60576],[0.015,51.60616],[0.01513,51.60634],[0.01445,51.60652],[0.01386,51.60596],[0.01122,51.60672],[0.01126,51.60839],[0.00989,51.60839],[0.00907,51.60893],[0.00721,51.60808],[0.00607,51.60701],[0.00309,51.60683],[0.00276,51.60758],[0.00162,51.60744],[0.00153,51.60766],[0.00096,51.60732],[-0.00071,51.60777],[-0.00231,51.61036],[-0.00293,51.61204],[-0.00265,51.61261],[0.00055,51.61471],[0.00127,51.61437],[0.00163,51.61658],[0.00143,51.6208],[0.00217,51.62356],[0.00373,51.62664],[0.0048,51.62784],[0.0073,51.62699],[0.0123,51.62749],[0.0174,51.62753],[0.02009,51.62643]]]},"properties":{"WD22NM":"Hatch Lane & Highams Park North","LAD22NM":"Waltham Forest"}},{"type":"Feature","geometry":{"type":"Polygon","coordinates":[[[-0.02054,51.58694],[-0.0198,51.58624],[-0.0188,51.58302],[-0.02817,51.582],[-0.0281,51.58147],[-0.02745,51.58134],[-0.02671,51.57832],[-0.02996,51.5773],[-0.03091,51.58005],[-0.03256,51.57982],[-0.03362,51.58153],[-0.03558,51.58296],[-0.03713,51.5835],[-0.03779,51.58488],[-0.04022,51.58642],[-0.04055,51.58722],[-0.03376,51.58796],[-0.03063,51.58889],[-0.02869,51.58419],[-0.0255,51.58511],[-0.02597,51.58608],[-0.02552,51.5865],[-0.02128,51.58725],[-0.02113,51.58684],[-0.02054,51.58694]]]},"properties":{"WD22NM":"High Street","LAD22NM":"Waltham Forest"}},{"type":"Feature","geometry":{"type":"Polygon","coordinates":[[[-0.02036,51.60288],[-0.02308,51.60274],[-0.02276,51.60002],[-0.02676,51.59958],[-0.02601,51.59809],[-0.0271,51.5959],[-0.02706,51.59537],[-0.02845,51.5951],[-0.02809,51.59438],[-0.02851,51.59371],[-0.03285,51.59187],[-0.03242,51.59146],[-0.03295,51.59119],[-0.03571,51.59053],[-0.03567,51.59025],[-0.03973,51.58997],[-0.04016,51.58954],[-0.04397,51.58952],[-0.0454,51.58669],[-0.05097,51.58616],[-0.05316,51.58692],[-0.05215,51.58775],[-0.05346,51.58991],[-0.05235,51.59355],[-0.05049,51.59665],[-0.04644,51.59979],[-0.04352,51.60281],[-0.04143,51.60563],[-0.03525,51.60823],[-0.034,51.60949],[-0.03322,51.60968],[-0.03288,51.60891],[-0.03402,51.60819],[-0.03064,51.6074],[-0.02959,51.6075],[-0.02815,51.60698],[-0.02036,51.60288]]]},"properties":{"WD22NM":"Higham Hill","LAD22NM":"Waltham Forest"}},{"type":"Feature","geometry":{"type":"Polygon","coordinates":[[[-0.00595,51.57897],[-0.00753,51.57785],[-0.01116,51.57675],[-0.01284,51.57541],[-0.01551,51.57646],[-0.01818,51.57964],[-0.0188,51.58302],[-0.0198,51.58624],[-0.02054,51.58694],[-0.02071,51.58805],[-0.02012,51.58878],[-0.01736,51.59017],[-0.01539,51.58984],[-0.01287,51.58998],[-0.00871,51.59071],[-0.00812,51.58906],[-0.00837,51.58777],[-0.0078,51.585],[-0.0091,51.58439],[-0.0088,51.58363],[-0.01001,51.58336],[-0.01045,51.58285],[-0.00885,51.58039],[-0.00881,51.57919],[-0.00789,51.57891],[-0.00595,51.57897]]]},"properties":{"WD22NM":"Hoe Street","LAD22NM":"Waltham Forest"}},{"type":"Feature","geometry":{"type":"Polygon","coordinates":[[[0.00143,51.6208],[0.00163,51.61658],[0.00127,51.61437],[0.00055,51.61471],[-0.00265,51.61261],[-0.00293,51.61204],[-0.00231,51.61036],[-0.00534,51.60962],[-0.00498,51.60885],[-0.00762,51.60826],[-0.00802,51.60762],[-0.01045,51.6074],[-0.01042,51.60704],[-0.0083,51.60644],[-0.00873,51.60609],[-0.00915,51.60618],[-0.00904,51.60481],[-0.01059,51.60463],[-0.01264,51.60308],[-0.01115,51.60313],[-0.01073,51.60043],[-0.01438,51.60047],[-0.01709,51.60115],[-0.01658,51.60186],[-0.01646,51.60488],[-0.01702,51.60836],[-0.01808,51.61132],[-0.01664,51.62285],[-0.00926,51.62298],[-0.00712,51.62169],[-0.00331,51.62133],[-0.00372,51.62071],[-0.00342,51.62059],[-0.00233,51.62051],[-0.00201,51.62093],[-0.00017,51.6206],[0.00143,51.6208]]]},"properties":{"WD22NM":"Larkswood","LAD22NM":"Waltham Forest"}},{"type":"Feature","geometry":{"type":"Polygon","coordinates":[[[-0.01284,51.57541],[-0.00987,51.57389],[-0.01713,51.57028],[-0.02543,51.56741],[-0.02542,51.56692],[-0.02487,51.56666],[-0.02372,51.56481],[-0.02839,51.56345],[-0.02997,51.56201],[-0.03003,51.56137],[-0.03328,51.56062],[-0.03639,51.56151],[-0.03881,51.56116],[-0.04005,51.56178],[-0.04236,51.56137],[-0.04513,51.56179],[-0.0457,51.56225],[-0.04719,51.56266],[-0.0467,51.56438],[-0.05115,51.56773],[-0.04816,51.57191],[-0.04578,51.57101],[-0.03831,51.57347],[-0.03748,51.57365],[-0.03714,51.5732],[-0.03497,51.57407],[-0.03451,51.57381],[-0.03282,51.57436],[-0.03118,51.57357],[-0.03062,51.57242],[-0.028,51.57303],[-0.02704,51.57196],[-0.01914,51.57453],[-0.01959,51.57502],[-0.01551,51.57646],[-0.01284,51.57541]]]},"properties":{"WD22NM":"Lea Bridge","LAD22NM":"Waltham Forest"}},{"type":"Feature","geometry":{"type":"Polygon","coordinates":[[[-0.00824,51.56985],[-0.00872,51.56782],[-0.01027,51.56646],[-0.01115,51.5645],[-0.00963,51.56036],[-0.00701,51.55856],[-0.00591,51.55671],[-0.00888,51.55376],[-0.01084,51.55263],[-0.01694,51.55141],[-0.01714,51.55158],[-0.01716,51.55168],[-0.01748,51.55339],[-0.01844,51.55518],[-0.02301,51.55727],[-0.02394,51.55737],[-0.02435,51.55866],[-0.02586,51.55992],[-0.02852,51.56107],[-0.03003,51.56137],[-0.02997,51.56201],[-0.02839,51.56345],[-0.02372,51.56481],[-0.02487,51.56666],[-0.02542,51.56692],[-0.02543,51.56741],[-0.01713,51.57028],[-0.01581,51.56862],[-0.01542,51.5688],[-0.01515,51.56857],[-0.01392,51.56902],[-0.01372,51.56887],[-0.01274,51.5696],[-0.01237,51.56915],[-0.00975,51.57046],[-0.00824,51.56985]]]},"properties":{"WD22NM":"Leyton","LAD22NM":"Waltham Forest"}},{"type":"Feature","geometry":{"type":"Polygon","coordinates":[[[0.01649,51.57289],[0.0175,51.57259],[0.01804,51.57202],[0.01891,51.57235],[0.01916,51.56985],[0.01827,51.57013],[0.01769,51.57],[0.01902,51.56702],[0.01885,51.56631],[0.01754,51.56564],[0.01446,51.5656],[0.01427,51.56351],[0.01042,51.56373],[0.01039,51.5634],[0.00973,51.56344],[0.00953,51.563],[0.00566,51.56477],[-0.00532,51.56885],[-0.00168,51.57004],[0.00761,51.5749],[0.0087,51.57367],[0.01352,51.57531],[0.01558,51.57243],[0.01651,51.57244],[0.01649,51.57289]]]},"properties":{"WD22NM":"Leytonstone","LAD22NM":"Waltham Forest"}},{"type":"Feature","geometry":{"type":"Polygon","coordinates":[[[-0.01551,51.57646],[-0.01959,51.57502],[-0.01914,51.57453],[-0.02704,51.57196],[-0.028,51.57303],[-0.02975,51.57543],[-0.02996,51.5773],[-0.02671,51.57832],[-0.02745,51.58134],[-0.0281,51.58147],[-0.02817,51.582],[-0.0188,51.58302],[-0.01818,51.57964],[-0.01551,51.57646]]]},"properties":{"WD22NM":"Markhouse","LAD22NM":"Waltham Forest"}},{"type":"Feature","geometry":{"type":"Polygon","coordinates":[[[-0.04055,51.58722],[-0.04022,51.58642],[-0.03779,51.58488],[-0.03713,51.5835],[-0.03558,51.58296],[-0.03362,51.58153],[-0.03256,51.57982],[-0.03091,51.58005],[-0.02996,51.5773],[-0.02975,51.57543],[-0.028,51.57303],[-0.03062,51.57242],[-0.03118,51.57357],[-0.03282,51.57436],[-0.03451,51.57381],[-0.03497,51.57407],[-0.03714,51.5732],[-0.03748,51.57365],[-0.03831,51.57347],[-0.04578,51.57101],[-0.04816,51.57191],[-0.05115,51.56773],[-0.05313,51.56857],[-0.05427,51.5702],[-0.05637,51.5708],[-0.05841,51.57253],[-0.06116,51.57779],[-0.06222,51.57917],[-0.0618,51.58015],[-0.05792,51.58244],[-0.0557,51.58428],[-0.05463,51.58599],[-0.05316,51.58692],[-0.05097,51.58616],[-0.0454,51.58669],[-0.04397,51.58952],[-0.04016,51.58954],[-0.04013,51.58881],[-0.03965,51.58884],[-0.04055,51.58722]]]},"properties":{"WD22NM":"St James","LAD22NM":"Waltham Forest"}},{"type":"Feature","geometry":{"type":"Polygon","coordinates":[[[0.01255,51.59536],[0.01212,51.59215],[0.01295,51.58696],[0.0134,51.58379],[0.01493,51.5834],[0.00669,51.58353],[0.00586,51.58381],[0.00191,51.582],[-0.00038,51.58134],[-0.00097,51.58261],[-0.00061,51.58374],[-0.00115,51.58398],[-0.00255,51.58376],[-0.00304,51.58399],[-0.00277,51.58441],[-0.00129,51.58474],[-0.00265,51.58644],[-0.00111,51.58755],[-0.00047,51.58873],[-0.0012,51.59244],[-0.00326,51.59646],[-0.00326,51.60032],[0.00137,51.59931],[0.00915,51.59617],[0.01255,51.59536]]]},"properties":{"WD22NM":"Upper Walthamstow","LAD22NM":"Waltham Forest"}},{"type":"Feature","geometry":{"type":"Polygon","coordinates":[[[-0.01664,51.62285],[-0.01808,51.61132],[-0.01702,51.60836],[-0.01646,51.60488],[-0.01658,51.60186],[-0.01709,51.60115],[-0.02036,51.60288],[-0.02815,51.60698],[-0.02959,51.6075],[-0.03064,51.6074],[-0.03402,51.60819],[-0.03288,51.60891],[-0.03322,51.60968],[-0.034,51.60949],[-0.03416,51.6103],[-0.03555,51.61201],[-0.03536,51.61298],[-0.03239,51.61662],[-0.02597,51.62176],[-0.02402,51.62464],[-0.02339,51.62528],[-0.02018,51.62507],[-0.02042,51.6257],[-0.01951,51.62568],[-0.0191,51.62693],[-0.01597,51.62626],[-0.0153,51.62585],[-0.01535,51.62546],[-0.0164,51.62488],[-0.01664,51.62285]]]},"properties":{"WD22NM":"Valley","LAD22NM":"Waltham Forest"}},{"type":"Feature","geometry":{"type":"Polygon","coordinates":[[[-0.01736,51.59017],[-0.02012,51.58878],[-0.02071,51.58805],[-0.02054,51.58694],[-0.02113,51.58684],[-0.02128,51.58725],[-0.02552,51.5865],[-0.02597,51.58608],[-0.0255,51.58511],[-0.02869,51.58419],[-0.03063,51.58889],[-0.03376,51.58796],[-0.04055,51.58722],[-0.03965,51.58884],[-0.04013,51.58881],[-0.04016,51.58954],[-0.03973,51.58997],[-0.03567,51.59025],[-0.03571,51.59053],[-0.03295,51.59119],[-0.03242,51.59146],[-0.03285,51.59187],[-0.02851,51.59371],[-0.02809,51.59438],[-0.02845,51.5951],[-0.02706,51.59537],[-0.0271,51.5959],[-0.02348,51.5963],[-0.02218,51.59277],[-0.02035,51.59338],[-0.01995,51.5929],[-0.01865,51.5932],[-0.01814,51.59071],[-0.01736,51.59017]]]},"properties":{"WD22NM":"William Morris","LAD22NM":"Waltham Forest"}},{"type":"Feature","geometry":{"type":"Polygon","coordinates":[[[-0.00038,51.58134],[-0.00595,51.57897],[-0.00789,51.57891],[-0.00881,51.57919],[-0.00885,51.58039],[-0.01045,51.58285],[-0.01001,51.58336],[-0.0088,51.58363],[-0.0091,51.58439],[-0.0078,51.585],[-0.00837,51.58777],[-0.00812,51.58906],[-0.00871,51.59071],[-0.0012,51.59244],[-0.00047,51.58873],[-0.00111,51.58755],[-0.00265,51.58644],[-0.00129,51.58474],[-0.00277,51.58441],[-0.00304,51.58399],[-0.00255,51.58376],[-0.00115,51.58398],[-0.00061,51.58374],[-0.00097,51.58261],[-0.00038,51.58134]]]},"properties":{"WD22NM":"Wood Street","LAD22NM":"Waltham Forest"}},{"type":"Feature","geometry":{"type":"Polygon","coordinates":[[[0.07931,51.50706],[0.07915,51.50708],[0.07083,51.50738],[0.07126,51.5083],[0.07041,51.50873],[0.06979,51.50854],[0.06959,51.50808],[0.0657,51.50843],[0.04739,51.50901],[0.04739,51.5105],[0.0468,51.5114],[0.04348,51.51264],[0.04256,51.51351],[0.04186,51.51647],[0.04269,51.51662],[0.0427,51.51723],[0.04197,51.51861],[0.04084,51.51911],[0.04134,51.5197],[0.04601,51.52019],[0.05375,51.51964],[0.05803,51.52015],[0.08012,51.5275],[0.08309,51.52661],[0.0852,51.52558],[0.08649,51.5256],[0.08886,51.52623],[0.08968,51.52558],[0.09131,51.52564],[0.09144,51.52557],[0.09209,51.52562],[0.09225,51.52414],[0.0907,51.52394],[0.09178,51.52356],[0.09182,51.52255],[0.09446,51.5203],[0.09394,51.51897],[0.09477,51.51649],[0.09559,51.51576],[0.0969,51.51531],[0.0966,51.51508],[0.09561,51.51546],[0.094,51.51498],[0.09026,51.5148],[0.09053,51.5143],[0.08807,51.51367],[0.08484,51.51237],[0.08332,51.51152],[0.08368,51.51097],[0.081,51.5086],[0.08025,51.5084],[0.07931,51.50706]]]},"properties":{"WD22NM":"Beckton","LAD22NM":"Newham"}},{"type":"Feature","geometry":{"type":"Polygon","coordinates":[[[0.0487,51.52689],[0.04369,51.52598],[0.04356,51.52626],[0.04309,51.52619],[0.04297,51.52499],[0.03943,51.52545],[0.03761,51.52917],[0.03784,51.53023],[0.03542,51.53538],[0.04417,51.53739],[0.04594,51.53622],[0.04644,51.53502],[0.04426,51.53473],[0.04403,51.53445],[0.04507,51.53358],[0.04421,51.53342],[0.04434,51.53316],[0.04477,51.53324],[0.04533,51.53206],[0.04464,51.53189],[0.04473,51.53157],[0.04482,51.53139],[0.04666,51.53171],[0.04681,51.53143],[0.04638,51.53135],[0.04729,51.52971],[0.04771,51.5298],[0.04788,51.52954],[0.04744,51.52944],[0.0487,51.52689]]]},"properties":{"WD22NM":"Boleyn","LAD22NM":"Newham"}},{"type":"Feature","geometry":{"type":"MultiPolygon","coordinates":[[[[-0.00786,51.52303],[-0.00786,51.52303],[-0.00809,51.52384],[-0.00782,51.52532],[-0.0078,51.52534],[-0.00715,51.5255],[-0.00786,51.52303]]],[[[0.01402,51.52905],[0.01312,51.52777],[0.01152,51.52821],[0.01154,51.52536],[0.01486,51.52552],[0.01496,51.52522],[0.0134,51.52475],[0.01233,51.52368],[0.01233,51.52211],[0.01271,51.52214],[0.0128,51.52151],[0.0128,51.52125],[0.01237,51.52124],[0.0127,51.52097],[0.01243,51.51963],[0.01488,51.51963],[0.01492,51.51987],[0.01637,51.51994],[0.01772,51.5187],[0.01685,51.51793],[0.01736,51.51714],[0.01701,51.5171],[0.00438,51.51471],[0.00315,51.51583],[-0.00254,51.51848],[-0.00248,51.5182],[-0.00404,51.51789],[-0.00512,51.51692],[-0.00656,51.51896],[-0.00855,51.52005],[-0.00866,51.52076],[-0.00722,51.52282],[-0.00652,51.52565],[0.00463,51.5283],[0.01196,51.52999],[0.01402,51.52905]]]]},"properties":{"WD22NM":"Canning Town North","LAD22NM":"Newham"}},{"type":"Feature","geometry":{"type":"Polygon","coordinates":[[[0.01873,51.50957],[0.01544,51.50914],[0.01543,51.50871],[0.01384,51.50858],[0.00888,51.50992],[0.00663,51.51011],[0.00818,51.51254],[0.00812,51.51334],[0.00721,51.51437],[0.00632,51.51461],[0.00514,51.51418],[0.00428,51.51341],[0.00371,51.51104],[0.00257,51.51097],[0.00439,51.5147],[0.00438,51.51471],[0.01701,51.5171],[0.01721,51.51531],[0.02173,51.5137],[0.01995,51.51184],[0.01862,51.51137],[0.01873,51.50957]]]},"properties":{"WD22NM":"Canning Town South","LAD22NM":"Newham"}},{"type":"Feature","geometry":{"type":"Polygon","coordinates":[[[0.04739,51.50901],[0.04064,51.50921],[0.04029,51.5095],[0.03678,51.50933],[0.03326,51.50991],[0.0306,51.50998],[0.01873,51.50957],[0.01862,51.51137],[0.01995,51.51184],[0.02173,51.5137],[0.01721,51.51531],[0.01701,51.5171],[0.01736,51.51714],[0.02337,51.51731],[0.03346,51.51714],[0.04131,51.51969],[0.04134,51.5197],[0.04084,51.51911],[0.04197,51.51861],[0.0427,51.51723],[0.04269,51.51662],[0.04186,51.51647],[0.04256,51.51351],[0.04348,51.51264],[0.0468,51.5114],[0.04739,51.5105],[0.04739,51.50901]]]},"properties":{"WD22NM":"Custom House","LAD22NM":"Newham"}},{"type":"Feature","geometry":{"type":"Polygon","coordinates":[[[0.05939,51.52872],[0.0563,51.52825],[0.05629,51.52716],[0.04905,51.52603],[0.0487,51.52689],[0.04744,51.52944],[0.04788,51.52954],[0.04771,51.5298],[0.04729,51.52971],[0.04638,51.53135],[0.04681,51.53143],[0.04666,51.53171],[0.04482,51.53139],[0.04473,51.53157],[0.04464,51.53189],[0.04533,51.53206],[0.04477,51.53324],[0.04434,51.53316],[0.04421,51.53342],[0.04507,51.53358],[0.04403,51.53445],[0.04426,51.53473],[0.04644,51.53502],[0.04594,51.53622],[0.04417,51.53739],[0.05362,51.53964],[0.05402,51.53749],[0.05537,51.53501],[0.05487,51.53488],[0.05502,51.5346],[0.05555,51.53467],[0.05607,51.53328],[0.05877,51.53361],[0.05923,51.53235],[0.05815,51.53221],[0.05939,51.52872]]]},"properties":{"WD22NM":"East Ham","LAD22NM":"Newham"}},{"type":"Feature","geometry":{"type":"MultiPolygon","coordinates":[[[[0.07565,51.52982],[0.07568,51.5297],[0.07495,51.52973],[0.07468,51.52967],[0.07459,51.52969],[0.07457,51.52969],[0.07541,51.52989],[0.07565,51.52983],[0.07565,51.52982]]],[[[0.0726,51.53075],[0.07274,51.52927],[0.07348,51.52944],[0.07333,51.52941],[0.07328,51.5292],[0.07518,51.52951],[0.07799,51.52912],[0.07851,51.52881],[0.07796,51.52861],[0.07753,51.52885],[0.07761,51.52849],[0.07885,51.52844],[0.08011,51.52751],[0.08012,51.5275],[0.05803,51.52015],[0.05375,51.51964],[0.04601,51.52019],[0.04134,51.5197],[0.04131,51.51969],[0.03989,51.52248],[0.03943,51.52545],[0.04297,51.52499],[0.04309,51.52619],[0.04356,51.52626],[0.04369,51.52598],[0.0487,51.52689],[0.04905,51.52603],[0.05629,51.52716],[0.0563,51.52825],[0.05939,51.52872],[0.06476,51.52926],[0.06501,51.52905],[0.06764,51.52985],[0.0726,51.53075]]]]},"properties":{"WD22NM":"East Ham South","LAD22NM":"Newham"}},{"type":"Feature","geometry":{"type":"Polygon","coordinates":[[[0.03543,51.55525],[0.03601,51.55102],[0.02848,51.55014],[0.01507,51.54777],[0.01492,51.54809],[0.0157,51.54853],[0.01546,51.54892],[0.01508,51.54882],[0.014,51.55065],[0.01349,51.55055],[0.01346,51.55082],[0.01686,51.55223],[0.01627,51.55323],[0.01675,51.55339],[0.01697,51.55318],[0.02156,51.55488],[0.02037,51.55627],[0.0225,51.55617],[0.0226,51.5567],[0.02332,51.55683],[0.02379,51.55553],[0.0253,51.55555],[0.02537,51.55406],[0.0322,51.55458],[0.03543,51.55525]]]},"properties":{"WD22NM":"Forest Gate North","LAD22NM":"Newham"}},{"type":"Feature","geometry":{"type":"Polygon","coordinates":[[[0.03868,51.54807],[0.03117,51.54695],[0.02675,51.54659],[0.02668,51.54335],[0.02354,51.5433],[0.02363,51.54248],[0.0233,51.54246],[0.02339,51.54185],[0.02285,51.54137],[0.02123,51.54138],[0.01999,51.54142],[0.01925,51.54095],[0.01903,51.54118],[0.01943,51.54144],[0.01823,51.54159],[0.01364,51.5412],[0.01346,51.54086],[0.01125,51.53991],[0.01053,51.54095],[0.0084,51.5446],[0.0085,51.54505],[0.01131,51.54606],[0.011,51.54639],[0.01299,51.54678],[0.01272,51.54735],[0.01507,51.54777],[0.02848,51.55014],[0.03601,51.55102],[0.04389,51.54935],[0.03868,51.54807]]]},"properties":{"WD22NM":"Forest Gate South","LAD22NM":"Newham"}},{"type":"Feature","geometry":{"type":"Polygon","coordinates":[[[0.04271,51.54234],[0.04334,51.54133],[0.04286,51.54122],[0.04247,51.54148],[0.03932,51.54071],[0.03952,51.5404],[0.03898,51.54027],[0.04417,51.53739],[0.03542,51.53538],[0.03263,51.53972],[0.03237,51.54365],[0.03117,51.54695],[0.03868,51.54807],[0.03948,51.54616],[0.04057,51.54636],[0.0407,51.54606],[0.04112,51.54613],[0.04166,51.54411],[0.04271,51.54234]]]},"properties":{"WD22NM":"Green Street East","LAD22NM":"Newham"}},{"type":"Feature","geometry":{"type":"Polygon","coordinates":[[[0.03542,51.53538],[0.02698,51.53344],[0.02646,51.53422],[0.02769,51.53442],[0.0271,51.53559],[0.02801,51.53581],[0.02747,51.53672],[0.02605,51.53651],[0.02593,51.53723],[0.02207,51.53685],[0.02259,51.53818],[0.02191,51.53838],[0.02204,51.54035],[0.02115,51.54036],[0.02123,51.54138],[0.02285,51.54137],[0.02339,51.54185],[0.0233,51.54246],[0.02363,51.54248],[0.02354,51.5433],[0.02668,51.54335],[0.02675,51.54659],[0.03117,51.54695],[0.03237,51.54365],[0.03263,51.53972],[0.03542,51.53538]]]},"properties":{"WD22NM":"Green Street West","LAD22NM":"Newham"}},{"type":"Feature","geometry":{"type":"Polygon","coordinates":[[[0.06362,51.55731],[0.06499,51.55641],[0.06661,51.55473],[0.06697,51.55303],[0.06782,51.55306],[0.06874,51.54754],[0.06835,51.54439],[0.06829,51.54424],[0.06532,51.54477],[0.06252,51.54429],[0.06106,51.54366],[0.05905,51.54196],[0.05701,51.54092],[0.05546,51.54086],[0.05471,51.54377],[0.05717,51.5464],[0.0571,51.54841],[0.05548,51.55109],[0.05498,51.55097],[0.05475,51.55228],[0.05449,51.55273],[0.05402,51.5526],[0.05343,51.55383],[0.05306,51.55371],[0.05248,51.55434],[0.04859,51.55555],[0.04437,51.5576],[0.04288,51.55837],[0.04196,51.56145],[0.05035,51.56399],[0.05153,51.5622],[0.05412,51.56086],[0.05449,51.55965],[0.05573,51.55934],[0.05636,51.55858],[0.0569,51.55872],[0.05715,51.55811],[0.0583,51.55785],[0.06008,51.55647],[0.06362,51.55731]]]},"properties":{"WD22NM":"Little Ilford","LAD22NM":"Newham"}},{"type":"Feature","geometry":{"type":"Polygon","coordinates":[[[0.05717,51.5464],[0.04844,51.54835],[0.04987,51.54361],[0.04692,51.54316],[0.04343,51.54213],[0.04322,51.54247],[0.04271,51.54234],[0.04166,51.54411],[0.04112,51.54613],[0.0407,51.54606],[0.04057,51.54636],[0.03948,51.54616],[0.03868,51.54807],[0.04389,51.54935],[0.03601,51.55102],[0.03543,51.55525],[0.04633,51.55481],[0.04437,51.5576],[0.04859,51.55555],[0.05248,51.55434],[0.05306,51.55371],[0.05343,51.55383],[0.05402,51.5526],[0.05449,51.55273],[0.05475,51.55228],[0.05498,51.55097],[0.05548,51.55109],[0.0571,51.54841],[0.05717,51.5464]]]},"properties":{"WD22NM":"Manor Park","LAD22NM":"Newham"}},{"type":"Feature","geometry":{"type":"Polygon","coordinates":[[[0.01627,51.55323],[0.01686,51.55223],[0.01346,51.55082],[0.01349,51.55055],[0.014,51.55065],[0.01508,51.54882],[0.01546,51.54892],[0.0157,51.54853],[0.01492,51.54809],[0.01507,51.54777],[0.01272,51.54735],[0.01299,51.54678],[0.011,51.54639],[0.01131,51.54606],[0.0085,51.54505],[0.0084,51.5446],[0.00705,51.54415],[0.00627,51.54405],[0.00607,51.54438],[0.00563,51.54437],[0.0046,51.54402],[0.004,51.54559],[-0.00032,51.54391],[-0.00056,51.54415],[-3E-05,51.54486],[-0.00125,51.54707],[-0.00323,51.54902],[-0.00236,51.5493],[-0.00417,51.55104],[-0.00379,51.55115],[-0.00363,51.55092],[-0.00016,51.55174],[0.00311,51.5521],[0.00387,51.55181],[0.0052,51.55213],[0.00583,51.55167],[0.00553,51.55066],[0.00954,51.55124],[0.01085,51.55226],[0.00965,51.55344],[0.01114,51.5544],[0.01165,51.55392],[0.0146,51.55496],[0.01627,51.55323]]]},"properties":{"WD22NM":"Maryland","LAD22NM":"Newham"}},{"type":"Feature","geometry":{"type":"Polygon","coordinates":[[[0.03542,51.53538],[0.03784,51.53023],[0.03564,51.52994],[0.02934,51.52594],[0.02555,51.52923],[0.02437,51.52935],[0.0202,51.531],[0.01799,51.53139],[0.01624,51.5321],[0.01778,51.53362],[0.01856,51.53698],[0.02207,51.53685],[0.02593,51.53723],[0.02605,51.53651],[0.02747,51.53672],[0.02801,51.53581],[0.0271,51.53559],[0.02769,51.53442],[0.02646,51.53422],[0.02698,51.53344],[0.03542,51.53538]]]},"properties":{"WD22NM":"Plaistow North","LAD22NM":"Newham"}},{"type":"Feature","geometry":{"type":"Polygon","coordinates":[[[0.03943,51.52545],[0.03989,51.52248],[0.04131,51.51969],[0.03346,51.51714],[0.02337,51.51731],[0.02428,51.52021],[0.02262,51.5224],[0.02419,51.52291],[0.02934,51.52594],[0.03564,51.52994],[0.03784,51.53023],[0.03761,51.52917],[0.03943,51.52545]]]},"properties":{"WD22NM":"Plaistow South","LAD22NM":"Newham"}},{"type":"Feature","geometry":{"type":"Polygon","coordinates":[[[0.02934,51.52594],[0.02419,51.52291],[0.02262,51.5224],[0.02428,51.52021],[0.02337,51.51731],[0.01736,51.51714],[0.01685,51.51793],[0.01772,51.5187],[0.01637,51.51994],[0.01492,51.51987],[0.01488,51.51963],[0.01243,51.51963],[0.0127,51.52097],[0.01237,51.52124],[0.0128,51.52125],[0.0128,51.52151],[0.01271,51.52214],[0.01233,51.52211],[0.01233,51.52368],[0.0134,51.52475],[0.01496,51.52522],[0.01486,51.52552],[0.01154,51.52536],[0.01152,51.52821],[0.01312,51.52777],[0.01402,51.52905],[0.01196,51.52999],[0.01799,51.53139],[0.0202,51.531],[0.02437,51.52935],[0.02555,51.52923],[0.02934,51.52594]]]},"properties":{"WD22NM":"Plaistow West & Canning Town East","LAD22NM":"Newham"}},{"type":"Feature","geometry":{"type":"Polygon","coordinates":[[[0.05717,51.5464],[0.05471,51.54377],[0.05546,51.54086],[0.05701,51.54092],[0.05362,51.53964],[0.04417,51.53739],[0.03898,51.54027],[0.03952,51.5404],[0.03932,51.54071],[0.04247,51.54148],[0.04286,51.54122],[0.04334,51.54133],[0.04271,51.54234],[0.04322,51.54247],[0.04343,51.54213],[0.04692,51.54316],[0.04987,51.54361],[0.04844,51.54835],[0.05717,51.5464]]]},"properties":{"WD22NM":"Plashet","LAD22NM":"Newham"}},{"type":"Feature","geometry":{"type":"Polygon","coordinates":[[[0.04739,51.50901],[0.0657,51.50843],[0.06959,51.50808],[0.06979,51.50854],[0.07041,51.50873],[0.07126,51.5083],[0.07083,51.50738],[0.07915,51.50708],[0.07931,51.50706],[0.07798,51.50515],[0.07689,51.50496],[0.07666,51.50492],[0.0778,51.50458],[0.07823,51.50438],[0.07815,51.50398],[0.07776,51.50454],[0.07684,51.50383],[0.07625,51.50384],[0.07666,51.50346],[0.07526,51.50226],[0.07396,51.50212],[0.07466,51.5016],[0.07385,51.50059],[0.07367,51.50036],[0.06969,51.49919],[0.06883,51.49915],[0.06875,51.49935],[0.06866,51.49907],[0.06012,51.49836],[0.05761,51.49845],[0.04931,51.49956],[0.04347,51.49991],[0.03892,51.49977],[0.03891,51.5003],[0.03838,51.50036],[0.03842,51.50183],[0.03933,51.5018],[0.04029,51.5095],[0.04064,51.50921],[0.04739,51.50901]]]},"properties":{"WD22NM":"Royal Albert","LAD22NM":"Newham"}},{"type":"Feature","geometry":{"type":"Polygon","coordinates":[[[0.04029,51.5095],[0.03933,51.5018],[0.03842,51.50183],[0.03838,51.50036],[0.03891,51.5003],[0.03892,51.49977],[0.03496,51.49964],[0.0268,51.49862],[0.02465,51.49862],[0.02246,51.49912],[0.02236,51.4989],[0.01968,51.49964],[0.01713,51.501],[0.01654,51.50159],[0.0157,51.50244],[0.0155,51.50264],[0.01517,51.50251],[0.01464,51.50298],[0.01486,51.50324],[0.01447,51.50316],[0.01308,51.50445],[0.01334,51.50484],[0.01341,51.50493],[0.01203,51.50528],[0.00969,51.50684],[0.01047,51.50858],[0.00983,51.50917],[0.00657,51.51003],[0.00663,51.51011],[0.00888,51.50992],[0.01384,51.50858],[0.01543,51.50871],[0.01544,51.50914],[0.01873,51.50957],[0.0306,51.50998],[0.03326,51.50991],[0.03678,51.50933],[0.04029,51.5095]]]},"properties":{"WD22NM":"Royal Victoria","LAD22NM":"Newham"}},{"type":"Feature","geometry":{"type":"Polygon","coordinates":[[[0.0084,51.5446],[0.01053,51.54095],[0.00895,51.54059],[0.00476,51.53879],[0.00523,51.53838],[0.00356,51.53809],[0.00375,51.53784],[0.00081,51.53669],[0.0041,51.53165],[0.00463,51.5283],[-0.00652,51.52565],[-0.00651,51.52568],[-0.00209,51.52703],[0.00066,51.52831],[0.00087,51.52927],[0.00182,51.53032],[0.00111,51.53109],[-0.00078,51.52814],[-0.0023,51.52716],[-0.0038,51.52696],[-0.00389,51.52826],[-0.00431,51.52788],[-0.00419,51.52687],[-0.00493,51.52645],[-0.00645,51.52632],[-0.00697,51.52709],[-0.00798,51.52723],[-0.00694,51.52606],[-0.00714,51.52554],[-0.00715,51.5255],[-0.0078,51.52534],[-0.00753,51.52624],[-0.00864,51.52756],[-0.01027,51.52848],[-0.01069,51.52928],[-0.01368,51.52985],[-0.01715,51.53132],[-0.01801,51.53222],[-0.01081,51.53611],[-0.00319,51.54233],[-0.00185,51.54182],[-0.00129,51.54253],[0.00058,51.54303],[-0.00032,51.54391],[0.004,51.54559],[0.0046,51.54402],[0.00563,51.54437],[0.00607,51.54438],[0.00627,51.54405],[0.00705,51.54415],[0.0084,51.5446]]]},"properties":{"WD22NM":"Stratford","LAD22NM":"Newham"}},{"type":"Feature","geometry":{"type":"Polygon","coordinates":[[[-0.00417,51.55104],[-0.00236,51.5493],[-0.00323,51.54902],[-0.00125,51.54707],[-3E-05,51.54486],[-0.00056,51.54415],[-0.00032,51.54391],[0.00058,51.54303],[-0.00129,51.54253],[-0.00185,51.54182],[-0.00319,51.54233],[-0.01081,51.53611],[-0.01801,51.53222],[-0.01807,51.53344],[-0.01895,51.53414],[-0.01966,51.53559],[-0.02095,51.53628],[-0.02127,51.53701],[-0.01944,51.53826],[-0.01889,51.53934],[-0.01786,51.54017],[-0.0177,51.54096],[-0.0166,51.54139],[-0.01609,51.54248],[-0.01655,51.54333],[-0.01743,51.54754],[-0.01891,51.55048],[-0.01897,51.5516],[-0.01714,51.55158],[-0.01694,51.55141],[-0.01084,51.55263],[-0.00944,51.55222],[-0.00865,51.54993],[-0.00417,51.55104]]]},"properties":{"WD22NM":"Stratford Olympic Park","LAD22NM":"Newham"}},{"type":"Feature","geometry":{"type":"Polygon","coordinates":[[[0.06829,51.54424],[0.06688,51.54175],[0.06669,51.54053],[0.06699,51.53961],[0.06891,51.53719],[0.06828,51.53699],[0.06796,51.5362],[0.0692,51.53635],[0.07176,51.53291],[0.0726,51.53075],[0.06764,51.52985],[0.06501,51.52905],[0.06476,51.52926],[0.05939,51.52872],[0.05815,51.53221],[0.05923,51.53235],[0.05877,51.53361],[0.05607,51.53328],[0.05555,51.53467],[0.05502,51.5346],[0.05487,51.53488],[0.05537,51.53501],[0.05402,51.53749],[0.05362,51.53964],[0.05701,51.54092],[0.05905,51.54196],[0.06106,51.54366],[0.06252,51.54429],[0.06532,51.54477],[0.06829,51.54424]]]},"properties":{"WD22NM":"Wall End","LAD22NM":"Newham"}},{"type":"Feature","geometry":{"type":"Polygon","coordinates":[[[0.02123,51.54138],[0.02115,51.54036],[0.02204,51.54035],[0.02191,51.53838],[0.02259,51.53818],[0.02207,51.53685],[0.01856,51.53698],[0.01778,51.53362],[0.01624,51.5321],[0.01799,51.53139],[0.01196,51.52999],[0.00463,51.5283],[0.0041,51.53165],[0.00081,51.53669],[0.00375,51.53784],[0.00356,51.53809],[0.00523,51.53838],[0.00476,51.53879],[0.00895,51.54059],[0.01053,51.54095],[0.01125,51.53991],[0.01346,51.54086],[0.01364,51.5412],[0.01823,51.54159],[0.01943,51.54144],[0.01903,51.54118],[0.01925,51.54095],[0.01999,51.54142],[0.02123,51.54138]]]},"properties":{"WD22NM":"West Ham","LAD22NM":"Newham"}},{"type":"Feature","geometry":{"type":"Polygon","coordinates":[[[-0.26981,51.38846],[-0.27334,51.38632],[-0.28061,51.37906],[-0.28443,51.38213],[-0.29502,51.38513],[-0.29405,51.38578],[-0.29122,51.38653],[-0.29002,51.38598],[-0.28165,51.38937],[-0.28174,51.38964],[-0.28023,51.39054],[-0.27939,51.3928],[-0.27959,51.39419],[-0.27897,51.39518],[-0.27777,51.39606],[-0.27574,51.3967],[-0.27434,51.39437],[-0.27088,51.39113],[-0.26981,51.38846]]]},"properties":{"WD22NM":"Alexandra","LAD22NM":"Kingston upon Thames"}},{"type":"Feature","geometry":{"type":"Polygon","coordinates":[[[-0.27574,51.3967],[-0.27777,51.39606],[-0.27897,51.39518],[-0.27959,51.39419],[-0.27939,51.3928],[-0.28023,51.39054],[-0.28174,51.38964],[-0.28165,51.38937],[-0.29002,51.38598],[-0.29122,51.38653],[-0.29659,51.39545],[-0.29083,51.39701],[-0.27697,51.39979],[-0.27638,51.3991],[-0.27574,51.3967]]]},"properties":{"WD22NM":"Berrylands","LAD22NM":"Kingston upon Thames"}},{"type":"Feature","geometry":{"type":"Polygon","coordinates":[[[-0.29763,51.4219],[-0.29688,51.42167],[-0.29623,51.42074],[-0.29662,51.42066],[-0.29561,51.41888],[-0.29374,51.41935],[-0.293,51.41919],[-0.29673,51.41618],[-0.3034,51.41307],[-0.30848,51.41352],[-0.30829,51.41525],[-0.30601,51.42123],[-0.30687,51.42329],[-0.30838,51.425],[-0.30683,51.42606],[-0.30665,51.42768],[-0.30324,51.42323],[-0.30216,51.42039],[-0.29763,51.4219]]]},"properties":{"WD22NM":"Canbury Gardens","LAD22NM":"Kingston upon Thames"}},{"type":"Feature","geometry":{"type":"Polygon","coordinates":[[[-0.28825,51.36212],[-0.28508,51.36121],[-0.28697,51.35937],[-0.28897,51.35871],[-0.29108,51.35656],[-0.2912,51.3552],[-0.29266,51.35361],[-0.29291,51.35237],[-0.29777,51.34926],[-0.29993,51.34767],[-0.30131,51.34529],[-0.30402,51.34305],[-0.30541,51.33948],[-0.30493,51.33675],[-0.30619,51.33508],[-0.30761,51.33461],[-0.31093,51.33239],[-0.31369,51.33141],[-0.31674,51.32915],[-0.31896,51.32796],[-0.32395,51.32672],[-0.3273,51.32668],[-0.32757,51.32632],[-0.32829,51.32646],[-0.33012,51.32752],[-0.33066,51.32901],[-0.32909,51.33026],[-0.3297,51.33276],[-0.32896,51.34023],[-0.32788,51.34374],[-0.32746,51.34401],[-0.32815,51.34404],[-0.33051,51.34842],[-0.32792,51.35218],[-0.32373,51.35441],[-0.32151,51.35721],[-0.31977,51.35993],[-0.31826,51.3635],[-0.31848,51.36576],[-0.31695,51.36554],[-0.31613,51.36595],[-0.31538,51.36593],[-0.31537,51.36433],[-0.31454,51.36392],[-0.30809,51.36378],[-0.30788,51.36314],[-0.30719,51.36312],[-0.29785,51.36375],[-0.29627,51.36372],[-0.29474,51.36333],[-0.29422,51.36388],[-0.2913,51.36328],[-0.29166,51.36275],[-0.28825,51.36212]]]},"properties":{"WD22NM":"Chessington South & Malden Rushett","LAD22NM":"Kingston upon Thames"}},{"type":"Feature","geometry":{"type":"Polygon","coordinates":[[[-0.25106,51.43257],[-0.25237,51.43125],[-0.2533,51.43084],[-0.25422,51.42932],[-0.25224,51.42574],[-0.25293,51.42321],[-0.2511,51.42232],[-0.24962,51.41853],[-0.24958,51.4149],[-0.24713,51.40952],[-0.24914,51.41075],[-0.25078,51.41228],[-0.25135,51.41129],[-0.25356,51.40991],[-0.25871,51.40955],[-0.26009,51.41422],[-0.26154,51.41682],[-0.26479,51.41627],[-0.26916,51.41424],[-0.27099,51.41375],[-0.2765,51.41306],[-0.28554,51.41272],[-0.28831,51.4131],[-0.28566,51.41513],[-0.27906,51.41905],[-0.2763,51.4227],[-0.27857,51.42335],[-0.27094,51.42954],[-0.26458,51.43292],[-0.25632,51.43635],[-0.25618,51.43665],[-0.25407,51.43729],[-0.25309,51.4353],[-0.25123,51.43417],[-0.25106,51.43257]]]},"properties":{"WD22NM":"Coombe Hill","LAD22NM":"Kingston upon Thames"}},{"type":"Feature","geometry":{"type":"Polygon","coordinates":[[[-0.25871,51.40955],[-0.25684,51.40375],[-0.26531,51.40213],[-0.26532,51.40242],[-0.26911,51.40322],[-0.27181,51.40474],[-0.28248,51.41157],[-0.28554,51.41272],[-0.2765,51.41306],[-0.27099,51.41375],[-0.26916,51.41424],[-0.26479,51.41627],[-0.26154,51.41682],[-0.26009,51.41422],[-0.25871,51.40955]]]},"properties":{"WD22NM":"Coombe Vale","LAD22NM":"Kingston upon Thames"}},{"type":"Feature","geometry":{"type":"Polygon","coordinates":[[[-0.26531,51.40213],[-0.2682,51.40155],[-0.26556,51.40077],[-0.26579,51.40048],[-0.26425,51.39845],[-0.26454,51.39834],[-0.26323,51.39721],[-0.26254,51.39715],[-0.26168,51.39625],[-0.26134,51.39641],[-0.26,51.39573],[-0.25957,51.39573],[-0.25934,51.39614],[-0.25712,51.39631],[-0.25719,51.39661],[-0.25627,51.39705],[-0.25604,51.39625],[-0.25498,51.39618],[-0.25413,51.39532],[-0.25394,51.39451],[-0.25891,51.39345],[-0.26388,51.39121],[-0.26981,51.38846],[-0.27088,51.39113],[-0.27434,51.39437],[-0.27574,51.3967],[-0.27638,51.3991],[-0.27697,51.39979],[-0.27771,51.4006],[-0.27746,51.4008],[-0.27804,51.40149],[-0.27711,51.40213],[-0.27706,51.40302],[-0.27622,51.40268],[-0.27469,51.40352],[-0.27316,51.40306],[-0.27188,51.40404],[-0.27181,51.40474],[-0.26911,51.40322],[-0.26532,51.40242],[-0.26531,51.40213]]]},"properties":{"WD22NM":"Green Lane & St James","LAD22NM":"Kingston upon Thames"}},{"type":"Feature","geometry":{"type":"Polygon","coordinates":[[[-0.29781,51.37401],[-0.3016,51.3709],[-0.30014,51.36993],[-0.29639,51.36902],[-0.29463,51.36902],[-0.29651,51.36769],[-0.29498,51.36737],[-0.29214,51.36727],[-0.29221,51.36705],[-0.29109,51.36677],[-0.28971,51.36769],[-0.28852,51.36716],[-0.28809,51.36757],[-0.28695,51.36726],[-0.28672,51.36637],[-0.28408,51.36515],[-0.28702,51.36267],[-0.28825,51.36212],[-0.29166,51.36275],[-0.2913,51.36328],[-0.29422,51.36388],[-0.29474,51.36333],[-0.29627,51.36372],[-0.29785,51.36375],[-0.30719,51.36312],[-0.30788,51.36314],[-0.30809,51.36378],[-0.31454,51.36392],[-0.31537,51.36433],[-0.31538,51.36593],[-0.31613,51.36595],[-0.31695,51.36554],[-0.31848,51.36576],[-0.3179,51.36979],[-0.31748,51.37197],[-0.31667,51.37317],[-0.31432,51.37464],[-0.31265,51.37475],[-0.30867,51.37545],[-0.30847,51.37579],[-0.29781,51.37401]]]},"properties":{"WD22NM":"Hook & Chessington North","LAD22NM":"Kingston upon Thames"}},{"type":"Feature","geometry":{"type":"Polygon","coordinates":[[[-0.26906,51.37356],[-0.27255,51.37226],[-0.27359,51.37153],[-0.27402,51.37066],[-0.27583,51.37001],[-0.27656,51.36881],[-0.27982,51.36783],[-0.28216,51.366],[-0.28408,51.36515],[-0.28672,51.36637],[-0.28695,51.36726],[-0.28809,51.36757],[-0.28852,51.36716],[-0.28971,51.36769],[-0.29109,51.36677],[-0.29221,51.36705],[-0.29214,51.36727],[-0.29498,51.36737],[-0.29651,51.36769],[-0.29463,51.36902],[-0.29639,51.36902],[-0.30014,51.36993],[-0.3016,51.3709],[-0.29781,51.37401],[-0.29256,51.37332],[-0.28777,51.37403],[-0.28386,51.37599],[-0.28061,51.37906],[-0.27334,51.38632],[-0.26981,51.38846],[-0.26928,51.38546],[-0.2664,51.38384],[-0.26565,51.38297],[-0.27106,51.38063],[-0.26838,51.3788],[-0.26936,51.37801],[-0.27004,51.3765],[-0.26987,51.37478],[-0.26906,51.37356]]]},"properties":{"WD22NM":"King George's & Sunray","LAD22NM":"Kingston upon Thames"}},{"type":"Feature","geometry":{"type":"Polygon","coordinates":[[[-0.28831,51.4131],[-0.29208,51.41337],[-0.2961,51.41281],[-0.2991,51.41269],[-0.3034,51.41307],[-0.29673,51.41618],[-0.293,51.41919],[-0.29374,51.41935],[-0.29561,51.41888],[-0.29662,51.42066],[-0.29623,51.42074],[-0.29688,51.42167],[-0.29763,51.4219],[-0.29348,51.42315],[-0.29277,51.42318],[-0.29279,51.42252],[-0.29013,51.42292],[-0.29006,51.42239],[-0.28775,51.42274],[-0.2866,51.42017],[-0.28044,51.42186],[-0.27857,51.42335],[-0.2763,51.4227],[-0.27906,51.41905],[-0.28566,51.41513],[-0.28831,51.4131]]]},"properties":{"WD22NM":"Kingston Gate","LAD22NM":"Kingston upon Thames"}},{"type":"Feature","geometry":{"type":"Polygon","coordinates":[[[-0.3034,51.41307],[-0.2991,51.41269],[-0.2961,51.41281],[-0.29675,51.41071],[-0.29554,51.41062],[-0.29509,51.40914],[-0.29556,51.40911],[-0.29505,51.40792],[-0.29455,51.408],[-0.29416,51.40739],[-0.29436,51.40445],[-0.28881,51.40361],[-0.28909,51.40262],[-0.29192,51.40275],[-0.29211,51.40177],[-0.29065,51.40172],[-0.29066,51.40137],[-0.29443,51.40146],[-0.29507,51.40172],[-0.30165,51.40013],[-0.304,51.39826],[-0.30474,51.39899],[-0.3061,51.39899],[-0.30791,51.39955],[-0.30838,51.39912],[-0.31028,51.39961],[-0.30933,51.40045],[-0.30877,51.4022],[-0.30907,51.4093],[-0.30848,51.41352],[-0.3034,51.41307]]]},"properties":{"WD22NM":"Kingston Town","LAD22NM":"Kingston upon Thames"}},{"type":"Feature","geometry":{"type":"Polygon","coordinates":[[[-0.23968,51.38929],[-0.23872,51.38609],[-0.2416,51.38452],[-0.24323,51.3826],[-0.24428,51.38306],[-0.24496,51.38065],[-0.24881,51.38269],[-0.25412,51.38661],[-0.25594,51.38676],[-0.25458,51.38746],[-0.25629,51.38881],[-0.25745,51.38891],[-0.25746,51.39065],[-0.26249,51.39039],[-0.26388,51.39121],[-0.25891,51.39345],[-0.25394,51.39451],[-0.25039,51.3955],[-0.24689,51.39711],[-0.24457,51.39466],[-0.24167,51.39387],[-0.24008,51.39119],[-0.23968,51.38929]]]},"properties":{"WD22NM":"Motspur Park & Old Malden East","LAD22NM":"Kingston upon Thames"}},{"type":"Feature","geometry":{"type":"Polygon","coordinates":[[[-0.24713,51.40952],[-0.24748,51.4085],[-0.24708,51.40789],[-0.24579,51.40756],[-0.24533,51.40707],[-0.24467,51.40385],[-0.24521,51.4017],[-0.24682,51.40048],[-0.2466,51.39922],[-0.2474,51.39758],[-0.24689,51.39711],[-0.25039,51.3955],[-0.25394,51.39451],[-0.25413,51.39532],[-0.25498,51.39618],[-0.25604,51.39625],[-0.25627,51.39705],[-0.25719,51.39661],[-0.25712,51.39631],[-0.25934,51.39614],[-0.25957,51.39573],[-0.26,51.39573],[-0.26134,51.39641],[-0.26168,51.39625],[-0.26254,51.39715],[-0.26323,51.39721],[-0.26454,51.39834],[-0.26425,51.39845],[-0.26579,51.40048],[-0.26556,51.40077],[-0.2682,51.40155],[-0.26531,51.40213],[-0.25684,51.40375],[-0.25871,51.40955],[-0.25356,51.40991],[-0.25135,51.41129],[-0.25078,51.41228],[-0.24914,51.41075],[-0.24713,51.40952]]]},"properties":{"WD22NM":"New Malden Village","LAD22NM":"Kingston upon Thames"}},{"type":"Feature","geometry":{"type":"Polygon","coordinates":[[[-0.28831,51.4131],[-0.28554,51.41272],[-0.28248,51.41157],[-0.27181,51.40474],[-0.27188,51.40404],[-0.27316,51.40306],[-0.27469,51.40352],[-0.27622,51.40268],[-0.27706,51.40302],[-0.27711,51.40213],[-0.27804,51.40149],[-0.27746,51.4008],[-0.27771,51.4006],[-0.28245,51.40325],[-0.2857,51.40363],[-0.28881,51.40361],[-0.29436,51.40445],[-0.29416,51.40739],[-0.29455,51.408],[-0.29505,51.40792],[-0.29556,51.40911],[-0.29509,51.40914],[-0.29554,51.41062],[-0.29675,51.41071],[-0.2961,51.41281],[-0.29208,51.41337],[-0.28831,51.4131]]]},"properties":{"WD22NM":"Norbiton","LAD22NM":"Kingston upon Thames"}},{"type":"Feature","geometry":{"type":"Polygon","coordinates":[[[-0.24496,51.38065],[-0.24503,51.38003],[-0.24789,51.38017],[-0.25164,51.37905],[-0.25395,51.37877],[-0.25842,51.37897],[-0.26115,51.3796],[-0.26247,51.37725],[-0.26468,51.37562],[-0.26906,51.37356],[-0.26987,51.37478],[-0.27004,51.3765],[-0.26936,51.37801],[-0.26838,51.3788],[-0.27106,51.38063],[-0.26565,51.38297],[-0.2664,51.38384],[-0.26928,51.38546],[-0.26981,51.38846],[-0.26388,51.39121],[-0.26249,51.39039],[-0.25746,51.39065],[-0.25745,51.38891],[-0.25629,51.38881],[-0.25458,51.38746],[-0.25594,51.38676],[-0.25412,51.38661],[-0.24881,51.38269],[-0.24496,51.38065]]]},"properties":{"WD22NM":"Old Malden","LAD22NM":"Kingston upon Thames"}},{"type":"Feature","geometry":{"type":"Polygon","coordinates":[[[-0.27771,51.4006],[-0.27697,51.39979],[-0.29083,51.39701],[-0.29659,51.39545],[-0.31311,51.38877],[-0.31596,51.38763],[-0.31674,51.38877],[-0.31411,51.39022],[-0.3177,51.39367],[-0.31256,51.3974],[-0.31213,51.39814],[-0.31028,51.39961],[-0.30838,51.39912],[-0.30791,51.39955],[-0.3061,51.39899],[-0.30474,51.39899],[-0.304,51.39826],[-0.30165,51.40013],[-0.29507,51.40172],[-0.29443,51.40146],[-0.29066,51.40137],[-0.29065,51.40172],[-0.29211,51.40177],[-0.29192,51.40275],[-0.28909,51.40262],[-0.28881,51.40361],[-0.2857,51.40363],[-0.28245,51.40325],[-0.27771,51.4006]]]},"properties":{"WD22NM":"St Mark's & Seething Wells","LAD22NM":"Kingston upon Thames"}},{"type":"Feature","geometry":{"type":"Polygon","coordinates":[[[-0.29122,51.38653],[-0.29405,51.38578],[-0.29502,51.38513],[-0.29555,51.38424],[-0.29634,51.38393],[-0.29823,51.37969],[-0.2989,51.37979],[-0.29905,51.37941],[-0.30188,51.37985],[-0.30243,51.37852],[-0.30299,51.37861],[-0.3032,51.37822],[-0.30565,51.37863],[-0.30737,51.37838],[-0.30849,51.3805],[-0.30925,51.38045],[-0.30931,51.38186],[-0.31061,51.38476],[-0.31176,51.38579],[-0.31085,51.38619],[-0.31311,51.38877],[-0.29659,51.39545],[-0.29122,51.38653]]]},"properties":{"WD22NM":"Surbiton Hill","LAD22NM":"Kingston upon Thames"}},{"type":"Feature","geometry":{"type":"Polygon","coordinates":[[[-0.28061,51.37906],[-0.28386,51.37599],[-0.28777,51.37403],[-0.29256,51.37332],[-0.29781,51.37401],[-0.30847,51.37579],[-0.30797,51.37666],[-0.30787,51.37836],[-0.30737,51.37838],[-0.30565,51.37863],[-0.3032,51.37822],[-0.30299,51.37861],[-0.30243,51.37852],[-0.30188,51.37985],[-0.29905,51.37941],[-0.2989,51.37979],[-0.29823,51.37969],[-0.29634,51.38393],[-0.29555,51.38424],[-0.29502,51.38513],[-0.28443,51.38213],[-0.28061,51.37906]]]},"properties":{"WD22NM":"Tolworth","LAD22NM":"Kingston upon Thames"}},{"type":"Feature","geometry":{"type":"Polygon","coordinates":[[[-0.28775,51.42274],[-0.29006,51.42239],[-0.29013,51.42292],[-0.29279,51.42252],[-0.29277,51.42318],[-0.29348,51.42315],[-0.29763,51.4219],[-0.30216,51.42039],[-0.30324,51.42323],[-0.30665,51.42768],[-0.30683,51.42606],[-0.30838,51.425],[-0.31037,51.42636],[-0.31445,51.42826],[-0.3128,51.43034],[-0.31066,51.43221],[-0.30976,51.43214],[-0.30807,51.43108],[-0.30855,51.43079],[-0.30693,51.43015],[-0.30641,51.43015],[-0.30592,51.43136],[-0.30176,51.43039],[-0.30151,51.43054],[-0.30205,51.43115],[-0.3016,51.43143],[-0.29747,51.42856],[-0.29544,51.42764],[-0.29541,51.42704],[-0.29471,51.42701],[-0.29477,51.42646],[-0.29339,51.42651],[-0.293,51.42894],[-0.29062,51.42899],[-0.28775,51.42274]]]},"properties":{"WD22NM":"Tudor","LAD22NM":"Kingston upon Thames"}},{"type":"Feature","geometry":{"type":"Polygon","coordinates":[[[0.19699,51.52332],[0.19524,51.52248],[0.1956,51.52218],[0.19332,51.52127],[0.1923,51.5214],[0.19158,51.521],[0.18915,51.52063],[0.18877,51.51875],[0.18749,51.5185],[0.18638,51.5176],[0.18493,51.51748],[0.18366,51.51697],[0.18274,51.51589],[0.18143,51.51572],[0.18081,51.51495],[0.17995,51.51471],[0.17903,51.5149],[0.17868,51.5146],[0.17523,51.5175],[0.17283,51.51884],[0.16914,51.52005],[0.16229,51.52137],[0.16233,51.52234],[0.16445,51.52701],[0.16596,51.52879],[0.16869,51.53119],[0.17025,51.53064],[0.16972,51.52986],[0.17249,51.52925],[0.17811,51.5286],[0.1792,51.52812],[0.1772,51.52457],[0.17994,51.5242],[0.17983,51.52399],[0.1811,51.52371],[0.18174,51.52421],[0.18231,51.524],[0.18283,51.52431],[0.18459,51.52442],[0.18594,51.52614],[0.18974,51.5251],[0.19203,51.52482],[0.19257,51.52565],[0.19699,51.52332]]]},"properties":{"WD22NM":"Beam Park","LAD22NM":"Havering"}},{"type":"Feature","geometry":{"type":"Polygon","coordinates":[[[0.28716,51.57272],[0.28669,51.57154],[0.2902,51.56451],[0.25969,51.55914],[0.2543,51.55884],[0.23953,51.55908],[0.23974,51.55987],[0.23704,51.56077],[0.23335,51.56252],[0.23716,51.56511],[0.23664,51.56544],[0.23761,51.56674],[0.239,51.56652],[0.23772,51.56688],[0.23798,51.56729],[0.23899,51.56706],[0.24063,51.56863],[0.24589,51.56705],[0.24787,51.56923],[0.24904,51.56902],[0.24908,51.56959],[0.24869,51.56958],[0.24855,51.56995],[0.24948,51.57046],[0.2505,51.5722],[0.25021,51.57252],[0.24988,51.57227],[0.24922,51.57262],[0.24919,51.57346],[0.2497,51.57381],[0.24941,51.57433],[0.24955,51.57461],[0.25011,51.57454],[0.25034,51.57499],[0.2511,51.57487],[0.25148,51.57579],[0.25114,51.57642],[0.25069,51.57646],[0.25069,51.57693],[0.24999,51.57716],[0.25035,51.57771],[0.24938,51.578],[0.24882,51.57872],[0.26406,51.57763],[0.2694,51.57632],[0.27552,51.57374],[0.2787,51.57281],[0.28307,51.57237],[0.28716,51.57272]]]},"properties":{"WD22NM":"Cranham","LAD22NM":"Havering"}},{"type":"Feature","geometry":{"type":"Polygon","coordinates":[[[0.20252,51.55626],[0.2027,51.55559],[0.20552,51.55579],[0.20783,51.55531],[0.20551,51.55105],[0.2031,51.54607],[0.2026,51.54355],[0.20516,51.54293],[0.20579,51.54361],[0.20437,51.54408],[0.20472,51.54482],[0.20815,51.54409],[0.20834,51.54442],[0.20913,51.54442],[0.20914,51.54349],[0.21304,51.54262],[0.21387,51.543],[0.21678,51.54221],[0.21699,51.54238],[0.21703,51.54211],[0.21602,51.54119],[0.21557,51.53995],[0.21636,51.53822],[0.21403,51.5336],[0.21043,51.53051],[0.20942,51.53006],[0.2076,51.53139],[0.2038,51.53311],[0.20436,51.53373],[0.20273,51.53425],[0.20241,51.53397],[0.20051,51.53475],[0.20132,51.53641],[0.1993,51.53714],[0.19802,51.53653],[0.19287,51.53932],[0.192,51.53831],[0.19265,51.53809],[0.19219,51.53768],[0.19008,51.53846],[0.1877,51.53724],[0.18659,51.53589],[0.18607,51.53575],[0.18336,51.53662],[0.18197,51.53567],[0.17948,51.53655],[0.17926,51.53634],[0.17584,51.53723],[0.17381,51.53741],[0.17504,51.53849],[0.17728,51.53949],[0.17815,51.53957],[0.17923,51.54029],[0.1804,51.54411],[0.18259,51.54584],[0.18601,51.54753],[0.1875,51.5502],[0.1896,51.55146],[0.19017,51.55272],[0.19104,51.55393],[0.19458,51.55592],[0.19921,51.55666],[0.20252,51.55626]]]},"properties":{"WD22NM":"Elm Park","LAD22NM":"Havering"}},{"type":"Feature","geometry":{"type":"Polygon","coordinates":[[[0.24882,51.57872],[0.24938,51.578],[0.25035,51.57771],[0.24999,51.57716],[0.25069,51.57693],[0.25069,51.57646],[0.25114,51.57642],[0.25148,51.57579],[0.2511,51.57487],[0.25034,51.57499],[0.25011,51.57454],[0.24955,51.57461],[0.24941,51.57433],[0.2497,51.57381],[0.24919,51.57346],[0.24922,51.57262],[0.24988,51.57227],[0.25021,51.57252],[0.2505,51.5722],[0.24948,51.57046],[0.24855,51.56995],[0.24869,51.56958],[0.24908,51.56959],[0.24904,51.56902],[0.24787,51.56923],[0.24589,51.56705],[0.24063,51.56863],[0.23899,51.56706],[0.23798,51.56729],[0.23772,51.56688],[0.239,51.56652],[0.23761,51.56674],[0.23664,51.56544],[0.23716,51.56511],[0.23335,51.56252],[0.22148,51.56818],[0.21299,51.57043],[0.21333,51.57202],[0.21169,51.57316],[0.21166,51.57506],[0.21356,51.57477],[0.21612,51.57364],[0.2177,51.57362],[0.21805,51.57332],[0.21946,51.57344],[0.2192,51.57413],[0.2179,51.57417],[0.21846,51.57527],[0.21924,51.57524],[0.22009,51.576],[0.22064,51.57599],[0.2202,51.57623],[0.21993,51.5778],[0.21897,51.57781],[0.21907,51.5786],[0.22006,51.57865],[0.22066,51.58039],[0.22322,51.57955],[0.22398,51.57995],[0.2234,51.58022],[0.22499,51.58142],[0.22696,51.58064],[0.22789,51.58123],[0.22722,51.58154],[0.23167,51.58326],[0.23972,51.57961],[0.24213,51.57915],[0.24882,51.57872]]]},"properties":{"WD22NM":"Emerson Park","LAD22NM":"Havering"}},{"type":"Feature","geometry":{"type":"Polygon","coordinates":[[[0.26333,51.60918],[0.25998,51.60738],[0.23675,51.59988],[0.23479,51.60137],[0.23071,51.59998],[0.23053,51.60022],[0.22785,51.60393],[0.22574,51.60331],[0.22483,51.60384],[0.2215,51.60463],[0.22074,51.60614],[0.22143,51.60634],[0.22116,51.60674],[0.22148,51.60682],[0.22041,51.60762],[0.21986,51.60788],[0.21412,51.60609],[0.21195,51.60935],[0.21144,51.60925],[0.21097,51.60972],[0.21317,51.61025],[0.21059,51.61211],[0.20941,51.61094],[0.2076,51.61001],[0.20714,51.61153],[0.20699,51.61202],[0.20794,51.61223],[0.2073,51.6128],[0.21013,51.61408],[0.20851,51.61447],[0.211,51.61615],[0.2101,51.61843],[0.21069,51.61954],[0.20945,51.62159],[0.20962,51.62461],[0.2085,51.62668],[0.21225,51.62698],[0.21211,51.62719],[0.21755,51.62909],[0.22208,51.63013],[0.22409,51.63174],[0.23735,51.62407],[0.25279,51.61743],[0.25769,51.61418],[0.25926,51.61209],[0.26333,51.60918]]]},"properties":{"WD22NM":"Gooshays","LAD22NM":"Havering"}},{"type":"Feature","geometry":{"type":"Polygon","coordinates":[[[0.23281,51.55088],[0.23008,51.54975],[0.22986,51.54927],[0.22806,51.54915],[0.22479,51.54774],[0.22354,51.54696],[0.22291,51.54593],[0.22076,51.54484],[0.22106,51.54446],[0.21918,51.54369],[0.21755,51.54249],[0.2177,51.54211],[0.21703,51.54211],[0.21699,51.54238],[0.21678,51.54221],[0.21387,51.543],[0.21304,51.54262],[0.20914,51.54349],[0.20913,51.54442],[0.20834,51.54442],[0.20815,51.54409],[0.20472,51.54482],[0.20437,51.54408],[0.20579,51.54361],[0.20516,51.54293],[0.2026,51.54355],[0.2031,51.54607],[0.20551,51.55105],[0.22973,51.5565],[0.23011,51.55579],[0.23011,51.55301],[0.23281,51.55088]]]},"properties":{"WD22NM":"Hacton","LAD22NM":"Havering"}},{"type":"Feature","geometry":{"type":"Polygon","coordinates":[[[0.26088,51.60039],[0.2644,51.59977],[0.26988,51.59957],[0.27034,51.59731],[0.26934,51.59527],[0.27028,51.5911],[0.27135,51.58974],[0.27128,51.58904],[0.2721,51.58775],[0.27384,51.58686],[0.28203,51.57883],[0.28506,51.57416],[0.28665,51.57358],[0.28716,51.57272],[0.28307,51.57237],[0.2787,51.57281],[0.27552,51.57374],[0.2694,51.57632],[0.26406,51.57763],[0.24882,51.57872],[0.24213,51.57915],[0.23972,51.57961],[0.23167,51.58326],[0.21579,51.59097],[0.21284,51.59273],[0.22649,51.59661],[0.22539,51.59802],[0.2279,51.59878],[0.22784,51.59954],[0.23053,51.60022],[0.23071,51.59998],[0.23479,51.60137],[0.23675,51.59988],[0.25998,51.60738],[0.26333,51.60918],[0.26456,51.60832],[0.26433,51.60783],[0.26312,51.60732],[0.26168,51.60746],[0.25808,51.60651],[0.258,51.60491],[0.25716,51.60493],[0.25663,51.60361],[0.25517,51.60267],[0.2547,51.60273],[0.25392,51.60192],[0.25401,51.6016],[0.25482,51.60134],[0.25791,51.60127],[0.25825,51.60092],[0.26088,51.60039]]]},"properties":{"WD22NM":"Harold Wood","LAD22NM":"Havering"}},{"type":"Feature","geometry":{"type":"Polygon","coordinates":[[[0.20714,51.61153],[0.20571,51.61132],[0.20603,51.61078],[0.20532,51.60934],[0.20554,51.60883],[0.19925,51.60525],[0.19359,51.60322],[0.18985,51.60288],[0.18505,51.60298],[0.18049,51.60374],[0.17968,51.6015],[0.17554,51.5978],[0.17114,51.60082],[0.16525,51.60002],[0.16325,51.59916],[0.15904,51.59832],[0.1519,51.59756],[0.14988,51.59701],[0.14807,51.59636],[0.14815,51.59677],[0.14765,51.5968],[0.14821,51.59897],[0.14951,51.60291],[0.14861,51.60449],[0.14871,51.60868],[0.1475,51.61235],[0.1455,51.61456],[0.1445,51.61668],[0.13818,51.62355],[0.15107,51.62325],[0.15555,51.62334],[0.16253,51.62258],[0.16279,51.62279],[0.16584,51.62238],[0.1689,51.62142],[0.1753,51.62359],[0.1804,51.62447],[0.18061,51.62574],[0.18124,51.62583],[0.18278,51.62573],[0.18593,51.62437],[0.18627,51.62456],[0.186,51.62552],[0.18837,51.62541],[0.1894,51.62449],[0.18981,51.6251],[0.19478,51.62571],[0.20031,51.62494],[0.20361,51.62517],[0.2085,51.62668],[0.20962,51.62461],[0.20945,51.62159],[0.21069,51.61954],[0.2101,51.61843],[0.211,51.61615],[0.20851,51.61447],[0.21013,51.61408],[0.2073,51.6128],[0.20794,51.61223],[0.20699,51.61202],[0.20714,51.61153]]]},"properties":{"WD22NM":"Havering-atte-Bower","LAD22NM":"Havering"}},{"type":"Feature","geometry":{"type":"Polygon","coordinates":[[[0.23053,51.60022],[0.22784,51.59954],[0.2279,51.59878],[0.22539,51.59802],[0.22649,51.59661],[0.21284,51.59273],[0.20739,51.59338],[0.19825,51.59533],[0.19395,51.59514],[0.19297,51.59646],[0.19628,51.59766],[0.19315,51.5999],[0.19396,51.60058],[0.19348,51.6017],[0.19359,51.60322],[0.19925,51.60525],[0.20554,51.60883],[0.20532,51.60934],[0.20603,51.61078],[0.20571,51.61132],[0.20714,51.61153],[0.2076,51.61001],[0.20941,51.61094],[0.21059,51.61211],[0.21317,51.61025],[0.21097,51.60972],[0.21144,51.60925],[0.21195,51.60935],[0.21412,51.60609],[0.21986,51.60788],[0.22041,51.60762],[0.22148,51.60682],[0.22116,51.60674],[0.22143,51.60634],[0.22074,51.60614],[0.2215,51.60463],[0.22483,51.60384],[0.22574,51.60331],[0.22785,51.60393],[0.23053,51.60022]]]},"properties":{"WD22NM":"Heaton","LAD22NM":"Havering"}},{"type":"Feature","geometry":{"type":"Polygon","coordinates":[[[0.21299,51.57043],[0.21336,51.56924],[0.21315,51.56799],[0.21233,51.56604],[0.21177,51.56567],[0.21137,51.56357],[0.21012,51.56201],[0.20973,51.56035],[0.20893,51.55941],[0.20803,51.55917],[0.20408,51.55647],[0.20252,51.55626],[0.19921,51.55666],[0.19458,51.55592],[0.19104,51.55393],[0.19017,51.55272],[0.18788,51.5541],[0.18692,51.55579],[0.18587,51.55634],[0.18476,51.55641],[0.18504,51.55679],[0.18441,51.55766],[0.18479,51.55988],[0.18267,51.56125],[0.184,51.56386],[0.18517,51.56475],[0.18518,51.56551],[0.18567,51.56564],[0.18587,51.56647],[0.18497,51.56807],[0.18941,51.5688],[0.18945,51.56815],[0.18996,51.56782],[0.19732,51.56934],[0.19715,51.5698],[0.19776,51.56993],[0.19694,51.57106],[0.19934,51.57139],[0.19921,51.57176],[0.20089,51.57218],[0.19994,51.57428],[0.20157,51.57431],[0.20645,51.57213],[0.21299,51.57043]]]},"properties":{"WD22NM":"Hylands & Harrow Lodge","LAD22NM":"Havering"}},{"type":"Feature","geometry":{"type":"Polygon","coordinates":[[[0.19359,51.60322],[0.19348,51.6017],[0.19396,51.60058],[0.19315,51.5999],[0.19628,51.59766],[0.19297,51.59646],[0.19395,51.59514],[0.19825,51.59533],[0.20739,51.59338],[0.21284,51.59273],[0.21007,51.59107],[0.20735,51.58882],[0.1997,51.58653],[0.19684,51.58612],[0.18851,51.58246],[0.18777,51.5831],[0.18678,51.58264],[0.18699,51.58239],[0.18634,51.58221],[0.18603,51.58243],[0.18457,51.5815],[0.18363,51.58237],[0.18226,51.58249],[0.18288,51.58155],[0.17882,51.58001],[0.17313,51.58505],[0.17268,51.58644],[0.17168,51.58891],[0.17318,51.59157],[0.17547,51.59353],[0.17466,51.59531],[0.17478,51.59673],[0.17554,51.5978],[0.17968,51.6015],[0.18049,51.60374],[0.18505,51.60298],[0.18985,51.60288],[0.19359,51.60322]]]},"properties":{"WD22NM":"Marshalls & Rise Park","LAD22NM":"Havering"}},{"type":"Feature","geometry":{"type":"Polygon","coordinates":[[[0.17554,51.5978],[0.17478,51.59673],[0.17466,51.59531],[0.17547,51.59353],[0.17318,51.59157],[0.17168,51.58891],[0.17268,51.58644],[0.16495,51.58177],[0.16271,51.58083],[0.16008,51.58041],[0.14856,51.58077],[0.15097,51.58383],[0.15128,51.58988],[0.15062,51.59137],[0.15114,51.59545],[0.14988,51.59701],[0.1519,51.59756],[0.15904,51.59832],[0.16325,51.59916],[0.16525,51.60002],[0.17114,51.60082],[0.17554,51.5978]]]},"properties":{"WD22NM":"Mawneys","LAD22NM":"Havering"}},{"type":"Feature","geometry":{"type":"Polygon","coordinates":[[[0.24286,51.52439],[0.24104,51.52261],[0.24072,51.52121],[0.2443,51.52047],[0.24467,51.52015],[0.24423,51.51976],[0.24491,51.51876],[0.24394,51.51834],[0.2402,51.51935],[0.23718,51.51933],[0.24114,51.51374],[0.23997,51.51305],[0.24031,51.51076],[0.2406,51.51051],[0.2415,51.51062],[0.24192,51.50796],[0.24,51.50771],[0.23985,51.50728],[0.23344,51.50667],[0.22896,51.5068],[0.2266,51.50657],[0.2264,51.50593],[0.22602,51.50588],[0.22661,51.50449],[0.22997,51.49937],[0.22791,51.49886],[0.22436,51.49733],[0.22361,51.49791],[0.22165,51.49781],[0.21703,51.49658],[0.21549,51.49662],[0.21416,51.49604],[0.21354,51.49501],[0.21307,51.49502],[0.21193,51.49104],[0.21069,51.49018],[0.21058,51.49025],[0.20964,51.48977],[0.20887,51.48986],[0.20931,51.49042],[0.20837,51.48967],[0.20105,51.48915],[0.19631,51.48816],[0.1916,51.48809],[0.18917,51.48771],[0.18766,51.48789],[0.18748,51.48857],[0.18479,51.49071],[0.18387,51.49224],[0.18332,51.49537],[0.18256,51.49594],[0.18249,51.49652],[0.18375,51.49715],[0.18287,51.49791],[0.18292,51.49861],[0.18292,51.49865],[0.18226,51.4991],[0.18252,51.4994],[0.18018,51.50136],[0.18027,51.50217],[0.17853,51.50527],[0.1741,51.50799],[0.17221,51.50833],[0.1662,51.51067],[0.165,51.51165],[0.16386,51.51164],[0.16361,51.51192],[0.16253,51.51163],[0.15994,51.51176],[0.15953,51.51192],[0.15958,51.51242],[0.15875,51.51226],[0.15867,51.51223],[0.15918,51.51452],[0.16229,51.52137],[0.16914,51.52005],[0.17283,51.51884],[0.17523,51.5175],[0.17868,51.5146],[0.17903,51.5149],[0.17995,51.51471],[0.18081,51.51495],[0.18143,51.51572],[0.18274,51.51589],[0.18366,51.51697],[0.18493,51.51748],[0.18638,51.5176],[0.18749,51.5185],[0.18877,51.51875],[0.18915,51.52063],[0.19158,51.521],[0.1923,51.5214],[0.19332,51.52127],[0.1956,51.52218],[0.19524,51.52248],[0.19699,51.52332],[0.20025,51.52453],[0.20327,51.52626],[0.20525,51.52782],[0.20942,51.53006],[0.21043,51.53051],[0.21403,51.5336],[0.21636,51.53822],[0.2258,51.53703],[0.2298,51.53759],[0.23088,51.5364],[0.22963,51.5337],[0.23342,51.53277],[0.23366,51.53226],[0.23101,51.52504],[0.24286,51.52439]]]},"properties":{"WD22NM":"Rainham & Wennington","LAD22NM":"Havering"}},{"type":"Feature","geometry":{"type":"Polygon","coordinates":[[[0.17891,51.57365],[0.18151,51.57066],[0.18497,51.56807],[0.18587,51.56647],[0.18567,51.56564],[0.18518,51.56551],[0.18351,51.56464],[0.17866,51.56494],[0.1763,51.56472],[0.17342,51.5651],[0.16862,51.5636],[0.16637,51.56327],[0.1619,51.56161],[0.15436,51.56611],[0.1513,51.56809],[0.15041,51.56784],[0.14874,51.56864],[0.1467,51.5688],[0.14667,51.56943],[0.14974,51.56971],[0.14899,51.57315],[0.14794,51.57312],[0.14803,51.57579],[0.14701,51.57571],[0.14745,51.58081],[0.14856,51.58077],[0.16008,51.58041],[0.16271,51.58083],[0.16495,51.58177],[0.16952,51.57908],[0.17393,51.57854],[0.17362,51.5776],[0.17325,51.57753],[0.17374,51.57655],[0.17437,51.57665],[0.1749,51.57631],[0.1755,51.57525],[0.17454,51.57499],[0.1755,51.57391],[0.17498,51.57277],[0.17891,51.57365]]]},"properties":{"WD22NM":"Rush Green & Crowlands","LAD22NM":"Havering"}},{"type":"Feature","geometry":{"type":"Polygon","coordinates":[[[0.20157,51.57431],[0.19994,51.57428],[0.20089,51.57218],[0.19921,51.57176],[0.19934,51.57139],[0.19694,51.57106],[0.19776,51.56993],[0.19715,51.5698],[0.19732,51.56934],[0.18996,51.56782],[0.18945,51.56815],[0.18941,51.5688],[0.18497,51.56807],[0.18151,51.57066],[0.17891,51.57365],[0.19206,51.57742],[0.19468,51.57762],[0.19706,51.57716],[0.20157,51.57431]]]},"properties":{"WD22NM":"St Alban's","LAD22NM":"Havering"}},{"type":"Feature","geometry":{"type":"Polygon","coordinates":[[[0.23335,51.56252],[0.23704,51.56077],[0.23974,51.55987],[0.23953,51.55908],[0.23956,51.55812],[0.23825,51.55772],[0.23778,51.55717],[0.23721,51.55587],[0.23777,51.55511],[0.23615,51.55225],[0.23543,51.55169],[0.23281,51.55088],[0.23011,51.55301],[0.23011,51.55579],[0.22973,51.5565],[0.20551,51.55105],[0.20783,51.55531],[0.20552,51.55579],[0.2027,51.55559],[0.20252,51.55626],[0.20408,51.55647],[0.20803,51.55917],[0.20893,51.55941],[0.20973,51.56035],[0.21012,51.56201],[0.21137,51.56357],[0.21177,51.56567],[0.21233,51.56604],[0.21315,51.56799],[0.21336,51.56924],[0.21299,51.57043],[0.22148,51.56818],[0.23335,51.56252]]]},"properties":{"WD22NM":"St Andrew's","LAD22NM":"Havering"}},{"type":"Feature","geometry":{"type":"Polygon","coordinates":[[[0.19206,51.57742],[0.17891,51.57365],[0.17498,51.57277],[0.1755,51.57391],[0.17454,51.57499],[0.1755,51.57525],[0.1749,51.57631],[0.17437,51.57665],[0.17374,51.57655],[0.17325,51.57753],[0.17362,51.5776],[0.17393,51.57854],[0.16952,51.57908],[0.16495,51.58177],[0.17268,51.58644],[0.17313,51.58505],[0.17882,51.58001],[0.18288,51.58155],[0.18226,51.58249],[0.18363,51.58237],[0.18457,51.5815],[0.18603,51.58243],[0.18634,51.58221],[0.18699,51.58239],[0.18678,51.58264],[0.18777,51.5831],[0.18851,51.58246],[0.19684,51.58612],[0.1997,51.58653],[0.20294,51.58189],[0.20476,51.5814],[0.19206,51.57742]]]},"properties":{"WD22NM":"St Edward's","LAD22NM":"Havering"}},{"type":"Feature","geometry":{"type":"Polygon","coordinates":[[[0.20942,51.53006],[0.20525,51.52782],[0.20327,51.52626],[0.20025,51.52453],[0.19699,51.52332],[0.19257,51.52565],[0.19203,51.52482],[0.18974,51.5251],[0.18594,51.52614],[0.18459,51.52442],[0.18283,51.52431],[0.18231,51.524],[0.18174,51.52421],[0.1811,51.52371],[0.17983,51.52399],[0.17994,51.5242],[0.1772,51.52457],[0.1792,51.52812],[0.17811,51.5286],[0.17249,51.52925],[0.16972,51.52986],[0.17025,51.53064],[0.16869,51.53119],[0.17079,51.53263],[0.17381,51.53741],[0.17584,51.53723],[0.17926,51.53634],[0.17948,51.53655],[0.18197,51.53567],[0.18336,51.53662],[0.18607,51.53575],[0.18659,51.53589],[0.1877,51.53724],[0.19008,51.53846],[0.19219,51.53768],[0.19265,51.53809],[0.192,51.53831],[0.19287,51.53932],[0.19802,51.53653],[0.1993,51.53714],[0.20132,51.53641],[0.20051,51.53475],[0.20241,51.53397],[0.20273,51.53425],[0.20436,51.53373],[0.2038,51.53311],[0.2076,51.53139],[0.20942,51.53006]]]},"properties":{"WD22NM":"South Hornchurch","LAD22NM":"Havering"}},{"type":"Feature","geometry":{"type":"Polygon","coordinates":[[[0.23167,51.58326],[0.22722,51.58154],[0.22789,51.58123],[0.22696,51.58064],[0.22499,51.58142],[0.2234,51.58022],[0.22398,51.57995],[0.22322,51.57955],[0.22066,51.58039],[0.22006,51.57865],[0.21907,51.5786],[0.21897,51.57781],[0.21993,51.5778],[0.2202,51.57623],[0.22064,51.57599],[0.22009,51.576],[0.21924,51.57524],[0.21846,51.57527],[0.2179,51.57417],[0.2192,51.57413],[0.21946,51.57344],[0.21805,51.57332],[0.2177,51.57362],[0.21612,51.57364],[0.21356,51.57477],[0.21166,51.57506],[0.21169,51.57316],[0.21333,51.57202],[0.21299,51.57043],[0.20645,51.57213],[0.20157,51.57431],[0.19706,51.57716],[0.19468,51.57762],[0.19206,51.57742],[0.20476,51.5814],[0.20294,51.58189],[0.1997,51.58653],[0.20735,51.58882],[0.21007,51.59107],[0.21284,51.59273],[0.21579,51.59097],[0.23167,51.58326]]]},"properties":{"WD22NM":"Squirrels Heath","LAD22NM":"Havering"}},{"type":"Feature","geometry":{"type":"Polygon","coordinates":[[[0.32244,51.54052],[0.31053,51.53965],[0.31051,51.53935],[0.31004,51.53929],[0.30072,51.53876],[0.30086,51.53813],[0.29721,51.53766],[0.29775,51.53532],[0.29044,51.53466],[0.29052,51.53449],[0.28808,51.53455],[0.28176,51.53394],[0.27634,51.53293],[0.27622,51.53318],[0.27496,51.53294],[0.27071,51.53309],[0.26535,51.53215],[0.26539,51.52496],[0.26567,51.52461],[0.26675,51.52451],[0.26664,51.52296],[0.26501,51.5229],[0.26404,51.52108],[0.26368,51.51787],[0.26231,51.51793],[0.2603,51.51837],[0.25893,51.51776],[0.25383,51.51789],[0.25233,51.52479],[0.25154,51.52597],[0.25085,51.52882],[0.24896,51.52867],[0.24888,51.52741],[0.24829,51.52755],[0.24632,51.52653],[0.24709,51.52509],[0.24584,51.52352],[0.24286,51.52439],[0.23101,51.52504],[0.23366,51.53226],[0.23342,51.53277],[0.22963,51.5337],[0.23088,51.5364],[0.2298,51.53759],[0.2258,51.53703],[0.21636,51.53822],[0.21557,51.53995],[0.21602,51.54119],[0.21703,51.54211],[0.2177,51.54211],[0.21755,51.54249],[0.21918,51.54369],[0.22106,51.54446],[0.22076,51.54484],[0.22291,51.54593],[0.22354,51.54696],[0.22479,51.54774],[0.22806,51.54915],[0.22986,51.54927],[0.23008,51.54975],[0.23281,51.55088],[0.23543,51.55169],[0.23615,51.55225],[0.23777,51.55511],[0.23721,51.55587],[0.23778,51.55717],[0.23825,51.55772],[0.23956,51.55812],[0.23953,51.55908],[0.2543,51.55884],[0.25969,51.55914],[0.2902,51.56451],[0.29029,51.5643],[0.31304,51.56582],[0.31529,51.55784],[0.3165,51.55769],[0.31844,51.55678],[0.3189,51.55519],[0.32205,51.5542],[0.32231,51.55278],[0.32516,51.55306],[0.32782,51.55099],[0.32798,51.54856],[0.32947,51.54656],[0.3289,51.54584],[0.33145,51.54594],[0.3339,51.54249],[0.33333,51.54126],[0.33384,51.54116],[0.33402,51.5405],[0.33143,51.54005],[0.33159,51.5408],[0.32244,51.54052]]]},"properties":{"WD22NM":"Upminster","LAD22NM":"Havering"}},{"type":"Feature","geometry":{"type":"Polygon","coordinates":[[[-0.00767,51.41448],[-0.00495,51.41029],[-0.00332,51.40899],[-0.00098,51.40776],[-0.00383,51.40872],[-0.00752,51.40922],[-0.00736,51.40847],[-0.00787,51.40758],[-0.00775,51.40737],[-0.00664,51.40745],[-0.00608,51.40639],[-0.00733,51.40647],[-0.00768,51.40472],[-0.00805,51.40444],[-0.00848,51.40461],[-0.00867,51.40407],[-0.00681,51.40282],[-0.00725,51.40203],[-0.00816,51.40237],[-0.00914,51.40079],[-0.01065,51.40124],[-0.01128,51.40113],[-0.01343,51.40234],[-0.01377,51.40349],[-0.01466,51.40384],[-0.01522,51.40352],[-0.01683,51.40436],[-0.0167,51.40483],[-0.01824,51.40488],[-0.01827,51.4046],[-0.01955,51.40449],[-0.01941,51.40415],[-0.02228,51.40367],[-0.02378,51.40461],[-0.02389,51.40578],[-0.02459,51.40629],[-0.02496,51.406],[-0.02836,51.40597],[-0.02835,51.40563],[-0.02902,51.40567],[-0.02896,51.40625],[-0.02997,51.40633],[-0.03025,51.40553],[-0.03162,51.40592],[-0.03142,51.40648],[-0.03278,51.40649],[-0.03199,51.40706],[-0.03039,51.41024],[-0.02883,51.41132],[-0.03114,51.4118],[-0.03314,51.41273],[-0.03455,51.41399],[-0.03526,51.41554],[-0.03332,51.42464],[-0.03179,51.42471],[-0.03197,51.42554],[-0.03008,51.42565],[-0.02598,51.42362],[-0.0244,51.42315],[-0.02258,51.42156],[-0.02224,51.42177],[-0.02093,51.42092],[-0.02165,51.42045],[-0.02075,51.41994],[-0.02136,51.41841],[-0.02253,51.41754],[-0.02171,51.41729],[-0.02216,51.41674],[-0.02101,51.41602],[-0.01782,51.41574],[-0.01796,51.41506],[-0.01413,51.4151],[-0.01453,51.41392],[-0.01424,51.41366],[-0.01052,51.41355],[-0.00767,51.41448]]]},"properties":{"WD22NM":"Beckenham Town & Copers Cope","LAD22NM":"Bromley"}},{"type":"Feature","geometry":{"type":"Polygon","coordinates":[[[0.04576,51.41584],[0.05281,51.4091],[0.0597,51.40358],[0.06486,51.39834],[0.06678,51.39638],[0.06385,51.39372],[0.06548,51.39129],[0.06422,51.39116],[0.06446,51.38918],[0.05956,51.3899],[0.05475,51.39111],[0.05449,51.39064],[0.04843,51.3894],[0.0455,51.39002],[0.04301,51.38945],[0.04202,51.39052],[0.04082,51.39412],[0.04026,51.39426],[0.04071,51.39469],[0.03763,51.39739],[0.03669,51.39967],[0.03262,51.39962],[0.02912,51.3997],[0.02937,51.4028],[0.02845,51.40297],[0.02847,51.40345],[0.02896,51.40336],[0.02994,51.40419],[0.03049,51.40583],[0.02933,51.40601],[0.02939,51.40627],[0.02871,51.40634],[0.0288,51.40665],[0.02697,51.40687],[0.02312,51.4071],[0.02103,51.40679],[0.02083,51.40785],[0.02022,51.40779],[0.0202,51.40975],[0.02359,51.41151],[0.02509,51.41289],[0.02461,51.41357],[0.02156,51.41412],[0.0218,51.41676],[0.02302,51.41715],[0.02455,51.42123],[0.02628,51.42253],[0.0306,51.42269],[0.03293,51.42237],[0.03392,51.42257],[0.03443,51.42314],[0.0406,51.41947],[0.04576,51.41584]]]},"properties":{"WD22NM":"Bickley & Sundridge","LAD22NM":"Bromley"}},{"type":"Feature","geometry":{"type":"Polygon","coordinates":[[[0.04262,51.30133],[0.04154,51.30298],[0.04092,51.30272],[0.03634,51.30586],[0.03291,51.30752],[0.03028,51.30556],[0.02798,51.30469],[0.02484,51.30215],[0.0236,51.2997],[0.02095,51.29678],[0.02087,51.29557],[0.0191,51.29168],[0.01501,51.29179],[0.01216,51.2996],[0.00839,51.31036],[0.01035,51.31614],[0.00658,51.31565],[0.00555,51.31844],[0.00487,51.32208],[0.00229,51.32914],[0.00221,51.32977],[0.00292,51.33034],[0.00331,51.33216],[0.00819,51.33144],[0.01068,51.33151],[0.01172,51.33101],[0.01207,51.33018],[0.01396,51.32841],[0.01552,51.32851],[0.01535,51.32881],[0.01721,51.32966],[0.0195,51.32971],[0.01964,51.32949],[0.02017,51.32977],[0.02053,51.32966],[0.0206,51.32767],[0.02172,51.3276],[0.02282,51.32767],[0.02385,51.32896],[0.02639,51.32967],[0.02726,51.33136],[0.02755,51.3331],[0.02853,51.33289],[0.02936,51.3345],[0.03057,51.33521],[0.03194,51.33443],[0.03887,51.3334],[0.03813,51.33198],[0.04209,51.33089],[0.03926,51.3259],[0.04174,51.32349],[0.04421,51.32031],[0.04306,51.31939],[0.0445,51.31873],[0.04351,51.31593],[0.04374,51.31346],[0.04431,51.31342],[0.04417,51.31253],[0.04328,51.31258],[0.04345,51.31026],[0.04446,51.30784],[0.04609,51.30677],[0.0471,51.3065],[0.0476,51.30695],[0.04755,51.30637],[0.04861,51.30599],[0.05051,51.30403],[0.04976,51.30403],[0.045,51.30181],[0.04262,51.30133]]]},"properties":{"WD22NM":"Biggin Hill","LAD22NM":"Bromley"}},{"type":"Feature","geometry":{"type":"Polygon","coordinates":[[[0.06548,51.39129],[0.06593,51.39035],[0.06574,51.38932],[0.06412,51.38705],[0.0635,51.38724],[0.06295,51.38662],[0.06346,51.3864],[0.06224,51.38522],[0.06211,51.38325],[0.06125,51.38253],[0.05904,51.38201],[0.05824,51.38095],[0.05691,51.3787],[0.05703,51.37715],[0.05631,51.37649],[0.05718,51.37586],[0.05374,51.37592],[0.05436,51.37495],[0.05425,51.37381],[0.05175,51.3725],[0.05195,51.37236],[0.05106,51.37176],[0.05079,51.37194],[0.0502,51.37147],[0.05044,51.37132],[0.04842,51.36998],[0.05075,51.36722],[0.05546,51.36481],[0.05449,51.36354],[0.05499,51.36326],[0.05335,51.36232],[0.05346,51.36012],[0.05185,51.35988],[0.05107,51.35946],[0.04819,51.35989],[0.04772,51.35822],[0.0464,51.35624],[0.0466,51.35505],[0.0441,51.35411],[0.04471,51.35316],[0.04578,51.35253],[0.04255,51.35025],[0.03981,51.34936],[0.03834,51.3503],[0.03682,51.34814],[0.03693,51.34778],[0.03646,51.3477],[0.03517,51.35064],[0.0324,51.35124],[0.03133,51.35199],[0.03294,51.35429],[0.03719,51.35698],[0.0381,51.35924],[0.03726,51.35951],[0.03729,51.35985],[0.0366,51.35987],[0.036,51.36164],[0.03534,51.36165],[0.0358,51.36199],[0.03418,51.36516],[0.0334,51.36795],[0.03348,51.36966],[0.03536,51.37458],[0.03527,51.37761],[0.03419,51.37906],[0.03378,51.3821],[0.03276,51.38363],[0.03233,51.38354],[0.03187,51.38401],[0.03206,51.3843],[0.0313,51.38518],[0.03072,51.38694],[0.02979,51.38779],[0.02548,51.38907],[0.0287,51.39043],[0.03236,51.3896],[0.03314,51.39028],[0.02585,51.3943],[0.0255,51.39486],[0.0261,51.39519],[0.02579,51.39542],[0.03014,51.39754],[0.03262,51.39962],[0.03669,51.39967],[0.03763,51.39739],[0.04071,51.39469],[0.04026,51.39426],[0.04082,51.39412],[0.04202,51.39052],[0.04301,51.38945],[0.0455,51.39002],[0.04843,51.3894],[0.05449,51.39064],[0.05475,51.39111],[0.05956,51.3899],[0.06446,51.38918],[0.06422,51.39116],[0.06548,51.39129]]]},"properties":{"WD22NM":"Bromley Common & Holwood","LAD22NM":"Bromley"}},{"type":"Feature","geometry":{"type":"Polygon","coordinates":[[[0.00355,51.41742],[0.00599,51.41575],[0.00997,51.41066],[0.01158,51.41105],[0.01439,51.41117],[0.01486,51.41207],[0.016,51.41191],[0.01552,51.41033],[0.01734,51.41032],[0.01697,51.40993],[0.01747,51.40991],[0.01871,51.41068],[0.01923,51.41028],[0.02028,51.41014],[0.0202,51.40975],[0.02022,51.40779],[0.02083,51.40785],[0.02103,51.40679],[0.02312,51.4071],[0.02697,51.40687],[0.0288,51.40665],[0.02871,51.40634],[0.02939,51.40627],[0.02933,51.40601],[0.03049,51.40583],[0.02994,51.40419],[0.02896,51.40336],[0.02847,51.40345],[0.02845,51.40297],[0.02937,51.4028],[0.02912,51.3997],[0.03262,51.39962],[0.03014,51.39754],[0.02579,51.39542],[0.0261,51.39519],[0.0255,51.39486],[0.02585,51.3943],[0.03314,51.39028],[0.03236,51.3896],[0.0287,51.39043],[0.02548,51.38907],[0.02088,51.38791],[0.01987,51.38834],[0.01749,51.38826],[0.01743,51.38863],[0.01652,51.3885],[0.01559,51.3889],[0.01134,51.38872],[0.00629,51.38912],[0.00653,51.38968],[0.00621,51.38983],[0.00715,51.39103],[0.00801,51.39138],[0.0065,51.3931],[0.01049,51.3946],[0.01165,51.39473],[0.01034,51.39624],[0.01545,51.39861],[0.01444,51.40009],[0.01211,51.40189],[0.01115,51.4022],[0.01102,51.40256],[0.01183,51.40296],[0.01076,51.40411],[0.00936,51.40378],[0.00757,51.40487],[0.00883,51.40553],[0.00849,51.40585],[0.00978,51.40657],[0.00892,51.40698],[0.0084,51.40665],[0.00781,51.40675],[0.00804,51.40708],[0.00729,51.40871],[0.00657,51.40885],[0.00604,51.40977],[0.00545,51.40985],[0.00437,51.41196],[0.00377,51.41211],[0.00408,51.41269],[0.00372,51.4132],[0.00205,51.41459],[0.00244,51.4152],[0.0019,51.41574],[-0.00057,51.41565],[-0.00073,51.41591],[-5E-05,51.41765],[0.00176,51.41856],[0.00355,51.41742]]]},"properties":{"WD22NM":"Bromley Town","LAD22NM":"Bromley"}},{"type":"Feature","geometry":{"type":"Polygon","coordinates":[[[0.14728,51.36702],[0.14835,51.36637],[0.14505,51.36285],[0.14539,51.3625],[0.1445,51.36106],[0.14457,51.36069],[0.14538,51.36034],[0.14485,51.35844],[0.1459,51.35822],[0.14565,51.35721],[0.14511,51.35576],[0.14405,51.35486],[0.14363,51.35302],[0.14314,51.35305],[0.14288,51.35266],[0.14262,51.35074],[0.14098,51.35015],[0.14129,51.34978],[0.13871,51.34752],[0.13949,51.3473],[0.13944,51.34698],[0.13827,51.34709],[0.13719,51.34588],[0.1362,51.34593],[0.13711,51.3448],[0.13696,51.34417],[0.13178,51.34551],[0.13167,51.34519],[0.12521,51.34587],[0.12224,51.34466],[0.11918,51.34426],[0.1111,51.34462],[0.10644,51.34512],[0.10135,51.34443],[0.09319,51.34584],[0.09041,51.34777],[0.08915,51.3495],[0.08806,51.35165],[0.08698,51.35599],[0.08598,51.3575],[0.08557,51.35797],[0.08868,51.35968],[0.08937,51.362],[0.08835,51.36247],[0.08987,51.36396],[0.08905,51.36492],[0.08815,51.36525],[0.08901,51.36571],[0.08902,51.36619],[0.08777,51.36644],[0.08857,51.36701],[0.0908,51.36777],[0.09164,51.3699],[0.09471,51.36628],[0.09818,51.36324],[0.10235,51.36041],[0.10343,51.36093],[0.103,51.36382],[0.10372,51.36422],[0.10472,51.36391],[0.1109,51.36396],[0.1118,51.36345],[0.11208,51.36279],[0.11322,51.36286],[0.11379,51.3632],[0.11387,51.36416],[0.11451,51.36424],[0.11433,51.36472],[0.11733,51.36518],[0.11738,51.36543],[0.11989,51.36483],[0.12062,51.36555],[0.12209,51.3652],[0.12243,51.36569],[0.12451,51.36518],[0.12549,51.36531],[0.12535,51.36568],[0.12693,51.36595],[0.12683,51.36623],[0.12876,51.36656],[0.12757,51.36787],[0.12875,51.36911],[0.1271,51.36956],[0.12728,51.37062],[0.1285,51.37199],[0.1301,51.3713],[0.13226,51.36978],[0.13985,51.36904],[0.14173,51.36781],[0.14389,51.36789],[0.1459,51.36714],[0.14728,51.36702]]]},"properties":{"WD22NM":"Chelsfield","LAD22NM":"Bromley"}},{"type":"Feature","geometry":{"type":"Polygon","coordinates":[[[0.09513,51.42008],[0.10449,51.41522],[0.10264,51.41134],[0.10053,51.41115],[0.09954,51.41073],[0.10039,51.40952],[0.09738,51.40888],[0.09094,51.40682],[0.0885,51.40641],[0.08906,51.40548],[0.08979,51.40513],[0.08957,51.40489],[0.0904,51.40448],[0.08963,51.40366],[0.09064,51.40341],[0.09109,51.40281],[0.09396,51.40269],[0.09445,51.40238],[0.09408,51.40179],[0.09738,51.40041],[0.09751,51.39995],[0.09979,51.40014],[0.09894,51.39758],[0.09683,51.39809],[0.09546,51.39811],[0.09481,51.39635],[0.09548,51.39563],[0.09539,51.39498],[0.09015,51.39487],[0.0853,51.39475],[0.08115,51.39509],[0.06745,51.39752],[0.06486,51.39834],[0.0597,51.40358],[0.05281,51.4091],[0.04576,51.41584],[0.04726,51.41671],[0.04755,51.41797],[0.04639,51.41821],[0.04684,51.41888],[0.04804,51.41879],[0.04834,51.41998],[0.04903,51.41988],[0.04924,51.42025],[0.05166,51.41983],[0.05259,51.4222],[0.0559,51.42082],[0.05622,51.42097],[0.05703,51.42279],[0.05822,51.42376],[0.05835,51.42412],[0.05765,51.42441],[0.05823,51.42488],[0.05862,51.4246],[0.06093,51.42507],[0.06173,51.42373],[0.06323,51.4242],[0.06446,51.42505],[0.06422,51.42537],[0.06661,51.42602],[0.06643,51.42634],[0.06696,51.42672],[0.07197,51.42965],[0.0735,51.43126],[0.07306,51.43138],[0.07335,51.43177],[0.07433,51.43149],[0.07486,51.43083],[0.07537,51.43199],[0.08117,51.43064],[0.08321,51.42987],[0.08922,51.42399],[0.09513,51.42008]]]},"properties":{"WD22NM":"Chislehurst","LAD22NM":"Bromley"}},{"type":"Feature","geometry":{"type":"Polygon","coordinates":[[[-0.03278,51.40649],[-0.03382,51.40563],[-0.03421,51.40462],[-0.03777,51.40225],[-0.04126,51.39906],[-0.04311,51.39919],[-0.04706,51.39818],[-0.04937,51.39896],[-0.05041,51.39802],[-0.05083,51.39772],[-0.0521,51.39829],[-0.05063,51.39956],[-0.05296,51.40146],[-0.05683,51.4005],[-0.05939,51.39925],[-0.06056,51.39912],[-0.06016,51.39955],[-0.06216,51.40153],[-0.06376,51.40156],[-0.06461,51.40172],[-0.06447,51.40204],[-0.06639,51.40258],[-0.06857,51.40384],[-0.06485,51.40608],[-0.05956,51.40864],[-0.05919,51.40817],[-0.05832,51.40835],[-0.0578,51.40785],[-0.05727,51.4071],[-0.05813,51.40682],[-0.05784,51.40651],[-0.05737,51.40668],[-0.05694,51.40631],[-0.05577,51.40673],[-0.05528,51.40641],[-0.05455,51.40676],[-0.05497,51.40713],[-0.05351,51.40796],[-0.05291,51.40797],[-0.05178,51.40869],[-0.05133,51.40834],[-0.05061,51.40868],[-0.0509,51.40924],[-0.04953,51.40971],[-0.04852,51.41068],[-0.04735,51.41042],[-0.04689,51.41068],[-0.04815,51.41134],[-0.04677,51.41305],[-0.04441,51.41196],[-0.04151,51.41125],[-0.03914,51.41106],[-0.03559,51.4113],[-0.03521,51.41223],[-0.03526,51.41554],[-0.03455,51.41399],[-0.03314,51.41273],[-0.03114,51.4118],[-0.02883,51.41132],[-0.03039,51.41024],[-0.03199,51.40706],[-0.03278,51.40649]]]},"properties":{"WD22NM":"Clock House","LAD22NM":"Bromley"}},{"type":"Feature","geometry":{"type":"Polygon","coordinates":[[[-0.0718,51.42577],[-0.07147,51.42575],[-0.07136,51.42619],[-0.07136,51.4262],[-0.07054,51.42609],[-0.07058,51.42601],[-0.0707,51.42572],[-0.06667,51.42437],[-0.0664,51.42461],[-0.06606,51.42446],[-0.06617,51.42419],[-0.06391,51.42337],[-0.06401,51.42302],[-0.06368,51.42274],[-0.06331,51.42292],[-0.06277,51.42244],[-0.06306,51.42222],[-0.0627,51.42236],[-0.06242,51.42203],[-0.06271,51.42177],[-0.06221,51.42174],[-0.06161,51.42026],[-0.06229,51.42024],[-0.0623,51.41897],[-0.06003,51.41812],[-0.06589,51.41218],[-0.06598,51.41164],[-0.06332,51.41057],[-0.06306,51.41109],[-0.06207,51.41079],[-0.06245,51.40955],[-0.06146,51.40941],[-0.06089,51.40983],[-0.05998,51.40979],[-0.05948,51.40955],[-0.06022,51.40919],[-0.05956,51.40864],[-0.06485,51.40608],[-0.06857,51.40384],[-0.07018,51.40626],[-0.07283,51.40848],[-0.07352,51.41047],[-0.07273,51.41269],[-0.07515,51.41354],[-0.0765,51.41444],[-0.08039,51.41554],[-0.08074,51.41602],[-0.08106,51.41731],[-0.07856,51.41988],[-0.07829,51.4206],[-0.07494,51.4257],[-0.07392,51.42615],[-0.07184,51.4263],[-0.0718,51.42577]]]},"properties":{"WD22NM":"Crystal Palace & Anerley","LAD22NM":"Bromley"}},{"type":"Feature","geometry":{"type":"Polygon","coordinates":[[[0.08598,51.3575],[0.08698,51.35599],[0.08806,51.35165],[0.08915,51.3495],[0.09041,51.34777],[0.09319,51.34584],[0.10135,51.34443],[0.10644,51.34512],[0.1111,51.34462],[0.11918,51.34426],[0.11846,51.34415],[0.11759,51.34313],[0.11723,51.34316],[0.11668,51.3413],[0.11728,51.33978],[0.11847,51.33998],[0.11901,51.33868],[0.1183,51.3384],[0.12001,51.33474],[0.12168,51.33364],[0.12025,51.33214],[0.11789,51.33062],[0.1179,51.32966],[0.11736,51.32948],[0.11664,51.33],[0.11574,51.32951],[0.11421,51.3274],[0.11015,51.32804],[0.10976,51.32668],[0.10724,51.32752],[0.1049,51.32741],[0.10324,51.326],[0.10079,51.32559],[0.10018,51.32407],[0.09618,51.32129],[0.09278,51.31981],[0.08779,51.31831],[0.08682,51.31719],[0.08503,51.31602],[0.08564,51.31478],[0.08507,51.3126],[0.08357,51.31053],[0.08475,51.30835],[0.08409,51.30805],[0.08488,51.30604],[0.08282,51.30563],[0.08543,51.30252],[0.08634,51.30017],[0.09118,51.29683],[0.08926,51.29609],[0.08569,51.29308],[0.08158,51.29184],[0.07337,51.29161],[0.06756,51.29038],[0.05851,51.28935],[0.05605,51.2924],[0.05439,51.29209],[0.05079,51.29399],[0.04849,51.29372],[0.04573,51.294],[0.04477,51.29309],[0.0424,51.29268],[0.04331,51.29658],[0.0443,51.29858],[0.04309,51.29905],[0.04262,51.30133],[0.045,51.30181],[0.04976,51.30403],[0.05051,51.30403],[0.04861,51.30599],[0.04755,51.30637],[0.0476,51.30695],[0.0471,51.3065],[0.04609,51.30677],[0.04446,51.30784],[0.04345,51.31026],[0.04328,51.31258],[0.04417,51.31253],[0.04431,51.31342],[0.04374,51.31346],[0.04351,51.31593],[0.0445,51.31873],[0.04306,51.31939],[0.04421,51.32031],[0.04174,51.32349],[0.03926,51.3259],[0.04209,51.33089],[0.03813,51.33198],[0.03887,51.3334],[0.03194,51.33443],[0.03057,51.33521],[0.02936,51.3345],[0.02853,51.33289],[0.02755,51.3331],[0.02726,51.33136],[0.02639,51.32967],[0.02385,51.32896],[0.02282,51.32767],[0.02172,51.3276],[0.0206,51.32767],[0.02053,51.32966],[0.02017,51.32977],[0.01964,51.32949],[0.0195,51.32971],[0.01721,51.32966],[0.01535,51.32881],[0.01552,51.32851],[0.01396,51.32841],[0.01207,51.33018],[0.01172,51.33101],[0.01068,51.33151],[0.00819,51.33144],[0.00331,51.33216],[0.0023,51.33249],[0.00087,51.33359],[-0.00289,51.34552],[0.00074,51.34617],[0.00257,51.348],[0.00433,51.34856],[0.00452,51.35013],[0.00654,51.3513],[0.00675,51.35176],[0.00904,51.35094],[0.00946,51.34994],[0.01186,51.34994],[0.01478,51.3495],[0.01572,51.3502],[0.01746,51.3526],[0.02015,51.35249],[0.02023,51.35269],[0.02353,51.3514],[0.02679,51.34957],[0.02781,51.34967],[0.03156,51.34892],[0.034,51.34892],[0.03404,51.34775],[0.03646,51.3477],[0.03693,51.34778],[0.03682,51.34814],[0.03834,51.3503],[0.03981,51.34936],[0.04255,51.35025],[0.04578,51.35253],[0.04471,51.35316],[0.0441,51.35411],[0.0466,51.35505],[0.0464,51.35624],[0.04772,51.35822],[0.04819,51.35989],[0.05107,51.35946],[0.05185,51.35988],[0.05346,51.36012],[0.05426,51.35792],[0.06449,51.35946],[0.06455,51.35898],[0.06681,51.35849],[0.06703,51.35813],[0.06871,51.35862],[0.06979,51.35705],[0.0718,51.35755],[0.07157,51.35792],[0.07243,51.35815],[0.07484,51.35738],[0.07786,51.35722],[0.0788,51.35892],[0.08342,51.35827],[0.08598,51.3575]]]},"properties":{"WD22NM":"Darwin","LAD22NM":"Bromley"}},{"type":"Feature","geometry":{"type":"Polygon","coordinates":[[[0.09164,51.3699],[0.0908,51.36777],[0.08857,51.36701],[0.08777,51.36644],[0.08902,51.36619],[0.08901,51.36571],[0.08815,51.36525],[0.08905,51.36492],[0.08987,51.36396],[0.08835,51.36247],[0.08937,51.362],[0.08868,51.35968],[0.08557,51.35797],[0.08598,51.3575],[0.08342,51.35827],[0.0788,51.35892],[0.07786,51.35722],[0.07484,51.35738],[0.07243,51.35815],[0.07157,51.35792],[0.0718,51.35755],[0.06979,51.35705],[0.06871,51.35862],[0.06703,51.35813],[0.06681,51.35849],[0.06455,51.35898],[0.06449,51.35946],[0.05426,51.35792],[0.05346,51.36012],[0.05335,51.36232],[0.05499,51.36326],[0.05449,51.36354],[0.05546,51.36481],[0.05075,51.36722],[0.04842,51.36998],[0.05044,51.37132],[0.0502,51.37147],[0.05079,51.37194],[0.05106,51.37176],[0.05195,51.37236],[0.05175,51.3725],[0.05425,51.37381],[0.05436,51.37495],[0.05374,51.37592],[0.05718,51.37586],[0.05631,51.37649],[0.05703,51.37715],[0.05691,51.3787],[0.05824,51.38095],[0.05954,51.38098],[0.06561,51.37899],[0.06676,51.37814],[0.06863,51.37741],[0.07052,51.3781],[0.07171,51.37928],[0.07372,51.37871],[0.07301,51.37787],[0.07644,51.37651],[0.07674,51.37644],[0.07711,51.37697],[0.07838,51.37667],[0.07827,51.37638],[0.08147,51.37564],[0.08222,51.37806],[0.08303,51.37783],[0.08318,51.37816],[0.08434,51.37841],[0.08805,51.37441],[0.08735,51.37409],[0.08826,51.37275],[0.08984,51.37225],[0.09164,51.3699]]]},"properties":{"WD22NM":"Farnborough & Crofton","LAD22NM":"Bromley"}},{"type":"Feature","geometry":{"type":"Polygon","coordinates":[[[0.03646,51.3477],[0.03404,51.34775],[0.034,51.34892],[0.03156,51.34892],[0.02781,51.34967],[0.02679,51.34957],[0.02353,51.3514],[0.02023,51.35269],[0.02015,51.35249],[0.01746,51.3526],[0.01572,51.3502],[0.01478,51.3495],[0.01186,51.34994],[0.00946,51.34994],[0.00904,51.35094],[0.00675,51.35176],[0.00654,51.3513],[0.00452,51.35013],[0.00433,51.34856],[0.00257,51.348],[0.00074,51.34617],[-0.00289,51.34552],[-0.0046,51.34956],[-0.00531,51.35258],[-0.00866,51.35583],[-0.01186,51.35728],[-0.0131,51.35721],[-0.01562,51.35887],[-0.01826,51.36125],[-0.01891,51.36279],[-0.01976,51.36362],[-0.01614,51.36449],[-0.00576,51.36834],[-0.00167,51.37092],[0.00037,51.37302],[0.00217,51.37428],[0.00248,51.37516],[0.00405,51.37666],[-0.00223,51.37725],[-0.00072,51.37832],[-0.00057,51.37898],[-3E-05,51.37878],[0.00297,51.38064],[0.00256,51.38088],[0.00279,51.38152],[0.00372,51.38242],[0.00266,51.38411],[0.00269,51.38811],[0.00437,51.38855],[0.00421,51.38889],[0.00513,51.38929],[0.00629,51.38912],[0.01134,51.38872],[0.01559,51.3889],[0.01652,51.3885],[0.01743,51.38863],[0.01749,51.38826],[0.01987,51.38834],[0.02088,51.38791],[0.02548,51.38907],[0.02979,51.38779],[0.03072,51.38694],[0.0313,51.38518],[0.03206,51.3843],[0.03187,51.38401],[0.03233,51.38354],[0.03276,51.38363],[0.03378,51.3821],[0.03419,51.37906],[0.03527,51.37761],[0.03536,51.37458],[0.03348,51.36966],[0.0334,51.36795],[0.03418,51.36516],[0.0358,51.36199],[0.03534,51.36165],[0.036,51.36164],[0.0366,51.35987],[0.03729,51.35985],[0.03726,51.35951],[0.0381,51.35924],[0.03719,51.35698],[0.03294,51.35429],[0.03133,51.35199],[0.0324,51.35124],[0.03517,51.35064],[0.03646,51.3477]]]},"properties":{"WD22NM":"Hayes & Coney Hall","LAD22NM":"Bromley"}},{"type":"Feature","geometry":{"type":"Polygon","coordinates":[[[-0.01128,51.40113],[-0.00956,51.40039],[-0.00982,51.39969],[-0.00918,51.39952],[-0.00921,51.39915],[-0.01586,51.39941],[-0.01804,51.39913],[-0.01746,51.39767],[-0.0179,51.396],[-0.01654,51.39533],[-0.01347,51.3917],[-0.01381,51.3912],[-0.01638,51.38984],[-0.01645,51.38834],[-0.01593,51.38819],[-0.01627,51.3879],[-0.01857,51.38789],[-0.01804,51.3854],[-0.02036,51.38509],[-0.02287,51.38694],[-0.02292,51.38615],[-0.02407,51.38436],[-0.02439,51.38436],[-0.02439,51.38324],[-0.02515,51.38147],[-0.02582,51.38155],[-0.02679,51.37937],[-0.02801,51.37936],[-0.02824,51.3782],[-0.02973,51.37734],[-0.03677,51.377],[-0.03633,51.379],[-0.0369,51.37895],[-0.03787,51.38323],[-0.0365,51.38846],[-0.04275,51.38945],[-0.04468,51.3905],[-0.04621,51.392],[-0.0468,51.39184],[-0.04774,51.39304],[-0.05169,51.39358],[-0.0517,51.394],[-0.05348,51.39492],[-0.05095,51.39713],[-0.05041,51.39802],[-0.04937,51.39896],[-0.04706,51.39818],[-0.04311,51.39919],[-0.04126,51.39906],[-0.03777,51.40225],[-0.03421,51.40462],[-0.03382,51.40563],[-0.03278,51.40649],[-0.03142,51.40648],[-0.03162,51.40592],[-0.03025,51.40553],[-0.02997,51.40633],[-0.02896,51.40625],[-0.02902,51.40567],[-0.02835,51.40563],[-0.02836,51.40597],[-0.02496,51.406],[-0.02459,51.40629],[-0.02389,51.40578],[-0.02378,51.40461],[-0.02228,51.40367],[-0.01941,51.40415],[-0.01955,51.40449],[-0.01827,51.4046],[-0.01824,51.40488],[-0.0167,51.40483],[-0.01683,51.40436],[-0.01522,51.40352],[-0.01466,51.40384],[-0.01377,51.40349],[-0.01343,51.40234],[-0.01128,51.40113]]]},"properties":{"WD22NM":"Kelsey & Eden Park","LAD22NM":"Bromley"}},{"type":"Feature","geometry":{"type":"Polygon","coordinates":[[[0.03981,51.44099],[0.04221,51.43948],[0.04334,51.43775],[0.04521,51.4366],[0.04517,51.43622],[0.04781,51.43375],[0.05108,51.43153],[0.05485,51.42752],[0.05823,51.42488],[0.05765,51.42441],[0.05835,51.42412],[0.05822,51.42376],[0.05703,51.42279],[0.05622,51.42097],[0.0559,51.42082],[0.05259,51.4222],[0.05166,51.41983],[0.04924,51.42025],[0.04903,51.41988],[0.04834,51.41998],[0.04804,51.41879],[0.04684,51.41888],[0.04639,51.41821],[0.04755,51.41797],[0.04726,51.41671],[0.04576,51.41584],[0.0406,51.41947],[0.03443,51.42314],[0.03463,51.42337],[0.03621,51.42237],[0.03905,51.42467],[0.03849,51.42759],[0.03786,51.42779],[0.03836,51.42803],[0.03755,51.43138],[0.03772,51.43335],[0.03373,51.4317],[0.03325,51.43224],[0.03248,51.43189],[0.03161,51.43256],[0.03117,51.4321],[0.03141,51.43258],[0.02861,51.43403],[0.02909,51.43467],[0.0287,51.43641],[0.02727,51.43656],[0.0254,51.43569],[0.02482,51.43824],[0.02884,51.43879],[0.0286,51.44045],[0.02939,51.44171],[0.0306,51.44432],[0.0335,51.44359],[0.03557,51.44245],[0.03981,51.44099]]]},"properties":{"WD22NM":"Mottingham","LAD22NM":"Bromley"}},{"type":"Feature","geometry":{"type":"Polygon","coordinates":[[[0.1285,51.37199],[0.12728,51.37062],[0.1271,51.36956],[0.12875,51.36911],[0.12757,51.36787],[0.12876,51.36656],[0.12683,51.36623],[0.12693,51.36595],[0.12535,51.36568],[0.12549,51.36531],[0.12451,51.36518],[0.12243,51.36569],[0.12209,51.3652],[0.12062,51.36555],[0.11989,51.36483],[0.11738,51.36543],[0.11733,51.36518],[0.11433,51.36472],[0.11451,51.36424],[0.11387,51.36416],[0.11379,51.3632],[0.11322,51.36286],[0.11208,51.36279],[0.1118,51.36345],[0.1109,51.36396],[0.10472,51.36391],[0.10372,51.36422],[0.103,51.36382],[0.10343,51.36093],[0.10235,51.36041],[0.09818,51.36324],[0.09471,51.36628],[0.0958,51.36811],[0.09754,51.37293],[0.09756,51.3732],[0.09569,51.37316],[0.09639,51.37489],[0.09729,51.37518],[0.09788,51.37605],[0.09852,51.37583],[0.0989,51.37634],[0.09816,51.37654],[0.09865,51.37729],[0.09925,51.3771],[0.10125,51.37911],[0.10199,51.37891],[0.10329,51.38],[0.1054,51.38152],[0.10783,51.38235],[0.10865,51.38041],[0.10889,51.37824],[0.11115,51.37784],[0.11119,51.37743],[0.11362,51.37703],[0.1159,51.37697],[0.11582,51.37763],[0.11665,51.37765],[0.12183,51.37672],[0.12294,51.37678],[0.12406,51.37481],[0.1285,51.37199]]]},"properties":{"WD22NM":"Orpington","LAD22NM":"Bromley"}},{"type":"Feature","geometry":{"type":"Polygon","coordinates":[[[-0.0399,51.42425],[-0.03845,51.42396],[-0.03746,51.42499],[-0.0342,51.4251],[-0.03421,51.42475],[-0.03332,51.42464],[-0.03526,51.41554],[-0.03521,51.41223],[-0.03559,51.4113],[-0.03914,51.41106],[-0.04151,51.41125],[-0.04441,51.41196],[-0.04677,51.41305],[-0.04815,51.41134],[-0.04689,51.41068],[-0.04735,51.41042],[-0.04852,51.41068],[-0.04953,51.40971],[-0.0509,51.40924],[-0.05061,51.40868],[-0.05133,51.40834],[-0.05178,51.40869],[-0.05291,51.40797],[-0.05351,51.40796],[-0.05497,51.40713],[-0.05455,51.40676],[-0.05528,51.40641],[-0.05577,51.40673],[-0.05694,51.40631],[-0.05737,51.40668],[-0.05784,51.40651],[-0.05813,51.40682],[-0.05727,51.4071],[-0.0578,51.40785],[-0.05832,51.40835],[-0.05919,51.40817],[-0.05956,51.40864],[-0.06022,51.40919],[-0.05948,51.40955],[-0.05998,51.40979],[-0.06089,51.40983],[-0.06146,51.40941],[-0.06245,51.40955],[-0.06207,51.41079],[-0.06306,51.41109],[-0.06332,51.41057],[-0.06598,51.41164],[-0.06589,51.41218],[-0.06003,51.41812],[-0.0623,51.41897],[-0.06229,51.42024],[-0.06161,51.42026],[-0.06221,51.42174],[-0.06271,51.42177],[-0.06242,51.42203],[-0.0627,51.42236],[-0.06306,51.42222],[-0.06277,51.42244],[-0.06331,51.42292],[-0.06368,51.42274],[-0.06401,51.42302],[-0.06391,51.42337],[-0.06617,51.42419],[-0.06606,51.42446],[-0.0664,51.42461],[-0.06667,51.42437],[-0.0707,51.42572],[-0.07058,51.42601],[-0.07054,51.42609],[-0.07136,51.4262],[-0.07136,51.42619],[-0.07147,51.42575],[-0.0718,51.42577],[-0.07184,51.4263],[-0.07096,51.42624],[-0.0705,51.42617],[-0.06886,51.42562],[-0.06866,51.426],[-0.06789,51.42593],[-0.06604,51.42507],[-0.06582,51.42533],[-0.06458,51.42506],[-0.0644,51.42533],[-0.06258,51.4252],[-0.0581,51.42318],[-0.05676,51.42297],[-0.05513,51.42294],[-0.05475,51.42373],[-0.05178,51.42358],[-0.05175,51.42252],[-0.04721,51.42286],[-0.04599,51.4228],[-0.04626,51.42237],[-0.04158,51.42365],[-0.04104,51.42425],[-0.0399,51.42425]]]},"properties":{"WD22NM":"Penge & Cator","LAD22NM":"Bromley"}},{"type":"Feature","geometry":{"type":"Polygon","coordinates":[[[0.09015,51.39487],[0.0902,51.39403],[0.08987,51.39392],[0.09088,51.39303],[0.09064,51.3925],[0.09128,51.3924],[0.09165,51.39155],[0.09119,51.39071],[0.0916,51.39039],[0.08955,51.38563],[0.08977,51.38524],[0.08877,51.38485],[0.09155,51.38332],[0.09335,51.38317],[0.09605,51.38133],[0.09856,51.381],[0.10009,51.38153],[0.10171,51.38155],[0.10329,51.38],[0.10199,51.37891],[0.10125,51.37911],[0.09925,51.3771],[0.09865,51.37729],[0.09816,51.37654],[0.0989,51.37634],[0.09852,51.37583],[0.09788,51.37605],[0.09729,51.37518],[0.09639,51.37489],[0.09569,51.37316],[0.09756,51.3732],[0.09754,51.37293],[0.0958,51.36811],[0.09471,51.36628],[0.09164,51.3699],[0.08984,51.37225],[0.08826,51.37275],[0.08735,51.37409],[0.08805,51.37441],[0.08434,51.37841],[0.08318,51.37816],[0.08303,51.37783],[0.08222,51.37806],[0.08147,51.37564],[0.07827,51.37638],[0.07838,51.37667],[0.07711,51.37697],[0.07674,51.37644],[0.07644,51.37651],[0.07301,51.37787],[0.07372,51.37871],[0.07171,51.37928],[0.07052,51.3781],[0.06863,51.37741],[0.06676,51.37814],[0.06561,51.37899],[0.05954,51.38098],[0.05824,51.38095],[0.05904,51.38201],[0.06125,51.38253],[0.06211,51.38325],[0.06224,51.38522],[0.06346,51.3864],[0.06295,51.38662],[0.0635,51.38724],[0.06412,51.38705],[0.06574,51.38932],[0.06593,51.39035],[0.06548,51.39129],[0.06385,51.39372],[0.06678,51.39638],[0.06486,51.39834],[0.06745,51.39752],[0.08115,51.39509],[0.0853,51.39475],[0.09015,51.39487]]]},"properties":{"WD22NM":"Petts Wood & Knoll","LAD22NM":"Bromley"}},{"type":"Feature","geometry":{"type":"Polygon","coordinates":[[[0.03463,51.42337],[0.03443,51.42314],[0.03392,51.42257],[0.03293,51.42237],[0.0306,51.42269],[0.02628,51.42253],[0.02455,51.42123],[0.02302,51.41715],[0.0218,51.41676],[0.02156,51.41412],[0.02461,51.41357],[0.02509,51.41289],[0.02359,51.41151],[0.0202,51.40975],[0.02028,51.41014],[0.01923,51.41028],[0.01871,51.41068],[0.01747,51.40991],[0.01697,51.40993],[0.01734,51.41032],[0.01552,51.41033],[0.016,51.41191],[0.01486,51.41207],[0.01439,51.41117],[0.01158,51.41105],[0.00997,51.41066],[0.00599,51.41575],[0.00355,51.41742],[0.0057,51.41851],[0.00525,51.41932],[0.00632,51.42101],[0.00676,51.42094],[0.00687,51.42149],[0.00738,51.42138],[0.0081,51.42304],[0.00999,51.42248],[0.01184,51.42405],[0.01337,51.4247],[0.01354,51.42509],[0.01442,51.42523],[0.01413,51.42617],[0.01607,51.42621],[0.01746,51.42685],[0.0188,51.42705],[0.02041,51.42689],[0.02116,51.42684],[0.02544,51.42899],[0.03463,51.42337]]]},"properties":{"WD22NM":"Plaistow","LAD22NM":"Bromley"}},{"type":"Feature","geometry":{"type":"Polygon","coordinates":[[[0.00629,51.38912],[0.00513,51.38929],[0.00421,51.38889],[0.00437,51.38855],[0.00269,51.38811],[0.00055,51.39157],[-0.00229,51.39029],[-0.00527,51.38837],[-0.00499,51.3882],[-0.00553,51.38793],[-0.00593,51.38661],[-0.00336,51.38359],[-0.00765,51.38203],[-0.00851,51.3827],[-0.01299,51.38163],[-0.01297,51.38189],[-0.0138,51.38195],[-0.01785,51.38345],[-0.02036,51.38509],[-0.01804,51.3854],[-0.01857,51.38789],[-0.01627,51.3879],[-0.01593,51.38819],[-0.01645,51.38834],[-0.01638,51.38984],[-0.01381,51.3912],[-0.01347,51.3917],[-0.01654,51.39533],[-0.0179,51.396],[-0.01746,51.39767],[-0.01804,51.39913],[-0.01586,51.39941],[-0.00921,51.39915],[-0.00918,51.39952],[-0.00982,51.39969],[-0.00956,51.40039],[-0.01128,51.40113],[-0.01065,51.40124],[-0.00914,51.40079],[-0.00816,51.40237],[-0.00725,51.40203],[-0.00681,51.40282],[-0.00867,51.40407],[-0.00848,51.40461],[-0.00805,51.40444],[-0.00768,51.40472],[-0.00733,51.40647],[-0.00608,51.40639],[-0.00664,51.40745],[-0.00775,51.40737],[-0.00787,51.40758],[-0.00736,51.40847],[-0.00752,51.40922],[-0.00383,51.40872],[-0.00098,51.40776],[-0.00332,51.40899],[-0.00495,51.41029],[-0.00767,51.41448],[-0.0066,51.41466],[-0.00654,51.41599],[-0.00551,51.41579],[-0.00497,51.41459],[-0.00326,51.41505],[-0.00338,51.41566],[-0.00073,51.41591],[-0.00057,51.41565],[0.0019,51.41574],[0.00244,51.4152],[0.00205,51.41459],[0.00372,51.4132],[0.00408,51.41269],[0.00377,51.41211],[0.00437,51.41196],[0.00545,51.40985],[0.00604,51.40977],[0.00657,51.40885],[0.00729,51.40871],[0.00804,51.40708],[0.00781,51.40675],[0.0084,51.40665],[0.00892,51.40698],[0.00978,51.40657],[0.00849,51.40585],[0.00883,51.40553],[0.00757,51.40487],[0.00936,51.40378],[0.01076,51.40411],[0.01183,51.40296],[0.01102,51.40256],[0.01115,51.4022],[0.01211,51.40189],[0.01444,51.40009],[0.01545,51.39861],[0.01034,51.39624],[0.01165,51.39473],[0.01049,51.3946],[0.0065,51.3931],[0.00801,51.39138],[0.00715,51.39103],[0.00621,51.38983],[0.00653,51.38968],[0.00629,51.38912]]]},"properties":{"WD22NM":"Shortlands & Park Langley","LAD22NM":"Bromley"}},{"type":"Feature","geometry":{"type":"Polygon","coordinates":[[[0.14773,51.39261],[0.14753,51.39216],[0.14984,51.39087],[0.14865,51.38867],[0.14942,51.38785],[0.1489,51.38757],[0.15046,51.38602],[0.14999,51.38584],[0.1498,51.38487],[0.14979,51.38367],[0.15047,51.38345],[0.15037,51.38109],[0.14961,51.38109],[0.14961,51.38009],[0.15113,51.3799],[0.15097,51.37909],[0.15235,51.37869],[0.15219,51.37834],[0.15324,51.37804],[0.15254,51.37523],[0.15174,51.37544],[0.1496,51.37358],[0.15083,51.37292],[0.15121,51.37219],[0.15013,51.37016],[0.15206,51.36969],[0.15162,51.36838],[0.15103,51.36832],[0.14944,51.36916],[0.14888,51.36812],[0.14728,51.36702],[0.1459,51.36714],[0.14389,51.36789],[0.14173,51.36781],[0.13985,51.36904],[0.13226,51.36978],[0.1301,51.3713],[0.1285,51.37199],[0.12406,51.37481],[0.12294,51.37678],[0.12183,51.37672],[0.11665,51.37765],[0.11582,51.37763],[0.1159,51.37697],[0.11362,51.37703],[0.11119,51.37743],[0.11115,51.37784],[0.10889,51.37824],[0.10865,51.38041],[0.10783,51.38235],[0.1054,51.38152],[0.10329,51.38],[0.10171,51.38155],[0.10009,51.38153],[0.09856,51.381],[0.09605,51.38133],[0.09335,51.38317],[0.09155,51.38332],[0.08877,51.38485],[0.08977,51.38524],[0.08955,51.38563],[0.0916,51.39039],[0.09119,51.39071],[0.09165,51.39155],[0.09128,51.3924],[0.09064,51.3925],[0.09088,51.39303],[0.08987,51.39392],[0.0902,51.39403],[0.09015,51.39487],[0.09539,51.39498],[0.10127,51.39464],[0.11187,51.39466],[0.11255,51.39659],[0.11593,51.39575],[0.11596,51.39527],[0.11841,51.39495],[0.11871,51.39532],[0.11994,51.3952],[0.1198,51.39477],[0.12072,51.39466],[0.12108,51.39508],[0.12422,51.39484],[0.12503,51.39449],[0.12546,51.39467],[0.12551,51.39577],[0.1281,51.39561],[0.12907,51.39515],[0.12859,51.39423],[0.12822,51.39427],[0.12817,51.39355],[0.14773,51.39261]]]},"properties":{"WD22NM":"St Mary Cray","LAD22NM":"Bromley"}},{"type":"Feature","geometry":{"type":"Polygon","coordinates":[[[0.14887,51.40843],[0.14869,51.40813],[0.1511,51.40664],[0.15282,51.40627],[0.15525,51.40397],[0.15497,51.40366],[0.15551,51.40358],[0.15643,51.40249],[0.15736,51.40078],[0.15773,51.39815],[0.15898,51.39582],[0.16238,51.39249],[0.16131,51.39237],[0.15827,51.39224],[0.14774,51.3928],[0.14773,51.39261],[0.12817,51.39355],[0.12822,51.39427],[0.12859,51.39423],[0.12907,51.39515],[0.1281,51.39561],[0.12551,51.39577],[0.12546,51.39467],[0.12503,51.39449],[0.12422,51.39484],[0.12108,51.39508],[0.12072,51.39466],[0.1198,51.39477],[0.11994,51.3952],[0.11871,51.39532],[0.11841,51.39495],[0.11596,51.39527],[0.11593,51.39575],[0.11255,51.39659],[0.11187,51.39466],[0.10127,51.39464],[0.09539,51.39498],[0.09548,51.39563],[0.09481,51.39635],[0.09546,51.39811],[0.09683,51.39809],[0.09894,51.39758],[0.09979,51.40014],[0.09751,51.39995],[0.09738,51.40041],[0.09408,51.40179],[0.09445,51.40238],[0.09396,51.40269],[0.09109,51.40281],[0.09064,51.40341],[0.08963,51.40366],[0.0904,51.40448],[0.08957,51.40489],[0.08979,51.40513],[0.08906,51.40548],[0.0885,51.40641],[0.09094,51.40682],[0.09738,51.40888],[0.10039,51.40952],[0.09954,51.41073],[0.10053,51.41115],[0.10264,51.41134],[0.10449,51.41522],[0.1076,51.41409],[0.11312,51.41291],[0.11992,51.4134],[0.12543,51.41478],[0.12652,51.41467],[0.12827,51.41496],[0.13284,51.41425],[0.13921,51.41159],[0.14887,51.40843]]]},"properties":{"WD22NM":"St Paul's Cray","LAD22NM":"Bromley"}},{"type":"Feature","geometry":{"type":"Polygon","coordinates":[[[0.00269,51.38811],[0.00266,51.38411],[0.00372,51.38242],[0.00279,51.38152],[0.00256,51.38088],[0.00297,51.38064],[-3E-05,51.37878],[-0.00057,51.37898],[-0.00072,51.37832],[-0.00223,51.37725],[0.00405,51.37666],[0.00248,51.37516],[0.00217,51.37428],[0.00037,51.37302],[-0.00167,51.37092],[-0.00576,51.36834],[-0.01614,51.36449],[-0.01976,51.36362],[-0.02225,51.36588],[-0.02356,51.36529],[-0.02447,51.36678],[-0.02309,51.36701],[-0.02378,51.37132],[-0.02357,51.37222],[-0.02613,51.37645],[-0.02679,51.37937],[-0.02582,51.38155],[-0.02515,51.38147],[-0.02439,51.38324],[-0.02439,51.38436],[-0.02407,51.38436],[-0.02292,51.38615],[-0.02287,51.38694],[-0.02036,51.38509],[-0.01785,51.38345],[-0.0138,51.38195],[-0.01297,51.38189],[-0.01299,51.38163],[-0.00851,51.3827],[-0.00765,51.38203],[-0.00336,51.38359],[-0.00593,51.38661],[-0.00553,51.38793],[-0.00499,51.3882],[-0.00527,51.38837],[-0.00229,51.39029],[0.00055,51.39157],[0.00269,51.38811]]]},"properties":{"WD22NM":"West Wickham","LAD22NM":"Bromley"}},{"type":"Feature","geometry":{"type":"Polygon","coordinates":[[[-0.14229,51.45098],[-0.14312,51.44971],[-0.14481,51.44844],[-0.14557,51.44602],[-0.14538,51.44492],[-0.14359,51.44184],[-0.14342,51.44128],[-0.15308,51.44315],[-0.16069,51.44473],[-0.16246,51.44548],[-0.16474,51.44707],[-0.16343,51.44834],[-0.16488,51.4502],[-0.1543,51.45321],[-0.15361,51.45372],[-0.15203,51.45411],[-0.15276,51.45501],[-0.14813,51.45641],[-0.14735,51.45296],[-0.1477,51.45234],[-0.14229,51.45098]]]},"properties":{"WD22NM":"Balham","LAD22NM":"Wandsworth"}},{"type":"Feature","geometry":{"type":"Polygon","coordinates":[[[-0.14739,51.48358],[-0.14764,51.47663],[-0.14844,51.47419],[-0.15723,51.47043],[-0.15954,51.47013],[-0.16445,51.47042],[-0.16661,51.47481],[-0.17113,51.47529],[-0.17321,51.4749],[-0.17346,51.47558],[-0.17158,51.47618],[-0.1699,51.47825],[-0.1717,51.48023],[-0.17163,51.48026],[-0.1663,51.48132],[-0.16624,51.48133],[-0.14893,51.48361],[-0.14739,51.48358]]]},"properties":{"WD22NM":"Battersea Park","LAD22NM":"Wandsworth"}},{"type":"Feature","geometry":{"type":"Polygon","coordinates":[[[-0.20002,51.46031],[-0.19916,51.45996],[-0.1983,51.45891],[-0.19769,51.45709],[-0.19828,51.457],[-0.1976,51.45485],[-0.19734,51.45464],[-0.19698,51.45511],[-0.19643,51.45482],[-0.19651,51.45291],[-0.19501,51.45037],[-0.19581,51.4501],[-0.19859,51.44979],[-0.20462,51.4501],[-0.20763,51.44988],[-0.21096,51.45397],[-0.22281,51.44831],[-0.22302,51.44912],[-0.21786,51.45869],[-0.21699,51.46115],[-0.20907,51.46008],[-0.20002,51.46031]]]},"properties":{"WD22NM":"East Putney","LAD22NM":"Wandsworth"}},{"type":"Feature","geometry":{"type":"Polygon","coordinates":[[[-0.1668,51.47073],[-0.16458,51.46983],[-0.16363,51.46841],[-0.16414,51.46673],[-0.1659,51.4657],[-0.16832,51.46497],[-0.16775,51.46373],[-0.17167,51.46258],[-0.17242,51.46131],[-0.17527,51.46243],[-0.17576,51.46233],[-0.17646,51.46305],[-0.18471,51.4616],[-0.18465,51.46281],[-0.17997,51.46553],[-0.17849,51.46684],[-0.17757,51.46856],[-0.17599,51.46958],[-0.17128,51.47015],[-0.16936,51.47107],[-0.1668,51.47073]]]},"properties":{"WD22NM":"Falconbrook","LAD22NM":"Wandsworth"}},{"type":"Feature","geometry":{"type":"Polygon","coordinates":[[[-0.13836,51.43049],[-0.1389,51.42457],[-0.13783,51.42111],[-0.14038,51.41925],[-0.14445,51.41775],[-0.14932,51.41986],[-0.15026,51.42008],[-0.1513,51.41985],[-0.15986,51.42263],[-0.16282,51.42398],[-0.16357,51.42471],[-0.15958,51.42549],[-0.15109,51.42813],[-0.14926,51.42985],[-0.14903,51.43167],[-0.13836,51.43049]]]},"properties":{"WD22NM":"Furzedown","LAD22NM":"Wandsworth"}},{"type":"Feature","geometry":{"type":"Polygon","coordinates":[[[-0.14967,51.4613],[-0.15887,51.46132],[-0.16248,51.46104],[-0.1624,51.46078],[-0.16425,51.46053],[-0.16421,51.45966],[-0.17031,51.45792],[-0.17008,51.45746],[-0.17255,51.45717],[-0.17273,51.45935],[-0.17342,51.45911],[-0.17242,51.46131],[-0.17167,51.46258],[-0.16775,51.46373],[-0.16832,51.46497],[-0.1659,51.4657],[-0.16581,51.46474],[-0.16517,51.46403],[-0.15284,51.46615],[-0.15053,51.4663],[-0.15045,51.46598],[-0.15121,51.46589],[-0.15094,51.46384],[-0.14967,51.4613]]]},"properties":{"WD22NM":"Lavender","LAD22NM":"Wandsworth"}},{"type":"Feature","geometry":{"type":"Polygon","coordinates":[[[-0.13066,51.48017],[-0.13388,51.47567],[-0.13501,51.47594],[-0.13573,51.47534],[-0.13657,51.47556],[-0.1403,51.47846],[-0.13962,51.47919],[-0.14053,51.47993],[-0.14363,51.47896],[-0.14764,51.47663],[-0.14739,51.48358],[-0.14625,51.48356],[-0.14004,51.48274],[-0.13742,51.48273],[-0.13691,51.48244],[-0.13672,51.48279],[-0.13206,51.48374],[-0.12851,51.48504],[-0.1285,51.48505],[-0.12815,51.48474],[-0.12634,51.48447],[-0.12748,51.48202],[-0.12992,51.48118],[-0.13066,51.48017]]]},"properties":{"WD22NM":"Nine Elms","LAD22NM":"Wandsworth"}},{"type":"Feature","geometry":{"type":"Polygon","coordinates":[[[-0.14813,51.45641],[-0.15276,51.45501],[-0.15203,51.45411],[-0.15361,51.45372],[-0.1543,51.45321],[-0.16488,51.4502],[-0.16343,51.44834],[-0.16474,51.44707],[-0.17111,51.45447],[-0.17255,51.45717],[-0.17008,51.45746],[-0.17031,51.45792],[-0.16421,51.45966],[-0.16425,51.46053],[-0.1624,51.46078],[-0.16248,51.46104],[-0.15887,51.46132],[-0.14967,51.4613],[-0.14937,51.45936],[-0.14813,51.45641]]]},"properties":{"WD22NM":"Northcote","LAD22NM":"Wandsworth"}},{"type":"Feature","geometry":{"type":"Polygon","coordinates":[[[-0.23953,51.46484],[-0.23937,51.46372],[-0.23888,51.46375],[-0.23873,51.46287],[-0.24122,51.46279],[-0.24054,51.45547],[-0.23715,51.45561],[-0.23631,51.45127],[-0.23672,51.45108],[-0.23556,51.44976],[-0.2372,51.44845],[-0.23523,51.44624],[-0.2344,51.4444],[-0.23088,51.44517],[-0.22281,51.44831],[-0.22212,51.44687],[-0.22451,51.43859],[-0.22548,51.43874],[-0.2313,51.43814],[-0.24069,51.43522],[-0.25106,51.43257],[-0.25123,51.43417],[-0.25309,51.4353],[-0.25407,51.43729],[-0.24271,51.44192],[-0.24161,51.44313],[-0.2473,51.44918],[-0.25909,51.45493],[-0.25832,51.45733],[-0.25679,51.45986],[-0.25802,51.46027],[-0.256,51.46304],[-0.25289,51.46522],[-0.24395,51.46523],[-0.23953,51.46484]]]},"properties":{"WD22NM":"Roehampton","LAD22NM":"Wandsworth"}},{"type":"Feature","geometry":{"type":"MultiPolygon","coordinates":[[[[-0.19505,51.46235],[-0.19505,51.46227],[-0.19507,51.46257],[-0.19506,51.46256],[-0.19505,51.46235]]],[[[-0.17346,51.47558],[-0.17321,51.4749],[-0.17113,51.47529],[-0.16661,51.47481],[-0.16445,51.47042],[-0.1668,51.47073],[-0.16936,51.47107],[-0.17128,51.47015],[-0.17599,51.46958],[-0.17757,51.46856],[-0.17849,51.46684],[-0.17997,51.46553],[-0.18465,51.46281],[-0.18471,51.4616],[-0.19057,51.46071],[-0.19478,51.46063],[-0.19486,51.46176],[-0.19436,51.46138],[-0.19388,51.46149],[-0.19492,51.46261],[-0.19479,51.46291],[-0.19036,51.46341],[-0.18717,51.46422],[-0.18712,51.46423],[-0.1836,51.46546],[-0.18096,51.46758],[-0.17914,51.47001],[-0.17847,51.47018],[-0.17857,51.47065],[-0.1779,51.47063],[-0.17851,51.47077],[-0.17685,51.47488],[-0.17566,51.47618],[-0.17599,51.47644],[-0.17526,51.47775],[-0.17395,51.47908],[-0.1717,51.48023],[-0.1699,51.47825],[-0.17158,51.47618],[-0.17346,51.47558]]]]},"properties":{"WD22NM":"St Mary's","LAD22NM":"Wandsworth"}},{"type":"Feature","geometry":{"type":"Polygon","coordinates":[[[-0.13388,51.47567],[-0.1352,51.47429],[-0.13444,51.47397],[-0.1347,51.47331],[-0.13577,51.47271],[-0.1369,51.47309],[-0.13832,51.47196],[-0.13948,51.47179],[-0.13929,51.47152],[-0.13972,51.47137],[-0.14032,51.47159],[-0.14265,51.47006],[-0.14308,51.47052],[-0.15059,51.46762],[-0.15053,51.4663],[-0.15284,51.46615],[-0.16517,51.46403],[-0.16581,51.46474],[-0.1659,51.4657],[-0.16414,51.46673],[-0.16363,51.46841],[-0.16458,51.46983],[-0.1668,51.47073],[-0.16445,51.47042],[-0.15954,51.47013],[-0.15723,51.47043],[-0.14844,51.47419],[-0.14764,51.47663],[-0.14363,51.47896],[-0.14053,51.47993],[-0.13962,51.47919],[-0.1403,51.47846],[-0.13657,51.47556],[-0.13573,51.47534],[-0.13501,51.47594],[-0.13388,51.47567]]]},"properties":{"WD22NM":"Shaftesbury & Queenstown","LAD22NM":"Wandsworth"}},{"type":"Feature","geometry":{"type":"Polygon","coordinates":[[[-0.14359,51.44184],[-0.13786,51.4417],[-0.13588,51.44201],[-0.13699,51.44025],[-0.13747,51.44015],[-0.13766,51.43858],[-0.13989,51.43702],[-0.13973,51.43567],[-0.13783,51.43378],[-0.1365,51.43392],[-0.13524,51.43033],[-0.13836,51.43049],[-0.14903,51.43167],[-0.15383,51.43289],[-0.15727,51.43509],[-0.15958,51.43567],[-0.15707,51.43751],[-0.1552,51.44068],[-0.15308,51.44315],[-0.14342,51.44128],[-0.14359,51.44184]]]},"properties":{"WD22NM":"South Balham","LAD22NM":"Wandsworth"}},{"type":"Feature","geometry":{"type":"Polygon","coordinates":[[[-0.19191,51.45019],[-0.19222,51.44862],[-0.19336,51.44713],[-0.19304,51.4444],[-0.19199,51.44283],[-0.1901,51.44252],[-0.19002,51.44147],[-0.2045,51.43897],[-0.20609,51.44202],[-0.20683,51.44732],[-0.20763,51.44988],[-0.20462,51.4501],[-0.19859,51.44979],[-0.19581,51.4501],[-0.19501,51.45037],[-0.19651,51.45291],[-0.19375,51.45279],[-0.19333,51.45179],[-0.19369,51.45076],[-0.19191,51.45019]]]},"properties":{"WD22NM":"Southfields","LAD22NM":"Wandsworth"}},{"type":"Feature","geometry":{"type":"Polygon","coordinates":[[[-0.22341,51.4715],[-0.22337,51.47152],[-0.22289,51.47172],[-0.22249,51.47151],[-0.21804,51.46819],[-0.21276,51.46555],[-0.20727,51.4639],[-0.20367,51.4632],[-0.1991,51.46271],[-0.1955,51.46289],[-0.19507,51.46257],[-0.19505,51.46227],[-0.19505,51.46062],[-0.19506,51.46061],[-0.20002,51.46031],[-0.20907,51.46008],[-0.21699,51.46115],[-0.22353,51.46327],[-0.23355,51.46534],[-0.23362,51.46604],[-0.23281,51.46663],[-0.23342,51.46815],[-0.23292,51.47168],[-0.23259,51.47261],[-0.23108,51.47283],[-0.22705,51.47145],[-0.22361,51.47076],[-0.22341,51.4715]]]},"properties":{"WD22NM":"Thamesfield","LAD22NM":"Wandsworth"}},{"type":"Feature","geometry":{"type":"Polygon","coordinates":[[[-0.15958,51.43567],[-0.15727,51.43509],[-0.15383,51.43289],[-0.14903,51.43167],[-0.14926,51.42985],[-0.15109,51.42813],[-0.15958,51.42549],[-0.15995,51.4259],[-0.16062,51.42576],[-0.16498,51.42912],[-0.16623,51.42971],[-0.16672,51.42926],[-0.17175,51.43061],[-0.17099,51.4316],[-0.17184,51.4318],[-0.16895,51.43348],[-0.17038,51.43455],[-0.16753,51.43602],[-0.16663,51.43551],[-0.16571,51.43543],[-0.1617,51.43711],[-0.15958,51.43567]]]},"properties":{"WD22NM":"Tooting Bec","LAD22NM":"Wandsworth"}},{"type":"Feature","geometry":{"type":"Polygon","coordinates":[[[-0.17038,51.43455],[-0.16895,51.43348],[-0.17184,51.4318],[-0.17099,51.4316],[-0.17175,51.43061],[-0.16672,51.42926],[-0.16623,51.42971],[-0.16498,51.42912],[-0.16062,51.42576],[-0.15995,51.4259],[-0.15958,51.42549],[-0.16357,51.42471],[-0.16282,51.42398],[-0.15986,51.42263],[-0.15995,51.42193],[-0.16034,51.42192],[-0.16157,51.41986],[-0.16507,51.42009],[-0.16481,51.42034],[-0.1684,51.42091],[-0.17357,51.42318],[-0.17867,51.42431],[-0.18191,51.42474],[-0.18407,51.42638],[-0.18453,51.42762],[-0.18423,51.43128],[-0.18293,51.43209],[-0.17645,51.43431],[-0.17429,51.43472],[-0.172,51.43372],[-0.17038,51.43455]]]},"properties":{"WD22NM":"Tooting Broadway","LAD22NM":"Wandsworth"}},{"type":"Feature","geometry":{"type":"Polygon","coordinates":[[[-0.15308,51.44315],[-0.1552,51.44068],[-0.15707,51.43751],[-0.15958,51.43567],[-0.1617,51.43711],[-0.16571,51.43543],[-0.16663,51.43551],[-0.16753,51.43602],[-0.169,51.43776],[-0.17103,51.43879],[-0.1736,51.4411],[-0.17086,51.44204],[-0.16808,51.44377],[-0.16474,51.44707],[-0.16246,51.44548],[-0.16069,51.44473],[-0.15308,51.44315]]]},"properties":{"WD22NM":"Trinity","LAD22NM":"Wandsworth"}},{"type":"Feature","geometry":{"type":"Polygon","coordinates":[[[-0.17716,51.45327],[-0.18985,51.44028],[-0.19002,51.44147],[-0.1901,51.44252],[-0.19199,51.44283],[-0.19304,51.4444],[-0.19336,51.44713],[-0.19222,51.44862],[-0.19191,51.45019],[-0.19161,51.45076],[-0.19,51.4508],[-0.19005,51.45104],[-0.18534,51.45264],[-0.18456,51.45373],[-0.18192,51.45402],[-0.179,51.45505],[-0.17716,51.45327]]]},"properties":{"WD22NM":"Wandle","LAD22NM":"Wandsworth"}},{"type":"Feature","geometry":{"type":"Polygon","coordinates":[[[-0.17255,51.45717],[-0.17111,51.45447],[-0.16474,51.44707],[-0.16808,51.44377],[-0.17086,51.44204],[-0.1736,51.4411],[-0.17103,51.43879],[-0.169,51.43776],[-0.16753,51.43602],[-0.17038,51.43455],[-0.172,51.43372],[-0.17429,51.43472],[-0.17645,51.43431],[-0.18293,51.43209],[-0.18423,51.43128],[-0.18574,51.43316],[-0.18726,51.43299],[-0.18739,51.4321],[-0.18923,51.43183],[-0.18906,51.43161],[-0.18977,51.43135],[-0.19116,51.43346],[-0.19024,51.4348],[-0.18933,51.43763],[-0.18919,51.43855],[-0.19064,51.43892],[-0.18985,51.44028],[-0.17716,51.45327],[-0.17342,51.45911],[-0.17273,51.45935],[-0.17255,51.45717]]]},"properties":{"WD22NM":"Wandsworth Common","LAD22NM":"Wandsworth"}},{"type":"Feature","geometry":{"type":"Polygon","coordinates":[[[-0.17242,51.46131],[-0.17342,51.45911],[-0.17716,51.45327],[-0.179,51.45505],[-0.18192,51.45402],[-0.18456,51.45373],[-0.18534,51.45264],[-0.19005,51.45104],[-0.19,51.4508],[-0.19161,51.45076],[-0.19191,51.45019],[-0.19369,51.45076],[-0.19333,51.45179],[-0.19375,51.45279],[-0.19651,51.45291],[-0.19643,51.45482],[-0.19698,51.45511],[-0.19734,51.45464],[-0.1976,51.45485],[-0.19828,51.457],[-0.19769,51.45709],[-0.1983,51.45891],[-0.19916,51.45996],[-0.20002,51.46031],[-0.19506,51.46061],[-0.19514,51.46002],[-0.1933,51.4598],[-0.19475,51.46018],[-0.19478,51.46063],[-0.19057,51.46071],[-0.18471,51.4616],[-0.17646,51.46305],[-0.17576,51.46233],[-0.17527,51.46243],[-0.17242,51.46131]]]},"properties":{"WD22NM":"Wandsworth Town","LAD22NM":"Wandsworth"}},{"type":"Feature","geometry":{"type":"Polygon","coordinates":[[[-0.20763,51.44988],[-0.20683,51.44732],[-0.20609,51.44202],[-0.2045,51.43897],[-0.20913,51.4383],[-0.21252,51.43783],[-0.21571,51.43775],[-0.21651,51.43835],[-0.21782,51.43868],[-0.22041,51.43845],[-0.22425,51.43886],[-0.22451,51.43859],[-0.22212,51.44687],[-0.22281,51.44831],[-0.21096,51.45397],[-0.20763,51.44988]]]},"properties":{"WD22NM":"West Hill","LAD22NM":"Wandsworth"}},{"type":"Feature","geometry":{"type":"Polygon","coordinates":[[[-0.21699,51.46115],[-0.21786,51.45869],[-0.22302,51.44912],[-0.22281,51.44831],[-0.23088,51.44517],[-0.2344,51.4444],[-0.23523,51.44624],[-0.2372,51.44845],[-0.23556,51.44976],[-0.23672,51.45108],[-0.23631,51.45127],[-0.23715,51.45561],[-0.24054,51.45547],[-0.24122,51.46279],[-0.23873,51.46287],[-0.23888,51.46375],[-0.23937,51.46372],[-0.23953,51.46484],[-0.23329,51.46399],[-0.23355,51.46534],[-0.22353,51.46327],[-0.21699,51.46115]]]},"properties":{"WD22NM":"West Putney","LAD22NM":"Wandsworth"}},{"type":"Feature","geometry":{"type":"MultiPolygon","coordinates":[[[[0.0729,51.53375],[0.07176,51.53291],[0.0692,51.53635],[0.06963,51.53682],[0.071,51.5372],[0.07103,51.53714],[0.07294,51.53451],[0.0729,51.53375]]],[[[0.08368,51.53792],[0.08942,51.53509],[0.08555,51.53419],[0.08431,51.53416],[0.08239,51.53545],[0.08101,51.53553],[0.0762,51.53358],[0.0737,51.53434],[0.0735,51.53419],[0.07337,51.53426],[0.07131,51.53723],[0.07128,51.53727],[0.07277,51.53768],[0.07595,51.53771],[0.07906,51.53823],[0.07962,51.53795],[0.08102,51.53902],[0.0816,51.53912],[0.08368,51.53792]]]]},"properties":{"WD22NM":"Abbey","LAD22NM":"Barking and Dagenham"}},{"type":"Feature","geometry":{"type":"Polygon","coordinates":[[[0.17922,51.54637],[0.1558,51.54237],[0.14793,51.54162],[0.14743,51.55117],[0.15325,51.55141],[0.15599,51.55101],[0.16084,51.55154],[0.16211,51.5498],[0.16347,51.55006],[0.16352,51.54969],[0.16558,51.54979],[0.16819,51.54723],[0.16909,51.54777],[0.17916,51.54816],[0.17922,51.54637]]]},"properties":{"WD22NM":"Alibon","LAD22NM":"Barking and Dagenham"}},{"type":"Feature","geometry":{"type":"Polygon","coordinates":[[[0.12745,51.53173],[0.13589,51.5314],[0.1393,51.53027],[0.14153,51.53118],[0.1478,51.53162],[0.14774,51.52926],[0.14473,51.5168],[0.14324,51.51537],[0.13929,51.51762],[0.13628,51.51856],[0.1332,51.51908],[0.13243,51.51883],[0.12674,51.51957],[0.12265,51.51909],[0.11899,51.51815],[0.11429,51.51598],[0.11446,51.51574],[0.10883,51.51417],[0.10664,51.51395],[0.10179,51.51458],[0.10106,51.51445],[0.09906,51.51495],[0.09757,51.51586],[0.09734,51.51574],[0.0974,51.51581],[0.09751,51.51589],[0.09748,51.51591],[0.09823,51.51684],[0.09926,51.51722],[0.09953,51.51697],[0.1022,51.51753],[0.10214,51.5186],[0.10344,51.5185],[0.10467,51.51943],[0.10408,51.52115],[0.10619,51.5216],[0.10714,51.52811],[0.10808,51.52802],[0.10956,51.53012],[0.11694,51.52923],[0.11765,51.53245],[0.1234,51.53163],[0.12745,51.53173]]]},"properties":{"WD22NM":"Barking Riverside","LAD22NM":"Barking and Dagenham"}},{"type":"Feature","geometry":{"type":"Polygon","coordinates":[[[0.16596,51.52879],[0.16445,51.52701],[0.16233,51.52234],[0.16229,51.52137],[0.15918,51.51452],[0.15867,51.51223],[0.15808,51.51201],[0.15171,51.51275],[0.14657,51.5141],[0.14649,51.51442],[0.14585,51.51432],[0.14507,51.51462],[0.14577,51.51448],[0.14551,51.51514],[0.14426,51.5155],[0.14374,51.51506],[0.14326,51.51536],[0.14324,51.51537],[0.14473,51.5168],[0.14774,51.52926],[0.1478,51.53162],[0.14828,51.53227],[0.14824,51.53914],[0.14904,51.53858],[0.15077,51.53808],[0.1516,51.53709],[0.15212,51.53717],[0.15312,51.53675],[0.153,51.5364],[0.15428,51.53639],[0.1556,51.53574],[0.15749,51.53386],[0.15848,51.53447],[0.15885,51.53434],[0.16074,51.53314],[0.1607,51.53275],[0.16246,51.53165],[0.16474,51.52938],[0.16596,51.52879]]]},"properties":{"WD22NM":"Beam","LAD22NM":"Barking and Dagenham"}},{"type":"Feature","geometry":{"type":"Polygon","coordinates":[[[0.1236,51.55123],[0.12013,51.55108],[0.10832,51.55216],[0.10842,51.5527],[0.11114,51.55248],[0.11195,51.55267],[0.11236,51.55351],[0.11475,51.55532],[0.11274,51.55653],[0.11327,51.55727],[0.11708,51.55691],[0.11709,51.55742],[0.1189,51.55737],[0.12049,51.55857],[0.11749,51.55918],[0.11974,51.56251],[0.11888,51.56273],[0.11905,51.56305],[0.12503,51.56434],[0.12389,51.56196],[0.12459,51.56179],[0.12522,51.56002],[0.12771,51.55655],[0.1236,51.55123]]]},"properties":{"WD22NM":"Becontree","LAD22NM":"Barking and Dagenham"}},{"type":"Feature","geometry":{"type":"Polygon","coordinates":[[[0.14821,51.59897],[0.14765,51.5968],[0.14815,51.59677],[0.14807,51.59636],[0.14988,51.59701],[0.15114,51.59545],[0.15062,51.59137],[0.15128,51.58988],[0.15097,51.58383],[0.14856,51.58077],[0.14745,51.58081],[0.14701,51.57571],[0.14803,51.57579],[0.14794,51.57312],[0.14899,51.57315],[0.14203,51.57222],[0.13698,51.57189],[0.13003,51.57073],[0.12991,51.57154],[0.13158,51.57183],[0.13091,51.57334],[0.1301,51.57306],[0.12945,51.57395],[0.12919,51.57631],[0.13164,51.57709],[0.13082,51.57937],[0.13356,51.57995],[0.13256,51.58131],[0.12776,51.58164],[0.12808,51.58286],[0.12766,51.58388],[0.12726,51.58393],[0.12639,51.58673],[0.13102,51.58752],[0.12958,51.59005],[0.1376,51.59389],[0.14194,51.59656],[0.1466,51.59944],[0.14821,51.59897]]]},"properties":{"WD22NM":"Chadwell Heath","LAD22NM":"Barking and Dagenham"}},{"type":"Feature","geometry":{"type":"Polygon","coordinates":[[[0.18518,51.56551],[0.18517,51.56475],[0.184,51.56386],[0.18267,51.56125],[0.18479,51.55988],[0.18441,51.55766],[0.18504,51.55679],[0.18476,51.55641],[0.18587,51.55634],[0.18692,51.55579],[0.18788,51.5541],[0.19017,51.55272],[0.1896,51.55146],[0.1875,51.5502],[0.18601,51.54753],[0.17922,51.54637],[0.17916,51.54816],[0.16909,51.54777],[0.16819,51.54723],[0.16558,51.54979],[0.16352,51.54969],[0.16347,51.55006],[0.16211,51.5498],[0.16084,51.55154],[0.1606,51.55315],[0.1598,51.55459],[0.15961,51.55692],[0.15684,51.55902],[0.15763,51.55948],[0.15662,51.56014],[0.15658,51.56128],[0.15597,51.56127],[0.15605,51.56196],[0.15425,51.56606],[0.15436,51.56611],[0.1619,51.56161],[0.16637,51.56327],[0.16862,51.5636],[0.17342,51.5651],[0.1763,51.56472],[0.17866,51.56494],[0.18351,51.56464],[0.18518,51.56551]]]},"properties":{"WD22NM":"Eastbrook & Rush Green","LAD22NM":"Barking and Dagenham"}},{"type":"Feature","geometry":{"type":"Polygon","coordinates":[[[0.12745,51.53173],[0.1234,51.53163],[0.11765,51.53245],[0.11694,51.52923],[0.10956,51.53012],[0.10067,51.53147],[0.09477,51.53305],[0.08942,51.53509],[0.08368,51.53792],[0.08772,51.5374],[0.09359,51.5377],[0.10567,51.53866],[0.12205,51.53987],[0.12214,51.53848],[0.12772,51.53881],[0.12712,51.53624],[0.12745,51.53173]]]},"properties":{"WD22NM":"Eastbury","LAD22NM":"Barking and Dagenham"}},{"type":"Feature","geometry":{"type":"MultiPolygon","coordinates":[[[[0.07534,51.5312],[0.07565,51.52983],[0.07541,51.52989],[0.07457,51.52969],[0.07454,51.5297],[0.07446,51.52969],[0.07429,51.52963],[0.07348,51.52944],[0.07274,51.52927],[0.0726,51.53075],[0.07176,51.53291],[0.0729,51.53375],[0.07289,51.53349],[0.07534,51.5312]]],[[[0.08239,51.53545],[0.08431,51.53416],[0.08555,51.53419],[0.08942,51.53509],[0.09477,51.53305],[0.10067,51.53147],[0.08613,51.52899],[0.081,51.52778],[0.07809,51.52967],[0.0764,51.52982],[0.07548,51.53191],[0.07396,51.5332],[0.07435,51.53378],[0.0735,51.53419],[0.0737,51.53434],[0.0762,51.53358],[0.08101,51.53553],[0.08239,51.53545]]]]},"properties":{"WD22NM":"Gascoigne","LAD22NM":"Barking and Dagenham"}},{"type":"Feature","geometry":{"type":"Polygon","coordinates":[[[0.14824,51.53914],[0.14828,51.53227],[0.1478,51.53162],[0.14153,51.53118],[0.1393,51.53027],[0.13589,51.5314],[0.12745,51.53173],[0.12712,51.53624],[0.12772,51.53881],[0.12214,51.53848],[0.12205,51.53987],[0.12765,51.54031],[0.14793,51.54162],[0.14824,51.53914]]]},"properties":{"WD22NM":"Goresbrook","LAD22NM":"Barking and Dagenham"}},{"type":"Feature","geometry":{"type":"Polygon","coordinates":[[[0.16084,51.55154],[0.15599,51.55101],[0.15325,51.55141],[0.14743,51.55117],[0.14697,51.55651],[0.14655,51.55677],[0.14747,51.55814],[0.14795,51.5611],[0.14997,51.56138],[0.15046,51.56561],[0.15425,51.56606],[0.15605,51.56196],[0.15597,51.56127],[0.15658,51.56128],[0.15662,51.56014],[0.15763,51.55948],[0.15684,51.55902],[0.15961,51.55692],[0.1598,51.55459],[0.1606,51.55315],[0.16084,51.55154]]]},"properties":{"WD22NM":"Heath","LAD22NM":"Barking and Dagenham"}},{"type":"Feature","geometry":{"type":"Polygon","coordinates":[[[0.10567,51.53866],[0.09359,51.5377],[0.0855,51.54234],[0.08485,51.5424],[0.08007,51.54477],[0.08151,51.54517],[0.08166,51.54558],[0.08589,51.54734],[0.0885,51.54774],[0.09154,51.5483],[0.0917,51.54911],[0.0926,51.54965],[0.09227,51.54864],[0.09352,51.54586],[0.09977,51.54843],[0.10432,51.54984],[0.10613,51.55094],[0.10919,51.54699],[0.10976,51.54549],[0.10931,51.5449],[0.10743,51.54457],[0.10694,51.54347],[0.10421,51.5412],[0.10568,51.53923],[0.10567,51.53866]]]},"properties":{"WD22NM":"Longbridge","LAD22NM":"Barking and Dagenham"}},{"type":"Feature","geometry":{"type":"Polygon","coordinates":[[[0.1236,51.55123],[0.12197,51.5474],[0.12544,51.54699],[0.12397,51.54573],[0.12628,51.5443],[0.12765,51.54031],[0.12205,51.53987],[0.10567,51.53866],[0.10568,51.53923],[0.10421,51.5412],[0.10694,51.54347],[0.10743,51.54457],[0.10931,51.5449],[0.10976,51.54549],[0.10919,51.54699],[0.10613,51.55094],[0.10746,51.552],[0.10832,51.55216],[0.12013,51.55108],[0.1236,51.55123]]]},"properties":{"WD22NM":"Mayesbrook","LAD22NM":"Barking and Dagenham"}},{"type":"Feature","geometry":{"type":"MultiPolygon","coordinates":[[[[0.0692,51.53635],[0.06796,51.5362],[0.06828,51.53699],[0.06891,51.53719],[0.06699,51.53961],[0.06669,51.54053],[0.06688,51.54175],[0.06829,51.54424],[0.06835,51.54439],[0.06934,51.54415],[0.06934,51.54404],[0.06859,51.54209],[0.06901,51.5414],[0.06845,51.54074],[0.0694,51.54028],[0.06906,51.53884],[0.07049,51.53846],[0.071,51.5372],[0.071,51.5372],[0.06963,51.53682],[0.0692,51.53635]]],[[[0.08007,51.54477],[0.08485,51.5424],[0.0855,51.54234],[0.09359,51.5377],[0.08772,51.5374],[0.08368,51.53792],[0.0816,51.53912],[0.08102,51.53902],[0.07962,51.53795],[0.07906,51.53823],[0.07595,51.53771],[0.07277,51.53768],[0.07128,51.53727],[0.07128,51.53728],[0.07045,51.5391],[0.06968,51.53878],[0.06947,51.53897],[0.06993,51.54085],[0.06893,51.54206],[0.06934,51.54252],[0.06924,51.54356],[0.06971,51.54396],[0.06971,51.54407],[0.07181,51.54356],[0.07196,51.54381],[0.07555,51.54401],[0.07681,51.54458],[0.07703,51.54438],[0.07749,51.54457],[0.07796,51.54405],[0.08007,51.54477]]]]},"properties":{"WD22NM":"Northbury","LAD22NM":"Barking and Dagenham"}},{"type":"Feature","geometry":{"type":"Polygon","coordinates":[[[0.14743,51.55117],[0.14793,51.54162],[0.12765,51.54031],[0.12628,51.5443],[0.12397,51.54573],[0.12544,51.54699],[0.12197,51.5474],[0.1236,51.55123],[0.13625,51.55259],[0.14358,51.55458],[0.14655,51.55677],[0.14697,51.55651],[0.14743,51.55117]]]},"properties":{"WD22NM":"Parsloes","LAD22NM":"Barking and Dagenham"}},{"type":"Feature","geometry":{"type":"MultiPolygon","coordinates":[[[[0.09734,51.51574],[0.09718,51.51566],[0.0974,51.51581],[0.09734,51.51574]]],[[[0.10956,51.53012],[0.10808,51.52802],[0.10714,51.52811],[0.10619,51.5216],[0.10408,51.52115],[0.10467,51.51943],[0.10344,51.5185],[0.10214,51.5186],[0.1022,51.51753],[0.09953,51.51697],[0.09926,51.51722],[0.09823,51.51684],[0.09748,51.51591],[0.09562,51.51699],[0.09531,51.51891],[0.09574,51.52011],[0.09283,51.52263],[0.09328,51.52469],[0.09217,51.52673],[0.09054,51.52609],[0.0898,51.52667],[0.08886,51.52686],[0.08578,51.52599],[0.08335,51.52711],[0.08109,51.52772],[0.081,51.52778],[0.08613,51.52899],[0.10067,51.53147],[0.10956,51.53012]]]]},"properties":{"WD22NM":"Thames View","LAD22NM":"Barking and Dagenham"}},{"type":"Feature","geometry":{"type":"Polygon","coordinates":[[[0.14795,51.5611],[0.14747,51.55814],[0.14655,51.55677],[0.14358,51.55458],[0.13625,51.55259],[0.1236,51.55123],[0.12771,51.55655],[0.12522,51.56002],[0.12459,51.56179],[0.12389,51.56196],[0.12503,51.56434],[0.12768,51.56616],[0.12932,51.56653],[0.12979,51.56168],[0.14399,51.561],[0.14795,51.5611]]]},"properties":{"WD22NM":"Valence","LAD22NM":"Barking and Dagenham"}},{"type":"Feature","geometry":{"type":"Polygon","coordinates":[[[0.17381,51.53741],[0.17079,51.53263],[0.16869,51.53119],[0.16596,51.52879],[0.16474,51.52938],[0.16246,51.53165],[0.1607,51.53275],[0.16074,51.53314],[0.15885,51.53434],[0.15848,51.53447],[0.15749,51.53386],[0.1556,51.53574],[0.15428,51.53639],[0.153,51.5364],[0.15312,51.53675],[0.15212,51.53717],[0.1516,51.53709],[0.15077,51.53808],[0.14904,51.53858],[0.14824,51.53914],[0.14793,51.54162],[0.1558,51.54237],[0.17922,51.54637],[0.18601,51.54753],[0.18259,51.54584],[0.1804,51.54411],[0.17923,51.54029],[0.17815,51.53957],[0.17728,51.53949],[0.17504,51.53849],[0.17381,51.53741]]]},"properties":{"WD22NM":"Village","LAD22NM":"Barking and Dagenham"}},{"type":"Feature","geometry":{"type":"Polygon","coordinates":[[[0.15436,51.56611],[0.15425,51.56606],[0.15046,51.56561],[0.14997,51.56138],[0.14795,51.5611],[0.14399,51.561],[0.12979,51.56168],[0.12932,51.56653],[0.12966,51.56811],[0.13046,51.57028],[0.13042,51.57067],[0.13003,51.57073],[0.13698,51.57189],[0.14203,51.57222],[0.14899,51.57315],[0.14974,51.56971],[0.14667,51.56943],[0.1467,51.5688],[0.14874,51.56864],[0.15041,51.56784],[0.1513,51.56809],[0.15436,51.56611]]]},"properties":{"WD22NM":"Whalebone","LAD22NM":"Barking and Dagenham"}},{"type":"Feature","geometry":{"type":"Polygon","coordinates":[[[0.1213,51.49111],[0.12204,51.48299],[0.12419,51.47685],[0.1209,51.47845],[0.11847,51.4789],[0.11554,51.4762],[0.11107,51.47813],[0.1099,51.47805],[0.10921,51.47912],[0.10772,51.47962],[0.10706,51.48042],[0.10546,51.48095],[0.10515,51.48155],[0.10643,51.48466],[0.10438,51.48512],[0.10546,51.48803],[0.10129,51.48767],[0.10358,51.4953],[0.11212,51.498],[0.12098,51.5008],[0.1213,51.49111]]]},"properties":{"WD22NM":"Abbey Wood","LAD22NM":"Greenwich"}},{"type":"Feature","geometry":{"type":"Polygon","coordinates":[[[0.02455,51.47478],[0.02931,51.46724],[0.02732,51.46647],[0.02639,51.46706],[0.02165,51.46447],[0.02082,51.46252],[0.02244,51.45963],[0.01045,51.45848],[0.0099,51.45963],[0.00909,51.46587],[0.01154,51.46624],[0.01327,51.46684],[0.0127,51.4674],[0.01309,51.46815],[0.01261,51.46981],[0.01434,51.46975],[0.01636,51.46897],[0.01654,51.46913],[0.0167,51.46951],[0.01553,51.47132],[0.015,51.47308],[0.01796,51.47383],[0.01211,51.47317],[0.00523,51.47959],[0.00144,51.48212],[0.00161,51.48275],[0.00537,51.48269],[0.02017,51.48438],[0.0208,51.48171],[0.02455,51.47478]]]},"properties":{"WD22NM":"Blackheath Westcombe","LAD22NM":"Greenwich"}},{"type":"Feature","geometry":{"type":"Polygon","coordinates":[[[0.04884,51.47954],[0.04754,51.47615],[0.04895,51.47543],[0.04737,51.47396],[0.04824,51.47244],[0.03022,51.47537],[0.02455,51.47478],[0.0208,51.48171],[0.02017,51.48438],[0.02435,51.4848],[0.02577,51.48527],[0.02706,51.4836],[0.02908,51.48341],[0.0318,51.48096],[0.03227,51.47966],[0.03337,51.47934],[0.03606,51.47999],[0.03651,51.47938],[0.03814,51.47955],[0.04414,51.47892],[0.04884,51.47954]]]},"properties":{"WD22NM":"Charlton Hornfair","LAD22NM":"Greenwich"}},{"type":"Feature","geometry":{"type":"Polygon","coordinates":[[[0.04479,51.49517],[0.04484,51.49377],[0.04562,51.49269],[0.0444,51.49173],[0.04526,51.49122],[0.04525,51.48998],[0.04667,51.48912],[0.04602,51.48868],[0.04651,51.48837],[0.04629,51.48822],[0.04744,51.48744],[0.04972,51.48481],[0.04912,51.48432],[0.05123,51.48195],[0.0521,51.48018],[0.04884,51.47954],[0.04414,51.47892],[0.03814,51.47955],[0.03651,51.47938],[0.03606,51.47999],[0.03337,51.47934],[0.03227,51.47966],[0.0318,51.48096],[0.02908,51.48341],[0.02706,51.4836],[0.02577,51.48527],[0.02848,51.48633],[0.03194,51.48694],[0.0299,51.49006],[0.03004,51.49124],[0.02904,51.49384],[0.02904,51.49385],[0.02904,51.49385],[0.0403,51.49543],[0.04479,51.49517]]]},"properties":{"WD22NM":"Charlton Village & Riverside","LAD22NM":"Greenwich"}},{"type":"Feature","geometry":{"type":"Polygon","coordinates":[[[0.02017,51.48438],[0.00537,51.48269],[0.00161,51.48275],[0.00144,51.48212],[-0.00204,51.48141],[-0.00453,51.48461],[-0.00327,51.48486],[-0.00118,51.48632],[-2E-05,51.48673],[0.00138,51.48781],[0.0024,51.48953],[0.00269,51.49187],[0.00237,51.49299],[0.00195,51.49291],[0.00195,51.49292],[0.003,51.49318],[0.00311,51.493],[0.00616,51.49395],[0.01255,51.48917],[0.01746,51.4869],[0.02017,51.48438]]]},"properties":{"WD22NM":"East Greenwich","LAD22NM":"Greenwich"}},{"type":"Feature","geometry":{"type":"Polygon","coordinates":[[[0.04551,51.46408],[0.0453,51.46081],[0.04576,51.46076],[0.04572,51.46033],[0.04724,51.46017],[0.04902,51.46045],[0.04951,51.46089],[0.04985,51.46065],[0.05021,51.45742],[0.05112,51.45547],[0.05174,51.45287],[0.0486,51.45225],[0.04885,51.4514],[0.04782,51.45142],[0.04557,51.45156],[0.03963,51.45272],[0.03217,51.45286],[0.03182,51.45508],[0.03307,51.45518],[0.03218,51.45947],[0.03309,51.45955],[0.03369,51.46016],[0.03083,51.46125],[0.02997,51.46198],[0.02984,51.46308],[0.03041,51.46441],[0.02996,51.4659],[0.03451,51.4644],[0.03881,51.46229],[0.0407,51.46326],[0.04468,51.46379],[0.04461,51.46413],[0.04521,51.46431],[0.04551,51.46408]]]},"properties":{"WD22NM":"Eltham Page","LAD22NM":"Greenwich"}},{"type":"Feature","geometry":{"type":"Polygon","coordinates":[[[0.08231,51.46664],[0.08214,51.46476],[0.08263,51.46361],[0.08226,51.46113],[0.08294,51.45983],[0.07885,51.45915],[0.05983,51.45635],[0.05112,51.45547],[0.05021,51.45742],[0.04985,51.46065],[0.04951,51.46089],[0.04902,51.46045],[0.04724,51.46017],[0.04572,51.46033],[0.04576,51.46076],[0.0453,51.46081],[0.04551,51.46408],[0.04695,51.46459],[0.05251,51.46799],[0.05339,51.4681],[0.05488,51.47062],[0.05588,51.47045],[0.05611,51.47092],[0.06011,51.47032],[0.05989,51.46974],[0.06059,51.46969],[0.06035,51.46878],[0.06093,51.46849],[0.0593,51.46786],[0.05903,51.46621],[0.05951,51.46572],[0.06109,51.4653],[0.06249,51.46661],[0.06459,51.46732],[0.06493,51.46716],[0.06451,51.4666],[0.0655,51.46696],[0.06697,51.46651],[0.06757,51.4666],[0.06822,51.46579],[0.07025,51.46664],[0.07259,51.46409],[0.0736,51.46371],[0.07884,51.46652],[0.07916,51.46715],[0.08231,51.46664]]]},"properties":{"WD22NM":"Eltham Park & Progress","LAD22NM":"Greenwich"}},{"type":"Feature","geometry":{"type":"Polygon","coordinates":[[[0.08574,51.45645],[0.08686,51.45043],[0.08787,51.4487],[0.08811,51.44726],[0.08741,51.44574],[0.08637,51.44531],[0.08743,51.44328],[0.08631,51.44324],[0.08473,51.4426],[0.08302,51.44342],[0.08299,51.44273],[0.08446,51.44198],[0.08181,51.43997],[0.08085,51.44038],[0.07883,51.43814],[0.07846,51.43712],[0.05485,51.43973],[0.0551,51.44033],[0.05371,51.44309],[0.05356,51.44283],[0.04732,51.44283],[0.04429,51.44375],[0.04545,51.44453],[0.04592,51.44678],[0.047,51.44914],[0.04756,51.44921],[0.04782,51.45142],[0.04885,51.4514],[0.0486,51.45225],[0.05174,51.45287],[0.05112,51.45547],[0.05983,51.45635],[0.07885,51.45915],[0.08141,51.45779],[0.08574,51.45645]]]},"properties":{"WD22NM":"Eltham Town & Avery Hill","LAD22NM":"Greenwich"}},{"type":"Feature","geometry":{"type":"MultiPolygon","coordinates":[[[[-0.01101,51.48325],[-0.01021,51.48246],[-0.01038,51.48212],[-0.00991,51.48211],[-0.01007,51.48142],[-0.00925,51.48063],[-0.00936,51.48011],[-0.01338,51.47828],[-0.01907,51.4781],[-0.01908,51.47821],[-0.01893,51.47845],[-0.01837,51.47937],[-0.01683,51.4801],[-0.01571,51.48164],[-0.01499,51.48175],[-0.01791,51.48255],[-0.0179,51.4832],[-0.01633,51.48323],[-0.01634,51.48296],[-0.01569,51.48293],[-0.01527,51.48313],[-0.01354,51.4829],[-0.01113,51.48302],[-0.01104,51.48332],[-0.01102,51.48333],[-0.01101,51.48325]]],[[[-0.01639,51.48146],[-0.01709,51.48041],[-0.01785,51.48088],[-0.02039,51.48023],[-0.02034,51.47994],[-0.02304,51.47963],[-0.02314,51.48074],[-0.02637,51.48151],[-0.02579,51.48219],[-0.02517,51.48502],[-0.02472,51.48548],[-0.02471,51.48548],[-0.0227,51.48456],[-0.01883,51.48348],[-0.01813,51.48196],[-0.01639,51.48146]]]]},"properties":{"WD22NM":"Greenwich Creekside","LAD22NM":"Greenwich"}},{"type":"Feature","geometry":{"type":"MultiPolygon","coordinates":[[[[-0.02059,51.4767],[-0.0206,51.47669],[-0.02059,51.47671],[-0.02056,51.47672],[-0.02059,51.4767]]],[[[-0.00453,51.48461],[-0.00204,51.48141],[0.00144,51.48212],[0.00523,51.47959],[0.01211,51.47317],[-0.00096,51.47181],[-0.00812,51.47276],[-0.01249,51.47234],[-0.01404,51.47268],[-0.01451,51.47192],[-0.01516,51.47177],[-0.01311,51.46894],[-0.01506,51.46804],[-0.01654,51.46923],[-0.01692,51.46906],[-0.01718,51.46934],[-0.01911,51.47001],[-0.01925,51.4705],[-0.01866,51.47069],[-0.0193,51.47204],[-0.02031,51.4723],[-0.01998,51.473],[-0.02257,51.47411],[-0.02279,51.47446],[-0.02286,51.47531],[-0.02256,51.47536],[-0.02251,51.47535],[-0.02117,51.47526],[-0.02056,51.47566],[-0.02048,51.47658],[-0.019,51.47705],[-0.01904,51.47766],[-0.01907,51.4781],[-0.01338,51.47828],[-0.00936,51.48011],[-0.00925,51.48063],[-0.01007,51.48142],[-0.00991,51.48211],[-0.01038,51.48212],[-0.01021,51.48246],[-0.01101,51.48325],[-0.01102,51.48333],[-0.00993,51.4836],[-0.00726,51.48377],[-0.00467,51.48457],[-0.00456,51.48461],[-0.00453,51.48461]]]]},"properties":{"WD22NM":"Greenwich Park","LAD22NM":"Greenwich"}},{"type":"Feature","geometry":{"type":"Polygon","coordinates":[[[0.02904,51.49385],[0.02904,51.49384],[0.03004,51.49124],[0.0299,51.49006],[0.03194,51.48694],[0.02848,51.48633],[0.02577,51.48527],[0.02435,51.4848],[0.02017,51.48438],[0.01746,51.4869],[0.01255,51.48917],[0.00616,51.49395],[0.00311,51.493],[0.003,51.49318],[0.00195,51.49292],[0.00159,51.49404],[0.00099,51.49441],[0.00103,51.49515],[0.00075,51.49507],[0.00072,51.49544],[-0.00021,51.49523],[-0.00098,51.49628],[-0.00219,51.49984],[-0.00223,51.50127],[-0.00189,51.50127],[-0.00158,51.5019],[-0.00152,51.50203],[-0.00205,51.50212],[-0.00174,51.50284],[-0.00074,51.5038],[0.00082,51.50453],[0.00326,51.50494],[0.00515,51.5044],[0.00829,51.50173],[0.01388,51.497],[0.01542,51.49626],[0.01796,51.49505],[0.0215,51.49447],[0.02157,51.49395],[0.02201,51.49389],[0.02216,51.49428],[0.02429,51.49382],[0.02904,51.49385]]]},"properties":{"WD22NM":"Greenwich Peninsula","LAD22NM":"Greenwich"}},{"type":"Feature","geometry":{"type":"Polygon","coordinates":[[[0.04824,51.47244],[0.05502,51.47111],[0.05488,51.47062],[0.05339,51.4681],[0.05251,51.46799],[0.04695,51.46459],[0.04551,51.46408],[0.04521,51.46431],[0.04461,51.46413],[0.04468,51.46379],[0.0407,51.46326],[0.03881,51.46229],[0.03451,51.4644],[0.02996,51.4659],[0.02931,51.46724],[0.02455,51.47478],[0.03022,51.47537],[0.04824,51.47244]]]},"properties":{"WD22NM":"Kidbrooke Park","LAD22NM":"Greenwich"}},{"type":"Feature","geometry":{"type":"Polygon","coordinates":[[[0.02996,51.4659],[0.03041,51.46441],[0.02984,51.46308],[0.02997,51.46198],[0.03083,51.46125],[0.03369,51.46016],[0.03309,51.45955],[0.03218,51.45947],[0.03307,51.45518],[0.03182,51.45508],[0.03217,51.45286],[0.02866,51.45306],[0.01754,51.45503],[0.01404,51.45573],[0.01154,51.45661],[0.01045,51.45848],[0.02244,51.45963],[0.02082,51.46252],[0.02165,51.46447],[0.02639,51.46706],[0.02732,51.46647],[0.02931,51.46724],[0.02996,51.4659]]]},"properties":{"WD22NM":"Kidbrooke Village & Sutcliffe","LAD22NM":"Greenwich"}},{"type":"Feature","geometry":{"type":"Polygon","coordinates":[[[0.03217,51.45286],[0.03963,51.45272],[0.04557,51.45156],[0.04782,51.45142],[0.04756,51.44921],[0.047,51.44914],[0.04592,51.44678],[0.04545,51.44453],[0.04429,51.44375],[0.04732,51.44283],[0.04672,51.44137],[0.04431,51.4419],[0.04396,51.44126],[0.04136,51.44203],[0.03981,51.44099],[0.03557,51.44245],[0.0335,51.44359],[0.0306,51.44432],[0.02939,51.44171],[0.02779,51.44151],[0.02544,51.44174],[0.02151,51.44274],[0.02062,51.44421],[0.02152,51.44444],[0.02124,51.44669],[0.02297,51.4472],[0.02242,51.44812],[0.02197,51.44894],[0.0151,51.45001],[0.01497,51.45062],[0.01513,51.45021],[0.01988,51.45073],[0.01956,51.45171],[0.01835,51.45158],[0.01754,51.45503],[0.02866,51.45306],[0.03217,51.45286]]]},"properties":{"WD22NM":"Middle Park & Horn Park","LAD22NM":"Greenwich"}},{"type":"Feature","geometry":{"type":"Polygon","coordinates":[[[0.07846,51.43712],[0.07784,51.43644],[0.07658,51.43687],[0.07498,51.43587],[0.07652,51.43485],[0.07591,51.43446],[0.0764,51.43401],[0.07569,51.43362],[0.0761,51.43328],[0.07467,51.43215],[0.07537,51.43199],[0.07486,51.43083],[0.07433,51.43149],[0.07335,51.43177],[0.07306,51.43138],[0.0735,51.43126],[0.07197,51.42965],[0.06696,51.42672],[0.06643,51.42634],[0.06661,51.42602],[0.06422,51.42537],[0.06446,51.42505],[0.06323,51.4242],[0.06173,51.42373],[0.06093,51.42507],[0.05862,51.4246],[0.05823,51.42488],[0.05485,51.42752],[0.05108,51.43153],[0.04781,51.43375],[0.04517,51.43622],[0.04521,51.4366],[0.04334,51.43775],[0.04221,51.43948],[0.03981,51.44099],[0.04136,51.44203],[0.04396,51.44126],[0.04431,51.4419],[0.04672,51.44137],[0.04732,51.44283],[0.05356,51.44283],[0.05371,51.44309],[0.0551,51.44033],[0.05485,51.43973],[0.07846,51.43712]]]},"properties":{"WD22NM":"Mottingham, Coldharbour & New Eltham","LAD22NM":"Greenwich"}},{"type":"Feature","geometry":{"type":"Polygon","coordinates":[[[0.10438,51.48512],[0.1015,51.48569],[0.10108,51.48413],[0.09906,51.48309],[0.09883,51.48256],[0.09963,51.48243],[0.09944,51.4818],[0.09851,51.48194],[0.09873,51.48253],[0.09594,51.48249],[0.09059,51.48085],[0.08999,51.48082],[0.0903,51.48148],[0.08644,51.48135],[0.08375,51.48159],[0.08281,51.48242],[0.08111,51.48254],[0.07787,51.48341],[0.07883,51.48525],[0.07867,51.48649],[0.0795,51.49101],[0.08429,51.49029],[0.08544,51.48982],[0.08679,51.48994],[0.10358,51.4953],[0.10129,51.48767],[0.10546,51.48803],[0.10438,51.48512]]]},"properties":{"WD22NM":"Plumstead & Glyndon","LAD22NM":"Greenwich"}},{"type":"Feature","geometry":{"type":"Polygon","coordinates":[[[0.10438,51.48512],[0.10643,51.48466],[0.10515,51.48155],[0.10546,51.48095],[0.10706,51.48042],[0.10772,51.47962],[0.10921,51.47912],[0.1099,51.47805],[0.11107,51.47813],[0.11554,51.4762],[0.11401,51.47517],[0.11248,51.47342],[0.11199,51.47307],[0.10819,51.47612],[0.10618,51.47502],[0.10565,51.47546],[0.1052,51.47524],[0.1049,51.47553],[0.10335,51.47459],[0.10251,51.47492],[0.10201,51.47446],[0.10026,51.47523],[0.09825,51.47545],[0.09658,51.47326],[0.09449,51.47327],[0.0932,51.47295],[0.09133,51.47208],[0.08912,51.47045],[0.08705,51.46997],[0.08583,51.47033],[0.08457,51.47017],[0.08381,51.47127],[0.08205,51.47185],[0.08294,51.47476],[0.07805,51.47657],[0.07834,51.47712],[0.07552,51.47788],[0.07604,51.47843],[0.07227,51.47883],[0.07305,51.48186],[0.07591,51.48284],[0.07691,51.48355],[0.07787,51.48341],[0.08111,51.48254],[0.08281,51.48242],[0.08375,51.48159],[0.08644,51.48135],[0.0903,51.48148],[0.08999,51.48082],[0.09059,51.48085],[0.09594,51.48249],[0.09873,51.48253],[0.09851,51.48194],[0.09944,51.4818],[0.09963,51.48243],[0.09883,51.48256],[0.09906,51.48309],[0.10108,51.48413],[0.1015,51.48569],[0.10438,51.48512]]]},"properties":{"WD22NM":"Plumstead Common","LAD22NM":"Greenwich"}},{"type":"Feature","geometry":{"type":"Polygon","coordinates":[[[0.07305,51.48186],[0.07227,51.47883],[0.07604,51.47843],[0.07552,51.47788],[0.07834,51.47712],[0.07805,51.47657],[0.08294,51.47476],[0.08205,51.47185],[0.08381,51.47127],[0.08457,51.47017],[0.08583,51.47033],[0.08705,51.46997],[0.08481,51.46873],[0.08324,51.46648],[0.08231,51.46664],[0.07916,51.46715],[0.07884,51.46652],[0.0736,51.46371],[0.07259,51.46409],[0.07025,51.46664],[0.06822,51.46579],[0.06757,51.4666],[0.06697,51.46651],[0.0655,51.46696],[0.06451,51.4666],[0.06493,51.46716],[0.06459,51.46732],[0.06249,51.46661],[0.06109,51.4653],[0.05951,51.46572],[0.05903,51.46621],[0.0593,51.46786],[0.06093,51.46849],[0.06035,51.46878],[0.06059,51.46969],[0.05989,51.46974],[0.06011,51.47032],[0.05611,51.47092],[0.05588,51.47045],[0.05488,51.47062],[0.05502,51.47111],[0.05553,51.4733],[0.05709,51.47633],[0.05748,51.47606],[0.06043,51.47642],[0.06118,51.47598],[0.06238,51.47607],[0.0619,51.47803],[0.06271,51.4781],[0.0625,51.47865],[0.06407,51.47891],[0.06466,51.48011],[0.06651,51.48134],[0.06696,51.48228],[0.07305,51.48186]]]},"properties":{"WD22NM":"Shooters Hill","LAD22NM":"Greenwich"}},{"type":"Feature","geometry":{"type":"Polygon","coordinates":[[[0.12098,51.5008],[0.11212,51.498],[0.11173,51.49847],[0.10822,51.49819],[0.10223,51.49932],[0.09722,51.50209],[0.0973,51.50252],[0.09475,51.50317],[0.09369,51.50396],[0.0888,51.50535],[0.08802,51.50545],[0.08803,51.5055],[0.09198,51.50898],[0.09457,51.50895],[0.09946,51.50964],[0.10689,51.50941],[0.11349,51.51015],[0.12021,51.51145],[0.12053,51.51109],[0.12098,51.5008]]]},"properties":{"WD22NM":"Thamesmead Moorings","LAD22NM":"Greenwich"}},{"type":"Feature","geometry":{"type":"Polygon","coordinates":[[[0.11212,51.498],[0.10358,51.4953],[0.08679,51.48994],[0.08544,51.48982],[0.08429,51.49029],[0.0795,51.49101],[0.07773,51.49102],[0.07864,51.49389],[0.07814,51.49492],[0.07646,51.49492],[0.07601,51.49594],[0.07625,51.49585],[0.08232,51.49894],[0.08371,51.50042],[0.08666,51.50355],[0.08686,51.50339],[0.08765,51.50392],[0.08802,51.50545],[0.0888,51.50535],[0.09369,51.50396],[0.09475,51.50317],[0.0973,51.50252],[0.09722,51.50209],[0.10223,51.49932],[0.10822,51.49819],[0.11173,51.49847],[0.11212,51.498]]]},"properties":{"WD22NM":"West Thamesmead","LAD22NM":"Greenwich"}},{"type":"Feature","geometry":{"type":"Polygon","coordinates":[[[0.07601,51.49594],[0.07646,51.49492],[0.07814,51.49492],[0.07864,51.49389],[0.07773,51.49102],[0.0795,51.49101],[0.07867,51.48649],[0.07819,51.48647],[0.07796,51.48682],[0.0774,51.48666],[0.07672,51.48755],[0.07535,51.48714],[0.07523,51.48765],[0.07356,51.48741],[0.07336,51.48871],[0.07195,51.48851],[0.07213,51.488],[0.06943,51.48747],[0.06897,51.48777],[0.06799,51.48695],[0.0669,51.48715],[0.06567,51.48778],[0.0657,51.48804],[0.06348,51.48721],[0.06284,51.48846],[0.06101,51.49261],[0.06125,51.49424],[0.06119,51.49455],[0.06393,51.49468],[0.06417,51.49445],[0.0641,51.49468],[0.07033,51.49513],[0.07575,51.49605],[0.07601,51.49594]]]},"properties":{"WD22NM":"Woolwich Arsenal","LAD22NM":"Greenwich"}},{"type":"Feature","geometry":{"type":"Polygon","coordinates":[[[0.07867,51.48649],[0.07883,51.48525],[0.07787,51.48341],[0.07691,51.48355],[0.07591,51.48284],[0.07305,51.48186],[0.06696,51.48228],[0.06651,51.48134],[0.06466,51.48011],[0.06407,51.47891],[0.0625,51.47865],[0.06271,51.4781],[0.0619,51.47803],[0.06238,51.47607],[0.06118,51.47598],[0.06043,51.47642],[0.05748,51.47606],[0.05709,51.47633],[0.05553,51.4733],[0.05502,51.47111],[0.04824,51.47244],[0.04737,51.47396],[0.04895,51.47543],[0.04754,51.47615],[0.04884,51.47954],[0.0521,51.48018],[0.05123,51.48195],[0.04912,51.48432],[0.04972,51.48481],[0.05091,51.48533],[0.05056,51.48565],[0.05377,51.48705],[0.06099,51.48773],[0.06284,51.48846],[0.06348,51.48721],[0.0657,51.48804],[0.06567,51.48778],[0.0669,51.48715],[0.06799,51.48695],[0.06897,51.48777],[0.06943,51.48747],[0.07213,51.488],[0.07195,51.48851],[0.07336,51.48871],[0.07356,51.48741],[0.07523,51.48765],[0.07535,51.48714],[0.07672,51.48755],[0.0774,51.48666],[0.07796,51.48682],[0.07819,51.48647],[0.07867,51.48649]]]},"properties":{"WD22NM":"Woolwich Common","LAD22NM":"Greenwich"}},{"type":"Feature","geometry":{"type":"Polygon","coordinates":[[[0.06119,51.49455],[0.06125,51.49424],[0.06101,51.49261],[0.06284,51.48846],[0.06099,51.48773],[0.05377,51.48705],[0.05056,51.48565],[0.05091,51.48533],[0.04972,51.48481],[0.04744,51.48744],[0.04629,51.48822],[0.04651,51.48837],[0.04602,51.48868],[0.04667,51.48912],[0.04525,51.48998],[0.04526,51.49122],[0.0444,51.49173],[0.04562,51.49269],[0.04484,51.49377],[0.04479,51.49517],[0.05757,51.49444],[0.05778,51.49404],[0.05802,51.49442],[0.05889,51.49443],[0.05916,51.49413],[0.05931,51.49446],[0.06119,51.49455]]]},"properties":{"WD22NM":"Woolwich Dockyard","LAD22NM":"Greenwich"}},{"type":"Feature","geometry":{"type":"Polygon","coordinates":[[[-0.12178,51.46361],[-0.11789,51.46375],[-0.11497,51.46297],[-0.11567,51.46124],[-0.1224,51.45049],[-0.12553,51.45085],[-0.12546,51.45119],[-0.12656,51.45128],[-0.12728,51.45263],[-0.13009,51.45267],[-0.12928,51.4554],[-0.12914,51.45975],[-0.12936,51.46409],[-0.12569,51.46335],[-0.12178,51.46361]]]},"properties":{"WD22NM":"Brixton Acre Lane","LAD22NM":"Lambeth"}},{"type":"Feature","geometry":{"type":"Polygon","coordinates":[[[-0.10151,51.47028],[-0.10254,51.46687],[-0.10472,51.46475],[-0.10448,51.46457],[-0.10864,51.46351],[-0.11077,51.465],[-0.11302,51.46502],[-0.11412,51.46484],[-0.11497,51.46297],[-0.11789,51.46375],[-0.12178,51.46361],[-0.12216,51.46417],[-0.1213,51.46487],[-0.12269,51.46662],[-0.12092,51.46736],[-0.12117,51.46761],[-0.12083,51.46785],[-0.12163,51.46822],[-0.12194,51.46879],[-0.12089,51.46929],[-0.12106,51.46946],[-0.12008,51.46981],[-0.11939,51.46895],[-0.11794,51.46983],[-0.11254,51.47076],[-0.11252,51.47039],[-0.10928,51.47081],[-0.10151,51.47028]]]},"properties":{"WD22NM":"Brixton North","LAD22NM":"Lambeth"}},{"type":"Feature","geometry":{"type":"Polygon","coordinates":[[[-0.11141,51.45628],[-0.11395,51.45579],[-0.11367,51.45521],[-0.11186,51.45536],[-0.11164,51.45491],[-0.11091,51.45268],[-0.1124,51.45239],[-0.11239,51.45174],[-0.11115,51.45021],[-0.11156,51.44837],[-0.11005,51.44575],[-0.10971,51.44525],[-0.11011,51.44517],[-0.11042,51.44555],[-0.11108,51.44536],[-0.11177,51.44519],[-0.11265,51.44646],[-0.11517,51.44576],[-0.11604,51.44602],[-0.11656,51.44657],[-0.11794,51.44618],[-0.11812,51.44644],[-0.11866,51.44629],[-0.11932,51.44723],[-0.11982,51.4471],[-0.11963,51.44683],[-0.12067,51.44658],[-0.12012,51.44571],[-0.12138,51.44428],[-0.12443,51.44516],[-0.1241,51.44818],[-0.1224,51.45049],[-0.11567,51.46124],[-0.11497,51.45853],[-0.11378,51.45887],[-0.11141,51.45628]]]},"properties":{"WD22NM":"Brixton Rush Common","LAD22NM":"Lambeth"}},{"type":"Feature","geometry":{"type":"Polygon","coordinates":[[[-0.11141,51.45628],[-0.11378,51.45887],[-0.11497,51.45853],[-0.11567,51.46124],[-0.11497,51.46297],[-0.11412,51.46484],[-0.11302,51.46502],[-0.11077,51.465],[-0.10864,51.46351],[-0.10448,51.46457],[-0.10318,51.4649],[-0.10337,51.46468],[-0.10268,51.46434],[-0.10305,51.46243],[-0.10386,51.46142],[-0.10337,51.46103],[-0.1038,51.45995],[-0.10532,51.46029],[-0.10561,51.45989],[-0.10459,51.4596],[-0.10446,51.459],[-0.10569,51.45757],[-0.10525,51.45724],[-0.10606,51.45661],[-0.10831,51.45796],[-0.11058,51.45553],[-0.11141,51.45628]]]},"properties":{"WD22NM":"Brixton Windrush","LAD22NM":"Lambeth"}},{"type":"Feature","geometry":{"type":"Polygon","coordinates":[[[-0.12914,51.45975],[-0.12928,51.4554],[-0.13046,51.45554],[-0.13062,51.45496],[-0.13431,51.45403],[-0.13697,51.4514],[-0.1371,51.45117],[-0.13599,51.45075],[-0.13697,51.44958],[-0.14229,51.45098],[-0.1477,51.45234],[-0.14735,51.45296],[-0.14813,51.45641],[-0.14937,51.45936],[-0.14967,51.4613],[-0.14336,51.46122],[-0.14148,51.45949],[-0.1421,51.45873],[-0.1412,51.45828],[-0.14017,51.45888],[-0.13727,51.4572],[-0.13549,51.45801],[-0.13497,51.45859],[-0.13406,51.45859],[-0.13309,51.45934],[-0.12914,51.45975]]]},"properties":{"WD22NM":"Clapham Common & Abbeville","LAD22NM":"Lambeth"}},{"type":"Feature","geometry":{"type":"Polygon","coordinates":[[[-0.12269,51.46662],[-0.1213,51.46487],[-0.12216,51.46417],[-0.12178,51.46361],[-0.12569,51.46335],[-0.12936,51.46409],[-0.12914,51.45975],[-0.13309,51.45934],[-0.13406,51.45859],[-0.13497,51.45859],[-0.13549,51.45801],[-0.13727,51.4572],[-0.14017,51.45888],[-0.1412,51.45828],[-0.1421,51.45873],[-0.14148,51.45949],[-0.14336,51.46122],[-0.13899,51.46113],[-0.1374,51.46216],[-0.13146,51.46426],[-0.1297,51.46531],[-0.12703,51.46862],[-0.12578,51.46742],[-0.12482,51.46778],[-0.12359,51.46655],[-0.12289,51.46684],[-0.12269,51.46662]]]},"properties":{"WD22NM":"Clapham East","LAD22NM":"Lambeth"}},{"type":"Feature","geometry":{"type":"Polygon","coordinates":[[[-0.12928,51.4554],[-0.13009,51.45267],[-0.12728,51.45263],[-0.12656,51.45128],[-0.12546,51.45119],[-0.12553,51.45085],[-0.1224,51.45049],[-0.1241,51.44818],[-0.12443,51.44516],[-0.12618,51.44591],[-0.12656,51.44525],[-0.12787,51.44536],[-0.12777,51.44609],[-0.12848,51.44621],[-0.12876,51.44534],[-0.12844,51.44522],[-0.12998,51.44393],[-0.13093,51.44429],[-0.13044,51.44475],[-0.13147,51.44507],[-0.13118,51.44544],[-0.1328,51.44571],[-0.1325,51.44641],[-0.13312,51.44651],[-0.13294,51.44691],[-0.13442,51.44704],[-0.13449,51.4468],[-0.13496,51.44701],[-0.13513,51.44798],[-0.1377,51.44796],[-0.13961,51.44655],[-0.14207,51.44572],[-0.14557,51.44602],[-0.14481,51.44844],[-0.14312,51.44971],[-0.14229,51.45098],[-0.13697,51.44958],[-0.13599,51.45075],[-0.1371,51.45117],[-0.13697,51.4514],[-0.13431,51.45403],[-0.13062,51.45496],[-0.13046,51.45554],[-0.12928,51.4554]]]},"properties":{"WD22NM":"Clapham Park","LAD22NM":"Lambeth"}},{"type":"Feature","geometry":{"type":"Polygon","coordinates":[[[-0.13972,51.47137],[-0.13667,51.46837],[-0.13523,51.46874],[-0.1328,51.47007],[-0.13095,51.46927],[-0.12857,51.46925],[-0.1268,51.46879],[-0.12703,51.46862],[-0.1297,51.46531],[-0.13146,51.46426],[-0.1374,51.46216],[-0.13899,51.46113],[-0.14336,51.46122],[-0.14967,51.4613],[-0.15094,51.46384],[-0.15121,51.46589],[-0.15045,51.46598],[-0.15053,51.4663],[-0.15059,51.46762],[-0.14308,51.47052],[-0.14265,51.47006],[-0.14032,51.47159],[-0.13972,51.47137]]]},"properties":{"WD22NM":"Clapham Town","LAD22NM":"Lambeth"}},{"type":"Feature","geometry":{"type":"Polygon","coordinates":[[[-0.08935,51.43202],[-0.0882,51.42934],[-0.08591,51.4285],[-0.08608,51.42782],[-0.08519,51.4273],[-0.08403,51.42569],[-0.08346,51.423],[-0.08173,51.42338],[-0.08088,51.42186],[-0.07983,51.42213],[-0.07891,51.42157],[-0.07922,51.42087],[-0.07829,51.4206],[-0.07856,51.41988],[-0.08322,51.41974],[-0.08628,51.41928],[-0.08834,51.42001],[-0.0927,51.42255],[-0.09486,51.42282],[-0.09685,51.42268],[-0.0983,51.42475],[-0.09426,51.42569],[-0.09437,51.426],[-0.0939,51.42591],[-0.09332,51.42661],[-0.09549,51.42738],[-0.0957,51.42802],[-0.09739,51.42797],[-0.09746,51.42868],[-0.0968,51.42871],[-0.09933,51.43025],[-0.10156,51.4311],[-0.10055,51.43106],[-0.09998,51.43134],[-0.09475,51.43078],[-0.09478,51.43226],[-0.09129,51.43221],[-0.09085,51.43174],[-0.08935,51.43202]]]},"properties":{"WD22NM":"Gipsy Hill","LAD22NM":"Lambeth"}},{"type":"Feature","geometry":{"type":"Polygon","coordinates":[[[-0.09301,51.47203],[-0.09276,51.46987],[-0.09115,51.4676],[-0.09006,51.46583],[-0.09066,51.46332],[-0.09225,51.46106],[-0.09495,51.45879],[-0.09581,51.45742],[-0.10108,51.45393],[-0.10145,51.45221],[-0.10076,51.45034],[-0.10214,51.44856],[-0.10447,51.44684],[-0.11005,51.44575],[-0.11156,51.44837],[-0.11115,51.45021],[-0.11239,51.45174],[-0.1124,51.45239],[-0.11091,51.45268],[-0.11164,51.45491],[-0.11186,51.45536],[-0.11367,51.45521],[-0.11395,51.45579],[-0.11141,51.45628],[-0.11058,51.45553],[-0.10831,51.45796],[-0.10606,51.45661],[-0.10525,51.45724],[-0.10569,51.45757],[-0.10446,51.459],[-0.10459,51.4596],[-0.10561,51.45989],[-0.10532,51.46029],[-0.1038,51.45995],[-0.10337,51.46103],[-0.10386,51.46142],[-0.10305,51.46243],[-0.10268,51.46434],[-0.10337,51.46468],[-0.10318,51.4649],[-0.10448,51.46457],[-0.10472,51.46475],[-0.10254,51.46687],[-0.10151,51.47028],[-0.09936,51.47264],[-0.09883,51.47187],[-0.09598,51.46987],[-0.09414,51.47067],[-0.09363,51.47173],[-0.09301,51.47203]]]},"properties":{"WD22NM":"Herne Hill & Loughborough Junction","LAD22NM":"Lambeth"}},{"type":"Feature","geometry":{"type":"Polygon","coordinates":[[[-0.10327,51.49126],[-0.10846,51.48585],[-0.10636,51.4849],[-0.10719,51.48365],[-0.10562,51.48294],[-0.10602,51.4827],[-0.10404,51.4809],[-0.10821,51.48029],[-0.11075,51.48132],[-0.11352,51.48281],[-0.11304,51.48353],[-0.11375,51.48432],[-0.1135,51.48444],[-0.11406,51.4847],[-0.11327,51.48535],[-0.11367,51.48659],[-0.11447,51.48659],[-0.11462,51.48694],[-0.11302,51.48703],[-0.11484,51.48889],[-0.1145,51.48901],[-0.11491,51.48945],[-0.11448,51.48998],[-0.11873,51.49169],[-0.11819,51.4924],[-0.11678,51.49359],[-0.11552,51.49551],[-0.11147,51.49646],[-0.11093,51.49547],[-0.10485,51.49353],[-0.10327,51.49126]]]},"properties":{"WD22NM":"Kennington","LAD22NM":"Lambeth"}},{"type":"Feature","geometry":{"type":"Polygon","coordinates":[[[-0.1047,51.43647],[-0.10307,51.43249],[-0.10092,51.43295],[-0.09998,51.43134],[-0.10055,51.43106],[-0.10156,51.4311],[-0.09933,51.43025],[-0.0968,51.42871],[-0.09746,51.42868],[-0.09739,51.42797],[-0.0957,51.42802],[-0.09549,51.42738],[-0.09332,51.42661],[-0.0939,51.42591],[-0.09437,51.426],[-0.09426,51.42569],[-0.0983,51.42475],[-0.09685,51.42268],[-0.10596,51.42259],[-0.10926,51.42318],[-0.11262,51.42324],[-0.11454,51.42349],[-0.11426,51.42426],[-0.11394,51.42544],[-0.11455,51.42751],[-0.11444,51.43102],[-0.11615,51.43245],[-0.11781,51.43306],[-0.11741,51.43341],[-0.11777,51.43365],[-0.11553,51.43498],[-0.11045,51.43681],[-0.11149,51.43691],[-0.11121,51.43708],[-0.10817,51.43775],[-0.10643,51.43869],[-0.10773,51.43711],[-0.10722,51.43538],[-0.1047,51.43647]]]},"properties":{"WD22NM":"Knight's Hill","LAD22NM":"Lambeth"}},{"type":"Feature","geometry":{"type":"Polygon","coordinates":[[[-0.10821,51.48029],[-0.10357,51.47836],[-0.09997,51.47687],[-0.10065,51.47445],[-0.09936,51.47264],[-0.10151,51.47028],[-0.10928,51.47081],[-0.11252,51.47039],[-0.11254,51.47076],[-0.11275,51.47348],[-0.11206,51.47846],[-0.11075,51.48132],[-0.10821,51.48029]]]},"properties":{"WD22NM":"Myatt's Fields","LAD22NM":"Lambeth"}},{"type":"Feature","geometry":{"type":"Polygon","coordinates":[[[-0.11075,51.48132],[-0.11206,51.47846],[-0.11629,51.47818],[-0.11804,51.4765],[-0.11884,51.47685],[-0.11924,51.47643],[-0.11969,51.47659],[-0.11991,51.47636],[-0.12256,51.47686],[-0.12264,51.47728],[-0.12694,51.47764],[-0.12669,51.47818],[-0.12901,51.47866],[-0.12844,51.47963],[-0.12763,51.48144],[-0.12613,51.48153],[-0.12607,51.4811],[-0.12467,51.48108],[-0.12391,51.48263],[-0.12146,51.48184],[-0.12108,51.48234],[-0.12066,51.4822],[-0.12047,51.48372],[-0.11884,51.48401],[-0.11851,51.48475],[-0.11917,51.48644],[-0.11462,51.48694],[-0.11447,51.48659],[-0.11367,51.48659],[-0.11327,51.48535],[-0.11406,51.4847],[-0.1135,51.48444],[-0.11375,51.48432],[-0.11304,51.48353],[-0.11352,51.48281],[-0.11075,51.48132]]]},"properties":{"WD22NM":"Oval","LAD22NM":"Lambeth"}},{"type":"Feature","geometry":{"type":"Polygon","coordinates":[[[-0.11108,51.44536],[-0.11045,51.44465],[-0.10955,51.44494],[-0.10941,51.44473],[-0.10858,51.44494],[-0.10844,51.44468],[-0.1056,51.44522],[-0.10566,51.44557],[-0.10513,51.44562],[-0.1049,51.44403],[-0.10526,51.44267],[-0.10369,51.44269],[-0.10361,51.4424],[-0.10403,51.44067],[-0.10102,51.43948],[-0.09809,51.43946],[-0.09881,51.4388],[-0.09906,51.43905],[-0.10112,51.4387],[-0.10087,51.43846],[-0.10309,51.43752],[-0.10353,51.43784],[-0.10415,51.43745],[-0.10386,51.43706],[-0.10464,51.43681],[-0.1047,51.43647],[-0.10722,51.43538],[-0.10773,51.43711],[-0.10643,51.43869],[-0.10817,51.43775],[-0.11121,51.43708],[-0.11453,51.43681],[-0.11493,51.43741],[-0.11455,51.43875],[-0.11407,51.43873],[-0.11352,51.43946],[-0.11445,51.43978],[-0.11291,51.44113],[-0.11635,51.44298],[-0.12138,51.44428],[-0.12012,51.44571],[-0.12067,51.44658],[-0.11963,51.44683],[-0.11982,51.4471],[-0.11932,51.44723],[-0.11866,51.44629],[-0.11812,51.44644],[-0.11794,51.44618],[-0.11656,51.44657],[-0.11604,51.44602],[-0.11517,51.44576],[-0.11265,51.44646],[-0.11177,51.44519],[-0.11108,51.44536]]]},"properties":{"WD22NM":"St Martin's","LAD22NM":"Lambeth"}},{"type":"Feature","geometry":{"type":"Polygon","coordinates":[[[-0.11254,51.47076],[-0.11794,51.46983],[-0.11939,51.46895],[-0.12008,51.46981],[-0.12106,51.46946],[-0.12089,51.46929],[-0.12194,51.46879],[-0.12163,51.46822],[-0.12083,51.46785],[-0.12117,51.46761],[-0.12092,51.46736],[-0.12269,51.46662],[-0.12289,51.46684],[-0.12359,51.46655],[-0.12482,51.46778],[-0.12578,51.46742],[-0.12703,51.46862],[-0.1268,51.46879],[-0.11804,51.4765],[-0.11629,51.47818],[-0.11206,51.47846],[-0.11275,51.47348],[-0.11254,51.47076]]]},"properties":{"WD22NM":"Stockwell East","LAD22NM":"Lambeth"}},{"type":"Feature","geometry":{"type":"Polygon","coordinates":[[[-0.12844,51.47963],[-0.12901,51.47866],[-0.12669,51.47818],[-0.12694,51.47764],[-0.12264,51.47728],[-0.12256,51.47686],[-0.11991,51.47636],[-0.11969,51.47659],[-0.11924,51.47643],[-0.11884,51.47685],[-0.11804,51.4765],[-0.1268,51.46879],[-0.12857,51.46925],[-0.13095,51.46927],[-0.1328,51.47007],[-0.13523,51.46874],[-0.13667,51.46837],[-0.13972,51.47137],[-0.13929,51.47152],[-0.13948,51.47179],[-0.13832,51.47196],[-0.1369,51.47309],[-0.13577,51.47271],[-0.1347,51.47331],[-0.13444,51.47397],[-0.1352,51.47429],[-0.13388,51.47567],[-0.13066,51.48017],[-0.12844,51.47963]]]},"properties":{"WD22NM":"Stockwell West & Larkhall","LAD22NM":"Lambeth"}},{"type":"Feature","geometry":{"type":"Polygon","coordinates":[[[-0.11426,51.42426],[-0.11454,51.42349],[-0.11262,51.42324],[-0.11559,51.42063],[-0.11981,51.4188],[-0.12249,51.41503],[-0.12408,51.4146],[-0.12445,51.41337],[-0.12577,51.41263],[-0.12624,51.41293],[-0.12683,51.4127],[-0.12772,51.41232],[-0.12787,51.41201],[-0.13269,51.41235],[-0.13354,51.41258],[-0.13355,51.41293],[-0.13408,51.41099],[-0.13808,51.4118],[-0.14256,51.41334],[-0.14484,51.41239],[-0.14806,51.41287],[-0.14706,51.4138],[-0.14432,51.41535],[-0.14498,51.4158],[-0.14302,51.41712],[-0.14323,51.41726],[-0.14038,51.41925],[-0.13783,51.42111],[-0.13557,51.4181],[-0.13501,51.41842],[-0.13455,51.4181],[-0.13132,51.41972],[-0.13026,51.42047],[-0.13061,51.42079],[-0.12942,51.4212],[-0.12948,51.42165],[-0.12896,51.42179],[-0.13108,51.42606],[-0.12942,51.42668],[-0.12835,51.42656],[-0.1284,51.4262],[-0.12776,51.4261],[-0.12748,51.4264],[-0.12241,51.42583],[-0.12282,51.42483],[-0.12235,51.42472],[-0.12216,51.42502],[-0.11982,51.42434],[-0.11853,51.42427],[-0.11839,51.42521],[-0.11599,51.42525],[-0.11521,51.42518],[-0.11555,51.42445],[-0.11426,51.42426]]]},"properties":{"WD22NM":"Streatham Common & Vale","LAD22NM":"Lambeth"}},{"type":"Feature","geometry":{"type":"Polygon","coordinates":[[[-0.12138,51.44428],[-0.11635,51.44298],[-0.11291,51.44113],[-0.11445,51.43978],[-0.11352,51.43946],[-0.11407,51.43873],[-0.11455,51.43875],[-0.11493,51.43741],[-0.11453,51.43681],[-0.11121,51.43708],[-0.11149,51.43691],[-0.11045,51.43681],[-0.11553,51.43498],[-0.11777,51.43365],[-0.11741,51.43341],[-0.11781,51.43306],[-0.1208,51.43364],[-0.12241,51.43427],[-0.12694,51.4381],[-0.12691,51.43817],[-0.12456,51.44186],[-0.12482,51.44361],[-0.12443,51.44516],[-0.12138,51.44428]]]},"properties":{"WD22NM":"Streatham Hill East","LAD22NM":"Lambeth"}},{"type":"Feature","geometry":{"type":"Polygon","coordinates":[[[-0.12443,51.44516],[-0.12482,51.44361],[-0.12456,51.44186],[-0.12691,51.43817],[-0.13747,51.44015],[-0.13699,51.44025],[-0.13588,51.44201],[-0.13786,51.4417],[-0.14359,51.44184],[-0.14538,51.44492],[-0.14557,51.44602],[-0.14207,51.44572],[-0.13961,51.44655],[-0.1377,51.44796],[-0.13513,51.44798],[-0.13496,51.44701],[-0.13449,51.4468],[-0.13442,51.44704],[-0.13294,51.44691],[-0.13312,51.44651],[-0.1325,51.44641],[-0.1328,51.44571],[-0.13118,51.44544],[-0.13147,51.44507],[-0.13044,51.44475],[-0.13093,51.44429],[-0.12998,51.44393],[-0.12844,51.44522],[-0.12876,51.44534],[-0.12848,51.44621],[-0.12777,51.44609],[-0.12787,51.44536],[-0.12656,51.44525],[-0.12618,51.44591],[-0.12443,51.44516]]]},"properties":{"WD22NM":"Streatham Hill West & Thornton","LAD22NM":"Lambeth"}},{"type":"Feature","geometry":{"type":"Polygon","coordinates":[[[-0.12691,51.43817],[-0.12694,51.4381],[-0.12954,51.43064],[-0.12786,51.43015],[-0.12684,51.42919],[-0.12487,51.42859],[-0.12408,51.42866],[-0.12942,51.42668],[-0.13108,51.42606],[-0.12896,51.42179],[-0.12948,51.42165],[-0.12942,51.4212],[-0.13061,51.42079],[-0.13026,51.42047],[-0.13132,51.41972],[-0.13455,51.4181],[-0.13501,51.41842],[-0.13557,51.4181],[-0.13783,51.42111],[-0.1389,51.42457],[-0.13836,51.43049],[-0.13524,51.43033],[-0.1365,51.43392],[-0.13783,51.43378],[-0.13973,51.43567],[-0.13989,51.43702],[-0.13766,51.43858],[-0.13747,51.44015],[-0.12691,51.43817]]]},"properties":{"WD22NM":"Streatham St Leonard's","LAD22NM":"Lambeth"}},{"type":"Feature","geometry":{"type":"Polygon","coordinates":[[[-0.11781,51.43306],[-0.11615,51.43245],[-0.11444,51.43102],[-0.11455,51.42751],[-0.11394,51.42544],[-0.11426,51.42426],[-0.11555,51.42445],[-0.11521,51.42518],[-0.11599,51.42525],[-0.11839,51.42521],[-0.11853,51.42427],[-0.11982,51.42434],[-0.12216,51.42502],[-0.12235,51.42472],[-0.12282,51.42483],[-0.12241,51.42583],[-0.12748,51.4264],[-0.12776,51.4261],[-0.1284,51.4262],[-0.12835,51.42656],[-0.12942,51.42668],[-0.12408,51.42866],[-0.12487,51.42859],[-0.12684,51.42919],[-0.12786,51.43015],[-0.12954,51.43064],[-0.12694,51.4381],[-0.12241,51.43427],[-0.1208,51.43364],[-0.11781,51.43306]]]},"properties":{"WD22NM":"Streatham Wells","LAD22NM":"Lambeth"}},{"type":"Feature","geometry":{"type":"Polygon","coordinates":[[[-0.11819,51.4924],[-0.11873,51.49169],[-0.11448,51.48998],[-0.11491,51.48945],[-0.1145,51.48901],[-0.11484,51.48889],[-0.11302,51.48703],[-0.11462,51.48694],[-0.11917,51.48644],[-0.11851,51.48475],[-0.11884,51.48401],[-0.12047,51.48372],[-0.12066,51.4822],[-0.12108,51.48234],[-0.12146,51.48184],[-0.12391,51.48263],[-0.12467,51.48108],[-0.12607,51.4811],[-0.12613,51.48153],[-0.12763,51.48144],[-0.12844,51.47963],[-0.13066,51.48017],[-0.12992,51.48118],[-0.12748,51.48202],[-0.12634,51.48447],[-0.12815,51.48474],[-0.1285,51.48505],[-0.12845,51.48506],[-0.127,51.48582],[-0.12572,51.48701],[-0.12489,51.48786],[-0.1242,51.48785],[-0.12212,51.4919],[-0.12173,51.49315],[-0.11819,51.4924]]]},"properties":{"WD22NM":"Vauxhall","LAD22NM":"Lambeth"}},{"type":"Feature","geometry":{"type":"Polygon","coordinates":[[[-0.10886,51.50843],[-0.10871,51.50777],[-0.10817,51.50692],[-0.10734,51.50707],[-0.10649,51.50506],[-0.1064,51.50337],[-0.10739,51.50304],[-0.10676,51.50221],[-0.10608,51.50252],[-0.10592,51.50203],[-0.10647,51.50157],[-0.10827,51.50044],[-0.11026,51.49676],[-0.11147,51.49646],[-0.11552,51.49551],[-0.11678,51.49359],[-0.11819,51.4924],[-0.12173,51.49315],[-0.12135,51.49437],[-0.11938,51.50381],[-0.11936,51.50385],[-0.11823,51.50583],[-0.11684,51.50695],[-0.11512,51.50766],[-0.111,51.50849],[-0.11069,51.50824],[-0.10891,51.50842],[-0.10886,51.50843]]]},"properties":{"WD22NM":"Waterloo & South Bank","LAD22NM":"Lambeth"}},{"type":"Feature","geometry":{"type":"Polygon","coordinates":[[[-0.0929,51.44108],[-0.09102,51.43755],[-0.08935,51.43202],[-0.09085,51.43174],[-0.09129,51.43221],[-0.09478,51.43226],[-0.09475,51.43078],[-0.09998,51.43134],[-0.10092,51.43295],[-0.10307,51.43249],[-0.1047,51.43647],[-0.10464,51.43681],[-0.10386,51.43706],[-0.10415,51.43745],[-0.10353,51.43784],[-0.10309,51.43752],[-0.10087,51.43846],[-0.10112,51.4387],[-0.09906,51.43905],[-0.09881,51.4388],[-0.09809,51.43946],[-0.10102,51.43948],[-0.10403,51.44067],[-0.10361,51.4424],[-0.10369,51.44269],[-0.10526,51.44267],[-0.1049,51.44403],[-0.10513,51.44562],[-0.10566,51.44557],[-0.1056,51.44522],[-0.10844,51.44468],[-0.10858,51.44494],[-0.10941,51.44473],[-0.10955,51.44494],[-0.11045,51.44465],[-0.11108,51.44536],[-0.11042,51.44555],[-0.11011,51.44517],[-0.10971,51.44525],[-0.11005,51.44575],[-0.10447,51.44684],[-0.10214,51.44856],[-0.10076,51.45034],[-0.09996,51.45027],[-0.09913,51.44897],[-0.09604,51.44673],[-0.09507,51.44541],[-0.09443,51.44324],[-0.0929,51.44108]]]},"properties":{"WD22NM":"West Dulwich","LAD22NM":"Lambeth"}}]}